po_id,vendor_id,component_category,receiving_plant,order_date,promised_delivery_date,actual_delivery_date,delay_days,quantity_ordered,quantity_received,quoted_unit_cost_usd,actual_unit_cost_usd,incoterm,transport_mode,expedited_flag
PO0000001,V0001,PCB / PCBA,Plant-Austin-US,2022-02-26,2022-04-08,2022-04-11,3,1439,1439,75.493,75.949,FOB,Truck,False
PO0000002,V0001,PCB / PCBA,Plant-Austin-US,2022-05-14,2022-06-29,2022-07-13,14,4570,4570,24.767,23.933,FOB,Air,False
PO0000003,V0001,PCB / PCBA,Plant-Guadalajara-MX,2022-06-16,2022-08-01,2022-08-07,6,11741,8276,56.217,55.391,DDP,Ocean,False
PO0000004,V0001,PCB / PCBA,Plant-Brno-CZ,2022-06-29,2022-08-06,2022-08-06,0,2502,2502,69.112,67.782,CIF,Ocean,False
PO0000005,V0001,PCB / PCBA,Plant-Austin-US,2022-07-16,2022-08-22,2022-08-23,1,2098,2098,63.788,64.878,CIF,Ocean,False
PO0000006,V0001,PCB / PCBA,Plant-Austin-US,2022-12-17,2023-02-07,2023-02-09,2,2039,2039,60.737,59.885,DDP,Ocean,False
PO0000007,V0001,PCB / PCBA,Plant-Brno-CZ,2022-12-24,2023-02-09,2023-02-10,1,38462,38462,49.668,48.616,EXW,Ocean,False
PO0000008,V0001,PCB / PCBA,Plant-Brno-CZ,2023-01-19,2023-02-26,2023-02-26,0,3717,3717,54.483,53.343,CIF,Air,False
PO0000009,V0001,PCB / PCBA,Plant-Penang-MY,2023-01-28,2023-03-16,2023-03-16,0,8098,8098,10.492,10.718,CIF,Ocean,False
PO0000010,V0001,PCB / PCBA,Plant-Austin-US,2023-02-17,2023-04-02,2023-04-02,0,4855,4855,17.685,18.47,EXW,Ocean,False
PO0000011,V0001,PCB / PCBA,Plant-Austin-US,2023-03-07,2023-04-24,2023-04-24,0,16552,16552,86.279,86.833,DDP,Truck,False
PO0000012,V0001,PCB / PCBA,Plant-Guadalajara-MX,2023-03-12,2023-04-28,2023-04-28,0,3876,3876,26.51,26.309,FOB,Truck,False
PO0000013,V0001,PCB / PCBA,Plant-Austin-US,2023-03-22,2023-05-08,2023-05-08,0,1574,1574,80.598,77.113,CIF,Ocean,False
PO0000014,V0001,PCB / PCBA,Plant-Austin-US,2023-04-01,2023-05-20,2023-05-20,0,4740,4740,8.232,8.275,CIF,Ocean,False
PO0000015,V0001,PCB / PCBA,Plant-Austin-US,2023-04-24,2023-06-11,2023-06-12,1,264,264,89.285,89.617,CIF,Truck,False
PO0000016,V0001,PCB / PCBA,Plant-Austin-US,2023-05-24,2023-07-05,2023-07-06,1,22164,22164,41.065,41.22,FOB,Ocean,False
PO0000017,V0001,PCB / PCBA,Plant-Penang-MY,2023-05-27,2023-07-11,2023-07-11,0,2163,2163,61.725,62.601,EXW,Air,True
PO0000018,V0001,PCB / PCBA,Plant-Penang-MY,2023-07-09,2023-08-18,2023-08-18,0,4757,4757,32.388,32.76,CIF,Ocean,False
PO0000019,V0001,PCB / PCBA,Plant-Brno-CZ,2023-07-17,2023-08-30,2023-08-30,0,13332,13332,57.402,57.37,CIF,Ocean,False
PO0000020,V0001,PCB / PCBA,Plant-Brno-CZ,2023-10-15,2023-11-30,2023-11-30,0,13797,13797,18.913,18.107,EXW,Ocean,False
PO0000021,V0001,PCB / PCBA,Plant-Austin-US,2023-11-02,2023-12-18,2023-12-31,13,1147,1147,26.967,27.886,DDP,Truck,False
PO0000022,V0001,PCB / PCBA,Plant-Austin-US,2024-01-30,2024-03-25,2024-03-26,1,1040,1040,32.205,32.431,FOB,Truck,False
PO0000023,V0001,PCB / PCBA,Plant-Guadalajara-MX,2024-02-23,2024-04-04,2024-04-05,1,2570,2570,12.809,12.93,EXW,Air,False
PO0000024,V0001,PCB / PCBA,Plant-Penang-MY,2024-04-13,2024-05-27,2024-05-27,0,1527,1527,68.191,64.565,FOB,Air,False
PO0000025,V0001,PCB / PCBA,Plant-Penang-MY,2024-04-14,2024-05-29,2024-06-05,7,6294,6294,68.046,65.586,EXW,Air,False
PO0000026,V0001,PCB / PCBA,Plant-Brno-CZ,2024-05-04,2024-06-16,2024-06-16,0,7380,7380,68.1,69.769,EXW,Truck,False
PO0000027,V0001,PCB / PCBA,Plant-Austin-US,2024-07-04,2024-08-20,2024-08-21,1,11202,11202,77.084,73.672,EXW,Ocean,False
PO0000028,V0001,PCB / PCBA,Plant-Guadalajara-MX,2024-08-07,2024-09-22,2024-09-22,0,13258,13258,69.282,70.387,EXW,Ocean,False
PO0000029,V0001,PCB / PCBA,Plant-Austin-US,2025-01-11,2025-02-24,2025-02-25,1,3480,3480,71.334,69.991,CIF,Ocean,False
PO0000030,V0001,PCB / PCBA,Plant-Penang-MY,2025-02-26,2025-04-09,2025-04-09,0,2982,2982,79.312,76.877,CIF,Ocean,False
PO0000031,V0001,PCB / PCBA,Plant-Guadalajara-MX,2025-02-28,2025-04-22,2025-04-22,0,11862,11862,46.361,45.164,EXW,Truck,False
PO0000032,V0001,PCB / PCBA,Plant-Brno-CZ,2025-03-09,2025-04-30,2025-05-02,2,18184,18184,64.11,61.741,EXW,Ocean,False
PO0000033,V0001,PCB / PCBA,Plant-Austin-US,2025-08-08,2025-09-24,2025-09-24,0,1660,1660,25.048,24.851,DDP,Ocean,False
PO0000034,V0001,PCB / PCBA,Plant-Austin-US,2025-09-23,2025-11-04,2025-11-15,11,1654,1654,59.192,60.818,FOB,Ocean,False
PO0000035,V0001,PCB / PCBA,Plant-Guadalajara-MX,2026-01-18,2026-02-25,2026-02-25,0,7076,7076,19.05,18.525,EXW,Air,False
PO0000036,V0001,PCB / PCBA,Plant-Brno-CZ,2026-02-25,2026-04-19,2026-04-21,2,2440,2440,45.877,44.683,DDP,Truck,False
PO0000037,V0001,PCB / PCBA,Plant-Austin-US,2026-03-12,2026-04-29,2026-04-29,0,2740,2740,82.298,82.531,FOB,Ocean,False
PO0000038,V0001,PCB / PCBA,Plant-Guadalajara-MX,2026-04-19,2026-06-01,2026-06-01,0,3351,3351,8.791,8.788,FOB,Ocean,False
PO0000039,V0001,PCB / PCBA,Plant-Guadalajara-MX,2026-05-31,2026-07-19,2026-07-24,5,19776,19776,18.292,18.204,DDP,Air,False
PO0000040,V0001,PCB / PCBA,Plant-Austin-US,2026-06-04,2026-07-24,2026-07-27,3,17771,17771,25.127,24.761,EXW,Ocean,False
PO0000041,V0001,PCB / PCBA,Plant-Austin-US,2026-06-09,2026-07-25,2026-07-27,2,3604,3604,71.956,73.29,EXW,Air,False
PO0000042,V0001,PCB / PCBA,Plant-Guadalajara-MX,2026-06-10,2026-07-24,2026-09-03,41,1798,1798,31.239,31.621,FOB,Ocean,False
PO0000043,V0002,Displays,Plant-Brno-CZ,2022-01-24,2022-04-06,2022-04-07,1,6882,6882,182.134,194.946,CIF,Air,False
PO0000044,V0002,Displays,Plant-Guadalajara-MX,2022-03-13,2022-05-11,2022-05-12,1,3689,3689,189.254,200.081,CIF,Ocean,False
PO0000045,V0002,Displays,Plant-Austin-US,2022-05-10,2022-07-08,2022-07-09,1,21696,21696,51.136,50.201,CIF,Ocean,False
PO0000046,V0002,Displays,Plant-Brno-CZ,2022-05-24,2022-07-28,2022-07-28,0,2373,2373,178.409,179.917,CIF,Ocean,False
PO0000047,V0002,Displays,Plant-Guadalajara-MX,2022-06-07,2022-07-25,2022-07-25,0,1090,1090,86.35,81.269,FOB,Ocean,False
PO0000048,V0002,Displays,Plant-Austin-US,2022-07-05,2022-09-13,2022-09-13,0,10741,10741,9.126,8.711,DDP,Air,False
PO0000049,V0002,Displays,Plant-Guadalajara-MX,2022-08-12,2022-10-12,2022-10-14,2,8507,8507,167.37,177.116,DDP,Ocean,False
PO0000050,V0002,Displays,Plant-Penang-MY,2022-08-17,2022-10-16,2022-10-18,2,17838,17838,44.015,46.702,CIF,Air,False
PO0000051,V0002,Displays,Plant-Austin-US,2022-10-12,2022-12-11,2022-12-11,0,6227,6227,146.676,148.502,CIF,Ocean,False
PO0000052,V0002,Displays,Plant-Penang-MY,2022-10-25,2022-12-25,2022-12-26,1,4398,4398,65.44,62.254,EXW,Ocean,False
PO0000053,V0002,Displays,Plant-Penang-MY,2022-10-26,2022-12-21,2022-12-21,0,3150,3150,115.497,109.003,EXW,Truck,False
PO0000054,V0002,Displays,Plant-Brno-CZ,2022-12-01,2023-01-24,2023-01-26,2,18583,18583,154.78,158.475,EXW,Ocean,False
PO0000055,V0002,Displays,Plant-Austin-US,2022-12-16,2023-02-14,2023-02-14,0,1199,1199,155.264,149.705,EXW,Air,True
PO0000056,V0002,Displays,Plant-Penang-MY,2023-02-06,2023-03-28,2023-03-28,0,9535,9535,47.797,48.993,FOB,Ocean,False
PO0000057,V0002,Displays,Plant-Brno-CZ,2023-02-17,2023-04-19,2023-04-19,0,2829,2829,15.139,15.099,EXW,Ocean,False
PO0000058,V0002,Displays,Plant-Brno-CZ,2023-03-01,2023-04-28,2023-04-28,0,5510,5510,198.359,196.269,FOB,Ocean,False
PO0000059,V0002,Displays,Plant-Guadalajara-MX,2023-04-12,2023-06-09,2023-06-10,1,2799,2799,22.258,22.832,EXW,Ocean,False
PO0000060,V0002,Displays,Plant-Brno-CZ,2023-05-15,2023-07-20,2023-07-20,0,1450,1161,174.153,172.453,FOB,Truck,False
PO0000061,V0002,Displays,Plant-Guadalajara-MX,2023-06-18,2023-08-06,2023-08-06,0,10368,10368,16.255,17.119,EXW,Ocean,False
PO0000062,V0002,Displays,Plant-Austin-US,2023-07-03,2023-09-03,2023-09-04,1,15679,15679,131.161,132.895,EXW,Truck,False
PO0000063,V0002,Displays,Plant-Penang-MY,2023-08-12,2023-10-21,2023-10-21,0,8953,8953,204.978,193.505,FOB,Ocean,False
PO0000064,V0002,Displays,Plant-Penang-MY,2023-08-22,2023-10-23,2023-10-23,0,18810,18810,133.75,136.689,DDP,Ocean,False
PO0000065,V0002,Displays,Plant-Brno-CZ,2023-11-09,2024-01-07,2024-01-07,0,1379,1379,43.48,46.057,EXW,Truck,False
PO0000066,V0002,Displays,Plant-Guadalajara-MX,2023-12-19,2024-02-28,2024-02-28,0,1018,1018,142.819,147.776,CIF,Ocean,False
PO0000067,V0002,Displays,Plant-Brno-CZ,2024-02-06,2024-03-29,2024-03-29,0,53341,53341,43.982,43.048,CIF,Truck,False
PO0000068,V0002,Displays,Plant-Penang-MY,2024-02-16,2024-04-25,2024-04-26,1,1515,1515,40.583,45.554,DDP,Truck,False
PO0000069,V0002,Displays,Plant-Austin-US,2024-03-01,2024-04-20,2024-04-20,0,40399,40399,19.022,20.219,EXW,Ocean,False
PO0000070,V0002,Displays,Plant-Guadalajara-MX,2024-03-05,2024-05-03,2024-05-03,0,15031,15031,147.718,149.262,DDP,Truck,False
PO0000071,V0002,Displays,Plant-Penang-MY,2024-05-07,2024-07-08,2024-07-08,0,10461,10461,178.16,172.428,DDP,Ocean,False
PO0000072,V0002,Displays,Plant-Brno-CZ,2024-05-17,2024-07-17,2024-08-03,17,2644,2644,181.198,179.774,CIF,Truck,False
PO0000073,V0002,Displays,Plant-Brno-CZ,2024-07-13,2024-09-09,2024-09-09,0,2227,2227,64.935,63.104,CIF,Ocean,False
PO0000074,V0002,Displays,Plant-Penang-MY,2024-08-27,2024-10-15,2024-10-15,0,1159,1159,35.492,34.013,EXW,Ocean,False
PO0000075,V0002,Displays,Plant-Guadalajara-MX,2024-09-28,2024-11-22,2024-11-22,0,3117,3117,191.308,193.849,EXW,Air,True
PO0000076,V0002,Displays,Plant-Guadalajara-MX,2024-10-30,2024-12-28,2024-12-28,0,24895,24895,131.108,132.588,CIF,Ocean,False
PO0000077,V0002,Displays,Plant-Austin-US,2024-11-22,2025-01-14,2025-01-14,0,4382,4382,105.432,97.941,CIF,Ocean,False
PO0000078,V0002,Displays,Plant-Austin-US,2025-01-08,2025-03-14,2025-03-14,0,1184,1184,129.749,117.698,DDP,Ocean,False
PO0000079,V0002,Displays,Plant-Guadalajara-MX,2025-01-28,2025-04-04,2025-04-05,1,7883,7883,217.764,200.973,DDP,Ocean,False
PO0000080,V0002,Displays,Plant-Brno-CZ,2025-03-01,2025-04-28,2025-04-29,1,37920,37920,110.434,110.005,CIF,Air,False
PO0000081,V0002,Displays,Plant-Austin-US,2025-04-09,2025-06-05,2025-07-01,26,2613,2613,34.712,31.166,FOB,Ocean,False
PO0000082,V0002,Displays,Plant-Guadalajara-MX,2025-05-05,2025-07-05,2025-07-05,0,70441,70441,125.164,124.129,CIF,Truck,False
PO0000083,V0002,Displays,Plant-Brno-CZ,2025-05-19,2025-07-26,2025-07-26,0,1043,1043,54.366,55.188,FOB,Truck,False
PO0000084,V0002,Displays,Plant-Guadalajara-MX,2025-08-02,2025-10-03,2025-10-03,0,1305,1305,177.119,179.15,FOB,Ocean,False
PO0000085,V0002,Displays,Plant-Guadalajara-MX,2025-09-15,2025-11-09,2025-11-09,0,7957,7957,150.626,154.294,DDP,Truck,False
PO0000086,V0002,Displays,Plant-Penang-MY,2025-10-21,2025-12-15,2025-12-22,7,7012,7012,167.056,170.315,DDP,Truck,False
PO0000087,V0002,Displays,Plant-Brno-CZ,2026-04-25,2026-06-23,2026-06-23,0,4734,4734,16.493,15.893,DDP,Air,True
PO0000088,V0002,Displays,Plant-Brno-CZ,2026-06-03,2026-07-29,2026-07-29,0,334,334,40.752,37.295,DDP,Ocean,False
PO0000089,V0002,Displays,Plant-Guadalajara-MX,2026-06-05,2026-07-18,2026-07-18,0,20050,20050,14.458,14.247,EXW,Truck,False
PO0000090,V0003,PCB / PCBA,Plant-Brno-CZ,2022-01-02,2022-02-26,2022-02-26,0,3706,3706,60.652,54.872,CIF,Ocean,False
PO0000091,V0003,PCB / PCBA,Plant-Brno-CZ,2022-01-11,2022-03-05,2022-03-05,0,23789,23789,20.807,20.164,FOB,Ocean,False
PO0000092,V0003,PCB / PCBA,Plant-Guadalajara-MX,2022-01-23,2022-03-13,2022-03-14,1,7480,7480,75.478,72.028,EXW,Ocean,False
PO0000093,V0003,PCB / PCBA,Plant-Penang-MY,2022-02-09,2022-04-06,2022-04-06,0,32343,32343,58.827,58.3,FOB,Air,False
PO0000094,V0003,PCB / PCBA,Plant-Guadalajara-MX,2022-02-18,2022-04-11,2022-04-11,0,8649,8649,52.758,53.564,CIF,Ocean,False
PO0000095,V0003,PCB / PCBA,Plant-Guadalajara-MX,2022-02-26,2022-04-14,2022-04-14,0,9365,9365,25.556,27.21,CIF,Ocean,False
PO0000096,V0003,PCB / PCBA,Plant-Brno-CZ,2022-04-29,2022-06-15,2022-06-30,15,5801,5801,69.541,74.929,DDP,Ocean,False
PO0000097,V0003,PCB / PCBA,Plant-Brno-CZ,2022-04-30,2022-06-09,2022-06-09,0,311,311,40.114,37.784,DDP,Ocean,False
PO0000098,V0003,PCB / PCBA,Plant-Guadalajara-MX,2022-06-19,2022-08-01,2022-08-01,0,18684,18684,35.633,36.585,DDP,Ocean,False
PO0000099,V0003,PCB / PCBA,Plant-Austin-US,2022-06-29,2022-08-06,2022-08-24,18,3353,3353,74.048,83.023,DDP,Ocean,False
PO0000100,V0003,PCB / PCBA,Plant-Austin-US,2022-07-21,2022-08-31,2022-08-31,0,35556,35556,42.721,44.595,EXW,Ocean,False
PO0000101,V0003,PCB / PCBA,Plant-Brno-CZ,2022-08-01,2022-09-12,2022-09-20,8,12937,12937,80.67,71.57,DDP,Truck,False
PO0000102,V0003,PCB / PCBA,Plant-Guadalajara-MX,2022-08-06,2022-10-02,2022-10-02,0,4132,4132,23.409,22.842,DDP,Air,False
PO0000103,V0003,PCB / PCBA,Plant-Penang-MY,2022-08-23,2022-10-06,2022-10-06,0,11784,11784,21.179,19.107,DDP,Ocean,False
PO0000104,V0003,PCB / PCBA,Plant-Austin-US,2022-08-26,2022-10-10,2022-10-11,1,569,569,72.686,69.322,DDP,Ocean,False
PO0000105,V0003,PCB / PCBA,Plant-Brno-CZ,2022-08-28,2022-10-14,2022-10-15,1,2490,2490,42.906,43.071,CIF,Ocean,False
PO0000106,V0003,PCB / PCBA,Plant-Guadalajara-MX,2022-09-05,2022-10-26,2022-10-26,0,3082,3082,23.626,27.515,FOB,Ocean,False
PO0000107,V0003,PCB / PCBA,Plant-Austin-US,2022-09-11,2022-10-27,2022-10-27,0,4484,4484,50.165,49.103,FOB,Ocean,False
PO0000108,V0003,PCB / PCBA,Plant-Guadalajara-MX,2022-09-21,2022-11-12,2022-11-12,0,74392,74392,61.672,64.617,DDP,Air,False
PO0000109,V0003,PCB / PCBA,Plant-Austin-US,2022-10-09,2022-11-19,2022-11-19,0,934,934,16.761,15.375,EXW,Ocean,False
PO0000110,V0003,PCB / PCBA,Plant-Penang-MY,2022-10-17,2022-12-04,2022-12-17,13,12584,12584,31.3,32.27,CIF,Ocean,False
PO0000111,V0003,PCB / PCBA,Plant-Penang-MY,2022-10-27,2022-12-11,2022-12-12,1,7586,7586,21.298,22.915,EXW,Ocean,False
PO0000112,V0003,PCB / PCBA,Plant-Penang-MY,2022-12-01,2023-01-25,2023-01-27,2,25584,25584,75.352,69.567,DDP,Ocean,False
PO0000113,V0003,PCB / PCBA,Plant-Austin-US,2022-12-12,2023-01-29,2023-01-30,1,2926,2926,68.581,65.089,DDP,Ocean,False
PO0000114,V0003,PCB / PCBA,Plant-Austin-US,2022-12-22,2023-02-07,2023-02-24,17,1334,1334,21.394,20.052,EXW,Air,False
PO0000115,V0003,PCB / PCBA,Plant-Austin-US,2023-01-15,2023-03-01,2023-03-01,0,5738,5738,45.993,45.425,FOB,Ocean,False
PO0000116,V0003,PCB / PCBA,Plant-Guadalajara-MX,2023-01-27,2023-03-17,2023-04-06,20,1805,1805,46.413,48.309,CIF,Ocean,False
PO0000117,V0003,PCB / PCBA,Plant-Guadalajara-MX,2023-02-03,2023-03-12,2023-03-12,0,13097,13097,70.826,73.775,CIF,Air,False
PO0000118,V0003,PCB / PCBA,Plant-Brno-CZ,2023-02-10,2023-04-01,2023-04-01,0,3222,3222,80.939,82.613,FOB,Truck,False
PO0000119,V0003,PCB / PCBA,Plant-Guadalajara-MX,2023-03-06,2023-04-12,2023-04-12,0,5909,5909,77.438,78.21,DDP,Ocean,False
PO0000120,V0003,PCB / PCBA,Plant-Penang-MY,2023-03-21,2023-05-02,2023-05-02,0,1187,1187,28.915,31.459,CIF,Truck,False
PO0000121,V0003,PCB / PCBA,Plant-Austin-US,2023-03-25,2023-05-01,2023-05-01,0,3511,3511,14.71,16.381,CIF,Ocean,False
PO0000122,V0003,PCB / PCBA,Plant-Austin-US,2023-04-29,2023-06-16,2023-06-16,0,4760,4760,39.196,40.233,FOB,Ocean,False
PO0000123,V0003,PCB / PCBA,Plant-Brno-CZ,2023-05-01,2023-06-05,2023-06-05,0,10984,10984,13.548,13.616,DDP,Air,False
PO0000124,V0003,PCB / PCBA,Plant-Austin-US,2023-05-12,2023-06-30,2023-06-30,0,1053,1053,80.209,87.605,CIF,Ocean,False
PO0000125,V0003,PCB / PCBA,Plant-Penang-MY,2023-05-19,2023-06-30,2023-07-02,2,11481,11481,48.963,58.384,FOB,Truck,False
PO0000126,V0003,PCB / PCBA,Plant-Austin-US,2023-05-29,2023-07-15,2023-07-16,1,2257,2257,13.129,12.371,EXW,Truck,False
PO0000127,V0003,PCB / PCBA,Plant-Brno-CZ,2023-06-20,2023-07-30,2023-07-30,0,1115,879,23.727,24.017,EXW,Ocean,False
PO0000128,V0003,PCB / PCBA,Plant-Penang-MY,2023-07-15,2023-08-24,2023-08-24,0,6551,6551,78.157,80.343,FOB,Ocean,False
PO0000129,V0003,PCB / PCBA,Plant-Brno-CZ,2023-07-28,2023-09-16,2023-09-16,0,2821,2821,21.316,21.93,FOB,Ocean,False
PO0000130,V0003,PCB / PCBA,Plant-Penang-MY,2023-08-15,2023-09-24,2023-09-25,1,4447,4447,39.202,42.527,DDP,Air,False
PO0000131,V0003,PCB / PCBA,Plant-Brno-CZ,2023-08-16,2023-10-04,2023-10-04,0,1116,1116,85.258,82.04,CIF,Truck,False
PO0000132,V0003,PCB / PCBA,Plant-Penang-MY,2023-09-04,2023-10-18,2023-10-18,0,19995,19995,85.928,84.77,DDP,Ocean,False
PO0000133,V0003,PCB / PCBA,Plant-Brno-CZ,2023-10-10,2023-11-25,2023-11-25,0,228,228,57.801,58.373,EXW,Ocean,False
PO0000134,V0003,PCB / PCBA,Plant-Guadalajara-MX,2023-11-19,2024-01-01,2024-01-01,0,50092,50092,58.335,51.755,FOB,Ocean,False
PO0000135,V0003,PCB / PCBA,Plant-Brno-CZ,2023-11-21,2023-12-31,2023-12-31,0,1469,1469,58.454,47.963,CIF,Ocean,False
PO0000136,V0003,PCB / PCBA,Plant-Brno-CZ,2023-12-02,2024-01-20,2024-02-09,20,1050,1050,46.584,50.858,EXW,Ocean,False
PO0000137,V0003,PCB / PCBA,Plant-Brno-CZ,2023-12-14,2024-01-26,2024-01-26,0,1704,1704,15.05,12.8,EXW,Air,False
PO0000138,V0003,PCB / PCBA,Plant-Brno-CZ,2023-12-16,2024-01-31,2024-03-01,30,18497,14410,54.75,51.291,CIF,Ocean,False
PO0000139,V0003,PCB / PCBA,Plant-Penang-MY,2023-12-22,2024-02-05,2024-02-05,0,5147,5147,31.411,36.162,EXW,Ocean,False
PO0000140,V0003,PCB / PCBA,Plant-Penang-MY,2023-12-24,2024-02-12,2024-02-12,0,9572,9572,42.703,33.038,FOB,Truck,False
PO0000141,V0003,PCB / PCBA,Plant-Guadalajara-MX,2024-01-08,2024-02-21,2024-02-21,0,12755,12755,89.729,99.901,FOB,Air,False
PO0000142,V0003,PCB / PCBA,Plant-Brno-CZ,2024-01-11,2024-02-28,2024-02-28,0,2557,2557,47.734,52.402,DDP,Truck,False
PO0000143,V0003,PCB / PCBA,Plant-Guadalajara-MX,2024-02-05,2024-03-23,2024-04-21,29,44176,44176,22.12,22.38,DDP,Ocean,False
PO0000144,V0003,PCB / PCBA,Plant-Brno-CZ,2024-02-22,2024-04-12,2024-04-12,0,456,376,26.654,25.25,FOB,Ocean,False
PO0000145,V0003,PCB / PCBA,Plant-Penang-MY,2024-03-04,2024-04-24,2024-04-24,0,22796,16257,6.653,7.11,CIF,Ocean,False
PO0000146,V0003,PCB / PCBA,Plant-Guadalajara-MX,2024-03-30,2024-05-12,2024-05-16,4,9118,9118,56.808,46.404,EXW,Truck,False
PO0000147,V0003,PCB / PCBA,Plant-Penang-MY,2024-04-02,2024-05-23,2024-06-11,19,14408,14408,46.43,46.533,DDP,Truck,False
PO0000148,V0003,PCB / PCBA,Plant-Penang-MY,2024-04-03,2024-05-22,2024-05-22,0,441,441,75.01,72.511,DDP,Truck,False
PO0000149,V0003,PCB / PCBA,Plant-Penang-MY,2024-04-07,2024-05-25,2024-07-07,43,37347,37347,10.432,10.01,EXW,Ocean,False
PO0000150,V0003,PCB / PCBA,Plant-Penang-MY,2024-05-09,2024-06-22,2024-07-23,31,1880,1880,58.143,50.424,EXW,Ocean,False
PO0000151,V0003,PCB / PCBA,Plant-Guadalajara-MX,2024-06-14,2024-07-29,2024-07-29,0,9974,9974,7.044,7.116,FOB,Air,False
PO0000152,V0003,PCB / PCBA,Plant-Penang-MY,2024-06-17,2024-08-06,2024-08-07,1,8408,8408,9.735,9.525,FOB,Truck,False
PO0000153,V0003,PCB / PCBA,Plant-Guadalajara-MX,2024-06-20,2024-08-01,2024-08-01,0,6756,6756,77.407,73.905,CIF,Air,False
PO0000154,V0003,PCB / PCBA,Plant-Brno-CZ,2024-06-28,2024-08-11,2024-08-11,0,2392,2392,20.938,22.548,EXW,Truck,False
PO0000155,V0003,PCB / PCBA,Plant-Penang-MY,2024-07-22,2024-09-01,2024-09-02,1,2780,2780,76.808,74.283,FOB,Air,False
PO0000156,V0003,PCB / PCBA,Plant-Penang-MY,2024-08-13,2024-09-28,2024-09-28,0,3190,3190,83.695,86.766,CIF,Ocean,False
PO0000157,V0003,PCB / PCBA,Plant-Guadalajara-MX,2024-08-26,2024-10-04,2024-10-06,2,9363,9363,15.576,13.863,EXW,Ocean,False
PO0000158,V0003,PCB / PCBA,Plant-Guadalajara-MX,2024-09-06,2024-10-26,2024-10-29,3,14137,14137,80.566,83.364,EXW,Ocean,False
PO0000159,V0003,PCB / PCBA,Plant-Austin-US,2024-10-17,2024-11-29,2024-11-29,0,3407,3407,74.849,72.593,EXW,Air,True
PO0000160,V0003,PCB / PCBA,Plant-Brno-CZ,2024-11-18,2025-01-02,2025-01-02,0,5443,5443,49.412,54.929,FOB,Ocean,False
PO0000161,V0003,PCB / PCBA,Plant-Penang-MY,2024-11-24,2025-01-13,2025-01-13,0,4467,3742,88.851,73.963,DDP,Ocean,False
PO0000162,V0003,PCB / PCBA,Plant-Brno-CZ,2024-11-25,2025-01-05,2025-01-05,0,3297,3297,84.715,92.232,EXW,Air,False
PO0000163,V0003,PCB / PCBA,Plant-Austin-US,2024-12-23,2025-01-29,2025-01-29,0,1493,1493,66.405,70.747,EXW,Ocean,False
PO0000164,V0003,PCB / PCBA,Plant-Austin-US,2025-01-23,2025-03-09,2025-03-09,0,879,879,65.912,56.199,FOB,Ocean,False
PO0000165,V0003,PCB / PCBA,Plant-Brno-CZ,2025-01-27,2025-03-06,2025-03-06,0,6426,5657,20.543,20.011,FOB,Truck,False
PO0000166,V0003,PCB / PCBA,Plant-Austin-US,2025-02-17,2025-04-06,2025-04-09,3,2340,2340,42.756,40.721,CIF,Air,False
PO0000167,V0003,PCB / PCBA,Plant-Penang-MY,2025-02-20,2025-04-11,2025-04-14,3,1020,1020,5.177,4.251,FOB,Air,False
PO0000168,V0003,PCB / PCBA,Plant-Austin-US,2025-04-08,2025-05-23,2025-05-25,2,41242,41242,7.302,7.559,DDP,Truck,False
PO0000169,V0003,PCB / PCBA,Plant-Guadalajara-MX,2025-05-21,2025-06-26,2025-07-04,8,2864,2864,52.088,52.815,DDP,Ocean,False
PO0000170,V0003,PCB / PCBA,Plant-Brno-CZ,2025-06-02,2025-07-15,2025-07-15,0,14932,14932,81.478,70.372,EXW,Truck,False
PO0000171,V0003,PCB / PCBA,Plant-Brno-CZ,2025-06-03,2025-07-13,2025-07-16,3,33308,33308,73.576,73.558,EXW,Truck,False
PO0000172,V0003,PCB / PCBA,Plant-Austin-US,2025-06-20,2025-08-07,2025-08-07,0,4900,4900,27.535,30.332,FOB,Air,False
PO0000173,V0003,PCB / PCBA,Plant-Guadalajara-MX,2025-06-29,2025-08-13,2025-08-13,0,58448,58448,82.407,84.65,EXW,Ocean,False
PO0000174,V0003,PCB / PCBA,Plant-Guadalajara-MX,2025-06-30,2025-08-08,2025-08-19,11,16233,16233,42.811,36.929,CIF,Air,False
PO0000175,V0003,PCB / PCBA,Plant-Austin-US,2025-07-24,2025-09-12,2025-09-21,9,135858,135858,77.948,79.851,CIF,Ocean,False
PO0000176,V0003,PCB / PCBA,Plant-Brno-CZ,2025-07-26,2025-09-07,2025-09-07,0,8623,8623,89.847,100.611,DDP,Truck,False
PO0000177,V0003,PCB / PCBA,Plant-Brno-CZ,2025-08-17,2025-09-22,2025-09-22,0,6816,6816,48.709,45.983,EXW,Ocean,False
PO0000178,V0003,PCB / PCBA,Plant-Guadalajara-MX,2025-08-22,2025-09-28,2025-10-13,15,956,956,10.46,10.859,EXW,Ocean,False
PO0000179,V0003,PCB / PCBA,Plant-Brno-CZ,2025-08-23,2025-10-12,2025-10-28,16,2136,2136,33.75,29.052,FOB,Air,False
PO0000180,V0003,PCB / PCBA,Plant-Penang-MY,2025-08-30,2025-10-18,2025-11-06,19,3270,3270,61.69,60.859,CIF,Ocean,False
PO0000181,V0003,PCB / PCBA,Plant-Austin-US,2025-09-07,2025-10-24,2025-10-31,7,18403,18403,47.588,47.51,CIF,Air,False
PO0000182,V0003,PCB / PCBA,Plant-Penang-MY,2025-09-29,2025-11-07,2025-11-22,15,49771,49771,26.612,25.146,CIF,Ocean,False
PO0000183,V0003,PCB / PCBA,Plant-Austin-US,2025-10-16,2025-11-28,2025-12-11,13,34537,34537,54.515,60.979,CIF,Ocean,False
PO0000184,V0003,PCB / PCBA,Plant-Penang-MY,2025-10-27,2025-12-16,2026-01-07,22,3052,3052,38.71,34.318,DDP,Ocean,False
PO0000185,V0003,PCB / PCBA,Plant-Brno-CZ,2025-11-09,2025-12-24,2025-12-24,0,580,580,87.158,89.863,EXW,Ocean,False
PO0000186,V0003,PCB / PCBA,Plant-Penang-MY,2025-11-11,2025-12-18,2025-12-27,9,11012,11012,29.123,29.97,DDP,Ocean,False
PO0000187,V0003,PCB / PCBA,Plant-Austin-US,2025-12-07,2026-01-15,2026-02-11,27,5063,5063,32.929,30.476,FOB,Ocean,False
PO0000188,V0003,PCB / PCBA,Plant-Penang-MY,2025-12-11,2026-01-17,2026-02-10,24,17692,17692,47.264,49.645,EXW,Ocean,False
PO0000189,V0003,PCB / PCBA,Plant-Austin-US,2025-12-14,2026-01-27,2026-01-27,0,2776,2776,22.843,22.699,CIF,Truck,False
PO0000190,V0003,PCB / PCBA,Plant-Austin-US,2025-12-22,2026-02-08,2026-02-09,1,2705,2705,6.245,6.321,EXW,Truck,False
PO0000191,V0003,PCB / PCBA,Plant-Austin-US,2025-12-23,2026-02-02,2026-02-09,7,6040,6040,75.779,82.113,CIF,Ocean,False
PO0000192,V0003,PCB / PCBA,Plant-Brno-CZ,2025-12-25,2026-02-12,2026-02-24,12,4062,4062,79.693,88.775,EXW,Air,False
PO0000193,V0003,PCB / PCBA,Plant-Brno-CZ,2026-01-05,2026-02-21,2026-02-21,0,48727,48727,49.275,50.912,DDP,Ocean,False
PO0000194,V0003,PCB / PCBA,Plant-Brno-CZ,2026-01-20,2026-03-02,2026-03-02,0,13378,13378,48.627,42.369,EXW,Ocean,False
PO0000195,V0003,PCB / PCBA,Plant-Penang-MY,2026-02-04,2026-03-20,2026-03-20,0,11699,11699,12.377,12.807,EXW,Ocean,False
PO0000196,V0003,PCB / PCBA,Plant-Guadalajara-MX,2026-02-15,2026-03-28,2026-03-28,0,1067,1067,9.649,9.223,EXW,Ocean,False
PO0000197,V0003,PCB / PCBA,Plant-Brno-CZ,2026-03-01,2026-04-13,2026-04-13,0,3740,3740,20.591,19.023,EXW,Ocean,False
PO0000198,V0003,PCB / PCBA,Plant-Austin-US,2026-03-22,2026-05-05,2026-05-05,0,2793,2793,28.377,27.682,DDP,Ocean,False
PO0000199,V0003,PCB / PCBA,Plant-Penang-MY,2026-03-28,2026-05-14,2026-05-14,0,2358,2358,11.656,9.26,EXW,Ocean,False
PO0000200,V0003,PCB / PCBA,Plant-Austin-US,2026-04-15,2026-05-25,2026-05-25,0,10557,10557,79.433,71.992,DDP,Truck,False
PO0000201,V0003,PCB / PCBA,Plant-Austin-US,2026-05-01,2026-06-12,2026-06-12,0,10687,10687,43.908,47.119,DDP,Ocean,False
PO0000202,V0003,PCB / PCBA,Plant-Austin-US,2026-05-10,2026-06-23,2026-06-23,0,13128,13128,5.599,5.661,CIF,Truck,False
PO0000203,V0003,PCB / PCBA,Plant-Penang-MY,2026-05-21,2026-07-13,2026-07-13,0,5526,5526,89.022,88.083,DDP,Ocean,False
PO0000204,V0004,Semiconductors,Plant-Austin-US,2022-01-05,2022-04-23,2022-04-23,0,3811,3811,127.625,141.756,CIF,Ocean,False
PO0000205,V0004,Semiconductors,Plant-Guadalajara-MX,2022-02-24,2022-05-24,2022-06-21,28,27867,27867,63.607,55.6,EXW,Ocean,False
PO0000206,V0004,Semiconductors,Plant-Brno-CZ,2022-04-07,2022-06-29,2022-06-30,1,7609,7609,5.748,4.429,FOB,Ocean,False
PO0000207,V0004,Semiconductors,Plant-Guadalajara-MX,2022-04-12,2022-07-23,2022-08-05,13,1904,1723,111.805,148.162,CIF,Ocean,False
PO0000208,V0004,Semiconductors,Plant-Austin-US,2022-04-30,2022-07-27,2022-09-14,49,2987,2987,92.028,103.967,DDP,Ocean,False
PO0000209,V0004,Semiconductors,Plant-Guadalajara-MX,2022-06-20,2022-09-25,2022-10-13,18,4068,4068,55.877,43.545,FOB,Ocean,False
PO0000210,V0004,Semiconductors,Plant-Austin-US,2022-06-24,2022-09-09,2022-10-02,23,66732,66732,83.901,54.391,CIF,Ocean,False
PO0000211,V0004,Semiconductors,Plant-Penang-MY,2022-07-04,2022-10-26,2022-10-26,0,1319,1319,166.56,133.222,EXW,Ocean,False
PO0000212,V0004,Semiconductors,Plant-Brno-CZ,2022-07-09,2022-10-08,2022-10-08,0,3985,3985,74.414,74.651,DDP,Air,False
PO0000213,V0004,Semiconductors,Plant-Brno-CZ,2022-07-25,2022-11-03,2022-11-06,3,34723,34723,9.684,9.544,CIF,Ocean,False
PO0000214,V0004,Semiconductors,Plant-Guadalajara-MX,2022-07-26,2022-10-17,2022-10-23,6,4119,4119,95.992,72.119,CIF,Ocean,False
PO0000215,V0004,Semiconductors,Plant-Penang-MY,2022-09-04,2022-12-05,2022-12-20,15,2196,2196,3.922,4.427,DDP,Ocean,False
PO0000216,V0004,Semiconductors,Plant-Penang-MY,2022-10-21,2023-01-17,2023-02-09,23,8033,7345,14.424,16.945,FOB,Ocean,False
PO0000217,V0004,Semiconductors,Plant-Penang-MY,2022-10-23,2023-01-13,2023-01-29,16,23467,23467,2.904,3.854,DDP,Air,False
PO0000218,V0004,Semiconductors,Plant-Brno-CZ,2022-11-08,2023-02-17,2023-02-18,1,2461,2461,113.445,114.746,DDP,Ocean,False
PO0000219,V0004,Semiconductors,Plant-Penang-MY,2023-01-08,2023-04-13,2023-04-14,1,17262,17262,51.934,47.194,DDP,Ocean,False
PO0000220,V0004,Semiconductors,Plant-Penang-MY,2023-04-10,2023-07-17,2023-07-18,1,19458,19458,133.197,124.792,CIF,Air,False
PO0000221,V0004,Semiconductors,Plant-Brno-CZ,2023-04-14,2023-06-19,2023-06-19,0,1567,1567,51.115,52.265,CIF,Ocean,False
PO0000222,V0004,Semiconductors,Plant-Austin-US,2023-06-16,2023-09-29,2023-09-29,0,2414,2414,59.798,68.415,EXW,Ocean,False
PO0000223,V0004,Semiconductors,Plant-Brno-CZ,2023-07-17,2023-10-18,2023-10-18,0,1026,1026,47.349,46.967,DDP,Air,False
PO0000224,V0004,Semiconductors,Plant-Brno-CZ,2023-07-26,2023-10-31,2023-10-31,0,5883,5883,41.972,42.325,FOB,Air,False
PO0000225,V0004,Semiconductors,Plant-Penang-MY,2023-07-29,2023-11-10,2023-11-10,0,3663,3663,80.073,82.829,FOB,Ocean,False
PO0000226,V0004,Semiconductors,Plant-Austin-US,2023-08-04,2023-11-02,2023-11-28,26,7875,7875,21.12,21.851,DDP,Ocean,False
PO0000227,V0004,Semiconductors,Plant-Guadalajara-MX,2023-09-19,2023-12-27,2023-12-27,0,8931,8931,154.808,155.278,DDP,Air,False
PO0000228,V0004,Semiconductors,Plant-Austin-US,2023-10-04,2023-12-19,2023-12-20,1,10170,10170,27.423,26.777,DDP,Ocean,False
PO0000229,V0004,Semiconductors,Plant-Penang-MY,2023-10-28,2024-01-22,2024-01-22,0,5307,5307,148.932,145.736,DDP,Ocean,False
PO0000230,V0004,Semiconductors,Plant-Penang-MY,2023-11-24,2024-02-26,2024-02-26,0,2677,2677,150.311,135.428,DDP,Ocean,False
PO0000231,V0004,Semiconductors,Plant-Brno-CZ,2023-12-08,2024-03-13,2024-03-13,0,2226,2226,74.765,83.26,FOB,Truck,False
PO0000232,V0004,Semiconductors,Plant-Austin-US,2023-12-25,2024-04-09,2024-04-09,0,4514,4514,161.425,151.014,CIF,Ocean,False
PO0000233,V0004,Semiconductors,Plant-Guadalajara-MX,2024-01-04,2024-04-10,2024-04-10,0,3002,3002,158.819,161.241,FOB,Ocean,False
PO0000234,V0004,Semiconductors,Plant-Austin-US,2024-02-22,2024-06-09,2024-06-25,16,5383,5383,173.212,184.537,FOB,Ocean,False
PO0000235,V0004,Semiconductors,Plant-Guadalajara-MX,2024-03-12,2024-06-07,2024-06-22,15,6979,6979,173.988,187.784,EXW,Ocean,False
PO0000236,V0004,Semiconductors,Plant-Austin-US,2024-04-02,2024-07-11,2024-07-12,1,29269,22591,129.074,108.083,EXW,Ocean,False
PO0000237,V0004,Semiconductors,Plant-Penang-MY,2024-04-16,2024-06-25,2024-06-25,0,29851,29851,2.961,2.82,EXW,Ocean,False
PO0000238,V0004,Semiconductors,Plant-Brno-CZ,2024-05-18,2024-08-11,2024-08-11,0,3179,3179,73.675,79.078,CIF,Air,True
PO0000239,V0004,Semiconductors,Plant-Brno-CZ,2024-06-05,2024-09-13,2024-10-06,23,6001,6001,35.533,32.471,CIF,Air,False
PO0000240,V0004,Semiconductors,Plant-Guadalajara-MX,2024-07-05,2024-10-20,2024-10-20,0,1427,1427,112.283,109.991,FOB,Truck,False
PO0000241,V0004,Semiconductors,Plant-Brno-CZ,2024-07-08,2024-10-21,2024-10-22,1,6429,6429,129.576,122.833,CIF,Ocean,False
PO0000242,V0004,Semiconductors,Plant-Guadalajara-MX,2024-07-26,2024-10-19,2024-10-20,1,1251,1251,132.239,153.035,CIF,Ocean,False
PO0000243,V0004,Semiconductors,Plant-Penang-MY,2024-07-28,2024-11-01,2024-11-01,0,7191,7191,55.054,51.576,DDP,Ocean,False
PO0000244,V0004,Semiconductors,Plant-Austin-US,2024-10-15,2024-12-31,2024-12-31,0,2944,2944,123.651,114.593,DDP,Ocean,False
PO0000245,V0004,Semiconductors,Plant-Guadalajara-MX,2024-10-29,2025-02-01,2025-02-04,3,6805,6805,52.354,56.607,FOB,Ocean,False
PO0000246,V0004,Semiconductors,Plant-Penang-MY,2024-11-03,2025-02-19,2025-02-19,0,7486,7486,133.529,121.895,EXW,Ocean,False
PO0000247,V0004,Semiconductors,Plant-Penang-MY,2024-11-05,2025-02-05,2025-02-05,0,1282,1282,28.797,30.952,DDP,Ocean,False
PO0000248,V0004,Semiconductors,Plant-Guadalajara-MX,2024-12-02,2025-03-11,2025-03-11,0,1195,1195,14.67,18.366,DDP,Ocean,False
PO0000249,V0004,Semiconductors,Plant-Austin-US,2025-01-22,2025-04-25,2025-04-25,0,485,485,155.784,157.524,CIF,Ocean,False
PO0000250,V0004,Semiconductors,Plant-Penang-MY,2025-01-26,2025-04-21,2025-04-21,0,1459,1459,118.258,135.606,EXW,Ocean,False
PO0000251,V0004,Semiconductors,Plant-Austin-US,2025-02-02,2025-05-09,2025-05-09,0,7373,7373,34.646,36.683,DDP,Ocean,False
PO0000252,V0004,Semiconductors,Plant-Austin-US,2025-04-06,2025-07-22,2025-08-01,10,3560,3560,172.104,195.603,FOB,Truck,False
PO0000253,V0004,Semiconductors,Plant-Brno-CZ,2025-04-28,2025-08-06,2025-08-24,18,2937,2937,83.64,87.213,EXW,Air,False
PO0000254,V0004,Semiconductors,Plant-Penang-MY,2025-05-08,2025-08-10,2025-08-13,3,4482,4482,152.508,155.24,CIF,Air,False
PO0000255,V0004,Semiconductors,Plant-Penang-MY,2025-05-21,2025-08-19,2025-09-02,14,5495,5495,126.275,127.453,CIF,Ocean,False
PO0000256,V0004,Semiconductors,Plant-Austin-US,2025-06-29,2025-09-22,2025-09-22,0,5250,5250,153.988,149.506,EXW,Ocean,False
PO0000257,V0004,Semiconductors,Plant-Austin-US,2025-07-31,2025-11-04,2025-11-04,0,3068,3068,46.433,47.326,EXW,Air,False
PO0000258,V0004,Semiconductors,Plant-Austin-US,2025-08-06,2025-11-13,2025-11-14,1,1728,1728,91.644,85.872,EXW,Ocean,False
PO0000259,V0004,Semiconductors,Plant-Brno-CZ,2025-08-28,2025-12-02,2025-12-02,0,2273,2273,47.144,50.077,CIF,Air,False
PO0000260,V0004,Semiconductors,Plant-Guadalajara-MX,2025-11-26,2026-02-15,2026-02-15,0,9681,9681,88.919,88.858,EXW,Truck,False
PO0000261,V0004,Semiconductors,Plant-Penang-MY,2025-12-03,2026-03-14,2026-03-15,1,20371,20371,172.722,157.952,CIF,Ocean,False
PO0000262,V0004,Semiconductors,Plant-Brno-CZ,2026-01-22,2026-04-17,2026-04-18,1,689,689,150.797,145.296,EXW,Ocean,False
PO0000263,V0004,Semiconductors,Plant-Austin-US,2026-02-06,2026-05-10,2026-05-10,0,7788,7788,157.732,161.916,DDP,Ocean,False
PO0000264,V0004,Semiconductors,Plant-Guadalajara-MX,2026-02-21,2026-05-22,2026-05-24,2,4634,4634,169.643,176.188,CIF,Ocean,False
PO0000265,V0004,Semiconductors,Plant-Penang-MY,2026-04-14,2026-07-09,2026-07-09,0,19953,19953,47.431,47.437,FOB,Ocean,False
PO0000266,V0004,Semiconductors,Plant-Austin-US,2026-04-17,2026-07-25,2026-07-27,2,22221,19479,64.226,65.52,EXW,Truck,False
PO0000267,V0004,Semiconductors,Plant-Austin-US,2026-04-18,2026-07-13,2026-07-13,0,2614,2614,18.743,19.761,DDP,Ocean,False
PO0000268,V0004,Semiconductors,Plant-Penang-MY,2026-04-24,2026-07-29,2026-07-29,0,2064,2064,167.991,148.466,DDP,Ocean,False
PO0000269,V0004,Semiconductors,Plant-Austin-US,2026-04-28,2026-08-24,2026-08-24,0,26878,26878,127.607,120.2,CIF,Ocean,False
PO0000270,V0004,Semiconductors,Plant-Austin-US,2026-05-12,2026-07-22,2026-07-22,0,7846,7846,170.031,183.934,EXW,Truck,False
PO0000271,V0004,Semiconductors,Plant-Guadalajara-MX,2026-05-27,2026-08-25,2026-08-26,1,1673,1673,142.002,152.727,FOB,Ocean,False
PO0000272,V0005,Connectors,Plant-Penang-MY,2022-01-03,2022-02-11,2022-02-13,2,5571,5571,1.753,1.612,DDP,Ocean,False
PO0000273,V0005,Connectors,Plant-Guadalajara-MX,2022-01-06,2022-02-06,2022-02-07,1,10568,10568,14.536,10.702,FOB,Ocean,False
PO0000274,V0005,Connectors,Plant-Penang-MY,2022-01-16,2022-02-17,2022-02-17,0,11181,11181,8.96,4.853,DDP,Ocean,False
PO0000275,V0005,Connectors,Plant-Austin-US,2022-01-17,2022-02-21,2022-02-21,0,10974,10974,4.74,5.806,CIF,Truck,False
PO0000276,V0005,Connectors,Plant-Guadalajara-MX,2022-01-20,2022-02-26,2022-02-26,0,9301,6725,2.329,1.497,DDP,Ocean,False
PO0000277,V0005,Connectors,Plant-Penang-MY,2022-01-23,2022-02-27,2022-03-01,2,5167,5167,2.59,2.218,DDP,Truck,False
PO0000278,V0005,Connectors,Plant-Guadalajara-MX,2022-01-28,2022-03-03,2022-03-20,17,1749,1749,3.962,4.148,DDP,Ocean,False
PO0000279,V0005,Connectors,Plant-Brno-CZ,2022-02-15,2022-03-23,2022-04-06,14,2878,2878,10.532,11.576,DDP,Ocean,False
PO0000280,V0005,Connectors,Plant-Austin-US,2022-02-19,2022-03-31,2022-04-01,1,1206,1206,13.766,14.326,EXW,Air,False
PO0000281,V0005,Connectors,Plant-Brno-CZ,2022-02-27,2022-04-04,2022-04-11,7,5508,5508,0.605,0.708,DDP,Air,False
PO0000282,V0005,Connectors,Plant-Penang-MY,2022-03-12,2022-04-15,2022-04-24,9,1200,1200,4.824,4.241,FOB,Ocean,False
PO0000283,V0005,Connectors,Plant-Penang-MY,2022-03-14,2022-04-18,2022-04-21,3,5173,5173,2.793,3.413,FOB,Ocean,False
PO0000284,V0005,Connectors,Plant-Penang-MY,2022-03-16,2022-04-22,2022-04-23,1,991,917,0.783,0.704,CIF,Ocean,False
PO0000285,V0005,Connectors,Plant-Brno-CZ,2022-03-20,2022-04-23,2022-05-12,19,2612,2612,12.668,13.956,FOB,Air,False
PO0000286,V0005,Connectors,Plant-Austin-US,2022-04-13,2022-05-18,2022-07-17,60,18622,18622,2.07,2.266,FOB,Ocean,False
PO0000287,V0005,Connectors,Plant-Guadalajara-MX,2022-04-16,2022-05-27,2022-05-27,0,2865,2865,1.412,1.243,CIF,Truck,False
PO0000288,V0005,Connectors,Plant-Guadalajara-MX,2022-04-19,2022-05-19,2022-06-29,41,3257,3257,4.359,3.367,FOB,Truck,False
PO0000289,V0005,Connectors,Plant-Guadalajara-MX,2022-04-20,2022-05-27,2022-06-06,10,2111,1928,11.715,5.94,CIF,Air,False
PO0000290,V0005,Connectors,Plant-Penang-MY,2022-04-24,2022-05-23,2022-05-23,0,2350,2350,9.991,11.81,CIF,Truck,False
PO0000291,V0005,Connectors,Plant-Austin-US,2022-04-27,2022-06-01,2022-06-03,2,28099,28099,9.312,2.8,EXW,Air,False
PO0000292,V0005,Connectors,Plant-Guadalajara-MX,2022-04-28,2022-05-27,2022-05-27,0,16741,16741,5.902,8.474,EXW,Air,True
PO0000293,V0005,Connectors,Plant-Austin-US,2022-05-04,2022-06-11,2022-07-07,26,28312,28312,10.479,7.414,FOB,Air,False
PO0000294,V0005,Connectors,Plant-Austin-US,2022-05-06,2022-05-29,2022-06-28,30,57757,55821,11.966,15.662,EXW,Air,False
PO0000295,V0005,Connectors,Plant-Penang-MY,2022-05-10,2022-06-18,2022-06-18,0,13334,13334,8.216,9.394,FOB,Air,False
PO0000296,V0005,Connectors,Plant-Penang-MY,2022-05-16,2022-06-28,2022-07-08,10,9818,9818,4.742,6.768,FOB,Air,False
PO0000297,V0005,Connectors,Plant-Brno-CZ,2022-05-30,2022-07-08,2022-07-08,0,1589,1589,7.861,8.06,FOB,Ocean,False
PO0000298,V0005,Connectors,Plant-Brno-CZ,2022-06-01,2022-07-04,2022-07-05,1,7646,6466,6.181,3.093,DDP,Ocean,False
PO0000299,V0005,Connectors,Plant-Austin-US,2022-06-02,2022-07-13,2022-08-07,25,3816,3816,6.547,4.275,DDP,Truck,False
PO0000300,V0005,Connectors,Plant-Guadalajara-MX,2022-06-17,2022-07-21,2022-09-17,58,2179,2179,14.959,13.353,FOB,Truck,False
PO0000301,V0005,Connectors,Plant-Penang-MY,2022-07-02,2022-08-02,2022-08-04,2,10960,10960,12.271,8.135,DDP,Ocean,False
PO0000302,V0005,Connectors,Plant-Austin-US,2022-07-08,2022-08-15,2022-08-16,1,2530,2530,5.787,6.715,DDP,Ocean,False
PO0000303,V0005,Connectors,Plant-Brno-CZ,2022-07-22,2022-08-24,2022-08-24,0,7089,7089,10.917,9.28,FOB,Ocean,False
PO0000304,V0005,Connectors,Plant-Brno-CZ,2022-07-25,2022-08-26,2022-09-05,10,12680,12680,6.896,7.805,FOB,Ocean,False
PO0000305,V0005,Connectors,Plant-Penang-MY,2022-07-28,2022-09-04,2022-09-29,25,4270,3111,9.22,8.402,CIF,Ocean,False
PO0000306,V0005,Connectors,Plant-Guadalajara-MX,2022-08-02,2022-09-09,2022-09-18,9,5742,4219,3.231,4.234,EXW,Truck,False
PO0000307,V0005,Connectors,Plant-Penang-MY,2022-08-18,2022-09-24,2022-10-02,8,609,609,12.14,12.015,DDP,Truck,False
PO0000308,V0005,Connectors,Plant-Penang-MY,2022-08-27,2022-10-05,2022-10-08,3,11704,11704,6.267,8.844,DDP,Truck,False
PO0000309,V0005,Connectors,Plant-Brno-CZ,2022-08-29,2022-10-06,2022-10-14,8,10444,10444,14.117,18.691,FOB,Ocean,False
PO0000310,V0005,Connectors,Plant-Guadalajara-MX,2022-09-05,2022-10-10,2022-10-11,1,9289,9289,7.389,5.15,DDP,Ocean,False
PO0000311,V0005,Connectors,Plant-Guadalajara-MX,2022-09-07,2022-10-09,2022-10-31,22,2997,2629,6.588,6.699,DDP,Ocean,False
PO0000312,V0005,Connectors,Plant-Brno-CZ,2022-09-20,2022-10-22,2022-11-01,10,8782,8782,9.792,7.573,DDP,Ocean,False
PO0000313,V0005,Connectors,Plant-Austin-US,2022-09-21,2022-10-30,2022-10-30,0,1303,1303,2.069,1.749,EXW,Ocean,False
PO0000314,V0005,Connectors,Plant-Penang-MY,2022-10-02,2022-11-05,2022-11-05,0,568,568,5.553,5.522,EXW,Ocean,False
PO0000315,V0005,Connectors,Plant-Guadalajara-MX,2022-10-10,2022-11-12,2022-11-12,0,25473,25473,9.06,12.046,DDP,Ocean,False
PO0000316,V0005,Connectors,Plant-Austin-US,2022-10-11,2022-11-13,2022-11-20,7,4278,4278,12.726,15.956,FOB,Ocean,False
PO0000317,V0005,Connectors,Plant-Brno-CZ,2022-10-12,2022-11-10,2022-11-19,9,5030,5030,13.214,10.02,FOB,Ocean,False
PO0000318,V0005,Connectors,Plant-Guadalajara-MX,2022-10-14,2022-11-07,2022-11-07,0,8302,8302,4.003,4.168,FOB,Truck,False
PO0000319,V0005,Connectors,Plant-Penang-MY,2022-10-18,2022-11-27,2022-11-27,0,22120,22120,7.046,9.451,FOB,Ocean,False
PO0000320,V0005,Connectors,Plant-Penang-MY,2022-10-22,2022-11-29,2022-12-04,5,768,768,7.045,5.923,DDP,Ocean,False
PO0000321,V0005,Connectors,Plant-Penang-MY,2022-11-01,2022-12-20,2022-12-20,0,2574,2347,3.741,3.482,EXW,Ocean,False
PO0000322,V0005,Connectors,Plant-Austin-US,2022-11-06,2022-12-12,2022-12-12,0,3728,3487,7.946,6.348,CIF,Air,True
PO0000323,V0005,Connectors,Plant-Brno-CZ,2022-11-11,2022-12-14,2022-12-14,0,6683,6683,6.327,4.145,CIF,Ocean,False
PO0000324,V0005,Connectors,Plant-Penang-MY,2022-11-24,2022-12-31,2022-12-31,0,10147,10147,14.848,16.989,EXW,Ocean,False
PO0000325,V0005,Connectors,Plant-Penang-MY,2022-11-25,2022-12-26,2022-12-30,4,1479,1479,11.902,10.648,CIF,Ocean,False
PO0000326,V0005,Connectors,Plant-Austin-US,2022-12-17,2023-01-23,2023-01-23,0,11180,11180,3.761,2.947,EXW,Ocean,False
PO0000327,V0005,Connectors,Plant-Guadalajara-MX,2022-12-24,2023-01-28,2023-01-28,0,23636,23636,14.055,14.206,EXW,Ocean,False
PO0000328,V0005,Connectors,Plant-Penang-MY,2023-01-04,2023-02-09,2023-02-10,1,72570,72570,14.551,12.866,EXW,Ocean,False
PO0000329,V0005,Connectors,Plant-Guadalajara-MX,2023-01-05,2023-02-18,2023-02-18,0,19047,16219,1.783,2.305,CIF,Truck,False
PO0000330,V0005,Connectors,Plant-Brno-CZ,2023-01-09,2023-02-09,2023-02-09,0,9468,9468,13.27,11.52,FOB,Air,False
PO0000331,V0005,Connectors,Plant-Austin-US,2023-01-15,2023-02-15,2023-02-17,2,6315,6315,11.893,13.859,FOB,Truck,False
PO0000332,V0005,Connectors,Plant-Guadalajara-MX,2023-01-19,2023-02-22,2023-02-22,0,4778,4778,7.204,10.685,DDP,Ocean,False
PO0000333,V0005,Connectors,Plant-Brno-CZ,2023-01-27,2023-03-01,2023-03-14,13,12444,12444,2.498,2.381,EXW,Air,False
PO0000334,V0005,Connectors,Plant-Penang-MY,2023-02-06,2023-03-18,2023-03-18,0,36346,36346,10.561,12.188,EXW,Ocean,False
PO0000335,V0005,Connectors,Plant-Austin-US,2023-02-09,2023-03-15,2023-03-16,1,10179,10179,5.208,3.699,FOB,Air,False
PO0000336,V0005,Connectors,Plant-Guadalajara-MX,2023-03-02,2023-03-30,2023-03-30,0,10497,10497,10.728,9.584,FOB,Ocean,False
PO0000337,V0005,Connectors,Plant-Penang-MY,2023-03-08,2023-04-22,2023-04-22,0,1892,1614,10.785,12.08,DDP,Ocean,False
PO0000338,V0005,Connectors,Plant-Brno-CZ,2023-03-09,2023-04-15,2023-04-15,0,1426,1426,13.012,18.454,DDP,Ocean,False
PO0000339,V0005,Connectors,Plant-Penang-MY,2023-03-18,2023-05-03,2023-05-10,7,12796,12106,12.285,15.961,CIF,Truck,False
PO0000340,V0005,Connectors,Plant-Austin-US,2023-03-29,2023-04-28,2023-04-29,1,35099,30797,4.652,5.207,EXW,Ocean,False
PO0000341,V0005,Connectors,Plant-Austin-US,2023-04-14,2023-05-19,2023-05-21,2,275,257,0.66,0.741,EXW,Truck,False
PO0000342,V0005,Connectors,Plant-Brno-CZ,2023-04-16,2023-05-19,2023-05-19,0,1906,1906,1.263,1.31,EXW,Ocean,False
PO0000343,V0005,Connectors,Plant-Guadalajara-MX,2023-04-24,2023-05-28,2023-06-04,7,2618,2618,0.618,0.667,DDP,Truck,False
PO0000344,V0005,Connectors,Plant-Austin-US,2023-05-08,2023-06-14,2023-06-14,0,2171,2171,13.908,14.16,FOB,Air,False
PO0000345,V0005,Connectors,Plant-Penang-MY,2023-05-11,2023-06-17,2023-06-19,2,4129,4129,10.856,8.324,CIF,Air,False
PO0000346,V0005,Connectors,Plant-Penang-MY,2023-05-16,2023-06-20,2023-06-20,0,6813,6813,6.85,7.132,EXW,Ocean,False
PO0000347,V0005,Connectors,Plant-Austin-US,2023-05-19,2023-06-20,2023-06-28,8,6411,6411,6.976,6.166,FOB,Ocean,False
PO0000348,V0005,Connectors,Plant-Brno-CZ,2023-05-22,2023-06-19,2023-06-26,7,12739,12739,11.014,9.879,CIF,Air,False
PO0000349,V0005,Connectors,Plant-Brno-CZ,2023-05-27,2023-07-04,2023-07-05,1,3848,3848,10.229,8.836,CIF,Truck,False
PO0000350,V0005,Connectors,Plant-Penang-MY,2023-06-02,2023-07-05,2023-07-05,0,74951,74951,10.801,10.917,FOB,Ocean,False
PO0000351,V0005,Connectors,Plant-Austin-US,2023-06-03,2023-07-09,2023-07-09,0,956,793,9.426,10.169,DDP,Ocean,False
PO0000352,V0005,Connectors,Plant-Brno-CZ,2023-06-07,2023-07-12,2023-07-25,13,2235,2235,2.558,2.625,FOB,Ocean,False
PO0000353,V0005,Connectors,Plant-Brno-CZ,2023-06-08,2023-07-16,2023-07-16,0,11472,11472,3.653,2.721,DDP,Ocean,False
PO0000354,V0005,Connectors,Plant-Penang-MY,2023-06-18,2023-07-22,2023-07-23,1,1711,1711,14.694,10.622,FOB,Ocean,False
PO0000355,V0005,Connectors,Plant-Austin-US,2023-06-19,2023-07-22,2023-07-25,3,2874,2874,0.804,0.713,EXW,Air,False
PO0000356,V0005,Connectors,Plant-Brno-CZ,2023-06-20,2023-07-31,2023-08-01,1,2175,2175,2.811,2.284,EXW,Ocean,False
PO0000357,V0005,Connectors,Plant-Brno-CZ,2023-06-29,2023-08-02,2023-08-02,0,22622,20294,5.4,5.194,FOB,Air,False
PO0000358,V0005,Connectors,Plant-Brno-CZ,2023-07-05,2023-08-03,2023-08-04,1,7444,7444,8.942,9.406,DDP,Truck,False
PO0000359,V0005,Connectors,Plant-Austin-US,2023-07-18,2023-08-25,2023-08-28,3,20318,20318,5.015,4.805,DDP,Ocean,False
PO0000360,V0005,Connectors,Plant-Penang-MY,2023-07-21,2023-08-27,2023-08-27,0,1909,1909,2.771,3.043,CIF,Ocean,False
PO0000361,V0005,Connectors,Plant-Guadalajara-MX,2023-07-23,2023-08-26,2023-08-26,0,2091,2091,7.098,6.913,FOB,Truck,False
PO0000362,V0005,Connectors,Plant-Austin-US,2023-08-26,2023-10-02,2023-10-03,1,11928,11928,2.723,2.235,CIF,Ocean,False
PO0000363,V0005,Connectors,Plant-Penang-MY,2023-08-29,2023-10-03,2023-10-21,18,334,334,0.828,0.802,CIF,Air,False
PO0000364,V0005,Connectors,Plant-Austin-US,2023-09-09,2023-10-11,2023-10-17,6,1230,1230,12.829,7.215,CIF,Ocean,False
PO0000365,V0005,Connectors,Plant-Guadalajara-MX,2023-09-21,2023-10-21,2023-10-22,1,4148,4148,7.328,8.462,CIF,Truck,False
PO0000366,V0005,Connectors,Plant-Guadalajara-MX,2023-09-22,2023-10-26,2023-10-27,1,3341,3341,14.921,18.911,FOB,Air,False
PO0000367,V0005,Connectors,Plant-Brno-CZ,2023-10-17,2023-11-16,2023-12-06,20,22417,22417,3.301,3.585,DDP,Truck,False
PO0000368,V0005,Connectors,Plant-Brno-CZ,2023-11-02,2023-12-04,2023-12-22,18,20478,20478,5.11,4.652,EXW,Ocean,False
PO0000369,V0005,Connectors,Plant-Guadalajara-MX,2023-11-03,2023-12-12,2024-03-08,87,8710,8710,13.581,14.498,DDP,Ocean,False
PO0000370,V0005,Connectors,Plant-Brno-CZ,2023-11-05,2023-12-07,2023-12-10,3,1591,1297,8.894,9.552,DDP,Ocean,False
PO0000371,V0005,Connectors,Plant-Penang-MY,2023-11-09,2023-12-19,2023-12-21,2,1581,1581,2.541,3.963,FOB,Ocean,False
PO0000372,V0005,Connectors,Plant-Austin-US,2023-11-17,2024-01-01,2024-01-21,20,3183,3183,0.799,0.844,EXW,Ocean,False
PO0000373,V0005,Connectors,Plant-Brno-CZ,2023-11-20,2023-12-24,2023-12-24,0,2518,2518,5.127,4.633,FOB,Ocean,False
PO0000374,V0005,Connectors,Plant-Penang-MY,2023-12-02,2024-01-03,2024-01-26,23,3694,2792,7.842,5.666,EXW,Ocean,False
PO0000375,V0005,Connectors,Plant-Austin-US,2023-12-26,2024-02-01,2024-02-19,18,1235,1088,6.615,6.615,DDP,Ocean,False
PO0000376,V0005,Connectors,Plant-Austin-US,2023-12-27,2024-01-30,2024-01-30,0,3463,3463,11.999,12.575,DDP,Truck,False
PO0000377,V0005,Connectors,Plant-Guadalajara-MX,2024-01-06,2024-02-10,2024-02-15,5,2801,2801,8.842,6.275,EXW,Truck,False
PO0000378,V0005,Connectors,Plant-Brno-CZ,2024-01-15,2024-02-18,2024-02-18,0,2768,2768,6.714,8.481,CIF,Ocean,False
PO0000379,V0005,Connectors,Plant-Brno-CZ,2024-01-22,2024-02-26,2024-04-12,46,3000,3000,8.006,11.546,FOB,Ocean,False
PO0000380,V0005,Connectors,Plant-Austin-US,2024-01-25,2024-03-01,2024-03-02,1,19676,19676,12.701,17.968,CIF,Ocean,False
PO0000381,V0005,Connectors,Plant-Guadalajara-MX,2024-02-03,2024-03-03,2024-04-06,34,9426,8513,10.027,10.547,DDP,Ocean,False
PO0000382,V0005,Connectors,Plant-Guadalajara-MX,2024-02-06,2024-03-08,2024-04-13,36,1840,1840,12.428,15.775,EXW,Ocean,False
PO0000383,V0005,Connectors,Plant-Penang-MY,2024-03-18,2024-04-18,2024-04-27,9,644,524,2.045,2.106,DDP,Ocean,False
PO0000384,V0005,Connectors,Plant-Penang-MY,2024-03-22,2024-04-23,2024-04-23,0,21846,15299,1.643,2.305,FOB,Ocean,False
PO0000385,V0005,Connectors,Plant-Austin-US,2024-03-27,2024-05-02,2024-05-04,2,45134,45134,14.044,13.607,EXW,Ocean,False
PO0000386,V0005,Connectors,Plant-Brno-CZ,2024-04-05,2024-05-06,2024-05-06,0,503,503,4.92,4.436,EXW,Ocean,False
PO0000387,V0005,Connectors,Plant-Guadalajara-MX,2024-04-19,2024-05-26,2024-05-26,0,13206,9551,4.754,3.004,EXW,Ocean,False
PO0000388,V0005,Connectors,Plant-Guadalajara-MX,2024-04-25,2024-05-31,2024-05-31,0,576,576,10.963,11.008,EXW,Ocean,False
PO0000389,V0005,Connectors,Plant-Brno-CZ,2024-04-27,2024-05-31,2024-07-02,32,6189,6189,5.784,7.487,CIF,Truck,False
PO0000390,V0005,Connectors,Plant-Austin-US,2024-04-28,2024-06-04,2024-07-14,40,8109,8109,2.216,1.885,EXW,Truck,False
PO0000391,V0005,Connectors,Plant-Brno-CZ,2024-06-01,2024-07-10,2024-07-17,7,38434,38434,14.269,14.841,EXW,Air,False
PO0000392,V0005,Connectors,Plant-Austin-US,2024-06-10,2024-07-14,2024-07-15,1,3354,3354,8.614,6.713,DDP,Truck,False
PO0000393,V0005,Connectors,Plant-Penang-MY,2024-06-12,2024-07-20,2024-07-21,1,2112,2112,8.907,10.049,FOB,Ocean,False
PO0000394,V0005,Connectors,Plant-Penang-MY,2024-06-14,2024-07-16,2024-07-16,0,26859,26859,8.831,8.099,CIF,Air,False
PO0000395,V0005,Connectors,Plant-Penang-MY,2024-06-27,2024-08-03,2024-08-03,0,1744,1744,3.116,4.002,DDP,Air,False
PO0000396,V0005,Connectors,Plant-Guadalajara-MX,2024-07-18,2024-08-19,2024-08-25,6,12558,12558,8.813,9.976,CIF,Air,False
PO0000397,V0005,Connectors,Plant-Austin-US,2024-07-22,2024-08-27,2024-09-03,7,247,247,5.481,4.668,EXW,Ocean,False
PO0000398,V0005,Connectors,Plant-Austin-US,2024-08-01,2024-09-09,2024-09-11,2,3949,3056,14.244,18.879,EXW,Truck,False
PO0000399,V0005,Connectors,Plant-Guadalajara-MX,2024-08-13,2024-09-19,2024-09-19,0,3088,3088,9.736,9.804,DDP,Air,True
PO0000400,V0005,Connectors,Plant-Guadalajara-MX,2024-08-17,2024-09-28,2024-10-17,19,10675,10675,13.523,8.656,CIF,Truck,False
PO0000401,V0005,Connectors,Plant-Guadalajara-MX,2024-08-20,2024-09-23,2024-10-07,14,1423,1329,1.644,1.844,DDP,Ocean,False
PO0000402,V0005,Connectors,Plant-Brno-CZ,2024-08-25,2024-09-28,2024-09-28,0,4562,4562,13.958,16.366,EXW,Air,False
PO0000403,V0005,Connectors,Plant-Brno-CZ,2024-09-05,2024-10-14,2024-10-14,0,19617,19617,11.98,9.732,EXW,Ocean,False
PO0000404,V0005,Connectors,Plant-Guadalajara-MX,2024-09-20,2024-10-27,2024-10-27,0,24541,24541,3.075,2.598,CIF,Ocean,False
PO0000405,V0005,Connectors,Plant-Brno-CZ,2024-09-22,2024-10-22,2024-10-22,0,10773,10773,6.152,6.739,CIF,Ocean,False
PO0000406,V0005,Connectors,Plant-Brno-CZ,2024-09-27,2024-11-07,2024-11-07,0,42890,42890,14.321,16.81,DDP,Ocean,False
PO0000407,V0005,Connectors,Plant-Brno-CZ,2024-10-02,2024-10-31,2024-10-31,0,1185,1023,14.244,17.601,DDP,Air,False
PO0000408,V0005,Connectors,Plant-Guadalajara-MX,2024-10-07,2024-11-12,2024-11-12,0,13196,13196,3.108,2.424,CIF,Ocean,False
PO0000409,V0005,Connectors,Plant-Austin-US,2024-10-19,2024-11-23,2024-12-05,12,4014,3667,10.701,11.907,DDP,Ocean,False
PO0000410,V0005,Connectors,Plant-Austin-US,2024-10-25,2024-11-27,2024-11-30,3,1138,1138,6.725,9.181,FOB,Ocean,False
PO0000411,V0005,Connectors,Plant-Austin-US,2024-10-27,2024-12-01,2024-12-14,13,4028,3611,4.547,4.575,CIF,Ocean,False
PO0000412,V0005,Connectors,Plant-Brno-CZ,2024-10-30,2024-11-28,2024-11-28,0,8407,8407,14.074,14.086,CIF,Ocean,False
PO0000413,V0005,Connectors,Plant-Austin-US,2024-11-13,2024-12-22,2024-12-27,5,14635,14635,2.191,1.543,CIF,Ocean,False
PO0000414,V0005,Connectors,Plant-Penang-MY,2024-11-28,2025-01-01,2025-01-10,9,7459,7459,7.924,8.987,FOB,Ocean,False
PO0000415,V0005,Connectors,Plant-Austin-US,2024-11-30,2025-01-02,2025-01-02,0,39471,34355,10.69,11.292,DDP,Truck,False
PO0000416,V0005,Connectors,Plant-Penang-MY,2024-12-11,2025-01-08,2025-01-15,7,3630,3072,9.679,8.44,CIF,Ocean,False
PO0000417,V0005,Connectors,Plant-Austin-US,2024-12-21,2025-01-18,2025-02-01,14,23475,23475,6.534,5.352,EXW,Air,False
PO0000418,V0005,Connectors,Plant-Austin-US,2025-01-12,2025-02-16,2025-02-16,0,7035,7035,5.546,4.681,EXW,Ocean,False
PO0000419,V0005,Connectors,Plant-Penang-MY,2025-01-16,2025-02-21,2025-03-02,9,1667,1667,8.218,6.459,CIF,Air,False
PO0000420,V0005,Connectors,Plant-Austin-US,2025-01-17,2025-02-19,2025-02-22,3,4414,4414,8.353,5.886,EXW,Ocean,False
PO0000421,V0005,Connectors,Plant-Guadalajara-MX,2025-01-27,2025-03-07,2025-03-09,2,607,531,4.162,4.54,DDP,Ocean,False
PO0000422,V0005,Connectors,Plant-Austin-US,2025-02-05,2025-03-16,2025-04-07,22,17955,16898,2.61,3.544,FOB,Ocean,False
PO0000423,V0005,Connectors,Plant-Penang-MY,2025-02-06,2025-03-09,2025-03-11,2,4130,3453,9.566,7.204,CIF,Air,False
PO0000424,V0005,Connectors,Plant-Brno-CZ,2025-02-15,2025-03-24,2025-03-25,1,1304,1304,13.083,9.669,FOB,Ocean,False
PO0000425,V0005,Connectors,Plant-Guadalajara-MX,2025-02-16,2025-03-20,2025-03-31,11,5822,5822,3.073,3.189,EXW,Ocean,False
PO0000426,V0005,Connectors,Plant-Austin-US,2025-02-25,2025-03-28,2025-04-03,6,976,807,12.252,11.221,CIF,Ocean,False
PO0000427,V0005,Connectors,Plant-Brno-CZ,2025-03-04,2025-04-12,2025-04-25,13,4248,4248,13.168,11.8,FOB,Ocean,False
PO0000428,V0005,Connectors,Plant-Brno-CZ,2025-03-05,2025-04-08,2025-04-08,0,1809,1809,8.361,7.682,FOB,Truck,False
PO0000429,V0005,Connectors,Plant-Guadalajara-MX,2025-03-12,2025-04-23,2025-04-23,0,1040,1040,4.131,3.792,CIF,Ocean,False
PO0000430,V0005,Connectors,Plant-Brno-CZ,2025-03-27,2025-05-03,2025-05-03,0,3354,2836,10.36,10.143,FOB,Truck,False
PO0000431,V0005,Connectors,Plant-Penang-MY,2025-04-08,2025-05-09,2025-06-01,23,1541,1445,6.697,9.005,CIF,Truck,False
PO0000432,V0005,Connectors,Plant-Brno-CZ,2025-04-18,2025-05-26,2025-06-24,29,5020,5020,13.417,8.98,CIF,Ocean,False
PO0000433,V0005,Connectors,Plant-Penang-MY,2025-04-22,2025-05-27,2025-06-01,5,1503,1503,13.085,11.506,FOB,Truck,False
PO0000434,V0005,Connectors,Plant-Austin-US,2025-04-25,2025-06-07,2025-06-10,3,42229,42229,9.042,7.463,DDP,Ocean,False
PO0000435,V0005,Connectors,Plant-Austin-US,2025-05-17,2025-06-29,2025-07-09,10,2250,1804,4.469,2.015,DDP,Ocean,False
PO0000436,V0005,Connectors,Plant-Penang-MY,2025-05-25,2025-06-29,2025-07-03,4,5091,4759,14.006,15.905,FOB,Ocean,False
PO0000437,V0005,Connectors,Plant-Austin-US,2025-06-01,2025-07-05,2025-07-20,15,9837,9837,3.172,2.6,EXW,Air,False
PO0000438,V0005,Connectors,Plant-Austin-US,2025-06-03,2025-07-04,2025-07-06,2,5708,5708,1.782,1.71,EXW,Air,False
PO0000439,V0005,Connectors,Plant-Austin-US,2025-06-18,2025-07-21,2025-08-21,31,9279,9279,1.098,0.934,EXW,Truck,False
PO0000440,V0005,Connectors,Plant-Penang-MY,2025-07-15,2025-08-19,2025-09-05,17,23976,23976,11.358,8.975,CIF,Ocean,False
PO0000441,V0005,Connectors,Plant-Brno-CZ,2025-07-22,2025-08-28,2025-09-05,8,6043,6043,8.867,11.348,CIF,Air,False
PO0000442,V0005,Connectors,Plant-Austin-US,2025-08-11,2025-09-13,2025-09-17,4,5900,5900,12.188,9.536,DDP,Ocean,False
PO0000443,V0005,Connectors,Plant-Penang-MY,2025-08-15,2025-09-13,2025-09-13,0,43648,43648,13.734,12.154,CIF,Ocean,False
PO0000444,V0005,Connectors,Plant-Guadalajara-MX,2025-08-17,2025-09-16,2025-10-22,36,401,401,6.63,5.532,FOB,Ocean,False
PO0000445,V0005,Connectors,Plant-Penang-MY,2025-08-19,2025-09-26,2025-09-26,0,548,548,9.395,6.083,DDP,Truck,False
PO0000446,V0005,Connectors,Plant-Brno-CZ,2025-08-20,2025-09-19,2025-09-19,0,735,735,14.543,19.329,EXW,Ocean,False
PO0000447,V0005,Connectors,Plant-Guadalajara-MX,2025-08-29,2025-10-02,2025-10-11,9,8441,8441,8.205,6.825,EXW,Ocean,False
PO0000448,V0005,Connectors,Plant-Austin-US,2025-09-12,2025-10-13,2025-10-14,1,3349,3349,11.656,13.115,EXW,Ocean,False
PO0000449,V0005,Connectors,Plant-Austin-US,2025-09-19,2025-10-21,2025-10-23,2,1362,1362,5.405,5.035,EXW,Ocean,False
PO0000450,V0005,Connectors,Plant-Brno-CZ,2025-09-24,2025-10-29,2025-11-01,3,6450,6450,9.678,10.705,DDP,Ocean,False
PO0000451,V0005,Connectors,Plant-Penang-MY,2025-09-29,2025-11-06,2025-11-06,0,6629,6629,8.752,8.71,CIF,Ocean,False
PO0000452,V0005,Connectors,Plant-Brno-CZ,2025-10-06,2025-11-03,2025-11-23,20,4670,4670,6.299,9.391,EXW,Truck,False
PO0000453,V0005,Connectors,Plant-Penang-MY,2025-10-11,2025-11-10,2025-11-10,0,7722,7722,9.853,12.938,FOB,Ocean,False
PO0000454,V0005,Connectors,Plant-Austin-US,2025-10-12,2025-11-14,2025-11-28,14,17955,14052,3.306,1.488,DDP,Truck,False
PO0000455,V0005,Connectors,Plant-Guadalajara-MX,2025-10-22,2025-11-29,2025-11-29,0,64306,64306,7.457,5.925,EXW,Ocean,False
PO0000456,V0005,Connectors,Plant-Austin-US,2025-11-07,2025-12-14,2025-12-15,1,1929,1929,5.958,6.946,FOB,Ocean,False
PO0000457,V0005,Connectors,Plant-Penang-MY,2025-11-11,2025-12-14,2026-01-12,29,13676,13676,2.59,1.576,EXW,Ocean,False
PO0000458,V0005,Connectors,Plant-Brno-CZ,2025-11-12,2025-12-21,2025-12-21,0,1744,1744,14.203,8.431,CIF,Ocean,False
PO0000459,V0005,Connectors,Plant-Penang-MY,2025-11-15,2025-12-22,2025-12-26,4,1497,1291,2.939,2.003,DDP,Ocean,False
PO0000460,V0005,Connectors,Plant-Penang-MY,2025-11-18,2025-12-13,2025-12-13,0,3172,3172,14.161,13.832,DDP,Ocean,False
PO0000461,V0005,Connectors,Plant-Austin-US,2025-11-28,2025-12-30,2026-01-17,18,14379,14379,13.7,13.646,FOB,Ocean,False
PO0000462,V0005,Connectors,Plant-Penang-MY,2025-11-29,2025-12-25,2026-01-18,24,13631,13631,1.694,1.316,CIF,Ocean,False
PO0000463,V0005,Connectors,Plant-Guadalajara-MX,2025-12-02,2026-01-06,2026-01-20,14,24701,22800,9.202,6.782,DDP,Ocean,False
PO0000464,V0005,Connectors,Plant-Guadalajara-MX,2025-12-06,2026-01-14,2026-01-24,10,35441,35441,3.621,3.672,FOB,Air,False
PO0000465,V0005,Connectors,Plant-Penang-MY,2025-12-16,2026-01-17,2026-01-18,1,15193,15193,9.774,9.625,EXW,Ocean,False
PO0000466,V0005,Connectors,Plant-Austin-US,2025-12-28,2026-01-31,2026-02-18,18,1736,1736,5.173,6.657,CIF,Ocean,False
PO0000467,V0005,Connectors,Plant-Penang-MY,2026-01-01,2026-02-05,2026-02-05,0,10320,10320,1.799,1.841,EXW,Ocean,False
PO0000468,V0005,Connectors,Plant-Austin-US,2026-01-02,2026-02-05,2026-03-07,30,2876,2475,12.875,8.754,CIF,Truck,False
PO0000469,V0005,Connectors,Plant-Penang-MY,2026-01-19,2026-02-19,2026-03-01,10,8938,8938,1.463,1.31,DDP,Ocean,False
PO0000470,V0005,Connectors,Plant-Penang-MY,2026-01-26,2026-02-26,2026-02-27,1,30056,30056,3.563,4.143,CIF,Ocean,False
PO0000471,V0005,Connectors,Plant-Austin-US,2026-02-04,2026-03-02,2026-03-02,0,1732,1395,10.795,10.904,CIF,Ocean,False
PO0000472,V0005,Connectors,Plant-Brno-CZ,2026-03-08,2026-04-10,2026-04-10,0,11452,11452,8.11,4.485,FOB,Ocean,False
PO0000473,V0005,Connectors,Plant-Penang-MY,2026-03-13,2026-04-20,2026-04-20,0,1117,1117,3.284,2.798,DDP,Air,False
PO0000474,V0005,Connectors,Plant-Penang-MY,2026-04-13,2026-05-14,2026-05-20,6,11965,11965,13.469,10.127,DDP,Air,False
PO0000475,V0005,Connectors,Plant-Austin-US,2026-04-17,2026-05-21,2026-05-21,0,3404,3404,8.665,11.67,CIF,Ocean,False
PO0000476,V0005,Connectors,Plant-Brno-CZ,2026-05-17,2026-06-25,2026-06-25,0,1516,1300,3.554,3.45,CIF,Ocean,False
PO0000477,V0005,Connectors,Plant-Austin-US,2026-05-23,2026-06-28,2026-06-28,0,12149,12149,0.85,1.032,EXW,Ocean,False
PO0000478,V0005,Connectors,Plant-Austin-US,2026-06-02,2026-07-02,2026-07-13,11,4346,4346,6.26,6.255,EXW,Ocean,False
PO0000479,V0005,Connectors,Plant-Guadalajara-MX,2026-06-05,2026-07-13,2026-07-13,0,1582,1283,4.899,4.696,CIF,Ocean,False
PO0000480,V0005,Connectors,Plant-Guadalajara-MX,2026-06-08,2026-07-13,2026-07-15,2,22201,22201,4.913,5.769,FOB,Air,False
PO0000481,V0005,Connectors,Plant-Guadalajara-MX,2026-06-09,2026-07-15,2026-07-26,11,7266,5939,7.533,7.829,CIF,Ocean,False
PO0000482,V0005,Connectors,Plant-Austin-US,2026-06-10,2026-07-08,2026-07-08,0,50649,50649,14.763,9.991,EXW,Truck,False
PO0000483,V0005,Connectors,Plant-Penang-MY,2026-06-29,2026-07-28,2026-07-28,0,15782,15782,3.122,2.036,DDP,Truck,False
PO0000484,V0006,Semiconductors,Plant-Guadalajara-MX,2022-01-03,2022-04-11,2022-04-11,0,213,213,7.919,7.579,FOB,Ocean,False
PO0000485,V0006,Semiconductors,Plant-Penang-MY,2022-01-07,2022-04-07,2022-04-12,5,2957,2957,3.083,2.86,DDP,Ocean,False
PO0000486,V0006,Semiconductors,Plant-Brno-CZ,2022-01-28,2022-05-02,2022-05-05,3,1870,1870,64.307,61.093,DDP,Truck,False
PO0000487,V0006,Semiconductors,Plant-Austin-US,2022-02-10,2022-05-15,2022-05-15,0,730,730,101.807,105.825,CIF,Ocean,False
PO0000488,V0006,Semiconductors,Plant-Austin-US,2022-03-02,2022-06-14,2022-06-14,0,5285,5285,172.402,168.635,DDP,Ocean,False
PO0000489,V0006,Semiconductors,Plant-Penang-MY,2022-03-17,2022-06-17,2022-06-17,0,11511,11511,111.608,112.296,CIF,Truck,False
PO0000490,V0006,Semiconductors,Plant-Guadalajara-MX,2022-04-09,2022-07-07,2022-07-08,1,18876,18876,33.471,34.137,CIF,Ocean,False
PO0000491,V0006,Semiconductors,Plant-Austin-US,2022-04-25,2022-07-24,2022-07-25,1,2955,2955,94.204,99.178,FOB,Truck,False
PO0000492,V0006,Semiconductors,Plant-Guadalajara-MX,2022-04-29,2022-08-07,2022-08-07,0,1446,1446,94.187,98.339,EXW,Air,False
PO0000493,V0006,Semiconductors,Plant-Guadalajara-MX,2022-05-03,2022-08-09,2022-08-09,0,1927,1927,67.87,63.878,EXW,Air,True
PO0000494,V0006,Semiconductors,Plant-Penang-MY,2022-05-06,2022-08-05,2022-08-05,0,6444,6444,17.656,16.49,EXW,Ocean,False
PO0000495,V0006,Semiconductors,Plant-Penang-MY,2022-06-20,2022-10-06,2022-10-06,0,4517,4517,161.865,164.431,CIF,Truck,False
PO0000496,V0006,Semiconductors,Plant-Penang-MY,2022-07-25,2022-11-11,2022-11-11,0,60370,60370,122.897,120.194,CIF,Ocean,False
PO0000497,V0006,Semiconductors,Plant-Austin-US,2022-09-06,2022-12-19,2022-12-19,0,953,852,145.735,136.296,CIF,Truck,False
PO0000498,V0006,Semiconductors,Plant-Guadalajara-MX,2022-10-04,2023-01-11,2023-01-11,0,26709,26709,174.268,166.622,CIF,Truck,False
PO0000499,V0006,Semiconductors,Plant-Penang-MY,2022-12-02,2023-03-22,2023-03-22,0,13155,13155,7.542,7.141,FOB,Ocean,False
PO0000500,V0006,Semiconductors,Plant-Austin-US,2022-12-16,2023-03-21,2023-03-21,0,11342,11342,17.125,17.195,FOB,Truck,False
PO0000501,V0006,Semiconductors,Plant-Penang-MY,2022-12-20,2023-04-03,2023-04-03,0,10357,10357,48.893,46.625,CIF,Truck,False
PO0000502,V0006,Semiconductors,Plant-Brno-CZ,2022-12-21,2023-03-17,2023-03-25,8,10147,10147,145.568,146.529,FOB,Ocean,False
PO0000503,V0006,Semiconductors,Plant-Penang-MY,2022-12-24,2023-03-10,2023-03-10,0,3504,3504,46.962,46.736,EXW,Ocean,False
PO0000504,V0006,Semiconductors,Plant-Guadalajara-MX,2023-01-30,2023-05-03,2023-05-03,0,10963,10963,116.379,128.084,DDP,Ocean,False
PO0000505,V0006,Semiconductors,Plant-Brno-CZ,2023-02-11,2023-05-14,2023-05-16,2,11480,11480,122.823,119.595,FOB,Ocean,False
PO0000506,V0006,Semiconductors,Plant-Guadalajara-MX,2023-02-15,2023-05-18,2023-05-19,1,5249,5249,92.734,82.296,DDP,Ocean,False
PO0000507,V0006,Semiconductors,Plant-Brno-CZ,2023-02-26,2023-05-15,2023-05-15,0,3420,3420,39.082,38.505,DDP,Air,True
PO0000508,V0006,Semiconductors,Plant-Penang-MY,2023-04-02,2023-07-03,2023-07-04,1,420,420,175.102,173.457,CIF,Ocean,False
PO0000509,V0006,Semiconductors,Plant-Penang-MY,2023-04-05,2023-07-01,2023-07-02,1,4651,4651,119.827,135.824,EXW,Ocean,False
PO0000510,V0006,Semiconductors,Plant-Guadalajara-MX,2023-04-17,2023-07-14,2023-07-16,2,64250,64250,37.87,37.598,EXW,Truck,False
PO0000511,V0006,Semiconductors,Plant-Austin-US,2023-04-27,2023-07-23,2023-07-24,1,24460,24460,59.793,62.398,EXW,Air,False
PO0000512,V0006,Semiconductors,Plant-Brno-CZ,2023-05-11,2023-08-18,2023-08-19,1,3483,2779,23.124,26.039,FOB,Ocean,False
PO0000513,V0006,Semiconductors,Plant-Brno-CZ,2023-05-20,2023-08-16,2023-08-16,0,19566,19566,171.84,179.009,CIF,Air,True
PO0000514,V0006,Semiconductors,Plant-Austin-US,2023-06-07,2023-09-13,2023-09-13,0,30893,30893,158.22,168.066,FOB,Ocean,False
PO0000515,V0006,Semiconductors,Plant-Brno-CZ,2023-06-27,2023-09-24,2023-09-24,0,403,403,105.11,95.068,DDP,Air,False
PO0000516,V0006,Semiconductors,Plant-Guadalajara-MX,2023-06-29,2023-10-05,2023-10-05,0,2019,2019,150.762,155.663,EXW,Truck,False
PO0000517,V0006,Semiconductors,Plant-Penang-MY,2023-07-13,2023-10-28,2023-10-28,0,71268,71268,39.217,35.928,CIF,Air,False
PO0000518,V0006,Semiconductors,Plant-Brno-CZ,2023-07-14,2023-10-15,2023-10-16,1,18419,18419,166.344,158.59,DDP,Ocean,False
PO0000519,V0006,Semiconductors,Plant-Penang-MY,2023-07-21,2023-10-13,2023-10-13,0,8475,8475,73.74,76.105,DDP,Ocean,False
PO0000520,V0006,Semiconductors,Plant-Austin-US,2023-09-04,2023-12-20,2023-12-20,0,3411,3411,63.865,68.789,DDP,Truck,False
PO0000521,V0006,Semiconductors,Plant-Brno-CZ,2023-09-24,2023-12-31,2023-12-31,0,1006,1006,146.107,158.142,CIF,Air,False
PO0000522,V0006,Semiconductors,Plant-Penang-MY,2023-09-28,2024-01-02,2024-01-03,1,3658,3658,115.768,122.314,FOB,Ocean,False
PO0000523,V0006,Semiconductors,Plant-Penang-MY,2023-10-29,2024-01-31,2024-02-02,2,4976,4976,157.242,159.718,DDP,Truck,False
PO0000524,V0006,Semiconductors,Plant-Brno-CZ,2023-12-04,2024-03-11,2024-04-05,25,896,896,89.525,94.593,EXW,Truck,False
PO0000525,V0006,Semiconductors,Plant-Austin-US,2024-01-16,2024-05-09,2024-05-09,0,1070,1070,61.827,57.649,FOB,Ocean,False
PO0000526,V0006,Semiconductors,Plant-Guadalajara-MX,2024-01-17,2024-03-29,2024-03-29,0,2845,2845,42.867,40.491,EXW,Ocean,False
PO0000527,V0006,Semiconductors,Plant-Brno-CZ,2024-01-20,2024-04-14,2024-04-14,0,3018,3018,96.267,87.923,EXW,Ocean,False
PO0000528,V0006,Semiconductors,Plant-Brno-CZ,2024-01-26,2024-05-03,2024-05-10,7,5044,4626,117.804,111.05,FOB,Truck,False
PO0000529,V0006,Semiconductors,Plant-Guadalajara-MX,2024-02-02,2024-04-24,2024-04-24,0,20342,20342,172.298,148.558,EXW,Truck,False
PO0000530,V0006,Semiconductors,Plant-Penang-MY,2024-02-08,2024-05-19,2024-05-19,0,35279,26360,142.851,156.338,FOB,Ocean,False
PO0000531,V0006,Semiconductors,Plant-Brno-CZ,2024-04-10,2024-08-02,2024-08-02,0,5592,5592,170.204,148.947,EXW,Truck,False
PO0000532,V0006,Semiconductors,Plant-Austin-US,2024-05-03,2024-08-12,2024-09-01,20,982,982,69.583,67.924,CIF,Ocean,False
PO0000533,V0006,Semiconductors,Plant-Brno-CZ,2024-05-22,2024-09-03,2024-09-15,12,6837,6837,90.31,95.753,EXW,Ocean,False
PO0000534,V0006,Semiconductors,Plant-Penang-MY,2024-05-23,2024-08-25,2024-08-25,0,1310,1310,85.4,78.155,CIF,Air,False
PO0000535,V0006,Semiconductors,Plant-Brno-CZ,2024-06-25,2024-09-09,2024-09-09,0,5570,5570,68.76,67.335,FOB,Ocean,False
PO0000536,V0006,Semiconductors,Plant-Austin-US,2024-07-14,2024-10-16,2024-10-17,1,4428,4428,173.965,166.803,CIF,Ocean,False
PO0000537,V0006,Semiconductors,Plant-Brno-CZ,2024-10-21,2025-01-25,2025-01-27,2,10948,10948,10.732,11.413,DDP,Air,False
PO0000538,V0006,Semiconductors,Plant-Guadalajara-MX,2024-10-28,2025-02-05,2025-02-05,0,10450,10450,64.3,60.538,EXW,Truck,False
PO0000539,V0006,Semiconductors,Plant-Penang-MY,2024-11-08,2025-02-14,2025-02-14,0,6335,6335,171.995,142.063,CIF,Ocean,False
PO0000540,V0006,Semiconductors,Plant-Penang-MY,2025-02-23,2025-05-28,2025-05-28,0,28559,28559,78.842,73.014,EXW,Truck,False
PO0000541,V0006,Semiconductors,Plant-Brno-CZ,2025-03-06,2025-05-28,2025-05-28,0,4863,4863,76.865,68.4,EXW,Ocean,False
PO0000542,V0006,Semiconductors,Plant-Austin-US,2025-03-12,2025-06-17,2025-07-12,25,29015,29015,18.293,18.881,EXW,Ocean,False
PO0000543,V0006,Semiconductors,Plant-Austin-US,2025-04-06,2025-06-23,2025-06-23,0,12114,12114,173.011,178.527,DDP,Truck,False
PO0000544,V0006,Semiconductors,Plant-Penang-MY,2025-04-17,2025-07-15,2025-07-16,1,567,567,2.661,2.726,FOB,Truck,False
PO0000545,V0006,Semiconductors,Plant-Brno-CZ,2025-04-30,2025-07-17,2025-07-17,0,16030,16030,35.782,36.807,EXW,Truck,False
PO0000546,V0006,Semiconductors,Plant-Guadalajara-MX,2025-05-17,2025-08-07,2025-08-09,2,8633,8633,33.782,36.818,FOB,Truck,False
PO0000547,V0006,Semiconductors,Plant-Brno-CZ,2025-05-19,2025-09-02,2025-09-02,0,6027,6027,49.186,41.794,CIF,Truck,False
PO0000548,V0006,Semiconductors,Plant-Brno-CZ,2025-07-26,2025-11-18,2025-11-19,1,5258,5258,35.599,35.216,CIF,Air,False
PO0000549,V0006,Semiconductors,Plant-Austin-US,2025-09-09,2025-12-06,2025-12-06,0,865,865,176.324,159.059,FOB,Air,True
PO0000550,V0006,Semiconductors,Plant-Austin-US,2025-09-18,2025-12-13,2025-12-13,0,1374,1374,104.648,93.73,DDP,Ocean,False
PO0000551,V0006,Semiconductors,Plant-Brno-CZ,2025-10-17,2025-12-27,2026-02-22,57,1188,1188,65.777,67.128,CIF,Ocean,False
PO0000552,V0006,Semiconductors,Plant-Guadalajara-MX,2025-10-31,2026-01-29,2026-02-17,19,19777,19777,107.87,94.84,DDP,Truck,False
PO0000553,V0006,Semiconductors,Plant-Brno-CZ,2025-11-18,2026-02-09,2026-02-12,3,3719,3719,122.641,97.678,FOB,Air,False
PO0000554,V0006,Semiconductors,Plant-Guadalajara-MX,2025-12-18,2026-04-02,2026-04-02,0,2172,2172,71.062,70.282,EXW,Ocean,False
PO0000555,V0006,Semiconductors,Plant-Brno-CZ,2026-01-08,2026-04-12,2026-04-12,0,3036,3036,151.522,132.823,EXW,Air,False
PO0000556,V0006,Semiconductors,Plant-Brno-CZ,2026-03-16,2026-06-27,2026-06-27,0,1927,1927,55.245,59.622,EXW,Truck,False
PO0000557,V0006,Semiconductors,Plant-Penang-MY,2026-03-31,2026-07-08,2026-07-08,0,18858,18858,120.83,123.688,EXW,Truck,False
PO0000558,V0006,Semiconductors,Plant-Brno-CZ,2026-05-15,2026-08-19,2026-08-19,0,3822,3822,73.775,66.491,CIF,Air,True
PO0000559,V0006,Semiconductors,Plant-Penang-MY,2026-05-24,2026-08-19,2026-08-20,1,6901,6901,84.684,82.911,EXW,Air,False
PO0000560,V0007,Enclosures / Metal,Plant-Penang-MY,2022-02-12,2022-03-26,2022-03-26,0,4550,4550,11.864,10.938,EXW,Air,False
PO0000561,V0007,Enclosures / Metal,Plant-Brno-CZ,2022-04-11,2022-05-19,2022-05-19,0,2405,2405,35.63,33.391,EXW,Ocean,False
PO0000562,V0007,Enclosures / Metal,Plant-Penang-MY,2022-05-07,2022-06-14,2022-06-14,0,11672,11672,42.678,40.203,EXW,Ocean,False
PO0000563,V0007,Enclosures / Metal,Plant-Austin-US,2022-05-31,2022-07-12,2022-07-12,0,1275,1275,35.719,32.401,DDP,Ocean,False
PO0000564,V0007,Enclosures / Metal,Plant-Penang-MY,2022-07-02,2022-08-13,2022-08-20,7,7470,7470,4.558,4.963,CIF,Ocean,False
PO0000565,V0007,Enclosures / Metal,Plant-Austin-US,2022-07-30,2022-09-13,2022-09-14,1,14494,14494,4.466,4.171,EXW,Ocean,False
PO0000566,V0007,Enclosures / Metal,Plant-Penang-MY,2022-10-08,2022-11-13,2022-11-13,0,1013,1013,37.095,36.706,DDP,Ocean,False
PO0000567,V0007,Enclosures / Metal,Plant-Brno-CZ,2022-10-23,2022-11-26,2022-11-26,0,4750,4750,35.786,33.604,CIF,Air,False
PO0000568,V0007,Enclosures / Metal,Plant-Penang-MY,2022-11-10,2022-12-19,2022-12-19,0,1008,1008,34.803,35.457,EXW,Air,False
PO0000569,V0007,Enclosures / Metal,Plant-Austin-US,2023-02-04,2023-03-16,2023-03-18,2,7307,7307,44.803,41.755,CIF,Air,False
PO0000570,V0007,Enclosures / Metal,Plant-Austin-US,2023-03-25,2023-04-30,2023-04-30,0,6575,6575,31.511,29.663,CIF,Air,False
PO0000571,V0007,Enclosures / Metal,Plant-Austin-US,2023-04-07,2023-05-13,2023-05-13,0,8673,8673,36.575,36.499,FOB,Ocean,False
PO0000572,V0007,Enclosures / Metal,Plant-Penang-MY,2023-06-19,2023-07-31,2023-07-31,0,1525,1525,13.833,14.044,DDP,Ocean,False
PO0000573,V0007,Enclosures / Metal,Plant-Guadalajara-MX,2023-06-21,2023-07-29,2023-07-29,0,2590,2590,12.187,12.117,FOB,Truck,False
PO0000574,V0007,Enclosures / Metal,Plant-Guadalajara-MX,2023-06-24,2023-07-27,2023-07-27,0,4478,4478,43.845,48.611,DDP,Ocean,False
PO0000575,V0007,Enclosures / Metal,Plant-Brno-CZ,2023-08-24,2023-09-26,2023-09-26,0,4810,3998,18.541,19.076,CIF,Ocean,False
PO0000576,V0007,Enclosures / Metal,Plant-Penang-MY,2023-10-18,2023-11-23,2023-12-21,28,959,959,21.396,20.503,EXW,Ocean,False
PO0000577,V0007,Enclosures / Metal,Plant-Austin-US,2023-11-25,2024-01-05,2024-01-05,0,2687,2687,6.765,6.476,CIF,Truck,False
PO0000578,V0007,Enclosures / Metal,Plant-Austin-US,2023-12-15,2024-01-31,2024-01-31,0,5173,4034,39.256,28.983,CIF,Ocean,False
PO0000579,V0007,Enclosures / Metal,Plant-Guadalajara-MX,2024-01-07,2024-02-18,2024-02-18,0,1317,1317,32.847,36.52,FOB,Ocean,False
PO0000580,V0007,Enclosures / Metal,Plant-Brno-CZ,2024-01-09,2024-02-20,2024-02-20,0,71663,71663,14.607,15.901,CIF,Ocean,False
PO0000581,V0007,Enclosures / Metal,Plant-Austin-US,2024-01-11,2024-02-21,2024-02-21,0,1988,1988,30.578,30.512,FOB,Ocean,False
PO0000582,V0007,Enclosures / Metal,Plant-Austin-US,2024-02-12,2024-03-25,2024-03-25,0,6974,6974,41.435,44.199,EXW,Ocean,False
PO0000583,V0007,Enclosures / Metal,Plant-Brno-CZ,2024-02-18,2024-03-24,2024-04-02,9,13043,13043,31.648,28.43,DDP,Air,False
PO0000584,V0007,Enclosures / Metal,Plant-Brno-CZ,2024-02-24,2024-04-04,2024-04-15,11,2553,2553,37.879,28.562,EXW,Air,False
PO0000585,V0007,Enclosures / Metal,Plant-Austin-US,2024-04-02,2024-05-13,2024-06-04,22,2916,2916,40.077,47.085,EXW,Air,False
PO0000586,V0007,Enclosures / Metal,Plant-Brno-CZ,2024-05-09,2024-06-17,2024-07-05,18,5953,5953,3.104,2.91,EXW,Air,False
PO0000587,V0007,Enclosures / Metal,Plant-Austin-US,2024-05-31,2024-07-08,2024-07-08,0,19045,19045,4.089,4.111,EXW,Ocean,False
PO0000588,V0007,Enclosures / Metal,Plant-Guadalajara-MX,2024-06-02,2024-07-12,2024-07-13,1,12163,12163,38.912,37.641,CIF,Truck,False
PO0000589,V0007,Enclosures / Metal,Plant-Brno-CZ,2024-07-12,2024-08-18,2024-08-18,0,2020,2020,4.437,4.78,DDP,Truck,False
PO0000590,V0007,Enclosures / Metal,Plant-Penang-MY,2024-10-16,2024-11-15,2024-11-23,8,2004,2004,13.029,13.669,FOB,Ocean,False
PO0000591,V0007,Enclosures / Metal,Plant-Austin-US,2024-12-05,2025-01-14,2025-01-15,1,14868,14868,41.951,42.316,CIF,Air,False
PO0000592,V0007,Enclosures / Metal,Plant-Brno-CZ,2024-12-09,2025-01-24,2025-01-26,2,6750,6750,35.747,36.784,EXW,Air,False
PO0000593,V0007,Enclosures / Metal,Plant-Austin-US,2024-12-21,2025-01-24,2025-01-24,0,1507,1507,17.68,17.883,EXW,Ocean,False
PO0000594,V0007,Enclosures / Metal,Plant-Guadalajara-MX,2024-12-23,2025-01-29,2025-01-30,1,3186,3186,41.29,33.985,DDP,Ocean,False
PO0000595,V0007,Enclosures / Metal,Plant-Penang-MY,2025-03-16,2025-04-24,2025-05-05,11,66531,66531,18.088,18.119,EXW,Truck,False
PO0000596,V0007,Enclosures / Metal,Plant-Austin-US,2025-06-04,2025-07-24,2025-08-16,23,2010,2010,42.548,43.743,EXW,Ocean,False
PO0000597,V0007,Enclosures / Metal,Plant-Guadalajara-MX,2025-07-21,2025-08-28,2025-08-28,0,2328,2328,16.316,18.203,FOB,Ocean,False
PO0000598,V0007,Enclosures / Metal,Plant-Brno-CZ,2025-07-26,2025-09-02,2025-09-20,18,787,787,18.996,17.068,EXW,Air,False
PO0000599,V0007,Enclosures / Metal,Plant-Brno-CZ,2025-09-06,2025-10-16,2025-10-16,0,1423,1071,15.866,14.167,EXW,Ocean,False
PO0000600,V0007,Enclosures / Metal,Plant-Penang-MY,2025-09-29,2025-11-14,2025-11-17,3,8437,8437,37.192,37.939,EXW,Truck,False
PO0000601,V0007,Enclosures / Metal,Plant-Guadalajara-MX,2025-10-31,2025-12-09,2025-12-22,13,9273,9273,39.733,39.51,CIF,Air,False
PO0000602,V0007,Enclosures / Metal,Plant-Brno-CZ,2026-01-14,2026-02-23,2026-02-23,0,868,868,16.285,17.677,CIF,Ocean,False
PO0000603,V0007,Enclosures / Metal,Plant-Penang-MY,2026-04-21,2026-06-06,2026-06-07,1,518,518,36.227,35.738,DDP,Truck,False
PO0000604,V0007,Enclosures / Metal,Plant-Brno-CZ,2026-05-08,2026-06-11,2026-06-11,0,5237,5237,19.486,20.151,CIF,Air,False
PO0000605,V0008,Displays,Plant-Austin-US,2022-02-07,2022-04-18,2022-04-27,9,12988,12988,155.583,165.717,DDP,Truck,False
PO0000606,V0008,Displays,Plant-Penang-MY,2022-03-25,2022-05-27,2022-06-28,32,2820,2820,77.077,82.24,FOB,Truck,False
PO0000607,V0008,Displays,Plant-Austin-US,2022-04-05,2022-06-04,2022-06-04,0,33319,33319,109.513,89.292,FOB,Truck,False
PO0000608,V0008,Displays,Plant-Guadalajara-MX,2022-04-10,2022-06-01,2022-06-19,18,2079,2079,22.347,24.826,CIF,Air,False
PO0000609,V0008,Displays,Plant-Penang-MY,2022-06-03,2022-07-30,2022-07-31,1,1910,1910,173.94,160.488,DDP,Ocean,False
PO0000610,V0008,Displays,Plant-Guadalajara-MX,2022-08-25,2022-10-26,2022-10-26,0,8483,8483,111.489,148.87,DDP,Ocean,False
PO0000611,V0008,Displays,Plant-Brno-CZ,2022-09-04,2022-11-07,2022-11-07,0,616,552,91.457,105.914,FOB,Ocean,False
PO0000612,V0008,Displays,Plant-Guadalajara-MX,2022-10-10,2022-12-12,2022-12-12,0,7478,7478,10.573,15.268,DDP,Ocean,False
PO0000613,V0008,Displays,Plant-Austin-US,2022-10-25,2022-12-22,2023-01-15,24,2386,2386,92.456,105.735,DDP,Ocean,False
PO0000614,V0008,Displays,Plant-Austin-US,2022-11-12,2023-01-08,2023-01-08,0,18671,15169,47.602,61.846,DDP,Ocean,False
PO0000615,V0008,Displays,Plant-Austin-US,2022-12-29,2023-03-05,2023-03-05,0,3318,3318,160.709,146.047,CIF,Truck,False
PO0000616,V0008,Displays,Plant-Austin-US,2023-02-23,2023-04-27,2023-04-30,3,11278,11278,198.34,209.647,FOB,Ocean,False
PO0000617,V0008,Displays,Plant-Penang-MY,2023-04-18,2023-06-15,2023-06-15,0,1428,1428,120.25,144.299,FOB,Truck,False
PO0000618,V0008,Displays,Plant-Austin-US,2023-06-29,2023-09-06,2023-09-06,0,8274,8274,61.121,49.978,FOB,Ocean,False
PO0000619,V0008,Displays,Plant-Austin-US,2023-07-17,2023-09-20,2023-09-21,1,1805,1805,195.186,238.195,EXW,Ocean,False
PO0000620,V0008,Displays,Plant-Guadalajara-MX,2023-10-23,2023-12-15,2023-12-22,7,1327,1327,76.288,60.433,CIF,Ocean,False
PO0000621,V0008,Displays,Plant-Penang-MY,2023-11-09,2024-01-12,2024-01-28,16,11491,10825,68.515,73.352,DDP,Ocean,False
PO0000622,V0008,Displays,Plant-Brno-CZ,2023-12-26,2024-02-24,2024-03-05,10,38088,38088,15.42,15.069,DDP,Ocean,False
PO0000623,V0008,Displays,Plant-Guadalajara-MX,2024-01-05,2024-03-05,2024-03-11,6,76024,76024,74.02,29.89,EXW,Ocean,False
PO0000624,V0008,Displays,Plant-Guadalajara-MX,2024-01-26,2024-03-20,2024-03-23,3,4938,4938,12.623,14.568,DDP,Truck,False
PO0000625,V0008,Displays,Plant-Guadalajara-MX,2024-03-05,2024-05-15,2024-05-15,0,19134,19134,183.563,226.504,CIF,Ocean,False
PO0000626,V0008,Displays,Plant-Austin-US,2024-03-06,2024-05-06,2024-05-30,24,9025,9025,138.106,138.744,EXW,Ocean,False
PO0000627,V0008,Displays,Plant-Brno-CZ,2024-03-11,2024-05-05,2024-05-05,0,36847,36847,46.825,28.427,DDP,Air,False
PO0000628,V0008,Displays,Plant-Guadalajara-MX,2024-03-17,2024-05-18,2024-06-13,26,9949,7920,153.67,89.777,DDP,Ocean,False
PO0000629,V0008,Displays,Plant-Guadalajara-MX,2024-04-12,2024-06-10,2024-06-13,3,875,875,13.608,13.905,EXW,Air,False
PO0000630,V0008,Displays,Plant-Austin-US,2024-06-09,2024-08-08,2024-08-08,0,8779,8779,170.361,150.738,FOB,Ocean,False
PO0000631,V0008,Displays,Plant-Austin-US,2024-06-15,2024-07-30,2024-07-31,1,2063,2063,161.586,122.652,CIF,Air,False
PO0000632,V0008,Displays,Plant-Austin-US,2024-09-01,2024-10-30,2024-10-30,0,340,340,9.376,9.6,FOB,Truck,False
PO0000633,V0008,Displays,Plant-Austin-US,2024-09-29,2024-12-05,2024-12-05,0,14833,14833,117.085,122.951,DDP,Truck,False
PO0000634,V0008,Displays,Plant-Austin-US,2024-10-23,2024-12-18,2024-12-26,8,2946,2946,146.636,216.093,CIF,Ocean,False
PO0000635,V0008,Displays,Plant-Brno-CZ,2024-10-26,2024-12-30,2024-12-30,0,4408,4408,166.172,204.612,DDP,Air,True
PO0000636,V0008,Displays,Plant-Guadalajara-MX,2025-01-15,2025-03-24,2025-03-24,0,25981,25981,29.61,28.532,FOB,Air,False
PO0000637,V0008,Displays,Plant-Penang-MY,2025-02-24,2025-04-21,2025-05-04,13,14410,14410,53.307,41.037,CIF,Truck,False
PO0000638,V0008,Displays,Plant-Penang-MY,2025-06-06,2025-07-31,2025-08-05,5,2833,2833,128.957,121.729,EXW,Air,False
PO0000639,V0008,Displays,Plant-Penang-MY,2025-10-26,2025-12-26,2025-12-26,0,87887,87887,176.461,116.665,CIF,Truck,False
PO0000640,V0008,Displays,Plant-Guadalajara-MX,2025-11-26,2026-01-22,2026-01-31,9,2356,2356,31.578,32.164,DDP,Ocean,False
PO0000641,V0008,Displays,Plant-Penang-MY,2026-01-07,2026-03-06,2026-03-07,1,22575,17642,35.46,38.858,FOB,Truck,False
PO0000642,V0008,Displays,Plant-Guadalajara-MX,2026-02-02,2026-04-06,2026-04-06,0,4479,4479,177.845,148.015,DDP,Truck,False
PO0000643,V0008,Displays,Plant-Brno-CZ,2026-03-18,2026-05-12,2026-06-02,21,19788,19788,163.968,136.468,FOB,Ocean,False
PO0000644,V0008,Displays,Plant-Brno-CZ,2026-03-22,2026-05-13,2026-05-26,13,516,516,100.282,123.722,EXW,Ocean,False
PO0000645,V0008,Displays,Plant-Brno-CZ,2026-03-30,2026-05-27,2026-06-04,8,38770,38770,193.759,147.392,CIF,Ocean,False
PO0000646,V0008,Displays,Plant-Brno-CZ,2026-04-07,2026-05-22,2026-05-26,4,37547,37547,28.368,31.241,CIF,Truck,False
PO0000647,V0009,Batteries,Plant-Brno-CZ,2022-01-21,2022-03-15,2022-03-21,6,13240,13240,18.308,13.985,CIF,Air,False
PO0000648,V0009,Batteries,Plant-Penang-MY,2022-01-22,2022-03-06,2022-03-06,0,14611,14611,41.013,44.372,CIF,Ocean,False
PO0000649,V0009,Batteries,Plant-Austin-US,2022-02-06,2022-03-29,2022-03-29,0,20125,20125,8.208,6.756,DDP,Ocean,False
PO0000650,V0009,Batteries,Plant-Guadalajara-MX,2022-02-18,2022-04-06,2022-04-08,2,5021,5021,36.687,26.304,DDP,Air,False
PO0000651,V0009,Batteries,Plant-Penang-MY,2022-02-22,2022-04-20,2022-04-22,2,7866,7866,32.801,36.75,CIF,Ocean,False
PO0000652,V0009,Batteries,Plant-Austin-US,2022-03-14,2022-05-10,2022-05-10,0,3951,3951,19.276,18.618,DDP,Ocean,False
PO0000653,V0009,Batteries,Plant-Austin-US,2022-05-08,2022-06-20,2022-06-20,0,3982,3982,5.163,5.294,CIF,Ocean,False
PO0000654,V0009,Batteries,Plant-Penang-MY,2022-05-20,2022-07-11,2022-07-19,8,9081,8223,44.44,53.156,DDP,Truck,False
PO0000655,V0009,Batteries,Plant-Austin-US,2022-05-25,2022-07-18,2022-07-18,0,3964,3964,38.44,37.736,FOB,Air,False
PO0000656,V0009,Batteries,Plant-Guadalajara-MX,2022-06-14,2022-08-02,2022-08-02,0,9711,9711,44.567,41.45,DDP,Air,True
PO0000657,V0009,Batteries,Plant-Penang-MY,2022-06-17,2022-08-04,2022-08-04,0,7555,6650,58.417,57.093,EXW,Ocean,False
PO0000658,V0009,Batteries,Plant-Guadalajara-MX,2022-06-26,2022-08-14,2022-08-14,0,6404,6404,37.649,36.43,CIF,Ocean,False
PO0000659,V0009,Batteries,Plant-Brno-CZ,2022-07-09,2022-09-01,2022-09-02,1,9238,9238,16.507,18.346,CIF,Truck,False
PO0000660,V0009,Batteries,Plant-Guadalajara-MX,2022-07-16,2022-09-02,2022-09-04,2,10401,10401,12.43,13.86,DDP,Air,False
PO0000661,V0009,Batteries,Plant-Penang-MY,2022-07-19,2022-08-30,2022-09-15,16,19179,19179,57.386,61.578,EXW,Ocean,False
PO0000662,V0009,Batteries,Plant-Brno-CZ,2022-09-13,2022-10-30,2022-10-31,1,1391,1391,58.126,51.306,EXW,Ocean,False
PO0000663,V0009,Batteries,Plant-Penang-MY,2022-09-20,2022-11-08,2022-11-08,0,3719,3719,33.555,30.449,EXW,Truck,False
PO0000664,V0009,Batteries,Plant-Brno-CZ,2022-10-23,2022-12-19,2022-12-20,1,9708,9708,28.612,32.026,DDP,Ocean,False
PO0000665,V0009,Batteries,Plant-Brno-CZ,2022-11-07,2022-12-15,2022-12-18,3,1645,1645,58.224,60.037,EXW,Air,False
PO0000666,V0009,Batteries,Plant-Penang-MY,2022-11-12,2022-12-28,2022-12-28,0,1647,1647,29.727,33.271,EXW,Ocean,False
PO0000667,V0009,Batteries,Plant-Austin-US,2022-11-21,2023-01-14,2023-01-20,6,6170,6170,22.316,16.865,CIF,Air,False
PO0000668,V0009,Batteries,Plant-Austin-US,2022-12-27,2023-02-14,2023-03-08,22,6971,6971,15.27,20.066,EXW,Truck,False
PO0000669,V0009,Batteries,Plant-Brno-CZ,2023-01-22,2023-03-10,2023-03-10,0,13181,13181,10.813,10.995,EXW,Air,False
PO0000670,V0009,Batteries,Plant-Guadalajara-MX,2023-02-02,2023-03-24,2023-03-24,0,12095,12095,7.412,7.365,EXW,Air,True
PO0000671,V0009,Batteries,Plant-Brno-CZ,2023-02-08,2023-04-02,2023-04-02,0,6719,6719,57.595,66.701,CIF,Ocean,False
PO0000672,V0009,Batteries,Plant-Penang-MY,2023-02-23,2023-04-17,2023-04-17,0,62163,62163,35.504,39.748,EXW,Ocean,False
PO0000673,V0009,Batteries,Plant-Brno-CZ,2023-02-26,2023-04-13,2023-04-13,0,7476,7476,39.641,40.597,DDP,Air,True
PO0000674,V0009,Batteries,Plant-Penang-MY,2023-03-19,2023-05-08,2023-05-26,18,6253,6253,8.109,6.478,CIF,Air,False
PO0000675,V0009,Batteries,Plant-Brno-CZ,2023-03-24,2023-05-13,2023-05-13,0,1824,1824,5.041,5.5,CIF,Truck,False
PO0000676,V0009,Batteries,Plant-Austin-US,2023-04-22,2023-06-12,2023-06-12,0,2321,2321,44.412,43.251,FOB,Ocean,False
PO0000677,V0009,Batteries,Plant-Austin-US,2023-06-24,2023-08-14,2023-08-27,13,1358,1358,40.105,49.332,FOB,Ocean,False
PO0000678,V0009,Batteries,Plant-Guadalajara-MX,2023-08-18,2023-10-02,2023-10-02,0,611,611,33.061,34.404,CIF,Ocean,False
PO0000679,V0009,Batteries,Plant-Guadalajara-MX,2023-08-25,2023-10-16,2023-10-16,0,1280,1280,26.375,27.118,FOB,Air,False
PO0000680,V0009,Batteries,Plant-Brno-CZ,2023-10-15,2023-11-29,2023-11-30,1,5433,5433,48.682,52.172,EXW,Ocean,False
PO0000681,V0009,Batteries,Plant-Brno-CZ,2023-10-27,2023-12-21,2024-01-10,20,16311,16311,44.777,46.873,DDP,Ocean,False
PO0000682,V0009,Batteries,Plant-Austin-US,2023-11-15,2023-12-31,2023-12-31,0,121,121,37.839,40.573,DDP,Ocean,False
PO0000683,V0009,Batteries,Plant-Austin-US,2023-11-18,2024-01-03,2024-02-03,31,1339,1339,39.14,46.456,EXW,Truck,False
PO0000684,V0009,Batteries,Plant-Penang-MY,2023-12-02,2024-01-25,2024-02-11,17,2618,2618,16.588,18.861,FOB,Truck,False
PO0000685,V0009,Batteries,Plant-Brno-CZ,2023-12-05,2024-01-14,2024-01-22,8,5224,5224,20.4,21.026,CIF,Ocean,False
PO0000686,V0009,Batteries,Plant-Austin-US,2023-12-23,2024-02-07,2024-02-07,0,2578,2578,23.092,20.921,CIF,Air,False
PO0000687,V0009,Batteries,Plant-Guadalajara-MX,2023-12-30,2024-02-16,2024-02-16,0,1622,1622,35.296,35.778,EXW,Ocean,False
PO0000688,V0009,Batteries,Plant-Penang-MY,2024-01-18,2024-03-04,2024-03-06,2,5251,5251,29.682,24.714,DDP,Ocean,False
PO0000689,V0009,Batteries,Plant-Penang-MY,2024-02-26,2024-04-20,2024-05-11,21,2110,2110,24.765,25.678,DDP,Ocean,False
PO0000690,V0009,Batteries,Plant-Guadalajara-MX,2024-03-21,2024-05-01,2024-05-02,1,12896,12896,58.384,59.129,CIF,Ocean,False
PO0000691,V0009,Batteries,Plant-Austin-US,2024-04-24,2024-06-14,2024-06-19,5,6019,6019,44.536,37.852,FOB,Ocean,False
PO0000692,V0009,Batteries,Plant-Brno-CZ,2024-05-12,2024-07-05,2024-07-30,25,25888,25888,7.5,6.852,DDP,Ocean,False
PO0000693,V0009,Batteries,Plant-Brno-CZ,2024-05-22,2024-06-30,2024-06-30,0,96991,89082,49.733,50.952,FOB,Ocean,False
PO0000694,V0009,Batteries,Plant-Guadalajara-MX,2024-06-02,2024-07-13,2024-07-15,2,27607,26818,49.163,51.135,FOB,Ocean,False
PO0000695,V0009,Batteries,Plant-Brno-CZ,2024-06-08,2024-08-01,2024-08-02,1,2299,2299,13.102,15.313,EXW,Truck,False
PO0000696,V0009,Batteries,Plant-Austin-US,2024-06-13,2024-08-04,2024-08-04,0,3541,3541,32.822,22.069,FOB,Air,False
PO0000697,V0009,Batteries,Plant-Guadalajara-MX,2024-08-06,2024-09-21,2024-09-21,0,2590,2590,24.64,25.665,DDP,Ocean,False
PO0000698,V0009,Batteries,Plant-Austin-US,2024-08-07,2024-09-18,2024-09-19,1,83639,83639,43.966,44.157,FOB,Ocean,False
PO0000699,V0009,Batteries,Plant-Austin-US,2024-08-22,2024-09-29,2024-10-31,32,5944,5944,52.878,59.189,CIF,Ocean,False
PO0000700,V0009,Batteries,Plant-Austin-US,2024-09-03,2024-10-25,2024-10-26,1,31899,23131,50.277,37.042,CIF,Truck,False
PO0000701,V0009,Batteries,Plant-Guadalajara-MX,2024-09-30,2024-11-22,2024-11-22,0,5112,5112,44.343,52.514,DDP,Ocean,False
PO0000702,V0009,Batteries,Plant-Penang-MY,2024-10-05,2024-12-07,2024-12-16,9,3214,3214,48.841,49.341,CIF,Truck,False
PO0000703,V0009,Batteries,Plant-Guadalajara-MX,2024-11-02,2024-12-12,2024-12-25,13,11332,11332,54.593,64.232,DDP,Truck,False
PO0000704,V0009,Batteries,Plant-Penang-MY,2024-11-05,2024-12-30,2025-01-20,21,52163,52163,42.748,39.215,DDP,Air,False
PO0000705,V0009,Batteries,Plant-Austin-US,2024-11-19,2025-01-03,2025-01-15,12,1549,1549,25.411,26.736,EXW,Ocean,False
PO0000706,V0009,Batteries,Plant-Austin-US,2025-02-19,2025-04-04,2025-04-10,6,838,838,13.897,14.66,DDP,Air,False
PO0000707,V0009,Batteries,Plant-Austin-US,2025-03-23,2025-05-05,2025-05-05,0,1243,1243,23.473,26.768,EXW,Truck,False
PO0000708,V0009,Batteries,Plant-Brno-CZ,2025-03-28,2025-05-19,2025-05-19,0,15303,15303,31.557,35.598,EXW,Ocean,False
PO0000709,V0009,Batteries,Plant-Penang-MY,2025-04-12,2025-06-07,2025-06-14,7,2112,2112,52.326,58.385,DDP,Ocean,False
PO0000710,V0009,Batteries,Plant-Guadalajara-MX,2025-05-04,2025-06-24,2025-06-24,0,4684,4684,12.181,12.484,EXW,Truck,False
PO0000711,V0009,Batteries,Plant-Brno-CZ,2025-05-26,2025-07-19,2025-08-09,21,1483,1483,16.898,16.828,DDP,Air,False
PO0000712,V0009,Batteries,Plant-Brno-CZ,2025-06-04,2025-07-18,2025-07-18,0,283,283,38.813,43.053,FOB,Truck,False
PO0000713,V0009,Batteries,Plant-Penang-MY,2025-06-13,2025-07-31,2025-07-31,0,7734,7734,37.191,36.046,CIF,Ocean,False
PO0000714,V0009,Batteries,Plant-Austin-US,2025-06-29,2025-08-03,2025-08-11,8,5277,5277,54.1,60.355,EXW,Air,False
PO0000715,V0009,Batteries,Plant-Brno-CZ,2025-07-14,2025-08-30,2025-08-30,0,5155,5155,27.121,22.286,CIF,Ocean,False
PO0000716,V0009,Batteries,Plant-Penang-MY,2025-07-23,2025-09-05,2025-09-05,0,10916,10916,6.7,6.743,EXW,Ocean,False
PO0000717,V0009,Batteries,Plant-Austin-US,2025-08-11,2025-09-24,2025-09-24,0,2289,2289,37.739,38.762,FOB,Ocean,False
PO0000718,V0009,Batteries,Plant-Brno-CZ,2025-09-08,2025-10-26,2025-11-07,12,2154,2154,25.142,29.449,EXW,Ocean,False
PO0000719,V0009,Batteries,Plant-Austin-US,2025-10-15,2025-12-08,2025-12-18,10,14583,14583,11.475,11.852,CIF,Ocean,False
PO0000720,V0009,Batteries,Plant-Guadalajara-MX,2025-10-27,2025-12-13,2025-12-14,1,20350,20350,55.99,56.761,DDP,Ocean,False
PO0000721,V0009,Batteries,Plant-Brno-CZ,2025-11-01,2025-12-05,2026-01-20,46,7729,6729,41.859,40.536,FOB,Ocean,False
PO0000722,V0009,Batteries,Plant-Austin-US,2025-11-06,2026-01-05,2026-01-05,0,2072,2072,41.176,40.096,EXW,Truck,False
PO0000723,V0009,Batteries,Plant-Austin-US,2025-11-12,2026-01-05,2026-01-05,0,57630,57630,50.794,61.147,EXW,Ocean,False
PO0000724,V0009,Batteries,Plant-Austin-US,2026-01-17,2026-03-09,2026-03-09,0,71466,71466,29.686,30.171,EXW,Ocean,False
PO0000725,V0009,Batteries,Plant-Brno-CZ,2026-01-25,2026-03-17,2026-03-17,0,4815,4815,48.178,49.277,FOB,Truck,False
PO0000726,V0009,Batteries,Plant-Guadalajara-MX,2026-02-14,2026-04-11,2026-04-11,0,1646,1646,44.834,43.73,CIF,Ocean,False
PO0000727,V0009,Batteries,Plant-Guadalajara-MX,2026-03-11,2026-04-29,2026-04-29,0,8622,8622,39.534,35.502,CIF,Ocean,False
PO0000728,V0009,Batteries,Plant-Penang-MY,2026-03-16,2026-05-10,2026-05-13,3,11037,11037,54.232,64.1,EXW,Ocean,False
PO0000729,V0009,Batteries,Plant-Guadalajara-MX,2026-04-01,2026-05-24,2026-06-09,16,1614,1614,47.893,49.001,FOB,Air,False
PO0000730,V0009,Batteries,Plant-Brno-CZ,2026-04-18,2026-06-07,2026-06-07,0,1845,1845,21.298,20.605,EXW,Ocean,False
PO0000731,V0009,Batteries,Plant-Penang-MY,2026-04-19,2026-06-12,2026-06-12,0,25820,25820,48.305,40.512,DDP,Ocean,False
PO0000732,V0009,Batteries,Plant-Penang-MY,2026-06-15,2026-07-31,2026-08-06,6,4369,4369,47.266,46.806,EXW,Air,False
PO0000733,V0009,Batteries,Plant-Brno-CZ,2026-06-26,2026-08-21,2026-08-21,0,3077,3077,7.266,7.271,CIF,Ocean,False
PO0000734,V0010,Connectors,Plant-Austin-US,2022-01-14,2022-02-17,2022-02-17,0,3332,3332,4.539,4.333,CIF,Ocean,False
PO0000735,V0010,Connectors,Plant-Austin-US,2022-02-24,2022-04-03,2022-04-12,9,13710,13710,9.818,10.867,DDP,Ocean,False
PO0000736,V0010,Connectors,Plant-Brno-CZ,2022-05-02,2022-06-06,2022-06-07,1,5624,5624,1.082,1.439,EXW,Ocean,False
PO0000737,V0010,Connectors,Plant-Penang-MY,2022-05-12,2022-06-18,2022-06-18,0,5998,5998,13.109,17.289,DDP,Truck,False
PO0000738,V0010,Connectors,Plant-Guadalajara-MX,2022-06-02,2022-07-09,2022-08-15,37,4105,4105,11.85,7.62,EXW,Ocean,False
PO0000739,V0010,Connectors,Plant-Guadalajara-MX,2022-07-04,2022-08-05,2022-08-05,0,2254,2048,3.204,3.279,DDP,Ocean,False
PO0000740,V0010,Connectors,Plant-Guadalajara-MX,2022-07-11,2022-08-17,2022-08-17,0,3077,3077,10.635,10.526,DDP,Ocean,False
PO0000741,V0010,Connectors,Plant-Penang-MY,2022-10-03,2022-11-14,2022-11-14,0,9064,9064,11.147,12.915,DDP,Truck,False
PO0000742,V0010,Connectors,Plant-Guadalajara-MX,2022-10-22,2022-11-24,2022-11-24,0,531,531,9.854,10.627,EXW,Ocean,False
PO0000743,V0010,Connectors,Plant-Penang-MY,2022-10-26,2022-11-26,2022-11-26,0,4160,4160,7.468,4.142,DDP,Ocean,False
PO0000744,V0010,Connectors,Plant-Austin-US,2022-11-05,2022-12-09,2022-12-16,7,670,670,8.674,8.828,CIF,Truck,False
PO0000745,V0010,Connectors,Plant-Guadalajara-MX,2022-11-21,2022-12-25,2022-12-27,2,4785,4785,7.128,9.079,FOB,Ocean,False
PO0000746,V0010,Connectors,Plant-Guadalajara-MX,2022-11-30,2023-01-04,2023-01-04,0,2002,2002,7.666,5.709,DDP,Ocean,False
PO0000747,V0010,Connectors,Plant-Austin-US,2022-12-18,2023-01-22,2023-01-22,0,4909,4909,3.674,4.28,DDP,Ocean,False
PO0000748,V0010,Connectors,Plant-Guadalajara-MX,2023-01-06,2023-02-13,2023-03-04,19,48339,39394,14.161,12.58,EXW,Air,False
PO0000749,V0010,Connectors,Plant-Penang-MY,2023-04-06,2023-05-12,2023-05-12,0,10221,10221,14.577,19.36,CIF,Ocean,False
PO0000750,V0010,Connectors,Plant-Brno-CZ,2023-04-13,2023-05-13,2023-05-31,18,2952,2952,9.731,12.068,FOB,Ocean,False
PO0000751,V0010,Connectors,Plant-Brno-CZ,2023-04-16,2023-05-22,2023-05-22,0,1172,889,8.277,7.749,DDP,Truck,False
PO0000752,V0010,Connectors,Plant-Brno-CZ,2023-04-26,2023-06-01,2023-06-01,0,19379,19379,13.277,16.029,FOB,Ocean,False
PO0000753,V0010,Connectors,Plant-Austin-US,2023-05-29,2023-07-08,2023-07-09,1,4167,4167,10.089,10.326,FOB,Air,False
PO0000754,V0010,Connectors,Plant-Penang-MY,2023-06-21,2023-07-29,2023-07-29,0,1701,1701,0.719,0.697,CIF,Truck,False
PO0000755,V0010,Connectors,Plant-Austin-US,2023-07-04,2023-08-08,2023-08-27,19,2004,2004,12.142,10.087,DDP,Ocean,False
PO0000756,V0010,Connectors,Plant-Brno-CZ,2023-07-12,2023-08-10,2023-08-10,0,5617,5617,11.03,10.632,FOB,Ocean,False
PO0000757,V0010,Connectors,Plant-Austin-US,2023-07-18,2023-08-18,2023-08-18,0,13147,13147,1.623,1.93,EXW,Air,True
PO0000758,V0010,Connectors,Plant-Guadalajara-MX,2023-07-20,2023-08-22,2023-08-22,0,11169,11169,10.319,10.597,DDP,Ocean,False
PO0000759,V0010,Connectors,Plant-Brno-CZ,2023-07-31,2023-09-06,2023-09-06,0,12347,12347,5.253,5.357,DDP,Truck,False
PO0000760,V0010,Connectors,Plant-Guadalajara-MX,2023-08-07,2023-09-17,2023-09-17,0,1487,1253,7.823,9.735,EXW,Ocean,False
PO0000761,V0010,Connectors,Plant-Brno-CZ,2023-08-08,2023-09-10,2023-09-10,0,643,450,14.568,12.101,FOB,Ocean,False
PO0000762,V0010,Connectors,Plant-Brno-CZ,2023-09-20,2023-10-24,2023-11-09,16,6406,6406,13.525,15.437,FOB,Ocean,False
PO0000763,V0010,Connectors,Plant-Guadalajara-MX,2023-11-09,2023-12-11,2023-12-11,0,1553,1280,5.432,5.065,EXW,Ocean,False
PO0000764,V0010,Connectors,Plant-Penang-MY,2023-11-14,2023-12-09,2023-12-14,5,5042,5042,3.624,4.907,DDP,Air,False
PO0000765,V0010,Connectors,Plant-Brno-CZ,2024-01-01,2024-02-01,2024-02-19,18,3090,2662,4.342,4.758,EXW,Ocean,False
PO0000766,V0010,Connectors,Plant-Austin-US,2024-01-12,2024-02-20,2024-02-22,2,10071,8733,5.457,5.817,DDP,Ocean,False
PO0000767,V0010,Connectors,Plant-Penang-MY,2024-01-17,2024-02-13,2024-02-13,0,4993,4993,8.321,14.203,FOB,Ocean,False
PO0000768,V0010,Connectors,Plant-Austin-US,2024-03-15,2024-04-12,2024-04-16,4,6467,6467,2.716,1.662,FOB,Ocean,False
PO0000769,V0010,Connectors,Plant-Penang-MY,2024-04-27,2024-06-03,2024-06-19,16,1455,1455,5.983,4.555,FOB,Air,False
PO0000770,V0010,Connectors,Plant-Guadalajara-MX,2024-05-01,2024-05-30,2024-06-28,29,15780,15780,2.326,3.13,CIF,Truck,False
PO0000771,V0010,Connectors,Plant-Guadalajara-MX,2024-05-05,2024-06-06,2024-06-12,6,5180,5180,2.099,2.612,EXW,Truck,False
PO0000772,V0010,Connectors,Plant-Brno-CZ,2024-06-21,2024-07-22,2024-07-22,0,3226,3226,7.103,6.41,DDP,Air,False
PO0000773,V0010,Connectors,Plant-Brno-CZ,2024-07-16,2024-08-20,2024-08-27,7,2257,2257,11.19,10.798,CIF,Air,False
PO0000774,V0010,Connectors,Plant-Brno-CZ,2024-07-25,2024-08-28,2024-08-28,0,2803,2803,1.273,0.981,DDP,Ocean,False
PO0000775,V0010,Connectors,Plant-Guadalajara-MX,2024-08-04,2024-09-09,2024-10-10,31,7095,7095,10.317,12.991,DDP,Truck,False
PO0000776,V0010,Connectors,Plant-Brno-CZ,2024-08-20,2024-09-17,2024-09-29,12,2606,2606,2.968,2.386,DDP,Ocean,False
PO0000777,V0010,Connectors,Plant-Guadalajara-MX,2024-09-02,2024-10-13,2024-10-20,7,9979,9069,9.82,9.619,CIF,Ocean,False
PO0000778,V0010,Connectors,Plant-Austin-US,2024-10-20,2024-11-24,2024-11-24,0,3262,3262,2.802,3.302,FOB,Truck,False
PO0000779,V0010,Connectors,Plant-Guadalajara-MX,2024-12-26,2025-01-26,2025-01-26,0,1017,1017,5.746,5.721,EXW,Ocean,False
PO0000780,V0010,Connectors,Plant-Guadalajara-MX,2025-01-28,2025-03-01,2025-03-01,0,4146,4146,2.515,3.406,DDP,Ocean,False
PO0000781,V0010,Connectors,Plant-Penang-MY,2025-02-05,2025-03-20,2025-04-09,20,5716,5716,6.404,7.248,DDP,Truck,False
PO0000782,V0010,Connectors,Plant-Penang-MY,2025-03-03,2025-04-05,2025-04-05,0,15346,11390,2.314,2.086,DDP,Truck,False
PO0000783,V0010,Connectors,Plant-Brno-CZ,2025-03-19,2025-04-21,2025-05-01,10,20679,20679,14.875,17.564,FOB,Ocean,False
PO0000784,V0010,Connectors,Plant-Penang-MY,2025-03-24,2025-04-23,2025-04-24,1,4315,4315,14.5,12.484,DDP,Truck,False
PO0000785,V0010,Connectors,Plant-Guadalajara-MX,2025-04-04,2025-05-15,2025-06-13,29,1045,1045,11.116,13.032,EXW,Truck,False
PO0000786,V0010,Connectors,Plant-Austin-US,2025-06-06,2025-07-12,2025-07-30,18,125622,125622,12.671,12.42,CIF,Ocean,False
PO0000787,V0010,Connectors,Plant-Austin-US,2025-06-12,2025-07-20,2025-08-13,24,7610,7610,2.829,4.057,CIF,Ocean,False
PO0000788,V0010,Connectors,Plant-Austin-US,2025-06-24,2025-07-29,2025-08-22,24,2221,2221,14.608,10.276,CIF,Ocean,False
PO0000789,V0010,Connectors,Plant-Guadalajara-MX,2025-06-29,2025-08-05,2025-08-05,0,1903,1903,1.777,1.817,DDP,Ocean,False
PO0000790,V0010,Connectors,Plant-Guadalajara-MX,2025-07-07,2025-08-12,2025-09-07,26,4975,4975,8.856,9.979,DDP,Ocean,False
PO0000791,V0010,Connectors,Plant-Guadalajara-MX,2025-07-14,2025-08-22,2025-09-03,12,2371,2371,3.395,3.892,DDP,Truck,False
PO0000792,V0010,Connectors,Plant-Guadalajara-MX,2025-07-22,2025-09-02,2025-09-25,23,20659,20659,11.186,10.086,CIF,Ocean,False
PO0000793,V0010,Connectors,Plant-Penang-MY,2025-09-30,2025-11-02,2025-11-03,1,14831,14831,6.009,7.677,CIF,Air,False
PO0000794,V0010,Connectors,Plant-Penang-MY,2025-10-23,2025-11-24,2025-11-25,1,1817,1817,10.761,14.088,DDP,Truck,False
PO0000795,V0010,Connectors,Plant-Austin-US,2025-10-27,2025-12-07,2025-12-22,15,9996,9520,8.412,11.81,EXW,Ocean,False
PO0000796,V0010,Connectors,Plant-Brno-CZ,2025-11-19,2025-12-25,2025-12-25,0,15287,15287,2.335,2.262,CIF,Air,False
PO0000797,V0010,Connectors,Plant-Brno-CZ,2026-02-16,2026-03-25,2026-03-26,1,26741,26741,8.773,7.356,DDP,Ocean,False
PO0000798,V0010,Connectors,Plant-Brno-CZ,2026-02-21,2026-03-31,2026-04-01,1,2855,2855,5.461,4.623,DDP,Ocean,False
PO0000799,V0010,Connectors,Plant-Brno-CZ,2026-03-23,2026-04-24,2026-04-24,0,9843,9843,4.621,2.584,CIF,Ocean,False
PO0000800,V0010,Connectors,Plant-Austin-US,2026-05-21,2026-06-27,2026-06-27,0,119,98,5.851,5.328,CIF,Ocean,False
PO0000801,V0010,Connectors,Plant-Austin-US,2026-05-23,2026-06-28,2026-06-28,0,2332,2332,11.735,7.238,EXW,Air,False
PO0000802,V0010,Connectors,Plant-Penang-MY,2026-05-28,2026-07-02,2026-07-03,1,2812,2812,6.746,5.989,CIF,Ocean,False
PO0000803,V0010,Connectors,Plant-Brno-CZ,2026-06-04,2026-07-09,2026-07-10,1,2080,2080,6.88,4.893,FOB,Truck,False
PO0000804,V0010,Connectors,Plant-Austin-US,2026-06-09,2026-07-18,2026-07-18,0,3188,3188,11.708,11.194,EXW,Truck,False
PO0000805,V0011,Enclosures / Metal,Plant-Penang-MY,2022-03-02,2022-04-10,2022-04-10,0,2200,2200,24.923,20.335,FOB,Ocean,False
PO0000806,V0011,Enclosures / Metal,Plant-Guadalajara-MX,2022-03-09,2022-04-18,2022-04-18,0,14905,14905,15.62,14.655,DDP,Ocean,False
PO0000807,V0011,Enclosures / Metal,Plant-Guadalajara-MX,2022-03-27,2022-04-30,2022-04-30,0,5143,5143,15.481,15.749,EXW,Ocean,False
PO0000808,V0011,Enclosures / Metal,Plant-Brno-CZ,2022-04-09,2022-05-22,2022-05-22,0,29870,29870,25.272,17.714,EXW,Ocean,False
PO0000809,V0011,Enclosures / Metal,Plant-Austin-US,2022-04-12,2022-05-20,2022-05-20,0,6649,5408,36.403,34.583,DDP,Ocean,False
PO0000810,V0011,Enclosures / Metal,Plant-Guadalajara-MX,2022-04-29,2022-06-12,2022-06-12,0,1867,1867,23.1,25.203,CIF,Truck,False
PO0000811,V0011,Enclosures / Metal,Plant-Penang-MY,2022-05-07,2022-06-16,2022-06-16,0,462,462,20.912,19.389,DDP,Air,True
PO0000812,V0011,Enclosures / Metal,Plant-Guadalajara-MX,2022-06-13,2022-07-19,2022-07-24,5,1555,1555,21.715,20.217,CIF,Air,False
PO0000813,V0011,Enclosures / Metal,Plant-Austin-US,2022-06-15,2022-07-25,2022-07-26,1,5161,5161,26.38,31.761,EXW,Truck,False
PO0000814,V0011,Enclosures / Metal,Plant-Penang-MY,2022-06-30,2022-08-01,2022-08-02,1,34944,34944,11.36,11.092,CIF,Ocean,False
PO0000815,V0011,Enclosures / Metal,Plant-Penang-MY,2022-07-01,2022-08-06,2022-08-06,0,6596,6173,44.69,40.203,EXW,Truck,False
PO0000816,V0011,Enclosures / Metal,Plant-Penang-MY,2022-07-03,2022-08-09,2022-08-09,0,12904,12904,23.091,26.095,FOB,Air,False
PO0000817,V0011,Enclosures / Metal,Plant-Brno-CZ,2022-07-06,2022-08-16,2022-08-16,0,9326,9326,32.721,37.828,FOB,Ocean,False
PO0000818,V0011,Enclosures / Metal,Plant-Guadalajara-MX,2022-07-07,2022-08-21,2022-08-21,0,16094,12537,24.684,24.873,CIF,Air,True
PO0000819,V0011,Enclosures / Metal,Plant-Guadalajara-MX,2022-07-27,2022-09-06,2022-09-07,1,3833,3833,1.121,1.3,EXW,Air,False
PO0000820,V0011,Enclosures / Metal,Plant-Brno-CZ,2022-08-14,2022-09-19,2022-09-19,0,498,498,10.224,9.976,DDP,Air,False
PO0000821,V0011,Enclosures / Metal,Plant-Penang-MY,2022-09-08,2022-10-27,2022-10-27,0,5528,5528,31.86,35.793,DDP,Ocean,False
PO0000822,V0011,Enclosures / Metal,Plant-Brno-CZ,2022-09-12,2022-10-20,2022-10-20,0,21043,21043,2.676,2.443,FOB,Ocean,False
PO0000823,V0011,Enclosures / Metal,Plant-Brno-CZ,2022-10-15,2022-11-22,2022-12-08,16,6070,6070,12.426,10.179,EXW,Ocean,False
PO0000824,V0011,Enclosures / Metal,Plant-Brno-CZ,2022-10-17,2022-11-24,2022-12-04,10,7097,7097,39.817,28.503,DDP,Ocean,False
PO0000825,V0011,Enclosures / Metal,Plant-Austin-US,2022-10-20,2022-11-24,2022-11-25,1,9328,9328,4.941,4.892,FOB,Ocean,False
PO0000826,V0011,Enclosures / Metal,Plant-Penang-MY,2022-10-24,2022-12-03,2022-12-04,1,2029,2029,1.599,1.62,FOB,Truck,False
PO0000827,V0011,Enclosures / Metal,Plant-Brno-CZ,2022-11-23,2023-01-03,2023-01-03,0,16631,16631,23.061,19.001,CIF,Ocean,False
PO0000828,V0011,Enclosures / Metal,Plant-Guadalajara-MX,2022-11-25,2023-01-03,2023-01-22,19,1859,1859,5.658,5.111,DDP,Ocean,False
PO0000829,V0011,Enclosures / Metal,Plant-Penang-MY,2022-12-02,2023-01-11,2023-01-13,2,41838,41838,42.165,44.203,EXW,Ocean,False
PO0000830,V0011,Enclosures / Metal,Plant-Guadalajara-MX,2022-12-14,2023-01-25,2023-01-26,1,7366,7366,33.417,30.916,DDP,Ocean,False
PO0000831,V0011,Enclosures / Metal,Plant-Austin-US,2023-03-17,2023-04-25,2023-04-25,0,18764,18764,10.828,12.08,FOB,Ocean,False
PO0000832,V0011,Enclosures / Metal,Plant-Brno-CZ,2023-05-06,2023-06-15,2023-06-15,0,9477,9477,18.826,18.305,FOB,Ocean,False
PO0000833,V0011,Enclosures / Metal,Plant-Guadalajara-MX,2023-06-30,2023-08-12,2023-08-12,0,26263,19156,16.817,18.553,DDP,Ocean,False
PO0000834,V0011,Enclosures / Metal,Plant-Austin-US,2023-07-10,2023-08-23,2023-08-23,0,9353,9353,12.958,14.552,DDP,Air,False
PO0000835,V0011,Enclosures / Metal,Plant-Guadalajara-MX,2023-08-02,2023-09-08,2023-09-08,0,9307,9307,43.707,50.084,EXW,Air,False
PO0000836,V0011,Enclosures / Metal,Plant-Penang-MY,2023-08-12,2023-09-20,2023-09-20,0,4471,4471,23.329,23.553,FOB,Ocean,False
PO0000837,V0011,Enclosures / Metal,Plant-Penang-MY,2023-08-31,2023-10-09,2023-10-09,0,78957,78957,43.553,41.92,FOB,Ocean,False
PO0000838,V0011,Enclosures / Metal,Plant-Guadalajara-MX,2023-09-02,2023-10-07,2023-10-24,17,1870,1870,13.589,13.165,FOB,Ocean,False
PO0000839,V0011,Enclosures / Metal,Plant-Penang-MY,2023-09-04,2023-10-15,2023-10-23,8,6230,5800,25.086,25.474,CIF,Ocean,False
PO0000840,V0011,Enclosures / Metal,Plant-Austin-US,2023-09-13,2023-10-22,2023-10-25,3,4637,4637,37.237,34.979,FOB,Ocean,False
PO0000841,V0011,Enclosures / Metal,Plant-Guadalajara-MX,2023-09-14,2023-10-22,2023-10-22,0,4320,4320,4.234,5.022,DDP,Ocean,False
PO0000842,V0011,Enclosures / Metal,Plant-Guadalajara-MX,2023-11-11,2023-12-21,2023-12-25,4,1168,1168,4.165,5.419,CIF,Truck,False
PO0000843,V0011,Enclosures / Metal,Plant-Brno-CZ,2023-11-14,2023-12-21,2023-12-27,6,22671,22671,10.801,8.954,FOB,Ocean,False
PO0000844,V0011,Enclosures / Metal,Plant-Penang-MY,2023-12-18,2024-01-28,2024-01-28,0,785,785,14.597,16.066,FOB,Ocean,False
PO0000845,V0011,Enclosures / Metal,Plant-Guadalajara-MX,2024-01-07,2024-02-14,2024-02-14,0,1850,1850,9.963,8.869,DDP,Ocean,False
PO0000846,V0011,Enclosures / Metal,Plant-Guadalajara-MX,2024-01-15,2024-02-20,2024-03-17,26,7628,7628,34.144,37.344,DDP,Ocean,False
PO0000847,V0011,Enclosures / Metal,Plant-Austin-US,2024-01-16,2024-02-19,2024-03-07,17,28186,28186,25.296,35.149,FOB,Ocean,False
PO0000848,V0011,Enclosures / Metal,Plant-Penang-MY,2024-01-17,2024-02-24,2024-02-25,1,580,580,27.335,26.164,EXW,Air,False
PO0000849,V0011,Enclosures / Metal,Plant-Brno-CZ,2024-03-11,2024-04-27,2024-04-28,1,15392,11864,2.854,2.048,CIF,Air,False
PO0000850,V0011,Enclosures / Metal,Plant-Austin-US,2024-03-13,2024-04-21,2024-04-21,0,12059,9915,41.177,32.069,FOB,Truck,False
PO0000851,V0011,Enclosures / Metal,Plant-Guadalajara-MX,2024-04-06,2024-05-13,2024-06-11,29,4359,4359,30.534,36.498,DDP,Ocean,False
PO0000852,V0011,Enclosures / Metal,Plant-Guadalajara-MX,2024-04-14,2024-05-21,2024-05-21,0,71524,71524,3.573,3.346,CIF,Ocean,False
PO0000853,V0011,Enclosures / Metal,Plant-Brno-CZ,2024-04-23,2024-06-08,2024-06-08,0,7817,7817,8.12,6.859,CIF,Ocean,False
PO0000854,V0011,Enclosures / Metal,Plant-Austin-US,2024-05-17,2024-06-29,2024-06-29,0,2340,1736,19.608,20.338,CIF,Ocean,False
PO0000855,V0011,Enclosures / Metal,Plant-Brno-CZ,2024-07-09,2024-08-15,2024-08-16,1,869,869,36.088,33.997,EXW,Ocean,False
PO0000856,V0011,Enclosures / Metal,Plant-Penang-MY,2024-07-16,2024-08-26,2024-08-26,0,2335,2335,42.729,45.97,CIF,Air,True
PO0000857,V0011,Enclosures / Metal,Plant-Penang-MY,2024-07-18,2024-09-03,2024-09-03,0,1301,1196,4.507,4.713,FOB,Air,True
PO0000858,V0011,Enclosures / Metal,Plant-Penang-MY,2024-08-08,2024-09-24,2024-09-26,2,25102,25102,12.928,12.108,FOB,Ocean,False
PO0000859,V0011,Enclosures / Metal,Plant-Guadalajara-MX,2024-08-10,2024-09-20,2024-09-20,0,1349,1349,25.751,27.933,CIF,Ocean,False
PO0000860,V0011,Enclosures / Metal,Plant-Penang-MY,2024-09-12,2024-10-22,2024-10-22,0,801,801,10.489,11.817,FOB,Air,False
PO0000861,V0011,Enclosures / Metal,Plant-Brno-CZ,2024-09-23,2024-11-04,2024-11-04,0,4751,4751,32.925,32.798,DDP,Ocean,False
PO0000862,V0011,Enclosures / Metal,Plant-Guadalajara-MX,2024-10-02,2024-11-11,2024-11-11,0,1786,1786,3.809,3.594,DDP,Truck,False
PO0000863,V0011,Enclosures / Metal,Plant-Austin-US,2024-10-09,2024-11-13,2024-11-13,0,3400,3400,42.08,42.106,FOB,Ocean,False
PO0000864,V0011,Enclosures / Metal,Plant-Penang-MY,2024-10-27,2024-12-01,2024-12-01,0,24361,24361,39.357,40.616,CIF,Ocean,False
PO0000865,V0011,Enclosures / Metal,Plant-Brno-CZ,2024-11-09,2024-12-22,2024-12-23,1,5290,5290,26.715,25.714,EXW,Truck,False
PO0000866,V0011,Enclosures / Metal,Plant-Guadalajara-MX,2024-11-18,2024-12-27,2024-12-27,0,1877,1528,26.64,28.376,DDP,Ocean,False
PO0000867,V0011,Enclosures / Metal,Plant-Austin-US,2024-12-04,2025-01-16,2025-01-16,0,7306,7306,40.846,37.395,FOB,Ocean,False
PO0000868,V0011,Enclosures / Metal,Plant-Penang-MY,2024-12-13,2025-01-20,2025-01-21,1,8358,8358,42.969,47.462,CIF,Ocean,False
PO0000869,V0011,Enclosures / Metal,Plant-Austin-US,2025-01-09,2025-02-13,2025-02-13,0,1814,1645,36.17,44.703,DDP,Truck,False
PO0000870,V0011,Enclosures / Metal,Plant-Penang-MY,2025-01-15,2025-02-20,2025-02-20,0,19364,19364,1.496,1.434,DDP,Ocean,False
PO0000871,V0011,Enclosures / Metal,Plant-Brno-CZ,2025-01-31,2025-03-11,2025-03-17,6,2794,2794,1.265,1.282,FOB,Truck,False
PO0000872,V0011,Enclosures / Metal,Plant-Guadalajara-MX,2025-02-27,2025-04-03,2025-04-03,0,2050,2050,23.489,25.763,EXW,Ocean,False
PO0000873,V0011,Enclosures / Metal,Plant-Penang-MY,2025-03-10,2025-04-18,2025-05-24,36,1797,1797,43.806,42.921,FOB,Truck,False
PO0000874,V0011,Enclosures / Metal,Plant-Guadalajara-MX,2025-04-04,2025-05-26,2025-05-27,1,40692,40692,2.148,2.889,CIF,Truck,False
PO0000875,V0011,Enclosures / Metal,Plant-Penang-MY,2025-04-15,2025-05-29,2025-05-29,0,1709,1709,27.676,25.62,DDP,Truck,False
PO0000876,V0011,Enclosures / Metal,Plant-Austin-US,2025-05-19,2025-07-01,2025-07-08,7,28407,28407,43.098,35.725,EXW,Ocean,False
PO0000877,V0011,Enclosures / Metal,Plant-Guadalajara-MX,2025-05-20,2025-06-24,2025-06-24,0,13552,13552,19.231,13.33,FOB,Air,False
PO0000878,V0011,Enclosures / Metal,Plant-Austin-US,2025-05-25,2025-06-28,2025-07-16,18,9356,9356,6.291,6.501,DDP,Ocean,False
PO0000879,V0011,Enclosures / Metal,Plant-Brno-CZ,2025-05-30,2025-07-14,2025-08-15,32,10352,10352,34.422,29.662,FOB,Ocean,False
PO0000880,V0011,Enclosures / Metal,Plant-Guadalajara-MX,2025-06-16,2025-07-24,2025-07-24,0,4373,4373,24.358,27.828,FOB,Ocean,False
PO0000881,V0011,Enclosures / Metal,Plant-Guadalajara-MX,2025-06-22,2025-08-01,2025-08-01,0,2009,2009,23.047,27.668,FOB,Air,True
PO0000882,V0011,Enclosures / Metal,Plant-Brno-CZ,2025-06-25,2025-08-08,2025-08-08,0,5849,5849,25.296,18.652,EXW,Truck,False
PO0000883,V0011,Enclosures / Metal,Plant-Penang-MY,2025-07-01,2025-08-12,2025-08-27,15,20971,20971,42.257,37.742,CIF,Ocean,False
PO0000884,V0011,Enclosures / Metal,Plant-Guadalajara-MX,2025-08-02,2025-09-07,2025-09-07,0,30777,29083,25.538,20.773,EXW,Ocean,False
PO0000885,V0011,Enclosures / Metal,Plant-Austin-US,2025-08-30,2025-10-03,2025-10-03,0,2543,2543,35.035,28.485,EXW,Ocean,False
PO0000886,V0011,Enclosures / Metal,Plant-Penang-MY,2025-09-02,2025-10-16,2025-10-16,0,1889,1889,10.302,11.534,FOB,Ocean,False
PO0000887,V0011,Enclosures / Metal,Plant-Austin-US,2025-09-13,2025-10-28,2025-11-15,18,2161,2161,25.283,29.544,DDP,Ocean,False
PO0000888,V0011,Enclosures / Metal,Plant-Penang-MY,2025-10-06,2025-11-13,2025-11-13,0,5589,5589,2.895,3.045,FOB,Ocean,False
PO0000889,V0011,Enclosures / Metal,Plant-Guadalajara-MX,2025-10-23,2025-12-03,2025-12-20,17,1441,1441,32.811,41.684,EXW,Air,False
PO0000890,V0011,Enclosures / Metal,Plant-Penang-MY,2025-11-07,2025-12-17,2025-12-17,0,6657,6657,38.713,40.021,FOB,Truck,False
PO0000891,V0011,Enclosures / Metal,Plant-Austin-US,2025-11-16,2025-12-26,2025-12-26,0,10994,10994,33.402,34.016,CIF,Truck,False
PO0000892,V0011,Enclosures / Metal,Plant-Austin-US,2025-11-28,2026-01-02,2026-01-14,12,881,881,35.256,29.899,FOB,Ocean,False
PO0000893,V0011,Enclosures / Metal,Plant-Guadalajara-MX,2025-12-15,2026-01-21,2026-01-22,1,4044,4044,22.267,17.424,FOB,Ocean,False
PO0000894,V0011,Enclosures / Metal,Plant-Penang-MY,2026-02-09,2026-03-16,2026-03-18,2,6255,6255,9.364,8.504,DDP,Air,False
PO0000895,V0011,Enclosures / Metal,Plant-Guadalajara-MX,2026-02-14,2026-03-25,2026-03-25,0,200000,200000,40.806,45.205,FOB,Truck,False
PO0000896,V0011,Enclosures / Metal,Plant-Brno-CZ,2026-02-20,2026-03-30,2026-03-30,0,1606,1606,33.853,37.572,CIF,Ocean,False
PO0000897,V0011,Enclosures / Metal,Plant-Guadalajara-MX,2026-03-17,2026-05-01,2026-05-03,2,8930,7167,33.07,31.514,DDP,Ocean,False
PO0000898,V0011,Enclosures / Metal,Plant-Penang-MY,2026-04-18,2026-05-27,2026-05-27,0,5506,5506,23.297,20.133,FOB,Truck,False
PO0000899,V0011,Enclosures / Metal,Plant-Penang-MY,2026-04-22,2026-05-28,2026-05-28,0,633,633,4.843,5.171,FOB,Truck,False
PO0000900,V0011,Enclosures / Metal,Plant-Austin-US,2026-05-26,2026-07-06,2026-07-12,6,5830,5174,35.292,39.023,CIF,Air,False
PO0000901,V0011,Enclosures / Metal,Plant-Austin-US,2026-05-30,2026-07-13,2026-07-13,0,10253,10253,37.374,39.792,DDP,Ocean,False
PO0000902,V0011,Enclosures / Metal,Plant-Brno-CZ,2026-06-03,2026-07-11,2026-07-11,0,27394,25542,8.52,9.859,EXW,Ocean,False
PO0000903,V0012,Displays,Plant-Penang-MY,2022-01-10,2022-02-28,2022-02-28,0,27305,27305,128.821,128.989,FOB,Truck,False
PO0000904,V0012,Displays,Plant-Brno-CZ,2022-01-15,2022-03-07,2022-03-07,0,1929,1929,174.837,177.626,FOB,Ocean,False
PO0000905,V0012,Displays,Plant-Guadalajara-MX,2022-01-17,2022-03-07,2022-03-07,0,43037,43037,175.388,175.942,EXW,Truck,False
PO0000906,V0012,Displays,Plant-Penang-MY,2022-01-23,2022-03-19,2022-03-19,0,5350,5350,219.461,211.582,CIF,Ocean,False
PO0000907,V0012,Displays,Plant-Penang-MY,2022-02-25,2022-04-20,2022-04-20,0,3520,3520,197.08,197.177,DDP,Air,False
PO0000908,V0012,Displays,Plant-Guadalajara-MX,2022-03-03,2022-04-25,2022-04-25,0,7597,7597,23.995,23.787,CIF,Ocean,False
PO0000909,V0012,Displays,Plant-Brno-CZ,2022-03-10,2022-05-15,2022-06-18,34,20366,20366,140.52,147.456,FOB,Air,False
PO0000910,V0012,Displays,Plant-Penang-MY,2022-03-17,2022-05-15,2022-05-15,0,6138,6138,59.762,59.655,FOB,Ocean,False
PO0000911,V0012,Displays,Plant-Austin-US,2022-03-19,2022-05-23,2022-05-23,0,526,526,99.949,103.651,DDP,Ocean,False
PO0000912,V0012,Displays,Plant-Austin-US,2022-03-22,2022-05-15,2022-05-15,0,1535,1535,59.137,60.217,CIF,Truck,False
PO0000913,V0012,Displays,Plant-Guadalajara-MX,2022-03-24,2022-05-16,2022-05-23,7,4270,4270,103.775,104.534,DDP,Ocean,False
PO0000914,V0012,Displays,Plant-Austin-US,2022-04-05,2022-06-10,2022-06-18,8,5325,5325,47.821,48.07,CIF,Ocean,False
PO0000915,V0012,Displays,Plant-Austin-US,2022-04-22,2022-06-24,2022-08-22,59,1134,1134,127.58,125.86,FOB,Air,False
PO0000916,V0012,Displays,Plant-Brno-CZ,2022-05-02,2022-06-20,2022-06-22,2,100725,100725,142.395,139.788,EXW,Ocean,False
PO0000917,V0012,Displays,Plant-Austin-US,2022-05-03,2022-06-30,2022-06-30,0,4100,4100,51.611,48.959,FOB,Truck,False
PO0000918,V0012,Displays,Plant-Guadalajara-MX,2022-05-25,2022-07-23,2022-07-23,0,26324,26324,107.943,108.399,DDP,Ocean,False
PO0000919,V0012,Displays,Plant-Austin-US,2022-05-27,2022-07-21,2022-07-22,1,2533,2533,31.249,34.05,DDP,Air,False
PO0000920,V0012,Displays,Plant-Guadalajara-MX,2022-05-30,2022-08-02,2022-08-02,0,1675,1675,74.915,75.156,EXW,Ocean,False
PO0000921,V0012,Displays,Plant-Penang-MY,2022-06-08,2022-08-05,2022-08-09,4,24976,24976,187.513,196.46,DDP,Ocean,False
PO0000922,V0012,Displays,Plant-Penang-MY,2022-07-13,2022-09-19,2022-09-19,0,1531,1205,111.045,112.51,DDP,Ocean,False
PO0000923,V0012,Displays,Plant-Guadalajara-MX,2022-07-29,2022-09-27,2022-09-27,0,11410,11410,110.902,108.691,FOB,Air,False
PO0000924,V0012,Displays,Plant-Guadalajara-MX,2022-08-05,2022-10-08,2022-10-08,0,5284,5284,128.29,127.357,FOB,Air,False
PO0000925,V0012,Displays,Plant-Austin-US,2022-08-07,2022-10-03,2022-10-03,0,86249,86249,189.907,186.077,CIF,Ocean,False
PO0000926,V0012,Displays,Plant-Brno-CZ,2022-08-10,2022-10-04,2022-10-04,0,10871,10871,55.936,55.272,EXW,Ocean,False
PO0000927,V0012,Displays,Plant-Austin-US,2022-09-04,2022-10-31,2022-11-01,1,826,826,32.477,33.111,EXW,Air,False
PO0000928,V0012,Displays,Plant-Brno-CZ,2022-09-07,2022-11-24,2022-11-24,0,8489,8489,125.768,125.187,EXW,Ocean,False
PO0000929,V0012,Displays,Plant-Penang-MY,2022-11-09,2023-01-14,2023-01-14,0,12270,12270,60.724,60.046,FOB,Ocean,False
PO0000930,V0012,Displays,Plant-Guadalajara-MX,2022-11-18,2023-01-21,2023-02-06,16,3183,3183,55.947,55.438,EXW,Truck,False
PO0000931,V0012,Displays,Plant-Austin-US,2022-12-13,2023-02-16,2023-02-16,0,1841,1841,198.991,201.276,CIF,Ocean,False
PO0000932,V0012,Displays,Plant-Guadalajara-MX,2022-12-18,2023-02-13,2023-02-13,0,16103,16103,51.765,52.548,FOB,Air,True
PO0000933,V0012,Displays,Plant-Penang-MY,2023-01-01,2023-02-26,2023-02-26,0,1905,1905,204.279,201.178,DDP,Truck,False
PO0000934,V0012,Displays,Plant-Austin-US,2023-01-02,2023-02-21,2023-02-21,0,3183,3183,186.078,182.117,EXW,Ocean,False
PO0000935,V0012,Displays,Plant-Guadalajara-MX,2023-01-09,2023-03-08,2023-03-10,2,1343,1343,81.13,82.189,FOB,Ocean,False
PO0000936,V0012,Displays,Plant-Brno-CZ,2023-02-16,2023-04-19,2023-04-19,0,6954,6954,139.727,140.117,CIF,Ocean,False
PO0000937,V0012,Displays,Plant-Brno-CZ,2023-02-22,2023-04-06,2023-04-07,1,3847,3847,33.783,33.877,FOB,Air,False
PO0000938,V0012,Displays,Plant-Austin-US,2023-03-13,2023-05-22,2023-05-22,0,596,596,213.253,211.698,FOB,Ocean,False
PO0000939,V0012,Displays,Plant-Guadalajara-MX,2023-05-05,2023-07-06,2023-07-06,0,1044,1044,85.438,84.151,CIF,Air,False
PO0000940,V0012,Displays,Plant-Brno-CZ,2023-05-17,2023-07-08,2023-07-24,16,41978,41978,164.671,163.876,EXW,Ocean,False
PO0000941,V0012,Displays,Plant-Penang-MY,2023-06-04,2023-07-30,2023-07-30,0,1136,1136,166.492,163.49,FOB,Ocean,False
PO0000942,V0012,Displays,Plant-Austin-US,2023-06-30,2023-08-30,2023-08-30,0,22499,22499,182.593,180.452,CIF,Ocean,False
PO0000943,V0012,Displays,Plant-Guadalajara-MX,2023-07-04,2023-08-27,2023-08-29,2,4521,4521,196.59,204.987,FOB,Ocean,False
PO0000944,V0012,Displays,Plant-Austin-US,2023-07-19,2023-09-12,2023-09-13,1,3596,3596,120.945,120.195,FOB,Ocean,False
PO0000945,V0012,Displays,Plant-Austin-US,2023-08-06,2023-10-09,2023-10-09,0,1822,1822,143.906,142.658,CIF,Truck,False
PO0000946,V0012,Displays,Plant-Brno-CZ,2023-08-23,2023-10-10,2023-10-11,1,914,914,145.278,147.006,DDP,Ocean,False
PO0000947,V0012,Displays,Plant-Austin-US,2023-09-16,2023-11-22,2023-11-22,0,11178,11178,27.825,27.731,DDP,Ocean,False
PO0000948,V0012,Displays,Plant-Guadalajara-MX,2023-09-19,2023-12-07,2023-12-07,0,3313,3313,122.603,121.725,EXW,Air,False
PO0000949,V0012,Displays,Plant-Guadalajara-MX,2023-09-24,2023-11-21,2023-11-21,0,3371,3371,104.998,105.262,EXW,Ocean,False
PO0000950,V0012,Displays,Plant-Brno-CZ,2023-09-27,2023-11-24,2023-11-24,0,10827,10827,109.584,114.614,CIF,Ocean,False
PO0000951,V0012,Displays,Plant-Guadalajara-MX,2023-10-06,2023-12-15,2023-12-15,0,251,251,22.125,22.051,EXW,Ocean,False
PO0000952,V0012,Displays,Plant-Brno-CZ,2023-10-20,2023-12-20,2023-12-20,0,2997,2997,204.904,199.922,DDP,Ocean,False
PO0000953,V0012,Displays,Plant-Austin-US,2023-11-02,2023-12-27,2024-01-15,19,5928,5928,22.176,21.484,EXW,Ocean,False
PO0000954,V0012,Displays,Plant-Guadalajara-MX,2023-11-26,2024-01-24,2024-02-02,9,5693,5693,60.589,60.465,DDP,Air,False
PO0000955,V0012,Displays,Plant-Guadalajara-MX,2023-12-19,2024-02-15,2024-02-18,3,1299,1299,170.665,174.165,FOB,Ocean,False
PO0000956,V0012,Displays,Plant-Penang-MY,2024-01-01,2024-02-29,2024-02-29,0,6142,6142,81.043,78.289,DDP,Truck,False
PO0000957,V0012,Displays,Plant-Brno-CZ,2024-01-02,2024-03-02,2024-03-12,10,5897,5897,53.955,54.928,EXW,Truck,False
PO0000958,V0012,Displays,Plant-Penang-MY,2024-01-08,2024-03-09,2024-03-09,0,43075,43075,118.065,119.245,DDP,Ocean,False
PO0000959,V0012,Displays,Plant-Guadalajara-MX,2024-01-15,2024-03-14,2024-03-14,0,17118,17118,108.52,106.061,FOB,Ocean,False
PO0000960,V0012,Displays,Plant-Guadalajara-MX,2024-01-26,2024-03-24,2024-03-25,1,7981,7981,85.453,86.105,FOB,Ocean,False
PO0000961,V0012,Displays,Plant-Austin-US,2024-03-05,2024-04-27,2024-05-05,8,7881,7881,60.436,59.775,DDP,Truck,False
PO0000962,V0012,Displays,Plant-Penang-MY,2024-03-10,2024-05-10,2024-06-01,22,3728,3728,127.851,134.723,CIF,Air,False
PO0000963,V0012,Displays,Plant-Austin-US,2024-03-15,2024-05-10,2024-05-11,1,39188,39188,71.049,71.488,CIF,Air,False
PO0000964,V0012,Displays,Plant-Penang-MY,2024-04-04,2024-06-09,2024-06-10,1,3341,3341,49.672,50.67,FOB,Air,False
PO0000965,V0012,Displays,Plant-Brno-CZ,2024-04-29,2024-06-20,2024-07-23,33,3224,3224,41.02,40.929,EXW,Air,False
PO0000966,V0012,Displays,Plant-Guadalajara-MX,2024-05-07,2024-06-28,2024-06-28,0,588,588,70.797,75.588,CIF,Truck,False
PO0000967,V0012,Displays,Plant-Penang-MY,2024-05-19,2024-07-20,2024-08-11,22,9196,9196,126.88,128.281,EXW,Truck,False
PO0000968,V0012,Displays,Plant-Austin-US,2024-06-02,2024-08-01,2024-08-01,0,1445,1445,143.501,140.992,EXW,Truck,False
PO0000969,V0012,Displays,Plant-Guadalajara-MX,2024-06-03,2024-07-29,2024-07-31,2,15240,15240,135.403,136.203,CIF,Ocean,False
PO0000970,V0012,Displays,Plant-Penang-MY,2024-07-07,2024-09-03,2024-09-05,2,8408,8408,10.352,10.651,CIF,Ocean,False
PO0000971,V0012,Displays,Plant-Austin-US,2024-08-15,2024-10-04,2024-10-05,1,10650,10650,193.653,188.722,FOB,Ocean,False
PO0000972,V0012,Displays,Plant-Guadalajara-MX,2024-08-16,2024-10-21,2024-10-21,0,11117,11117,124.195,124.509,CIF,Ocean,False
PO0000973,V0012,Displays,Plant-Brno-CZ,2024-08-27,2024-10-20,2024-10-24,4,2106,2106,123.062,124.35,FOB,Ocean,False
PO0000974,V0012,Displays,Plant-Guadalajara-MX,2024-08-30,2024-10-24,2024-10-26,2,6640,6640,29.099,29.398,CIF,Ocean,False
PO0000975,V0012,Displays,Plant-Guadalajara-MX,2024-10-13,2024-12-15,2024-12-15,0,1493,1493,117.932,122.559,EXW,Ocean,False
PO0000976,V0012,Displays,Plant-Austin-US,2024-10-15,2024-12-03,2024-12-03,0,20865,20865,92.19,92.031,CIF,Truck,False
PO0000977,V0012,Displays,Plant-Guadalajara-MX,2024-10-20,2024-12-14,2024-12-18,4,8042,8042,46.672,44.661,FOB,Truck,False
PO0000978,V0012,Displays,Plant-Penang-MY,2024-10-21,2024-12-18,2024-12-18,0,1611,1611,186.64,188.0,FOB,Ocean,False
PO0000979,V0012,Displays,Plant-Brno-CZ,2024-10-23,2024-12-20,2024-12-20,0,1588,1588,105.547,105.45,FOB,Ocean,False
PO0000980,V0012,Displays,Plant-Penang-MY,2024-10-26,2024-12-18,2024-12-19,1,5107,5107,12.298,12.593,EXW,Air,False
PO0000981,V0012,Displays,Plant-Guadalajara-MX,2024-11-06,2025-01-02,2025-01-02,0,7076,7076,212.931,210.24,DDP,Ocean,False
PO0000982,V0012,Displays,Plant-Penang-MY,2024-11-17,2025-01-25,2025-01-27,2,2996,2996,46.098,47.617,CIF,Truck,False
PO0000983,V0012,Displays,Plant-Penang-MY,2024-11-19,2025-01-19,2025-01-19,0,660,660,8.411,8.53,CIF,Truck,False
PO0000984,V0012,Displays,Plant-Guadalajara-MX,2024-12-13,2025-02-19,2025-02-22,3,2517,2517,165.708,163.982,DDP,Ocean,False
PO0000985,V0012,Displays,Plant-Penang-MY,2024-12-26,2025-03-02,2025-03-04,2,3794,3794,106.069,106.938,CIF,Air,False
PO0000986,V0012,Displays,Plant-Austin-US,2025-01-01,2025-02-27,2025-02-27,0,1313,1313,164.512,163.748,DDP,Truck,False
PO0000987,V0012,Displays,Plant-Austin-US,2025-01-11,2025-03-18,2025-03-19,1,7690,7690,164.391,162.662,CIF,Truck,False
PO0000988,V0012,Displays,Plant-Penang-MY,2025-01-15,2025-03-24,2025-03-24,0,23174,23174,63.616,61.454,CIF,Truck,False
PO0000989,V0012,Displays,Plant-Austin-US,2025-02-08,2025-04-07,2025-04-07,0,1162,1162,197.181,205.069,DDP,Air,True
PO0000990,V0012,Displays,Plant-Penang-MY,2025-02-11,2025-04-06,2025-04-06,0,3043,3043,152.084,151.579,FOB,Air,False
PO0000991,V0012,Displays,Plant-Penang-MY,2025-02-28,2025-05-05,2025-05-26,21,3405,3405,116.976,120.332,EXW,Air,False
PO0000992,V0012,Displays,Plant-Austin-US,2025-03-30,2025-05-29,2025-05-29,0,6903,6903,159.021,157.222,EXW,Ocean,False
PO0000993,V0012,Displays,Plant-Austin-US,2025-04-05,2025-06-13,2025-06-13,0,5834,5834,91.458,97.131,EXW,Air,False
PO0000994,V0012,Displays,Plant-Guadalajara-MX,2025-04-20,2025-06-30,2025-07-22,22,12504,12504,112.159,111.212,FOB,Ocean,False
PO0000995,V0012,Displays,Plant-Penang-MY,2025-05-15,2025-07-18,2025-07-26,8,27575,27575,159.077,165.322,FOB,Ocean,False
PO0000996,V0012,Displays,Plant-Austin-US,2025-05-28,2025-07-19,2025-07-22,3,7663,7663,146.816,148.328,DDP,Ocean,False
PO0000997,V0012,Displays,Plant-Brno-CZ,2025-05-29,2025-07-29,2025-08-15,17,3972,3972,143.668,153.23,CIF,Ocean,False
PO0000998,V0012,Displays,Plant-Brno-CZ,2025-07-03,2025-09-10,2025-09-30,20,4436,4436,103.466,100.794,DDP,Ocean,False
PO0000999,V0012,Displays,Plant-Brno-CZ,2025-07-13,2025-09-14,2025-09-14,0,2171,2171,17.732,18.268,FOB,Ocean,False
PO0001000,V0012,Displays,Plant-Guadalajara-MX,2025-08-11,2025-10-14,2025-10-14,0,2253,2253,31.338,30.181,CIF,Ocean,False
PO0001001,V0012,Displays,Plant-Austin-US,2025-09-05,2025-10-26,2025-11-14,19,9904,9904,95.124,97.066,FOB,Ocean,False
PO0001002,V0012,Displays,Plant-Austin-US,2025-09-10,2025-10-29,2025-11-07,9,578,578,61.707,62.673,EXW,Ocean,False
PO0001003,V0012,Displays,Plant-Austin-US,2025-10-14,2025-12-10,2025-12-11,1,7047,7047,10.69,10.312,FOB,Ocean,False
PO0001004,V0012,Displays,Plant-Guadalajara-MX,2025-11-09,2026-01-03,2026-01-07,4,11675,11675,39.308,38.232,DDP,Air,False
PO0001005,V0012,Displays,Plant-Austin-US,2025-12-09,2026-02-02,2026-02-03,1,8036,8036,47.247,47.356,FOB,Ocean,False
PO0001006,V0012,Displays,Plant-Brno-CZ,2025-12-30,2026-02-27,2026-03-01,2,1634,1634,12.363,12.172,FOB,Ocean,False
PO0001007,V0012,Displays,Plant-Guadalajara-MX,2026-01-06,2026-03-03,2026-03-03,0,446,446,77.04,76.117,DDP,Air,False
PO0001008,V0012,Displays,Plant-Austin-US,2026-02-16,2026-04-12,2026-04-12,0,16777,16777,94.516,94.888,FOB,Ocean,False
PO0001009,V0012,Displays,Plant-Guadalajara-MX,2026-03-03,2026-04-24,2026-04-24,0,41525,41525,140.865,140.072,CIF,Ocean,False
PO0001010,V0012,Displays,Plant-Penang-MY,2026-03-08,2026-05-07,2026-05-07,0,7552,7552,127.52,128.055,EXW,Ocean,False
PO0001011,V0012,Displays,Plant-Guadalajara-MX,2026-03-20,2026-05-20,2026-05-20,0,7065,7065,210.132,212.229,FOB,Ocean,False
PO0001012,V0012,Displays,Plant-Brno-CZ,2026-03-25,2026-05-19,2026-05-19,0,14780,14780,158.93,158.467,DDP,Air,False
PO0001013,V0012,Displays,Plant-Austin-US,2026-04-01,2026-05-30,2026-05-30,0,7108,7108,100.359,100.816,EXW,Ocean,False
PO0001014,V0012,Displays,Plant-Brno-CZ,2026-04-12,2026-06-13,2026-06-14,1,5962,5962,96.612,99.25,FOB,Ocean,False
PO0001015,V0012,Displays,Plant-Brno-CZ,2026-04-24,2026-06-18,2026-06-20,2,5665,5665,40.938,41.82,CIF,Ocean,False
PO0001016,V0012,Displays,Plant-Austin-US,2026-05-18,2026-07-28,2026-07-28,0,8387,8387,169.316,169.479,CIF,Air,False
PO0001017,V0012,Displays,Plant-Penang-MY,2026-06-20,2026-08-29,2026-08-29,0,39826,39826,140.6,148.596,FOB,Ocean,False
PO0001018,V0013,PCB / PCBA,Plant-Austin-US,2022-01-13,2022-03-01,2022-03-01,0,653,653,57.938,58.176,EXW,Ocean,False
PO0001019,V0013,PCB / PCBA,Plant-Brno-CZ,2022-02-03,2022-03-17,2022-03-18,1,6914,6914,44.246,44.219,DDP,Ocean,False
PO0001020,V0013,PCB / PCBA,Plant-Austin-US,2022-02-10,2022-03-28,2022-03-28,0,8822,8822,52.491,52.847,DDP,Air,False
PO0001021,V0013,PCB / PCBA,Plant-Penang-MY,2022-02-15,2022-03-24,2022-03-24,0,2051,2051,66.623,66.478,DDP,Ocean,False
PO0001022,V0013,PCB / PCBA,Plant-Guadalajara-MX,2022-02-26,2022-04-12,2022-04-12,0,5116,5116,86.473,85.374,DDP,Ocean,False
PO0001023,V0013,PCB / PCBA,Plant-Penang-MY,2022-03-02,2022-04-11,2022-04-13,2,1323,1323,56.546,55.723,DDP,Ocean,False
PO0001024,V0013,PCB / PCBA,Plant-Penang-MY,2022-03-06,2022-04-21,2022-05-22,31,4259,4259,24.393,23.833,CIF,Ocean,False
PO0001025,V0013,PCB / PCBA,Plant-Austin-US,2022-03-09,2022-04-16,2022-04-16,0,2090,2090,46.755,44.235,CIF,Ocean,False
PO0001026,V0013,PCB / PCBA,Plant-Austin-US,2022-03-12,2022-04-28,2022-05-14,16,17955,17955,50.634,50.099,EXW,Truck,False
PO0001027,V0013,PCB / PCBA,Plant-Brno-CZ,2022-03-25,2022-05-14,2022-05-21,7,5866,5866,47.731,46.781,CIF,Truck,False
PO0001028,V0013,PCB / PCBA,Plant-Austin-US,2022-04-07,2022-05-18,2022-05-18,0,5126,5126,10.71,11.024,DDP,Truck,False
PO0001029,V0013,PCB / PCBA,Plant-Brno-CZ,2022-04-09,2022-05-24,2022-06-02,9,6147,6147,22.166,22.327,DDP,Truck,False
PO0001030,V0013,PCB / PCBA,Plant-Guadalajara-MX,2022-05-10,2022-06-20,2022-06-22,2,888,888,13.794,12.86,DDP,Ocean,False
PO0001031,V0013,PCB / PCBA,Plant-Austin-US,2022-05-14,2022-06-29,2022-07-01,2,869,869,63.937,64.528,DDP,Ocean,False
PO0001032,V0013,PCB / PCBA,Plant-Guadalajara-MX,2022-05-18,2022-07-04,2022-07-07,3,4196,4196,59.175,58.055,FOB,Ocean,False
PO0001033,V0013,PCB / PCBA,Plant-Guadalajara-MX,2022-05-25,2022-07-20,2022-07-21,1,5758,5758,11.029,10.335,CIF,Air,False
PO0001034,V0013,PCB / PCBA,Plant-Guadalajara-MX,2022-05-30,2022-07-21,2022-07-21,0,641,641,82.048,83.303,CIF,Ocean,False
PO0001035,V0013,PCB / PCBA,Plant-Brno-CZ,2022-06-02,2022-07-17,2022-07-18,1,9702,9702,88.781,87.228,FOB,Ocean,False
PO0001036,V0013,PCB / PCBA,Plant-Guadalajara-MX,2022-06-09,2022-07-17,2022-07-21,4,7829,7829,78.081,81.975,CIF,Truck,False
PO0001037,V0013,PCB / PCBA,Plant-Penang-MY,2022-06-11,2022-08-06,2022-08-06,0,15528,15528,22.696,22.808,EXW,Ocean,False
PO0001038,V0013,PCB / PCBA,Plant-Austin-US,2022-07-03,2022-08-10,2022-08-10,0,6500,6500,19.126,19.432,DDP,Truck,False
PO0001039,V0013,PCB / PCBA,Plant-Brno-CZ,2022-07-05,2022-08-20,2022-08-21,1,8660,8660,54.509,54.661,EXW,Ocean,False
PO0001040,V0013,PCB / PCBA,Plant-Brno-CZ,2022-07-09,2022-08-20,2022-08-23,3,2642,2642,5.381,5.397,FOB,Truck,False
PO0001041,V0013,PCB / PCBA,Plant-Brno-CZ,2022-08-18,2022-10-02,2022-10-02,0,14359,14359,79.266,78.442,FOB,Ocean,False
PO0001042,V0013,PCB / PCBA,Plant-Guadalajara-MX,2022-09-11,2022-10-30,2022-10-30,0,717,717,45.723,45.108,CIF,Truck,False
PO0001043,V0013,PCB / PCBA,Plant-Austin-US,2022-09-19,2022-11-03,2022-11-03,0,10452,10452,79.586,79.507,FOB,Truck,False
PO0001044,V0013,PCB / PCBA,Plant-Austin-US,2022-09-25,2022-11-10,2022-11-10,0,2486,2486,18.064,17.837,EXW,Truck,False
PO0001045,V0013,PCB / PCBA,Plant-Penang-MY,2022-10-03,2022-11-17,2022-11-17,0,12283,12283,27.488,27.526,DDP,Ocean,False
PO0001046,V0013,PCB / PCBA,Plant-Brno-CZ,2022-10-04,2022-11-19,2022-11-19,0,1657,1657,66.113,68.3,DDP,Truck,False
PO0001047,V0013,PCB / PCBA,Plant-Brno-CZ,2022-10-13,2022-11-29,2022-11-30,1,1162,1162,39.487,38.825,FOB,Air,False
PO0001048,V0013,PCB / PCBA,Plant-Penang-MY,2022-10-18,2022-12-06,2022-12-18,12,40891,40891,44.551,44.331,DDP,Air,False
PO0001049,V0013,PCB / PCBA,Plant-Brno-CZ,2022-10-19,2022-12-02,2022-12-04,2,54946,54946,35.323,35.534,FOB,Ocean,False
PO0001050,V0013,PCB / PCBA,Plant-Penang-MY,2022-10-21,2022-12-09,2022-12-20,11,9918,9918,7.059,6.915,CIF,Ocean,False
PO0001051,V0013,PCB / PCBA,Plant-Brno-CZ,2022-10-28,2022-12-17,2022-12-17,0,89,89,23.649,23.343,EXW,Ocean,False
PO0001052,V0013,PCB / PCBA,Plant-Austin-US,2022-10-30,2022-12-12,2022-12-12,0,22053,22053,37.371,36.494,EXW,Ocean,False
PO0001053,V0013,PCB / PCBA,Plant-Penang-MY,2022-11-12,2022-12-23,2022-12-23,0,22276,22276,46.622,47.297,EXW,Ocean,False
PO0001054,V0013,PCB / PCBA,Plant-Austin-US,2022-11-22,2023-01-10,2023-01-10,0,4793,4793,70.292,70.915,CIF,Air,False
PO0001055,V0013,PCB / PCBA,Plant-Penang-MY,2022-11-24,2023-01-04,2023-01-05,1,10604,10604,58.997,58.869,DDP,Ocean,False
PO0001056,V0013,PCB / PCBA,Plant-Penang-MY,2022-11-26,2023-01-05,2023-01-05,0,3352,3352,25.602,24.997,DDP,Truck,False
PO0001057,V0013,PCB / PCBA,Plant-Austin-US,2022-12-31,2023-02-17,2023-02-17,0,11591,11591,32.507,32.051,CIF,Ocean,False
PO0001058,V0013,PCB / PCBA,Plant-Guadalajara-MX,2023-01-25,2023-03-05,2023-03-06,1,17182,17182,55.873,56.539,DDP,Ocean,False
PO0001059,V0013,PCB / PCBA,Plant-Penang-MY,2023-01-26,2023-03-03,2023-03-03,0,37030,37030,53.229,53.923,FOB,Truck,False
PO0001060,V0013,PCB / PCBA,Plant-Guadalajara-MX,2023-02-02,2023-03-17,2023-03-17,0,2467,2467,60.109,57.901,FOB,Ocean,False
PO0001061,V0013,PCB / PCBA,Plant-Brno-CZ,2023-02-13,2023-04-01,2023-04-01,0,1714,1714,51.968,52.871,CIF,Truck,False
PO0001062,V0013,PCB / PCBA,Plant-Austin-US,2023-02-23,2023-04-07,2023-04-07,0,16540,16540,39.684,40.277,CIF,Air,True
PO0001063,V0013,PCB / PCBA,Plant-Guadalajara-MX,2023-03-20,2023-05-07,2023-05-07,0,2220,2220,22.772,22.406,FOB,Air,False
PO0001064,V0013,PCB / PCBA,Plant-Austin-US,2023-04-15,2023-06-02,2023-06-04,2,3972,3972,18.52,18.614,DDP,Ocean,False
PO0001065,V0013,PCB / PCBA,Plant-Penang-MY,2023-05-19,2023-07-07,2023-07-07,0,13022,13022,64.995,65.734,CIF,Ocean,False
PO0001066,V0013,PCB / PCBA,Plant-Penang-MY,2023-06-26,2023-08-10,2023-08-11,1,3136,3136,48.638,48.073,DDP,Truck,False
PO0001067,V0013,PCB / PCBA,Plant-Brno-CZ,2023-07-05,2023-08-13,2023-08-13,0,4181,4181,10.173,10.185,FOB,Ocean,False
PO0001068,V0013,PCB / PCBA,Plant-Guadalajara-MX,2023-07-21,2023-09-01,2023-09-01,0,155,155,65.618,64.662,EXW,Ocean,False
PO0001069,V0013,PCB / PCBA,Plant-Brno-CZ,2023-09-03,2023-10-21,2023-10-21,0,2812,2812,27.055,27.703,CIF,Ocean,False
PO0001070,V0013,PCB / PCBA,Plant-Penang-MY,2023-09-08,2023-10-27,2023-10-27,0,2015,2015,80.598,78.933,EXW,Air,False
PO0001071,V0013,PCB / PCBA,Plant-Penang-MY,2023-10-21,2023-12-05,2023-12-06,1,5711,5711,23.748,23.311,FOB,Ocean,False
PO0001072,V0013,PCB / PCBA,Plant-Austin-US,2023-10-30,2023-12-23,2023-12-23,0,10495,10495,88.741,90.164,DDP,Ocean,False
PO0001073,V0013,PCB / PCBA,Plant-Guadalajara-MX,2023-11-20,2024-01-08,2024-01-12,4,3031,3031,9.732,10.13,CIF,Air,False
PO0001074,V0013,PCB / PCBA,Plant-Guadalajara-MX,2023-12-01,2024-01-16,2024-01-17,1,822,822,40.776,39.976,CIF,Ocean,False
PO0001075,V0013,PCB / PCBA,Plant-Brno-CZ,2023-12-07,2024-01-19,2024-03-15,56,2432,2432,86.775,84.051,FOB,Ocean,False
PO0001076,V0013,PCB / PCBA,Plant-Brno-CZ,2023-12-24,2024-01-31,2024-02-03,3,69977,69977,64.137,64.531,CIF,Air,False
PO0001077,V0013,PCB / PCBA,Plant-Austin-US,2024-01-11,2024-02-20,2024-02-22,2,4136,4136,7.833,8.024,CIF,Ocean,False
PO0001078,V0013,PCB / PCBA,Plant-Penang-MY,2024-02-01,2024-03-23,2024-03-23,0,1018,1018,83.849,85.022,EXW,Ocean,False
PO0001079,V0013,PCB / PCBA,Plant-Brno-CZ,2024-03-05,2024-04-23,2024-05-09,16,21174,21174,7.172,6.844,EXW,Ocean,False
PO0001080,V0013,PCB / PCBA,Plant-Penang-MY,2024-03-16,2024-04-17,2024-04-22,5,2104,2104,55.929,54.556,CIF,Ocean,False
PO0001081,V0013,PCB / PCBA,Plant-Penang-MY,2024-03-27,2024-05-01,2024-05-01,0,6861,6861,74.535,74.365,DDP,Truck,False
PO0001082,V0013,PCB / PCBA,Plant-Austin-US,2024-04-29,2024-06-08,2024-06-10,2,8437,8437,20.162,19.842,FOB,Truck,False
PO0001083,V0013,PCB / PCBA,Plant-Penang-MY,2024-05-07,2024-06-12,2024-06-14,2,5791,5791,71.826,69.93,EXW,Ocean,False
PO0001084,V0013,PCB / PCBA,Plant-Austin-US,2024-06-15,2024-07-30,2024-07-30,0,2028,2028,12.592,12.142,DDP,Ocean,False
PO0001085,V0013,PCB / PCBA,Plant-Penang-MY,2024-07-20,2024-08-31,2024-09-01,1,3642,3642,63.891,63.684,EXW,Ocean,False
PO0001086,V0013,PCB / PCBA,Plant-Penang-MY,2024-07-25,2024-08-25,2024-08-26,1,2821,2821,79.815,82.794,EXW,Ocean,False
PO0001087,V0013,PCB / PCBA,Plant-Guadalajara-MX,2024-08-07,2024-09-17,2024-09-17,0,1010,1010,61.931,63.003,CIF,Truck,False
PO0001088,V0013,PCB / PCBA,Plant-Guadalajara-MX,2024-08-26,2024-10-05,2024-10-07,2,9617,9617,68.308,66.087,FOB,Truck,False
PO0001089,V0013,PCB / PCBA,Plant-Brno-CZ,2024-09-03,2024-10-16,2024-10-17,1,31991,31991,20.762,21.107,EXW,Air,False
PO0001090,V0013,PCB / PCBA,Plant-Austin-US,2024-09-20,2024-11-04,2024-11-04,0,5661,5661,22.573,23.211,DDP,Ocean,False
PO0001091,V0013,PCB / PCBA,Plant-Penang-MY,2024-10-16,2024-12-04,2024-12-04,0,7024,7024,58.518,58.269,DDP,Ocean,False
PO0001092,V0013,PCB / PCBA,Plant-Brno-CZ,2024-10-21,2024-12-07,2024-12-07,0,6130,6130,62.823,61.705,FOB,Truck,False
PO0001093,V0013,PCB / PCBA,Plant-Guadalajara-MX,2024-12-22,2025-02-05,2025-02-08,3,27024,27024,54.89,56.002,EXW,Air,False
PO0001094,V0013,PCB / PCBA,Plant-Brno-CZ,2024-12-23,2025-02-03,2025-02-03,0,5686,5686,26.425,26.529,EXW,Truck,False
PO0001095,V0013,PCB / PCBA,Plant-Penang-MY,2025-01-03,2025-02-15,2025-02-17,2,11213,11213,11.318,11.643,CIF,Truck,False
PO0001096,V0013,PCB / PCBA,Plant-Guadalajara-MX,2025-01-15,2025-02-23,2025-02-23,0,548,548,36.261,36.276,EXW,Ocean,False
PO0001097,V0013,PCB / PCBA,Plant-Brno-CZ,2025-01-18,2025-03-07,2025-03-09,2,2262,2262,14.212,13.907,CIF,Ocean,False
PO0001098,V0013,PCB / PCBA,Plant-Guadalajara-MX,2025-01-22,2025-03-07,2025-03-07,0,4442,4442,59.668,59.753,EXW,Ocean,False
PO0001099,V0013,PCB / PCBA,Plant-Guadalajara-MX,2025-02-21,2025-04-04,2025-04-04,0,5271,5271,50.307,50.419,EXW,Air,False
PO0001100,V0013,PCB / PCBA,Plant-Penang-MY,2025-03-03,2025-04-11,2025-04-22,11,30655,30655,66.81,69.509,DDP,Ocean,False
PO0001101,V0013,PCB / PCBA,Plant-Penang-MY,2025-03-08,2025-04-28,2025-05-15,17,3769,2952,45.28,42.985,EXW,Truck,False
PO0001102,V0013,PCB / PCBA,Plant-Penang-MY,2025-03-10,2025-05-02,2025-05-12,10,294,294,17.458,17.226,DDP,Ocean,False
PO0001103,V0013,PCB / PCBA,Plant-Brno-CZ,2025-03-14,2025-04-27,2025-05-30,33,5200,5200,41.029,39.536,FOB,Truck,False
PO0001104,V0013,PCB / PCBA,Plant-Austin-US,2025-03-23,2025-05-08,2025-05-21,13,3819,3819,59.575,59.004,DDP,Air,False
PO0001105,V0013,PCB / PCBA,Plant-Austin-US,2025-03-26,2025-05-14,2025-05-27,13,4568,4568,71.72,73.914,DDP,Truck,False
PO0001106,V0013,PCB / PCBA,Plant-Penang-MY,2025-04-16,2025-06-03,2025-06-20,17,2152,2152,30.234,29.993,DDP,Ocean,False
PO0001107,V0013,PCB / PCBA,Plant-Guadalajara-MX,2025-06-16,2025-07-30,2025-07-30,0,200000,200000,63.336,62.242,CIF,Air,False
PO0001108,V0013,PCB / PCBA,Plant-Penang-MY,2025-06-20,2025-08-06,2025-08-06,0,5413,5413,42.966,42.766,DDP,Truck,False
PO0001109,V0013,PCB / PCBA,Plant-Brno-CZ,2025-06-21,2025-08-01,2025-08-01,0,1882,1882,28.219,26.892,CIF,Ocean,False
PO0001110,V0013,PCB / PCBA,Plant-Guadalajara-MX,2025-07-04,2025-08-17,2025-08-25,8,4939,4939,21.432,21.733,FOB,Ocean,False
PO0001111,V0013,PCB / PCBA,Plant-Penang-MY,2025-07-20,2025-09-04,2025-09-06,2,13162,13162,73.219,74.984,CIF,Ocean,False
PO0001112,V0013,PCB / PCBA,Plant-Austin-US,2025-07-31,2025-09-02,2025-09-03,1,1387,1387,33.525,33.82,FOB,Ocean,False
PO0001113,V0013,PCB / PCBA,Plant-Penang-MY,2025-08-08,2025-09-18,2025-09-18,0,3039,3039,22.512,21.887,CIF,Air,False
PO0001114,V0013,PCB / PCBA,Plant-Guadalajara-MX,2025-08-19,2025-10-07,2025-10-07,0,2453,2453,53.516,52.671,DDP,Ocean,False
PO0001115,V0013,PCB / PCBA,Plant-Guadalajara-MX,2025-08-21,2025-10-02,2025-10-02,0,6701,6701,58.653,58.155,DDP,Ocean,False
PO0001116,V0013,PCB / PCBA,Plant-Brno-CZ,2025-09-03,2025-10-20,2025-10-20,0,17318,17318,57.464,55.487,DDP,Ocean,False
PO0001117,V0013,PCB / PCBA,Plant-Brno-CZ,2025-09-27,2025-11-16,2025-11-16,0,5779,5779,19.967,20.455,FOB,Ocean,False
PO0001118,V0013,PCB / PCBA,Plant-Guadalajara-MX,2025-10-02,2025-11-17,2025-11-18,1,8942,8942,35.635,35.183,EXW,Ocean,False
PO0001119,V0013,PCB / PCBA,Plant-Penang-MY,2025-10-22,2025-12-12,2025-12-12,0,734,734,81.281,78.794,CIF,Ocean,False
PO0001120,V0013,PCB / PCBA,Plant-Austin-US,2025-10-26,2025-12-12,2025-12-16,4,3327,3327,36.654,37.793,CIF,Air,False
PO0001121,V0013,PCB / PCBA,Plant-Penang-MY,2025-11-20,2025-12-29,2025-12-30,1,3058,3058,74.912,75.666,EXW,Air,False
PO0001122,V0013,PCB / PCBA,Plant-Austin-US,2025-12-16,2026-01-31,2026-01-31,0,27526,27526,34.52,33.458,DDP,Truck,False
PO0001123,V0013,PCB / PCBA,Plant-Penang-MY,2026-01-12,2026-02-21,2026-02-22,1,9310,9310,49.766,50.3,CIF,Ocean,False
PO0001124,V0013,PCB / PCBA,Plant-Austin-US,2026-02-04,2026-03-21,2026-03-23,2,15088,15088,79.878,80.237,EXW,Ocean,False
PO0001125,V0013,PCB / PCBA,Plant-Brno-CZ,2026-02-11,2026-03-22,2026-03-22,0,31635,31635,69.246,68.161,EXW,Ocean,False
PO0001126,V0013,PCB / PCBA,Plant-Guadalajara-MX,2026-02-15,2026-03-23,2026-03-23,0,10681,10681,69.003,71.954,EXW,Ocean,False
PO0001127,V0013,PCB / PCBA,Plant-Penang-MY,2026-03-23,2026-05-01,2026-05-01,0,9047,9047,38.7,38.862,CIF,Air,True
PO0001128,V0013,PCB / PCBA,Plant-Brno-CZ,2026-04-06,2026-05-19,2026-05-21,2,14422,14422,85.207,84.418,FOB,Air,False
PO0001129,V0013,PCB / PCBA,Plant-Guadalajara-MX,2026-04-08,2026-05-23,2026-05-23,0,3367,3367,30.352,30.392,CIF,Air,True
PO0001130,V0013,PCB / PCBA,Plant-Austin-US,2026-05-02,2026-06-30,2026-06-30,0,1217,1217,38.523,36.93,CIF,Ocean,False
PO0001131,V0013,PCB / PCBA,Plant-Penang-MY,2026-05-03,2026-06-14,2026-06-14,0,7456,7456,24.674,25.327,FOB,Ocean,False
PO0001132,V0013,PCB / PCBA,Plant-Penang-MY,2026-05-08,2026-06-24,2026-06-24,0,1837,1837,34.543,34.959,FOB,Truck,False
PO0001133,V0013,PCB / PCBA,Plant-Austin-US,2026-05-11,2026-07-06,2026-07-06,0,14289,14289,43.874,44.967,FOB,Ocean,False
PO0001134,V0013,PCB / PCBA,Plant-Austin-US,2026-06-18,2026-07-26,2026-07-27,1,3785,3785,29.252,28.665,FOB,Ocean,False
PO0001135,V0014,Batteries,Plant-Brno-CZ,2022-02-28,2022-04-16,2022-04-16,0,8455,8455,9.873,10.115,DDP,Ocean,False
PO0001136,V0014,Batteries,Plant-Penang-MY,2022-03-12,2022-04-15,2022-04-16,1,4181,3248,16.031,17.438,DDP,Air,False
PO0001137,V0014,Batteries,Plant-Guadalajara-MX,2022-04-02,2022-05-23,2022-05-24,1,68114,68114,34.6,34.835,FOB,Ocean,False
PO0001138,V0014,Batteries,Plant-Brno-CZ,2022-06-10,2022-07-29,2022-07-30,1,3297,3297,22.036,23.853,FOB,Truck,False
PO0001139,V0014,Batteries,Plant-Penang-MY,2022-06-25,2022-08-09,2022-08-10,1,54552,54552,40.705,44.304,CIF,Ocean,False
PO0001140,V0014,Batteries,Plant-Austin-US,2022-08-13,2022-10-04,2022-10-06,2,1804,1804,42.528,40.504,FOB,Ocean,False
PO0001141,V0014,Batteries,Plant-Austin-US,2022-10-19,2022-12-05,2022-12-08,3,1446,1446,28.956,29.259,FOB,Ocean,False
PO0001142,V0014,Batteries,Plant-Guadalajara-MX,2023-04-06,2023-06-07,2023-06-22,15,5858,5858,6.981,7.468,CIF,Ocean,False
PO0001143,V0014,Batteries,Plant-Guadalajara-MX,2023-04-15,2023-06-05,2023-06-05,0,6271,6271,58.423,64.173,EXW,Ocean,False
PO0001144,V0014,Batteries,Plant-Penang-MY,2023-06-21,2023-08-08,2023-08-08,0,1337,1337,58.882,55.149,CIF,Ocean,False
PO0001145,V0014,Batteries,Plant-Brno-CZ,2023-08-07,2023-09-26,2023-09-28,2,426,426,14.597,16.818,CIF,Ocean,False
PO0001146,V0014,Batteries,Plant-Penang-MY,2023-10-30,2023-12-20,2023-12-20,0,4683,4683,50.09,50.384,CIF,Ocean,False
PO0001147,V0014,Batteries,Plant-Austin-US,2023-11-16,2024-01-05,2024-01-05,0,4365,4365,20.048,21.819,FOB,Ocean,False
PO0001148,V0014,Batteries,Plant-Brno-CZ,2023-11-28,2024-01-20,2024-01-20,0,524,524,10.37,11.799,CIF,Ocean,False
PO0001149,V0014,Batteries,Plant-Austin-US,2024-01-26,2024-03-25,2024-03-25,0,5799,5799,3.645,3.531,FOB,Ocean,False
PO0001150,V0014,Batteries,Plant-Guadalajara-MX,2024-04-10,2024-06-03,2024-06-03,0,32176,22726,29.459,31.379,DDP,Ocean,False
PO0001151,V0014,Batteries,Plant-Penang-MY,2024-05-03,2024-06-19,2024-07-09,20,6216,6216,15.337,11.993,DDP,Ocean,False
PO0001152,V0014,Batteries,Plant-Austin-US,2024-05-25,2024-07-27,2024-07-27,0,2604,2604,59.847,58.479,CIF,Ocean,False
PO0001153,V0014,Batteries,Plant-Penang-MY,2024-05-27,2024-07-15,2024-07-15,0,3055,3055,56.568,51.705,EXW,Ocean,False
PO0001154,V0014,Batteries,Plant-Brno-CZ,2024-09-01,2024-10-20,2024-10-20,0,6886,6886,10.892,10.138,FOB,Ocean,False
PO0001155,V0014,Batteries,Plant-Austin-US,2024-10-22,2024-12-18,2024-12-18,0,2625,2625,12.124,12.325,FOB,Air,False
PO0001156,V0014,Batteries,Plant-Guadalajara-MX,2024-12-25,2025-02-03,2025-02-04,1,7360,7360,23.76,22.901,EXW,Ocean,False
PO0001157,V0014,Batteries,Plant-Brno-CZ,2025-03-30,2025-05-20,2025-05-24,4,3981,3981,55.489,53.376,EXW,Ocean,False
PO0001158,V0014,Batteries,Plant-Penang-MY,2025-05-24,2025-07-19,2025-07-19,0,6092,6092,7.547,7.022,EXW,Air,False
PO0001159,V0014,Batteries,Plant-Austin-US,2025-08-28,2025-10-11,2025-11-05,25,12698,12698,9.18,9.553,DDP,Ocean,False
PO0001160,V0014,Batteries,Plant-Brno-CZ,2025-09-05,2025-10-27,2025-10-27,0,6512,6512,48.222,50.86,EXW,Ocean,False
PO0001161,V0014,Batteries,Plant-Brno-CZ,2025-09-06,2025-10-19,2025-10-31,12,1353,1353,49.526,54.125,DDP,Air,False
PO0001162,V0014,Batteries,Plant-Austin-US,2025-10-28,2025-12-17,2025-12-23,6,2562,2562,5.392,5.192,CIF,Ocean,False
PO0001163,V0014,Batteries,Plant-Guadalajara-MX,2026-01-04,2026-03-03,2026-03-03,0,4590,4590,38.181,34.517,FOB,Ocean,False
PO0001164,V0014,Batteries,Plant-Brno-CZ,2026-02-01,2026-03-17,2026-03-18,1,6447,6447,33.892,29.939,DDP,Air,False
PO0001165,V0014,Batteries,Plant-Brno-CZ,2026-02-25,2026-04-21,2026-04-22,1,12841,9200,39.836,43.073,EXW,Truck,False
PO0001166,V0014,Batteries,Plant-Austin-US,2026-04-27,2026-06-10,2026-06-10,0,6349,6349,38.289,42.988,CIF,Ocean,False
PO0001167,V0015,PCB / PCBA,Plant-Brno-CZ,2022-01-01,2022-02-15,2022-02-15,0,1894,1894,69.474,84.688,FOB,Ocean,False
PO0001168,V0015,PCB / PCBA,Plant-Brno-CZ,2022-01-06,2022-02-20,2022-02-20,0,4787,4787,36.275,50.342,FOB,Ocean,False
PO0001169,V0015,PCB / PCBA,Plant-Penang-MY,2022-01-08,2022-02-19,2022-02-19,0,6725,6725,73.746,89.644,EXW,Ocean,False
PO0001170,V0015,PCB / PCBA,Plant-Guadalajara-MX,2022-01-13,2022-02-27,2022-02-28,1,6527,6527,52.434,40.644,EXW,Truck,False
PO0001171,V0015,PCB / PCBA,Plant-Austin-US,2022-01-21,2022-03-19,2022-03-19,0,9469,9469,88.453,68.96,DDP,Air,False
PO0001172,V0015,PCB / PCBA,Plant-Brno-CZ,2022-02-01,2022-03-26,2022-03-26,0,28158,28158,46.18,39.654,EXW,Ocean,False
PO0001173,V0015,PCB / PCBA,Plant-Guadalajara-MX,2022-02-03,2022-03-22,2022-03-22,0,8033,8033,8.451,10.438,FOB,Ocean,False
PO0001174,V0015,PCB / PCBA,Plant-Guadalajara-MX,2022-02-10,2022-03-28,2022-04-05,8,63596,63596,59.766,53.929,DDP,Ocean,False
PO0001175,V0015,PCB / PCBA,Plant-Guadalajara-MX,2022-03-03,2022-04-21,2022-05-01,10,4633,3343,64.466,90.954,FOB,Ocean,False
PO0001176,V0015,PCB / PCBA,Plant-Penang-MY,2022-03-04,2022-04-19,2022-05-09,20,3566,3566,86.748,67.317,CIF,Ocean,False
PO0001177,V0015,PCB / PCBA,Plant-Penang-MY,2022-04-06,2022-05-24,2022-06-01,8,25569,24322,25.082,26.629,FOB,Truck,False
PO0001178,V0015,PCB / PCBA,Plant-Guadalajara-MX,2022-04-10,2022-05-23,2022-06-27,35,26104,26104,73.173,71.109,DDP,Ocean,False
PO0001179,V0015,PCB / PCBA,Plant-Guadalajara-MX,2022-04-13,2022-05-29,2022-06-06,8,9109,9109,37.536,21.199,FOB,Ocean,False
PO0001180,V0015,PCB / PCBA,Plant-Brno-CZ,2022-04-20,2022-06-06,2022-06-07,1,15372,15372,36.687,40.468,DDP,Ocean,False
PO0001181,V0015,PCB / PCBA,Plant-Brno-CZ,2022-04-25,2022-06-06,2022-07-20,44,4287,4287,51.774,52.959,DDP,Ocean,False
PO0001182,V0015,PCB / PCBA,Plant-Austin-US,2022-04-30,2022-06-21,2022-07-20,29,9968,8714,80.034,67.051,DDP,Ocean,False
PO0001183,V0015,PCB / PCBA,Plant-Austin-US,2022-05-03,2022-06-17,2022-06-19,2,8085,6971,12.075,11.752,DDP,Ocean,False
PO0001184,V0015,PCB / PCBA,Plant-Austin-US,2022-05-08,2022-06-25,2022-06-25,0,4918,4918,8.087,8.967,FOB,Ocean,False
PO0001185,V0015,PCB / PCBA,Plant-Penang-MY,2022-05-15,2022-06-17,2022-07-15,28,1590,1590,72.191,82.376,CIF,Ocean,False
PO0001186,V0015,PCB / PCBA,Plant-Penang-MY,2022-05-24,2022-07-02,2022-07-02,0,3111,3111,50.98,46.202,EXW,Ocean,False
PO0001187,V0015,PCB / PCBA,Plant-Guadalajara-MX,2022-06-13,2022-07-28,2022-08-05,8,2584,2411,9.736,12.087,DDP,Ocean,False
PO0001188,V0015,PCB / PCBA,Plant-Brno-CZ,2022-06-24,2022-08-09,2022-08-09,0,8756,8756,74.371,88.165,EXW,Ocean,False
PO0001189,V0015,PCB / PCBA,Plant-Austin-US,2022-07-06,2022-08-23,2022-08-23,0,1883,1883,87.629,93.811,FOB,Air,True
PO0001190,V0015,PCB / PCBA,Plant-Austin-US,2022-07-11,2022-08-16,2022-08-22,6,43634,43634,35.023,34.115,EXW,Ocean,False
PO0001191,V0015,PCB / PCBA,Plant-Penang-MY,2022-07-18,2022-09-04,2022-09-05,1,3135,3135,29.773,27.005,EXW,Ocean,False
PO0001192,V0015,PCB / PCBA,Plant-Austin-US,2022-07-19,2022-09-06,2022-09-06,0,445,445,57.764,68.778,CIF,Ocean,False
PO0001193,V0015,PCB / PCBA,Plant-Guadalajara-MX,2022-07-23,2022-09-05,2022-09-05,0,978,716,52.507,69.482,DDP,Ocean,False
PO0001194,V0015,PCB / PCBA,Plant-Penang-MY,2022-08-01,2022-09-08,2022-09-14,6,79,79,72.667,55.69,CIF,Air,False
PO0001195,V0015,PCB / PCBA,Plant-Austin-US,2022-08-08,2022-09-22,2022-10-01,9,2474,2474,52.339,43.667,DDP,Air,False
PO0001196,V0015,PCB / PCBA,Plant-Brno-CZ,2022-08-17,2022-09-29,2022-09-29,0,11315,11315,24.322,21.886,CIF,Ocean,False
PO0001197,V0015,PCB / PCBA,Plant-Austin-US,2022-09-02,2022-10-18,2022-10-30,12,5087,5087,24.02,35.509,DDP,Ocean,False
PO0001198,V0015,PCB / PCBA,Plant-Austin-US,2022-09-08,2022-10-27,2022-10-27,0,3756,3756,60.137,68.033,DDP,Ocean,False
PO0001199,V0015,PCB / PCBA,Plant-Guadalajara-MX,2022-09-09,2022-10-29,2022-10-31,2,4667,4667,35.602,31.283,DDP,Ocean,False
PO0001200,V0015,PCB / PCBA,Plant-Austin-US,2022-09-17,2022-11-04,2022-11-21,17,15280,15280,87.39,90.093,DDP,Truck,False
PO0001201,V0015,PCB / PCBA,Plant-Brno-CZ,2022-09-29,2022-11-09,2022-11-09,0,7503,7503,28.793,30.73,CIF,Truck,False
PO0001202,V0015,PCB / PCBA,Plant-Guadalajara-MX,2022-10-02,2022-11-09,2022-11-10,1,12044,12044,54.097,51.8,CIF,Ocean,False
PO0001203,V0015,PCB / PCBA,Plant-Brno-CZ,2022-10-24,2022-12-14,2022-12-14,0,11413,11413,19.092,16.28,EXW,Truck,False
PO0001204,V0015,PCB / PCBA,Plant-Brno-CZ,2022-11-02,2022-12-27,2022-12-27,0,14434,14434,8.007,7.039,DDP,Truck,False
PO0001205,V0015,PCB / PCBA,Plant-Guadalajara-MX,2022-11-08,2022-12-27,2022-12-27,0,9132,9132,82.828,98.687,EXW,Ocean,False
PO0001206,V0015,PCB / PCBA,Plant-Penang-MY,2022-11-20,2022-12-28,2023-01-03,6,1132,1132,29.747,22.08,EXW,Ocean,False
PO0001207,V0015,PCB / PCBA,Plant-Guadalajara-MX,2022-11-27,2023-01-15,2023-01-16,1,670,670,12.284,9.198,CIF,Ocean,False
PO0001208,V0015,PCB / PCBA,Plant-Penang-MY,2022-12-06,2023-01-15,2023-01-15,0,2631,2631,75.325,95.91,EXW,Truck,False
PO0001209,V0015,PCB / PCBA,Plant-Guadalajara-MX,2022-12-21,2023-02-10,2023-02-12,2,11330,11330,63.929,83.68,CIF,Air,False
PO0001210,V0015,PCB / PCBA,Plant-Penang-MY,2023-01-01,2023-02-20,2023-02-20,0,10686,10686,71.812,77.178,EXW,Air,True
PO0001211,V0015,PCB / PCBA,Plant-Guadalajara-MX,2023-01-09,2023-02-21,2023-03-06,13,33031,33031,40.353,37.252,EXW,Ocean,False
PO0001212,V0015,PCB / PCBA,Plant-Penang-MY,2023-01-16,2023-03-04,2023-03-06,2,1228,1228,5.264,5.866,DDP,Truck,False
PO0001213,V0015,PCB / PCBA,Plant-Brno-CZ,2023-01-19,2023-02-22,2023-02-23,1,69301,69301,75.81,79.424,EXW,Ocean,False
PO0001214,V0015,PCB / PCBA,Plant-Austin-US,2023-01-26,2023-03-11,2023-03-13,2,4416,4416,37.642,35.418,FOB,Ocean,False
PO0001215,V0015,PCB / PCBA,Plant-Brno-CZ,2023-02-02,2023-03-10,2023-03-10,0,5944,5944,56.507,49.608,CIF,Ocean,False
PO0001216,V0015,PCB / PCBA,Plant-Austin-US,2023-02-04,2023-03-27,2023-04-07,11,343,343,9.613,9.591,CIF,Ocean,False
PO0001217,V0015,PCB / PCBA,Plant-Guadalajara-MX,2023-02-15,2023-03-30,2023-03-30,0,2041,2041,49.156,76.788,EXW,Ocean,False
PO0001218,V0015,PCB / PCBA,Plant-Guadalajara-MX,2023-02-24,2023-04-14,2023-04-14,0,119800,119800,31.099,26.499,FOB,Ocean,False
PO0001219,V0015,PCB / PCBA,Plant-Guadalajara-MX,2023-02-28,2023-04-21,2023-04-22,1,8861,8411,30.971,40.206,FOB,Ocean,False
PO0001220,V0015,PCB / PCBA,Plant-Brno-CZ,2023-03-28,2023-05-16,2023-06-05,20,12750,12750,88.256,53.607,FOB,Truck,False
PO0001221,V0015,PCB / PCBA,Plant-Guadalajara-MX,2023-03-30,2023-05-15,2023-05-15,0,10747,10747,7.438,9.365,DDP,Air,True
PO0001222,V0015,PCB / PCBA,Plant-Penang-MY,2023-04-15,2023-05-30,2023-05-30,0,4508,3420,5.686,6.712,FOB,Ocean,False
PO0001223,V0015,PCB / PCBA,Plant-Brno-CZ,2023-04-25,2023-06-12,2023-06-26,14,8816,6471,64.65,65.846,DDP,Ocean,False
PO0001224,V0015,PCB / PCBA,Plant-Austin-US,2023-04-29,2023-06-07,2023-06-24,17,3700,3135,63.382,55.565,FOB,Ocean,False
PO0001225,V0015,PCB / PCBA,Plant-Guadalajara-MX,2023-05-05,2023-06-29,2023-06-29,0,60123,60123,54.129,45.625,DDP,Air,False
PO0001226,V0015,PCB / PCBA,Plant-Penang-MY,2023-05-06,2023-06-17,2023-06-24,7,13068,13068,28.494,23.497,CIF,Air,False
PO0001227,V0015,PCB / PCBA,Plant-Penang-MY,2023-05-07,2023-06-22,2023-06-23,1,35221,35221,44.845,40.137,DDP,Air,False
PO0001228,V0015,PCB / PCBA,Plant-Austin-US,2023-05-26,2023-07-12,2023-07-15,3,923,923,50.219,52.369,CIF,Air,False
PO0001229,V0015,PCB / PCBA,Plant-Austin-US,2023-06-08,2023-07-26,2023-07-27,1,2374,2374,58.163,45.137,DDP,Ocean,False
PO0001230,V0015,PCB / PCBA,Plant-Brno-CZ,2023-07-17,2023-09-04,2023-09-07,3,6754,5315,73.509,54.578,EXW,Truck,False
PO0001231,V0015,PCB / PCBA,Plant-Penang-MY,2023-07-25,2023-09-02,2023-09-02,0,2881,2881,34.712,25.976,CIF,Air,False
PO0001232,V0015,PCB / PCBA,Plant-Penang-MY,2023-08-18,2023-10-07,2023-10-18,11,4196,4196,35.256,35.25,FOB,Ocean,False
PO0001233,V0015,PCB / PCBA,Plant-Brno-CZ,2023-08-27,2023-10-10,2023-10-14,4,11940,11940,33.39,18.833,CIF,Ocean,False
PO0001234,V0015,PCB / PCBA,Plant-Guadalajara-MX,2023-09-18,2023-10-30,2023-11-04,5,2982,2982,84.706,50.655,EXW,Truck,False
PO0001235,V0015,PCB / PCBA,Plant-Austin-US,2023-09-30,2023-11-17,2023-11-17,0,958,958,71.573,72.174,EXW,Ocean,False
PO0001236,V0015,PCB / PCBA,Plant-Penang-MY,2023-10-02,2023-11-17,2023-11-17,0,5097,5097,69.491,84.937,FOB,Ocean,False
PO0001237,V0015,PCB / PCBA,Plant-Guadalajara-MX,2023-10-08,2023-11-18,2023-11-18,0,1180,922,7.729,8.469,CIF,Truck,False
PO0001238,V0015,PCB / PCBA,Plant-Austin-US,2023-10-09,2023-11-18,2023-11-19,1,13349,10217,85.345,93.598,CIF,Ocean,False
PO0001239,V0015,PCB / PCBA,Plant-Brno-CZ,2023-10-22,2023-12-08,2023-12-08,0,2207,2098,88.286,76.673,FOB,Ocean,False
PO0001240,V0015,PCB / PCBA,Plant-Guadalajara-MX,2023-11-26,2024-01-12,2024-02-09,28,32797,32797,61.14,38.05,CIF,Ocean,False
PO0001241,V0015,PCB / PCBA,Plant-Penang-MY,2023-12-09,2024-01-22,2024-02-25,34,68775,68775,39.821,43.923,EXW,Ocean,False
PO0001242,V0015,PCB / PCBA,Plant-Guadalajara-MX,2023-12-15,2024-02-02,2024-02-02,0,522,522,12.458,12.347,DDP,Truck,False
PO0001243,V0015,PCB / PCBA,Plant-Austin-US,2023-12-27,2024-02-13,2024-02-27,14,719,719,12.661,15.14,FOB,Ocean,False
PO0001244,V0015,PCB / PCBA,Plant-Brno-CZ,2023-12-28,2024-02-07,2024-03-09,31,86698,86698,22.948,12.269,CIF,Truck,False
PO0001245,V0015,PCB / PCBA,Plant-Guadalajara-MX,2024-01-02,2024-02-11,2024-02-11,0,1122,1067,50.417,56.683,FOB,Ocean,False
PO0001246,V0015,PCB / PCBA,Plant-Brno-CZ,2024-01-11,2024-02-24,2024-02-29,5,7648,7648,44.503,31.395,FOB,Ocean,False
PO0001247,V0015,PCB / PCBA,Plant-Penang-MY,2024-01-15,2024-02-26,2024-02-27,1,3446,3446,65.06,72.546,EXW,Ocean,False
PO0001248,V0015,PCB / PCBA,Plant-Penang-MY,2024-01-28,2024-03-17,2024-03-17,0,1734,1734,29.869,26.799,DDP,Ocean,False
PO0001249,V0015,PCB / PCBA,Plant-Austin-US,2024-02-02,2024-03-17,2024-03-25,8,4400,4400,16.489,15.425,EXW,Air,False
PO0001250,V0015,PCB / PCBA,Plant-Penang-MY,2024-02-16,2024-03-30,2024-04-12,13,3963,3963,50.689,38.134,FOB,Ocean,False
PO0001251,V0015,PCB / PCBA,Plant-Guadalajara-MX,2024-02-20,2024-04-02,2024-04-20,18,60974,60974,53.783,31.748,FOB,Ocean,False
PO0001252,V0015,PCB / PCBA,Plant-Guadalajara-MX,2024-02-24,2024-04-09,2024-04-09,0,905,905,17.753,17.241,CIF,Ocean,False
PO0001253,V0015,PCB / PCBA,Plant-Austin-US,2024-03-06,2024-04-22,2024-04-24,2,6716,6716,8.88,11.201,CIF,Truck,False
PO0001254,V0015,PCB / PCBA,Plant-Brno-CZ,2024-03-08,2024-04-15,2024-05-23,38,1601,1601,78.842,95.986,FOB,Air,False
PO0001255,V0015,PCB / PCBA,Plant-Austin-US,2024-03-27,2024-05-09,2024-05-09,0,2299,2299,71.967,92.339,DDP,Ocean,False
PO0001256,V0015,PCB / PCBA,Plant-Austin-US,2024-03-29,2024-04-29,2024-04-29,0,1438,1438,26.908,28.407,FOB,Ocean,False
PO0001257,V0015,PCB / PCBA,Plant-Austin-US,2024-03-31,2024-05-20,2024-06-25,36,10682,8020,56.865,49.784,CIF,Ocean,False
PO0001258,V0015,PCB / PCBA,Plant-Austin-US,2024-04-06,2024-05-18,2024-06-18,31,6032,6032,89.358,72.983,CIF,Ocean,False
PO0001259,V0015,PCB / PCBA,Plant-Brno-CZ,2024-04-07,2024-05-22,2024-06-04,13,1606,1606,27.216,29.52,DDP,Ocean,False
PO0001260,V0015,PCB / PCBA,Plant-Brno-CZ,2024-04-11,2024-05-25,2024-05-25,0,760,760,77.57,84.869,DDP,Ocean,False
PO0001261,V0015,PCB / PCBA,Plant-Austin-US,2024-05-02,2024-06-16,2024-06-19,3,26633,21401,50.272,30.205,DDP,Ocean,False
PO0001262,V0015,PCB / PCBA,Plant-Austin-US,2024-05-13,2024-06-27,2024-07-07,10,697,599,79.945,110.227,FOB,Truck,False
PO0001263,V0015,PCB / PCBA,Plant-Austin-US,2024-05-21,2024-07-15,2024-07-15,0,800,800,35.531,27.097,FOB,Ocean,False
PO0001264,V0015,PCB / PCBA,Plant-Austin-US,2024-05-22,2024-07-03,2024-07-08,5,10949,7816,15.835,14.546,EXW,Ocean,False
PO0001265,V0015,PCB / PCBA,Plant-Austin-US,2024-05-25,2024-07-14,2024-08-26,43,1995,1995,54.304,65.04,EXW,Ocean,False
PO0001266,V0015,PCB / PCBA,Plant-Brno-CZ,2024-05-29,2024-07-13,2024-07-22,9,2208,2208,14.344,14.805,DDP,Ocean,False
PO0001267,V0015,PCB / PCBA,Plant-Brno-CZ,2024-06-02,2024-07-12,2024-07-20,8,11914,9629,29.9,21.683,CIF,Truck,False
PO0001268,V0015,PCB / PCBA,Plant-Guadalajara-MX,2024-06-22,2024-08-09,2024-08-09,0,7943,7943,84.504,99.303,CIF,Ocean,False
PO0001269,V0015,PCB / PCBA,Plant-Penang-MY,2024-06-26,2024-08-10,2024-08-11,1,21844,21844,84.294,68.29,CIF,Ocean,False
PO0001270,V0015,PCB / PCBA,Plant-Penang-MY,2024-07-11,2024-08-21,2024-08-21,0,322,262,48.637,35.108,FOB,Truck,False
PO0001271,V0015,PCB / PCBA,Plant-Guadalajara-MX,2024-08-03,2024-09-17,2024-09-22,5,26445,26445,89.755,142.58,FOB,Ocean,False
PO0001272,V0015,PCB / PCBA,Plant-Austin-US,2024-08-04,2024-09-16,2024-09-16,0,2438,2438,52.686,50.521,DDP,Truck,False
PO0001273,V0015,PCB / PCBA,Plant-Austin-US,2024-08-07,2024-09-12,2024-09-27,15,21193,21193,24.942,18.604,EXW,Air,False
PO0001274,V0015,PCB / PCBA,Plant-Penang-MY,2024-08-11,2024-10-04,2024-11-11,38,1069,792,88.0,82.681,CIF,Ocean,False
PO0001275,V0015,PCB / PCBA,Plant-Guadalajara-MX,2024-08-21,2024-10-01,2024-10-01,0,1494,1494,40.93,28.313,CIF,Air,False
PO0001276,V0015,PCB / PCBA,Plant-Guadalajara-MX,2024-08-25,2024-10-05,2024-10-26,21,45493,45493,27.05,18.756,EXW,Air,False
PO0001277,V0015,PCB / PCBA,Plant-Austin-US,2024-09-03,2024-10-22,2024-10-24,2,7417,7417,63.108,72.356,CIF,Truck,False
PO0001278,V0015,PCB / PCBA,Plant-Austin-US,2024-09-19,2024-11-02,2024-11-02,0,4301,3773,62.296,58.369,DDP,Truck,False
PO0001279,V0015,PCB / PCBA,Plant-Austin-US,2024-09-25,2024-11-08,2024-11-12,4,13317,13317,23.242,32.207,EXW,Ocean,False
PO0001280,V0015,PCB / PCBA,Plant-Penang-MY,2024-10-02,2024-11-18,2024-11-18,0,16980,16980,76.852,85.449,FOB,Air,False
PO0001281,V0015,PCB / PCBA,Plant-Brno-CZ,2024-10-12,2024-12-03,2024-12-03,0,2303,2303,48.829,53.097,EXW,Ocean,False
PO0001282,V0015,PCB / PCBA,Plant-Guadalajara-MX,2024-10-21,2024-12-02,2024-12-04,2,4207,4207,35.687,44.205,CIF,Ocean,False
PO0001283,V0015,PCB / PCBA,Plant-Penang-MY,2024-10-30,2024-12-13,2025-01-04,22,9423,9423,86.094,112.427,FOB,Air,False
PO0001284,V0015,PCB / PCBA,Plant-Penang-MY,2024-11-02,2024-12-19,2024-12-20,1,2842,2842,54.248,64.125,DDP,Ocean,False
PO0001285,V0015,PCB / PCBA,Plant-Penang-MY,2024-11-11,2024-12-27,2025-01-04,8,849,849,84.751,94.053,EXW,Truck,False
PO0001286,V0015,PCB / PCBA,Plant-Guadalajara-MX,2024-12-07,2025-01-25,2025-01-26,1,947,947,72.894,61.545,EXW,Ocean,False
PO0001287,V0015,PCB / PCBA,Plant-Brno-CZ,2024-12-09,2025-01-28,2025-01-29,1,4557,4557,35.559,28.965,CIF,Ocean,False
PO0001288,V0015,PCB / PCBA,Plant-Penang-MY,2024-12-13,2025-01-20,2025-01-20,0,5861,5861,24.174,19.453,CIF,Air,False
PO0001289,V0015,PCB / PCBA,Plant-Brno-CZ,2025-01-02,2025-02-17,2025-02-17,0,10639,10639,75.326,79.813,EXW,Ocean,False
PO0001290,V0015,PCB / PCBA,Plant-Guadalajara-MX,2025-01-05,2025-02-15,2025-02-15,0,949,690,37.716,37.882,EXW,Ocean,False
PO0001291,V0015,PCB / PCBA,Plant-Brno-CZ,2025-01-08,2025-02-22,2025-03-01,7,4843,4843,37.929,32.269,DDP,Ocean,False
PO0001292,V0015,PCB / PCBA,Plant-Penang-MY,2025-01-19,2025-02-28,2025-02-28,0,3113,3113,37.913,43.326,DDP,Truck,False
PO0001293,V0015,PCB / PCBA,Plant-Austin-US,2025-02-08,2025-03-22,2025-04-17,26,1724,1573,17.318,15.713,CIF,Truck,False
PO0001294,V0015,PCB / PCBA,Plant-Austin-US,2025-03-05,2025-04-15,2025-04-15,0,3609,3609,59.566,76.048,EXW,Air,False
PO0001295,V0015,PCB / PCBA,Plant-Guadalajara-MX,2025-03-10,2025-05-01,2025-07-17,77,1017,1017,51.652,35.722,EXW,Ocean,False
PO0001296,V0015,PCB / PCBA,Plant-Austin-US,2025-03-12,2025-04-28,2025-04-28,0,43102,43102,40.787,59.109,FOB,Truck,False
PO0001297,V0015,PCB / PCBA,Plant-Austin-US,2025-04-02,2025-05-13,2025-06-06,24,20838,20838,49.647,58.225,DDP,Truck,False
PO0001298,V0015,PCB / PCBA,Plant-Guadalajara-MX,2025-04-28,2025-06-09,2025-06-15,6,3962,3962,26.185,31.802,FOB,Truck,False
PO0001299,V0015,PCB / PCBA,Plant-Penang-MY,2025-05-03,2025-06-15,2025-06-15,0,11039,11039,59.378,59.152,DDP,Air,False
PO0001300,V0015,PCB / PCBA,Plant-Penang-MY,2025-05-26,2025-07-10,2025-07-10,0,7211,7211,59.419,66.904,DDP,Air,True
PO0001301,V0015,PCB / PCBA,Plant-Penang-MY,2025-06-05,2025-07-24,2025-08-12,19,5924,5924,83.244,46.019,CIF,Ocean,False
PO0001302,V0015,PCB / PCBA,Plant-Austin-US,2025-06-08,2025-07-28,2025-08-04,7,2596,2596,21.9,26.21,DDP,Ocean,False
PO0001303,V0015,PCB / PCBA,Plant-Austin-US,2025-06-16,2025-08-05,2025-08-18,13,7958,7958,54.037,31.754,CIF,Truck,False
PO0001304,V0015,PCB / PCBA,Plant-Guadalajara-MX,2025-06-24,2025-08-08,2025-08-19,11,8460,8460,62.318,66.194,CIF,Ocean,False
PO0001305,V0015,PCB / PCBA,Plant-Guadalajara-MX,2025-06-25,2025-08-04,2025-08-28,24,10085,10085,40.97,37.695,CIF,Truck,False
PO0001306,V0015,PCB / PCBA,Plant-Guadalajara-MX,2025-06-26,2025-08-03,2025-09-10,38,5051,5051,89.808,111.697,DDP,Ocean,False
PO0001307,V0015,PCB / PCBA,Plant-Austin-US,2025-07-12,2025-08-28,2025-08-28,0,7249,7249,78.606,101.866,CIF,Ocean,False
PO0001308,V0015,PCB / PCBA,Plant-Guadalajara-MX,2025-07-15,2025-08-31,2025-09-03,3,6111,5772,73.602,53.479,FOB,Ocean,False
PO0001309,V0015,PCB / PCBA,Plant-Penang-MY,2025-07-18,2025-09-01,2025-09-08,7,1706,1706,59.968,54.118,CIF,Ocean,False
PO0001310,V0015,PCB / PCBA,Plant-Guadalajara-MX,2025-07-26,2025-09-08,2025-09-13,5,16297,16297,57.37,65.585,EXW,Ocean,False
PO0001311,V0015,PCB / PCBA,Plant-Brno-CZ,2025-08-01,2025-09-09,2025-09-18,9,5955,5955,38.872,46.516,DDP,Ocean,False
PO0001312,V0015,PCB / PCBA,Plant-Austin-US,2025-08-07,2025-09-20,2025-10-11,21,7577,7577,65.377,79.304,EXW,Ocean,False
PO0001313,V0015,PCB / PCBA,Plant-Penang-MY,2025-08-09,2025-09-19,2025-09-19,0,3880,3880,57.33,47.424,EXW,Truck,False
PO0001314,V0015,PCB / PCBA,Plant-Guadalajara-MX,2025-08-13,2025-09-26,2025-10-12,16,9391,9391,15.566,10.265,DDP,Ocean,False
PO0001315,V0015,PCB / PCBA,Plant-Penang-MY,2025-08-19,2025-09-29,2025-09-29,0,17805,17805,44.343,48.716,FOB,Truck,False
PO0001316,V0015,PCB / PCBA,Plant-Penang-MY,2025-08-20,2025-10-02,2025-10-21,19,5454,5454,23.211,23.914,DDP,Air,False
PO0001317,V0015,PCB / PCBA,Plant-Brno-CZ,2025-08-24,2025-10-13,2025-11-05,23,14010,14010,13.898,12.315,EXW,Ocean,False
PO0001318,V0015,PCB / PCBA,Plant-Brno-CZ,2025-08-29,2025-10-06,2025-10-15,9,25108,20263,37.054,26.509,DDP,Truck,False
PO0001319,V0015,PCB / PCBA,Plant-Austin-US,2025-08-30,2025-10-16,2025-10-25,9,7673,7673,64.539,28.833,CIF,Ocean,False
PO0001320,V0015,PCB / PCBA,Plant-Guadalajara-MX,2025-09-13,2025-10-19,2025-10-25,6,691,525,30.702,19.422,CIF,Ocean,False
PO0001321,V0015,PCB / PCBA,Plant-Penang-MY,2025-09-14,2025-10-30,2025-11-17,18,604,478,47.125,47.838,CIF,Air,False
PO0001322,V0015,PCB / PCBA,Plant-Guadalajara-MX,2025-09-22,2025-11-02,2025-11-02,0,3476,3476,10.749,9.625,CIF,Ocean,False
PO0001323,V0015,PCB / PCBA,Plant-Austin-US,2025-09-29,2025-11-10,2025-11-20,10,1882,1440,88.742,80.182,CIF,Ocean,False
PO0001324,V0015,PCB / PCBA,Plant-Penang-MY,2025-10-15,2025-11-22,2025-11-23,1,2071,2071,58.734,64.869,FOB,Ocean,False
PO0001325,V0015,PCB / PCBA,Plant-Brno-CZ,2025-10-16,2025-12-01,2025-12-14,13,6288,4923,19.512,19.31,DDP,Air,False
PO0001326,V0015,PCB / PCBA,Plant-Guadalajara-MX,2025-10-19,2025-12-09,2025-12-09,0,5531,5531,71.898,88.585,DDP,Ocean,False
PO0001327,V0015,PCB / PCBA,Plant-Guadalajara-MX,2025-10-22,2025-12-06,2025-12-06,0,11474,11474,54.165,32.234,FOB,Air,False
PO0001328,V0015,PCB / PCBA,Plant-Guadalajara-MX,2025-10-27,2025-12-07,2025-12-30,23,2741,2094,29.018,21.078,CIF,Truck,False
PO0001329,V0015,PCB / PCBA,Plant-Austin-US,2025-10-29,2025-12-15,2025-12-20,5,20483,17613,28.414,23.323,CIF,Ocean,False
PO0001330,V0015,PCB / PCBA,Plant-Guadalajara-MX,2025-11-04,2025-12-09,2025-12-25,16,2034,2034,83.145,95.025,EXW,Air,False
PO0001331,V0015,PCB / PCBA,Plant-Brno-CZ,2025-12-10,2026-01-27,2026-01-27,0,12745,12745,20.928,19.881,FOB,Ocean,False
PO0001332,V0015,PCB / PCBA,Plant-Austin-US,2025-12-19,2026-02-07,2026-02-16,9,2030,2030,34.87,34.489,CIF,Ocean,False
PO0001333,V0015,PCB / PCBA,Plant-Brno-CZ,2025-12-23,2026-02-08,2026-03-02,22,4723,4723,10.255,10.382,DDP,Air,False
PO0001334,V0015,PCB / PCBA,Plant-Guadalajara-MX,2025-12-24,2026-02-16,2026-02-17,1,12370,9409,41.073,36.176,DDP,Truck,False
PO0001335,V0015,PCB / PCBA,Plant-Guadalajara-MX,2025-12-30,2026-02-10,2026-03-03,21,1606,1606,25.695,23.824,CIF,Truck,False
PO0001336,V0015,PCB / PCBA,Plant-Penang-MY,2025-12-31,2026-02-07,2026-02-07,0,8279,7204,58.434,68.292,CIF,Ocean,False
PO0001337,V0015,PCB / PCBA,Plant-Brno-CZ,2026-01-06,2026-02-19,2026-02-19,0,30341,22286,27.892,26.888,FOB,Air,False
PO0001338,V0015,PCB / PCBA,Plant-Brno-CZ,2026-01-08,2026-02-14,2026-02-19,5,36272,36272,39.593,45.381,DDP,Air,False
PO0001339,V0015,PCB / PCBA,Plant-Austin-US,2026-01-10,2026-02-18,2026-02-19,1,1829,1829,7.199,9.264,FOB,Air,False
PO0001340,V0015,PCB / PCBA,Plant-Brno-CZ,2026-01-11,2026-02-26,2026-02-26,0,4436,4436,62.637,70.176,CIF,Truck,False
PO0001341,V0015,PCB / PCBA,Plant-Austin-US,2026-01-21,2026-03-06,2026-03-08,2,2082,1825,12.689,15.452,CIF,Ocean,False
PO0001342,V0015,PCB / PCBA,Plant-Austin-US,2026-01-31,2026-03-17,2026-03-29,12,1791,1791,32.838,32.373,FOB,Ocean,False
PO0001343,V0015,PCB / PCBA,Plant-Brno-CZ,2026-02-20,2026-04-11,2026-04-11,0,8428,8428,36.011,46.53,CIF,Truck,False
PO0001344,V0015,PCB / PCBA,Plant-Austin-US,2026-03-13,2026-04-27,2026-05-09,12,12965,11177,73.165,81.682,DDP,Truck,False
PO0001345,V0015,PCB / PCBA,Plant-Brno-CZ,2026-03-17,2026-04-27,2026-05-07,10,2969,2969,87.991,76.08,EXW,Ocean,False
PO0001346,V0015,PCB / PCBA,Plant-Brno-CZ,2026-03-23,2026-05-12,2026-05-12,0,10604,10604,39.099,24.492,CIF,Ocean,False
PO0001347,V0015,PCB / PCBA,Plant-Brno-CZ,2026-04-11,2026-05-31,2026-06-06,6,6291,5719,55.7,23.475,EXW,Truck,False
PO0001348,V0015,PCB / PCBA,Plant-Austin-US,2026-05-19,2026-07-06,2026-07-07,1,9663,9663,66.168,69.109,DDP,Air,False
PO0001349,V0015,PCB / PCBA,Plant-Penang-MY,2026-05-24,2026-07-01,2026-07-02,1,1874,1520,46.022,53.134,DDP,Air,False
PO0001350,V0015,PCB / PCBA,Plant-Austin-US,2026-06-18,2026-08-04,2026-08-04,0,1246,1246,38.412,39.779,EXW,Truck,False
PO0001351,V0016,Displays,Plant-Brno-CZ,2022-02-04,2022-04-06,2022-04-07,1,1117,1117,100.946,93.816,EXW,Air,False
PO0001352,V0016,Displays,Plant-Austin-US,2022-02-18,2022-04-18,2022-04-21,3,4514,4514,208.381,216.177,FOB,Truck,False
PO0001353,V0016,Displays,Plant-Austin-US,2022-06-02,2022-08-05,2022-09-12,38,3640,3640,189.159,175.698,FOB,Ocean,False
PO0001354,V0016,Displays,Plant-Guadalajara-MX,2022-06-06,2022-07-24,2022-07-25,1,1573,1573,178.185,180.755,EXW,Ocean,False
PO0001355,V0016,Displays,Plant-Penang-MY,2022-06-30,2022-08-21,2022-09-07,17,4049,4049,71.043,64.134,FOB,Air,False
PO0001356,V0016,Displays,Plant-Brno-CZ,2022-07-09,2022-09-08,2022-09-08,0,1861,1861,67.458,66.357,EXW,Ocean,False
PO0001357,V0016,Displays,Plant-Brno-CZ,2022-07-24,2022-09-27,2022-10-17,20,18210,18210,70.802,73.903,EXW,Truck,False
PO0001358,V0016,Displays,Plant-Penang-MY,2022-09-13,2022-11-18,2022-11-18,0,5366,5366,172.533,178.528,DDP,Air,False
PO0001359,V0016,Displays,Plant-Brno-CZ,2022-10-06,2022-11-30,2022-11-30,0,20367,20367,30.134,30.197,DDP,Air,True
PO0001360,V0016,Displays,Plant-Penang-MY,2022-10-11,2022-12-16,2022-12-16,0,11050,11050,179.169,171.966,DDP,Ocean,False
PO0001361,V0016,Displays,Plant-Penang-MY,2023-01-22,2023-03-20,2023-03-20,0,32328,32328,103.385,106.562,EXW,Ocean,False
PO0001362,V0016,Displays,Plant-Guadalajara-MX,2023-02-08,2023-04-11,2023-04-15,4,3276,3276,43.803,46.127,FOB,Air,False
PO0001363,V0016,Displays,Plant-Brno-CZ,2023-02-20,2023-04-20,2023-04-20,0,4897,4897,124.273,127.313,CIF,Ocean,False
PO0001364,V0016,Displays,Plant-Guadalajara-MX,2023-03-26,2023-05-26,2023-05-30,4,2805,2805,87.014,89.116,DDP,Ocean,False
PO0001365,V0016,Displays,Plant-Austin-US,2023-03-30,2023-05-29,2023-05-30,1,6761,6761,113.689,122.56,CIF,Ocean,False
PO0001366,V0016,Displays,Plant-Austin-US,2023-05-07,2023-07-09,2023-07-09,0,4765,4765,15.719,14.915,FOB,Air,False
PO0001367,V0016,Displays,Plant-Brno-CZ,2023-06-04,2023-08-01,2023-08-01,0,6484,6484,151.214,144.821,DDP,Ocean,False
PO0001368,V0016,Displays,Plant-Austin-US,2023-06-08,2023-07-31,2023-07-31,0,4470,4470,27.727,28.82,EXW,Air,False
PO0001369,V0016,Displays,Plant-Penang-MY,2023-06-21,2023-08-14,2023-08-15,1,42940,42940,16.459,16.654,FOB,Truck,False
PO0001370,V0016,Displays,Plant-Austin-US,2023-07-28,2023-09-27,2023-09-27,0,6492,6492,200.736,211.289,DDP,Ocean,False
PO0001371,V0016,Displays,Plant-Penang-MY,2023-11-11,2023-12-29,2023-12-29,0,4802,4802,46.866,52.63,FOB,Air,False
PO0001372,V0016,Displays,Plant-Brno-CZ,2023-11-21,2024-01-13,2024-01-14,1,5571,5571,161.158,164.879,DDP,Ocean,False
PO0001373,V0016,Displays,Plant-Guadalajara-MX,2023-11-27,2024-01-29,2024-01-31,2,663,663,64.596,65.112,EXW,Air,False
PO0001374,V0016,Displays,Plant-Austin-US,2023-12-02,2024-02-03,2024-02-03,0,4507,4507,106.631,115.422,CIF,Truck,False
PO0001375,V0016,Displays,Plant-Guadalajara-MX,2023-12-30,2024-02-23,2024-03-02,8,2229,2229,190.805,199.856,FOB,Ocean,False
PO0001376,V0016,Displays,Plant-Guadalajara-MX,2024-01-02,2024-03-07,2024-03-07,0,37420,37420,12.501,11.603,FOB,Air,False
PO0001377,V0016,Displays,Plant-Austin-US,2024-02-05,2024-04-04,2024-04-04,0,2087,2087,35.846,39.381,EXW,Ocean,False
PO0001378,V0016,Displays,Plant-Penang-MY,2024-02-29,2024-05-05,2024-05-26,21,1682,1682,122.475,118.827,DDP,Ocean,False
PO0001379,V0016,Displays,Plant-Guadalajara-MX,2024-04-27,2024-07-04,2024-07-04,0,249,249,138.324,145.655,FOB,Ocean,False
PO0001380,V0016,Displays,Plant-Austin-US,2024-05-18,2024-07-05,2024-08-06,32,1201,1201,146.345,165.687,EXW,Truck,False
PO0001381,V0016,Displays,Plant-Penang-MY,2024-06-05,2024-08-03,2024-08-03,0,12205,12205,71.513,66.514,EXW,Ocean,False
PO0001382,V0016,Displays,Plant-Guadalajara-MX,2024-06-11,2024-08-10,2024-09-09,30,4610,4610,105.242,107.761,CIF,Ocean,False
PO0001383,V0016,Displays,Plant-Brno-CZ,2024-06-29,2024-09-05,2024-09-20,15,25049,25049,10.08,9.863,FOB,Ocean,False
PO0001384,V0016,Displays,Plant-Guadalajara-MX,2024-07-07,2024-09-11,2024-09-11,0,5759,5759,160.008,160.91,DDP,Truck,False
PO0001385,V0016,Displays,Plant-Austin-US,2024-07-28,2024-09-28,2024-10-01,3,3520,3520,194.009,187.505,FOB,Truck,False
PO0001386,V0016,Displays,Plant-Penang-MY,2024-10-04,2024-12-01,2024-12-02,1,617,617,83.965,79.603,EXW,Ocean,False
PO0001387,V0016,Displays,Plant-Penang-MY,2024-11-26,2025-01-24,2025-01-24,0,4743,4743,103.981,101.991,EXW,Ocean,False
PO0001388,V0016,Displays,Plant-Brno-CZ,2025-01-09,2025-03-14,2025-03-16,2,10707,10707,43.308,43.702,DDP,Air,False
PO0001389,V0016,Displays,Plant-Penang-MY,2025-01-13,2025-03-09,2025-03-09,0,3213,3213,51.104,51.73,DDP,Ocean,False
PO0001390,V0016,Displays,Plant-Austin-US,2025-01-27,2025-03-26,2025-03-26,0,3287,3287,145.284,137.651,DDP,Ocean,False
PO0001391,V0016,Displays,Plant-Penang-MY,2025-01-29,2025-04-03,2025-04-03,0,41153,41153,103.043,103.76,FOB,Ocean,False
PO0001392,V0016,Displays,Plant-Guadalajara-MX,2025-04-13,2025-06-09,2025-06-09,0,1086,1086,192.755,189.856,CIF,Ocean,False
PO0001393,V0016,Displays,Plant-Brno-CZ,2025-05-04,2025-07-04,2025-07-04,0,4863,4727,212.59,225.142,EXW,Truck,False
PO0001394,V0016,Displays,Plant-Austin-US,2025-05-15,2025-07-16,2025-07-16,0,1475,1475,173.22,178.5,EXW,Air,False
PO0001395,V0016,Displays,Plant-Penang-MY,2025-05-20,2025-07-23,2025-07-23,0,2733,2733,71.184,73.843,FOB,Ocean,False
PO0001396,V0016,Displays,Plant-Penang-MY,2025-05-30,2025-07-24,2025-07-24,0,12469,12469,183.895,180.698,FOB,Truck,False
PO0001397,V0016,Displays,Plant-Guadalajara-MX,2025-06-14,2025-08-12,2025-08-12,0,326,326,78.355,75.215,DDP,Ocean,False
PO0001398,V0016,Displays,Plant-Penang-MY,2025-06-22,2025-08-16,2025-08-17,1,624,624,32.238,31.059,CIF,Truck,False
PO0001399,V0016,Displays,Plant-Penang-MY,2025-06-24,2025-08-28,2025-08-28,0,1726,1726,98.806,103.955,CIF,Air,True
PO0001400,V0016,Displays,Plant-Brno-CZ,2025-07-16,2025-09-25,2025-09-27,2,1644,1644,88.732,88.284,CIF,Air,False
PO0001401,V0016,Displays,Plant-Guadalajara-MX,2025-07-18,2025-09-15,2025-09-18,3,3581,3581,187.857,198.843,EXW,Air,False
PO0001402,V0016,Displays,Plant-Guadalajara-MX,2025-08-13,2025-10-06,2025-10-08,2,11804,11804,78.023,74.051,CIF,Air,False
PO0001403,V0016,Displays,Plant-Penang-MY,2025-08-16,2025-10-16,2025-10-16,0,3330,3330,163.516,164.158,CIF,Ocean,False
PO0001404,V0016,Displays,Plant-Austin-US,2025-09-26,2025-11-21,2025-11-21,0,2250,2250,148.654,150.831,FOB,Ocean,False
PO0001405,V0016,Displays,Plant-Austin-US,2025-10-07,2025-12-16,2025-12-16,0,1425,1425,211.054,216.589,FOB,Ocean,False
PO0001406,V0016,Displays,Plant-Penang-MY,2025-10-16,2025-12-12,2025-12-26,14,6771,6771,45.59,49.833,EXW,Ocean,False
PO0001407,V0016,Displays,Plant-Penang-MY,2025-10-21,2025-12-21,2025-12-31,10,166,166,85.383,82.728,DDP,Air,False
PO0001408,V0016,Displays,Plant-Penang-MY,2025-11-25,2026-02-07,2026-02-07,0,3397,3397,71.59,74.082,DDP,Air,False
PO0001409,V0016,Displays,Plant-Guadalajara-MX,2025-12-09,2026-02-03,2026-02-03,0,5057,5057,75.987,77.923,FOB,Truck,False
PO0001410,V0016,Displays,Plant-Brno-CZ,2026-03-03,2026-04-29,2026-04-30,1,4953,4953,75.183,79.8,DDP,Truck,False
PO0001411,V0016,Displays,Plant-Austin-US,2026-03-30,2026-06-09,2026-06-09,0,13930,13930,112.58,106.758,EXW,Ocean,False
PO0001412,V0016,Displays,Plant-Guadalajara-MX,2026-06-05,2026-08-03,2026-08-05,2,1703,1703,149.55,156.275,DDP,Ocean,False
PO0001413,V0016,Displays,Plant-Brno-CZ,2026-06-14,2026-08-06,2026-08-06,0,2637,2637,198.972,200.79,EXW,Ocean,False
PO0001414,V0016,Displays,Plant-Austin-US,2026-06-21,2026-08-21,2026-08-21,0,12408,12408,205.957,204.654,CIF,Ocean,False
PO0001415,V0017,PCB / PCBA,Plant-Austin-US,2022-03-19,2022-05-02,2022-05-02,0,3599,3599,19.387,18.726,EXW,Ocean,False
PO0001416,V0017,PCB / PCBA,Plant-Penang-MY,2023-06-17,2023-07-29,2023-07-29,0,4844,4844,17.623,15.375,CIF,Truck,False
PO0001417,V0017,PCB / PCBA,Plant-Penang-MY,2023-12-31,2024-01-29,2024-02-06,8,14967,14967,79.484,83.337,CIF,Ocean,False
PO0001418,V0017,PCB / PCBA,Plant-Brno-CZ,2024-01-02,2024-02-25,2024-02-28,3,5645,5645,72.374,78.692,EXW,Ocean,False
PO0001419,V0017,PCB / PCBA,Plant-Guadalajara-MX,2024-01-03,2024-02-14,2024-02-15,1,15501,15501,45.135,46.479,DDP,Ocean,False
PO0001420,V0017,PCB / PCBA,Plant-Guadalajara-MX,2024-05-30,2024-07-17,2024-08-06,20,4457,4457,87.863,76.949,DDP,Ocean,False
PO0001421,V0017,PCB / PCBA,Plant-Penang-MY,2024-06-07,2024-07-21,2024-08-09,19,5667,5667,62.202,65.954,DDP,Ocean,False
PO0001422,V0017,PCB / PCBA,Plant-Brno-CZ,2024-09-19,2024-10-27,2024-10-27,0,18119,17748,79.453,78.685,CIF,Truck,False
PO0001423,V0017,PCB / PCBA,Plant-Guadalajara-MX,2025-05-07,2025-06-14,2025-06-21,7,2248,2248,57.498,55.352,CIF,Ocean,False
PO0001424,V0017,PCB / PCBA,Plant-Penang-MY,2025-06-03,2025-07-12,2025-07-12,0,41769,41769,47.819,48.466,CIF,Truck,False
PO0001425,V0017,PCB / PCBA,Plant-Brno-CZ,2025-07-09,2025-08-25,2025-09-02,8,5681,5681,22.25,18.876,DDP,Air,False
PO0001426,V0017,PCB / PCBA,Plant-Guadalajara-MX,2025-07-24,2025-09-07,2025-09-10,3,16922,13923,27.084,25.279,CIF,Ocean,False
PO0001427,V0017,PCB / PCBA,Plant-Austin-US,2025-08-22,2025-10-03,2025-10-22,19,6606,6606,73.096,84.331,CIF,Ocean,False
PO0001428,V0017,PCB / PCBA,Plant-Brno-CZ,2025-09-05,2025-10-25,2025-10-25,0,25435,25435,75.895,75.643,CIF,Truck,False
PO0001429,V0017,PCB / PCBA,Plant-Penang-MY,2026-04-10,2026-05-22,2026-05-22,0,14596,14596,22.659,18.65,DDP,Ocean,False
PO0001430,V0018,Displays,Plant-Penang-MY,2022-01-20,2022-03-19,2022-03-19,0,6568,6568,78.22,77.204,FOB,Ocean,False
PO0001431,V0018,Displays,Plant-Austin-US,2022-05-05,2022-06-29,2022-06-29,0,12151,12151,193.557,184.224,CIF,Ocean,False
PO0001432,V0018,Displays,Plant-Guadalajara-MX,2022-07-28,2022-09-25,2022-09-25,0,1571,1571,93.845,86.716,EXW,Ocean,False
PO0001433,V0018,Displays,Plant-Austin-US,2022-08-17,2022-10-12,2022-10-12,0,18301,18301,188.68,214.213,DDP,Ocean,False
PO0001434,V0018,Displays,Plant-Penang-MY,2022-12-27,2023-02-18,2023-02-18,0,10249,10249,63.0,54.665,EXW,Ocean,False
PO0001435,V0018,Displays,Plant-Penang-MY,2023-03-19,2023-05-16,2023-05-16,0,1837,1837,167.494,144.821,EXW,Ocean,False
PO0001436,V0018,Displays,Plant-Brno-CZ,2023-04-11,2023-06-10,2023-06-11,1,3338,3338,108.908,111.031,FOB,Ocean,False
PO0001437,V0018,Displays,Plant-Guadalajara-MX,2023-09-14,2023-11-20,2023-11-23,3,12248,12248,94.531,96.873,CIF,Ocean,False
PO0001438,V0018,Displays,Plant-Penang-MY,2023-10-26,2023-12-27,2023-12-31,4,1499,1334,152.552,154.141,EXW,Truck,False
PO0001439,V0018,Displays,Plant-Brno-CZ,2023-11-09,2024-01-14,2024-01-14,0,582,582,197.614,198.146,DDP,Ocean,False
PO0001440,V0018,Displays,Plant-Brno-CZ,2024-03-09,2024-05-14,2024-05-14,0,11628,11628,57.643,55.123,EXW,Ocean,False
PO0001441,V0018,Displays,Plant-Guadalajara-MX,2024-07-28,2024-10-07,2024-10-07,0,3234,3234,150.882,152.626,CIF,Ocean,False
PO0001442,V0018,Displays,Plant-Brno-CZ,2024-09-20,2024-11-16,2024-11-22,6,831,831,129.758,129.708,DDP,Ocean,False
PO0001443,V0018,Displays,Plant-Austin-US,2024-12-28,2025-02-25,2025-02-25,0,1537,1537,212.392,211.541,CIF,Ocean,False
PO0001444,V0018,Displays,Plant-Guadalajara-MX,2025-07-26,2025-09-23,2025-10-09,16,3215,3215,134.304,126.16,EXW,Ocean,False
PO0001445,V0018,Displays,Plant-Penang-MY,2025-10-09,2025-12-12,2025-12-26,14,5789,5789,53.583,54.447,EXW,Truck,False
PO0001446,V0018,Displays,Plant-Brno-CZ,2026-02-13,2026-04-24,2026-04-25,1,887,887,13.145,15.244,EXW,Ocean,False
PO0001447,V0019,Batteries,Plant-Penang-MY,2022-04-05,2022-05-22,2022-05-23,1,19024,19024,24.762,24.403,DDP,Ocean,False
PO0001448,V0019,Batteries,Plant-Guadalajara-MX,2022-05-04,2022-06-16,2022-06-16,0,14492,14492,49.301,49.883,CIF,Ocean,False
PO0001449,V0019,Batteries,Plant-Guadalajara-MX,2022-05-28,2022-07-11,2022-07-11,0,69847,69847,34.872,35.589,CIF,Ocean,False
PO0001450,V0019,Batteries,Plant-Austin-US,2022-10-09,2022-11-28,2022-11-28,0,17205,17205,38.746,37.866,CIF,Air,False
PO0001451,V0019,Batteries,Plant-Brno-CZ,2022-12-01,2023-01-24,2023-01-24,0,7312,7312,26.228,27.166,FOB,Ocean,False
PO0001452,V0019,Batteries,Plant-Austin-US,2023-06-17,2023-07-26,2023-07-26,0,2081,2081,43.544,44.406,DDP,Truck,False
PO0001453,V0019,Batteries,Plant-Austin-US,2023-06-22,2023-08-09,2023-08-09,0,14118,14118,46.353,45.465,FOB,Ocean,False
PO0001454,V0019,Batteries,Plant-Austin-US,2023-07-28,2023-09-18,2023-09-18,0,3110,3110,36.852,36.716,FOB,Ocean,False
PO0001455,V0019,Batteries,Plant-Guadalajara-MX,2023-11-17,2023-12-30,2023-12-30,0,694,694,6.493,6.318,FOB,Ocean,False
PO0001456,V0019,Batteries,Plant-Penang-MY,2024-02-05,2024-03-31,2024-04-21,21,11652,11652,9.672,9.22,CIF,Air,False
PO0001457,V0019,Batteries,Plant-Penang-MY,2024-02-07,2024-04-02,2024-04-02,0,5924,5924,37.874,36.812,DDP,Air,True
PO0001458,V0019,Batteries,Plant-Guadalajara-MX,2024-05-22,2024-07-11,2024-07-17,6,2469,2469,24.491,25.066,CIF,Ocean,False
PO0001459,V0019,Batteries,Plant-Austin-US,2024-06-05,2024-07-24,2024-07-25,1,8469,8469,56.013,54.213,EXW,Ocean,False
PO0001460,V0019,Batteries,Plant-Brno-CZ,2024-06-11,2024-07-26,2024-07-26,0,22578,22578,55.933,56.349,DDP,Truck,False
PO0001461,V0019,Batteries,Plant-Penang-MY,2024-08-27,2024-10-19,2024-10-19,0,9014,9014,7.511,7.744,DDP,Air,False
PO0001462,V0019,Batteries,Plant-Guadalajara-MX,2025-04-08,2025-05-28,2025-05-28,0,1762,1762,44.7,43.358,DDP,Truck,False
PO0001463,V0019,Batteries,Plant-Brno-CZ,2025-04-13,2025-06-05,2025-06-05,0,11864,11864,49.845,48.76,EXW,Ocean,False
PO0001464,V0019,Batteries,Plant-Brno-CZ,2025-11-17,2025-12-31,2025-12-31,0,11478,11478,25.709,25.82,CIF,Ocean,False
PO0001465,V0019,Batteries,Plant-Brno-CZ,2025-11-18,2025-12-26,2026-01-08,13,35544,35544,3.982,3.968,EXW,Ocean,False
PO0001466,V0019,Batteries,Plant-Brno-CZ,2025-12-26,2026-02-26,2026-03-20,22,1603,1603,37.796,37.824,EXW,Air,False
PO0001467,V0019,Batteries,Plant-Penang-MY,2026-03-20,2026-05-13,2026-05-13,0,4721,4445,3.723,3.61,FOB,Ocean,False
PO0001468,V0020,Batteries,Plant-Guadalajara-MX,2022-01-06,2022-02-17,2022-03-06,17,2468,2468,15.354,18.163,EXW,Ocean,False
PO0001469,V0020,Batteries,Plant-Brno-CZ,2022-02-11,2022-03-30,2022-04-06,7,3477,3477,43.513,37.792,FOB,Ocean,False
PO0001470,V0020,Batteries,Plant-Brno-CZ,2022-03-13,2022-05-02,2022-06-03,32,8685,8685,57.95,71.59,EXW,Ocean,False
PO0001471,V0020,Batteries,Plant-Brno-CZ,2022-05-21,2022-07-11,2022-07-13,2,90378,90378,46.033,63.974,EXW,Truck,False
PO0001472,V0020,Batteries,Plant-Guadalajara-MX,2022-06-08,2022-07-29,2022-08-04,6,11285,11285,58.113,58.684,FOB,Truck,False
PO0001473,V0020,Batteries,Plant-Penang-MY,2022-06-14,2022-08-04,2022-08-05,1,23462,23462,25.89,20.981,CIF,Ocean,False
PO0001474,V0020,Batteries,Plant-Brno-CZ,2022-07-17,2022-09-12,2022-09-13,1,3030,3030,23.013,16.205,DDP,Air,False
PO0001475,V0020,Batteries,Plant-Guadalajara-MX,2022-07-26,2022-09-13,2022-09-20,7,9453,9453,46.612,39.2,DDP,Ocean,False
PO0001476,V0020,Batteries,Plant-Guadalajara-MX,2022-08-10,2022-09-26,2022-10-11,15,3820,3288,57.656,70.18,EXW,Ocean,False
PO0001477,V0020,Batteries,Plant-Brno-CZ,2022-09-18,2022-11-13,2022-11-13,0,11476,8581,26.258,19.74,CIF,Truck,False
PO0001478,V0020,Batteries,Plant-Penang-MY,2022-11-28,2023-01-09,2023-01-09,0,20079,20079,36.412,32.423,EXW,Truck,False
PO0001479,V0020,Batteries,Plant-Penang-MY,2022-12-12,2023-01-29,2023-01-30,1,7673,7673,41.874,47.526,DDP,Air,False
PO0001480,V0020,Batteries,Plant-Austin-US,2023-01-13,2023-03-03,2023-03-15,12,1646,1646,10.217,11.24,CIF,Air,False
PO0001481,V0020,Batteries,Plant-Penang-MY,2023-01-27,2023-03-09,2023-03-09,0,12833,12192,25.232,27.03,FOB,Ocean,False
PO0001482,V0020,Batteries,Plant-Brno-CZ,2023-04-19,2023-06-08,2023-06-30,22,457,457,48.651,49.546,EXW,Truck,False
PO0001483,V0020,Batteries,Plant-Brno-CZ,2023-05-19,2023-07-01,2023-07-08,7,8254,7978,45.484,43.395,CIF,Ocean,False
PO0001484,V0020,Batteries,Plant-Austin-US,2023-06-16,2023-07-28,2023-07-31,3,5484,5484,55.871,57.479,CIF,Ocean,False
PO0001485,V0020,Batteries,Plant-Austin-US,2023-06-27,2023-08-22,2023-09-03,12,5782,5782,30.961,26.631,CIF,Ocean,False
PO0001486,V0020,Batteries,Plant-Penang-MY,2023-10-09,2023-12-04,2023-12-04,0,904,904,40.644,39.217,EXW,Air,True
PO0001487,V0020,Batteries,Plant-Brno-CZ,2023-10-29,2023-12-18,2023-12-18,0,2949,2949,56.381,67.292,FOB,Air,True
PO0001488,V0020,Batteries,Plant-Austin-US,2024-01-05,2024-03-05,2024-04-13,39,1767,1767,58.134,23.662,CIF,Ocean,False
PO0001489,V0020,Batteries,Plant-Brno-CZ,2024-01-21,2024-03-12,2024-04-06,25,8451,8451,39.068,25.983,CIF,Ocean,False
PO0001490,V0020,Batteries,Plant-Brno-CZ,2024-02-17,2024-04-02,2024-04-20,18,1000,1000,27.172,36.595,EXW,Ocean,False
PO0001491,V0020,Batteries,Plant-Penang-MY,2024-04-05,2024-05-18,2024-05-18,0,26228,26228,54.805,42.603,DDP,Ocean,False
PO0001492,V0020,Batteries,Plant-Penang-MY,2024-04-19,2024-05-30,2024-06-29,30,10261,7694,46.249,35.704,FOB,Air,False
PO0001493,V0020,Batteries,Plant-Austin-US,2024-04-20,2024-06-12,2024-06-12,0,8005,8005,43.391,52.105,EXW,Ocean,False
PO0001494,V0020,Batteries,Plant-Austin-US,2024-06-04,2024-07-18,2024-07-29,11,18713,18713,34.886,28.705,DDP,Air,False
PO0001495,V0020,Batteries,Plant-Guadalajara-MX,2024-06-07,2024-07-22,2024-07-22,0,1963,1922,15.009,17.709,EXW,Ocean,False
PO0001496,V0020,Batteries,Plant-Austin-US,2024-08-09,2024-10-01,2024-10-01,0,6085,6085,30.5,37.258,FOB,Air,False
PO0001497,V0020,Batteries,Plant-Brno-CZ,2024-08-22,2024-10-11,2024-10-11,0,472,431,18.789,17.893,DDP,Air,False
PO0001498,V0020,Batteries,Plant-Austin-US,2024-08-24,2024-10-12,2024-10-13,1,11347,11347,42.407,45.009,CIF,Ocean,False
PO0001499,V0020,Batteries,Plant-Austin-US,2024-09-29,2024-11-14,2024-11-15,1,2935,2303,28.382,18.529,CIF,Ocean,False
PO0001500,V0020,Batteries,Plant-Brno-CZ,2024-10-07,2024-12-03,2024-12-05,2,6370,6370,15.363,15.056,EXW,Ocean,False
PO0001501,V0020,Batteries,Plant-Guadalajara-MX,2025-04-21,2025-06-18,2025-06-18,0,12867,12867,26.284,22.512,FOB,Truck,False
PO0001502,V0020,Batteries,Plant-Austin-US,2025-10-03,2025-11-13,2025-11-14,1,9594,8306,57.54,38.879,EXW,Ocean,False
PO0001503,V0020,Batteries,Plant-Penang-MY,2025-10-06,2025-11-21,2025-11-22,1,303,303,59.422,47.717,CIF,Ocean,False
PO0001504,V0020,Batteries,Plant-Austin-US,2025-10-29,2025-12-11,2025-12-21,10,318,318,54.407,57.107,CIF,Ocean,False
PO0001505,V0020,Batteries,Plant-Guadalajara-MX,2025-10-30,2025-12-21,2025-12-21,0,4918,3446,34.894,42.441,DDP,Ocean,False
PO0001506,V0020,Batteries,Plant-Austin-US,2026-01-07,2026-03-01,2026-03-01,0,4978,4978,28.798,23.73,CIF,Ocean,False
PO0001507,V0020,Batteries,Plant-Austin-US,2026-01-27,2026-03-30,2026-03-30,0,3508,3136,33.13,30.872,DDP,Air,False
PO0001508,V0020,Batteries,Plant-Austin-US,2026-02-18,2026-04-05,2026-04-06,1,5785,5785,48.736,46.429,FOB,Truck,False
PO0001509,V0020,Batteries,Plant-Brno-CZ,2026-02-19,2026-04-11,2026-04-25,14,8536,8536,34.264,33.152,CIF,Ocean,False
PO0001510,V0020,Batteries,Plant-Austin-US,2026-03-14,2026-05-08,2026-05-08,0,7978,6431,49.037,39.206,CIF,Air,True
PO0001511,V0020,Batteries,Plant-Brno-CZ,2026-04-04,2026-06-07,2026-06-28,21,38387,38387,45.801,33.047,FOB,Truck,False
PO0001512,V0020,Batteries,Plant-Penang-MY,2026-05-01,2026-06-26,2026-07-13,17,7387,7223,50.222,45.859,FOB,Ocean,False
PO0001513,V0020,Batteries,Plant-Penang-MY,2026-05-28,2026-07-17,2026-07-17,0,5464,5464,24.06,20.884,CIF,Truck,False
PO0001514,V0021,PCB / PCBA,Plant-Austin-US,2022-01-23,2022-03-13,2022-03-13,0,1379,1379,33.688,37.767,CIF,Ocean,False
PO0001515,V0021,PCB / PCBA,Plant-Guadalajara-MX,2022-03-02,2022-04-24,2022-04-24,0,9254,9254,64.768,55.869,EXW,Truck,False
PO0001516,V0021,PCB / PCBA,Plant-Penang-MY,2022-03-08,2022-04-19,2022-04-19,0,1348,1348,86.165,96.828,DDP,Air,False
PO0001517,V0021,PCB / PCBA,Plant-Austin-US,2022-03-26,2022-05-12,2022-05-12,0,5042,5042,42.494,43.31,DDP,Ocean,False
PO0001518,V0021,PCB / PCBA,Plant-Guadalajara-MX,2022-05-14,2022-07-04,2022-07-08,4,10802,10802,60.329,59.839,EXW,Ocean,False
PO0001519,V0021,PCB / PCBA,Plant-Brno-CZ,2022-07-14,2022-08-18,2022-08-18,0,5321,5321,46.781,42.474,DDP,Truck,False
PO0001520,V0021,PCB / PCBA,Plant-Penang-MY,2023-01-22,2023-03-05,2023-03-08,3,3401,3401,69.888,69.615,DDP,Air,False
PO0001521,V0021,PCB / PCBA,Plant-Guadalajara-MX,2023-02-22,2023-04-18,2023-04-18,0,3400,3400,51.575,48.97,EXW,Ocean,False
PO0001522,V0021,PCB / PCBA,Plant-Brno-CZ,2023-03-20,2023-04-28,2023-04-30,2,2984,2984,37.406,40.308,EXW,Truck,False
PO0001523,V0021,PCB / PCBA,Plant-Guadalajara-MX,2023-03-21,2023-05-10,2023-05-12,2,18333,18333,7.711,7.737,FOB,Truck,False
PO0001524,V0021,PCB / PCBA,Plant-Guadalajara-MX,2023-05-12,2023-06-26,2023-06-26,0,6781,6781,71.0,66.802,DDP,Ocean,False
PO0001525,V0021,PCB / PCBA,Plant-Penang-MY,2023-06-18,2023-07-30,2023-07-30,0,27520,27520,46.357,43.434,EXW,Ocean,False
PO0001526,V0021,PCB / PCBA,Plant-Austin-US,2023-07-01,2023-08-26,2023-08-26,0,4284,4284,8.79,7.74,DDP,Air,True
PO0001527,V0021,PCB / PCBA,Plant-Austin-US,2023-07-20,2023-09-02,2023-09-28,26,22656,22656,19.9,18.676,EXW,Truck,False
PO0001528,V0021,PCB / PCBA,Plant-Guadalajara-MX,2023-08-07,2023-09-19,2023-09-20,1,3098,3098,39.1,38.797,EXW,Ocean,False
PO0001529,V0021,PCB / PCBA,Plant-Brno-CZ,2023-10-18,2023-11-23,2023-12-04,11,989,820,49.884,50.685,CIF,Truck,False
PO0001530,V0021,PCB / PCBA,Plant-Brno-CZ,2023-10-19,2023-12-02,2023-12-02,0,22125,22125,5.944,6.421,CIF,Truck,False
PO0001531,V0021,PCB / PCBA,Plant-Penang-MY,2023-12-17,2024-01-20,2024-01-24,4,2543,2543,47.067,51.429,EXW,Ocean,False
PO0001532,V0021,PCB / PCBA,Plant-Penang-MY,2023-12-22,2024-02-04,2024-02-05,1,4335,4335,10.698,10.975,FOB,Ocean,False
PO0001533,V0021,PCB / PCBA,Plant-Austin-US,2024-01-22,2024-03-06,2024-03-06,0,2931,2931,16.044,16.157,FOB,Air,False
PO0001534,V0021,PCB / PCBA,Plant-Guadalajara-MX,2024-03-15,2024-04-23,2024-04-23,0,4748,4748,53.101,55.811,FOB,Air,False
PO0001535,V0021,PCB / PCBA,Plant-Austin-US,2024-03-17,2024-04-26,2024-04-26,0,2054,2054,52.806,52.755,DDP,Air,False
PO0001536,V0021,PCB / PCBA,Plant-Austin-US,2024-03-25,2024-05-05,2024-05-05,0,1011,1011,85.792,78.412,FOB,Truck,False
PO0001537,V0021,PCB / PCBA,Plant-Brno-CZ,2024-03-29,2024-05-09,2024-05-09,0,16658,16658,57.403,53.27,DDP,Truck,False
PO0001538,V0021,PCB / PCBA,Plant-Penang-MY,2024-03-31,2024-05-15,2024-05-15,0,3038,3038,10.001,9.988,FOB,Ocean,False
PO0001539,V0021,PCB / PCBA,Plant-Guadalajara-MX,2024-06-09,2024-07-29,2024-07-31,2,14724,14724,35.583,32.426,FOB,Ocean,False
PO0001540,V0021,PCB / PCBA,Plant-Guadalajara-MX,2024-06-11,2024-07-21,2024-07-21,0,42290,42290,31.029,30.361,DDP,Ocean,False
PO0001541,V0021,PCB / PCBA,Plant-Brno-CZ,2024-07-07,2024-08-19,2024-08-19,0,3967,3967,18.168,17.778,FOB,Ocean,False
PO0001542,V0021,PCB / PCBA,Plant-Brno-CZ,2024-07-28,2024-09-03,2024-09-03,0,1791,1791,66.455,70.634,EXW,Ocean,False
PO0001543,V0021,PCB / PCBA,Plant-Penang-MY,2024-08-05,2024-09-14,2024-09-14,0,1967,1967,51.185,45.892,FOB,Ocean,False
PO0001544,V0021,PCB / PCBA,Plant-Penang-MY,2024-08-23,2024-10-11,2024-10-26,15,6046,6046,80.42,84.016,FOB,Air,False
PO0001545,V0021,PCB / PCBA,Plant-Austin-US,2024-09-09,2024-10-17,2024-10-20,3,3041,3041,86.744,87.994,FOB,Air,False
PO0001546,V0021,PCB / PCBA,Plant-Brno-CZ,2024-10-01,2024-11-12,2024-11-16,4,19858,19858,87.684,79.413,CIF,Air,False
PO0001547,V0021,PCB / PCBA,Plant-Guadalajara-MX,2024-12-09,2025-01-27,2025-01-27,0,4080,4080,49.367,49.095,CIF,Truck,False
PO0001548,V0021,PCB / PCBA,Plant-Brno-CZ,2024-12-20,2025-02-09,2025-02-09,0,1234,1234,35.116,33.758,FOB,Truck,False
PO0001549,V0021,PCB / PCBA,Plant-Penang-MY,2025-01-21,2025-02-28,2025-02-28,0,1350,1350,49.054,53.477,DDP,Ocean,False
PO0001550,V0021,PCB / PCBA,Plant-Austin-US,2025-02-06,2025-03-25,2025-03-27,2,11701,11701,39.752,37.581,CIF,Air,False
PO0001551,V0021,PCB / PCBA,Plant-Brno-CZ,2025-02-12,2025-03-30,2025-03-30,0,6041,6041,59.754,62.634,EXW,Air,False
PO0001552,V0021,PCB / PCBA,Plant-Brno-CZ,2025-02-14,2025-04-07,2025-04-08,1,2348,2059,85.019,107.773,EXW,Ocean,False
PO0001553,V0021,PCB / PCBA,Plant-Penang-MY,2025-02-26,2025-04-16,2025-04-26,10,5451,5451,21.101,23.951,EXW,Ocean,False
PO0001554,V0021,PCB / PCBA,Plant-Brno-CZ,2025-03-11,2025-04-23,2025-04-23,0,1213,1213,44.353,40.452,EXW,Truck,False
PO0001555,V0021,PCB / PCBA,Plant-Guadalajara-MX,2025-03-22,2025-05-07,2025-05-07,0,7661,6152,17.274,16.221,CIF,Ocean,False
PO0001556,V0021,PCB / PCBA,Plant-Penang-MY,2025-03-23,2025-05-07,2025-05-07,0,2399,2399,9.918,9.038,EXW,Ocean,False
PO0001557,V0021,PCB / PCBA,Plant-Brno-CZ,2025-04-10,2025-05-28,2025-05-28,0,1673,1673,82.879,99.683,DDP,Ocean,False
PO0001558,V0021,PCB / PCBA,Plant-Austin-US,2025-04-19,2025-05-28,2025-06-17,20,36187,36187,14.521,13.523,EXW,Truck,False
PO0001559,V0021,PCB / PCBA,Plant-Austin-US,2025-06-13,2025-07-23,2025-07-31,8,14139,14139,22.406,20.652,CIF,Ocean,False
PO0001560,V0021,PCB / PCBA,Plant-Austin-US,2025-06-14,2025-07-29,2025-07-30,1,537,537,55.084,53.042,EXW,Air,False
PO0001561,V0021,PCB / PCBA,Plant-Guadalajara-MX,2025-06-29,2025-08-01,2025-08-07,6,7529,7529,24.883,24.556,EXW,Ocean,False
PO0001562,V0021,PCB / PCBA,Plant-Penang-MY,2025-07-07,2025-08-21,2025-09-08,18,5112,5112,82.942,88.819,CIF,Ocean,False
PO0001563,V0021,PCB / PCBA,Plant-Austin-US,2025-08-21,2025-10-03,2025-10-03,0,9717,9717,14.432,14.405,DDP,Ocean,False
PO0001564,V0021,PCB / PCBA,Plant-Guadalajara-MX,2025-08-23,2025-09-29,2025-10-01,2,2150,2150,35.553,37.044,CIF,Ocean,False
PO0001565,V0021,PCB / PCBA,Plant-Penang-MY,2025-09-24,2025-11-02,2025-11-22,20,525,525,29.378,26.391,CIF,Air,False
PO0001566,V0021,PCB / PCBA,Plant-Penang-MY,2025-09-30,2025-11-10,2025-11-11,1,1347,1294,31.653,34.547,EXW,Ocean,False
PO0001567,V0021,PCB / PCBA,Plant-Brno-CZ,2025-11-02,2025-12-16,2025-12-18,2,1207,1207,7.755,8.253,CIF,Ocean,False
PO0001568,V0021,PCB / PCBA,Plant-Penang-MY,2025-12-01,2026-01-15,2026-01-15,0,3704,3704,80.168,76.742,DDP,Air,True
PO0001569,V0021,PCB / PCBA,Plant-Brno-CZ,2025-12-03,2026-01-14,2026-01-14,0,1508,1508,16.341,15.14,FOB,Truck,False
PO0001570,V0021,PCB / PCBA,Plant-Penang-MY,2026-01-11,2026-02-26,2026-02-26,0,796,796,74.657,65.629,FOB,Truck,False
PO0001571,V0021,PCB / PCBA,Plant-Brno-CZ,2026-02-21,2026-04-11,2026-04-11,0,1633,1633,16.972,18.186,FOB,Ocean,False
PO0001572,V0021,PCB / PCBA,Plant-Penang-MY,2026-03-04,2026-04-23,2026-05-08,15,1074,1074,18.849,21.232,EXW,Ocean,False
PO0001573,V0021,PCB / PCBA,Plant-Brno-CZ,2026-03-25,2026-05-14,2026-05-14,0,727,727,89.951,89.321,FOB,Air,False
PO0001574,V0021,PCB / PCBA,Plant-Austin-US,2026-04-14,2026-06-05,2026-06-05,0,2011,2011,10.338,10.684,DDP,Ocean,False
PO0001575,V0021,PCB / PCBA,Plant-Penang-MY,2026-05-23,2026-07-10,2026-07-10,0,14196,14196,16.148,17.718,FOB,Ocean,False
PO0001576,V0022,Passive Components,Plant-Guadalajara-MX,2022-01-04,2022-02-01,2022-02-01,0,3310,3310,1.952,1.785,EXW,Truck,False
PO0001577,V0022,Passive Components,Plant-Guadalajara-MX,2022-01-12,2022-02-09,2022-02-09,0,17079,17079,2.642,2.426,CIF,Ocean,False
PO0001578,V0022,Passive Components,Plant-Brno-CZ,2022-01-13,2022-02-20,2022-02-20,0,5095,5095,2.359,2.47,DDP,Truck,False
PO0001579,V0022,Passive Components,Plant-Austin-US,2022-01-31,2022-03-04,2022-03-27,23,57236,57236,0.097,0.093,CIF,Ocean,False
PO0001580,V0022,Passive Components,Plant-Penang-MY,2022-02-03,2022-03-04,2022-03-04,0,3760,3760,2.71,2.564,DDP,Air,False
PO0001581,V0022,Passive Components,Plant-Guadalajara-MX,2022-02-12,2022-03-14,2022-03-14,0,1905,1905,2.284,2.035,EXW,Ocean,False
PO0001582,V0022,Passive Components,Plant-Brno-CZ,2022-02-18,2022-03-24,2022-03-24,0,208,208,0.524,0.523,FOB,Truck,False
PO0001583,V0022,Passive Components,Plant-Brno-CZ,2022-02-22,2022-03-25,2022-03-25,0,9731,9731,1.093,1.178,EXW,Ocean,False
PO0001584,V0022,Passive Components,Plant-Brno-CZ,2022-02-24,2022-03-30,2022-03-31,1,3222,3222,2.704,2.566,DDP,Air,False
PO0001585,V0022,Passive Components,Plant-Guadalajara-MX,2022-02-26,2022-03-24,2022-03-26,2,10424,10424,0.452,0.47,DDP,Truck,False
PO0001586,V0022,Passive Components,Plant-Guadalajara-MX,2022-02-28,2022-03-24,2022-03-24,0,5605,5605,1.168,1.062,DDP,Ocean,False
PO0001587,V0022,Passive Components,Plant-Guadalajara-MX,2022-03-01,2022-03-31,2022-03-31,0,17331,17331,2.197,1.999,CIF,Air,False
PO0001588,V0022,Passive Components,Plant-Austin-US,2022-03-06,2022-04-03,2022-04-03,0,16465,16465,1.551,1.663,EXW,Ocean,False
PO0001589,V0022,Passive Components,Plant-Penang-MY,2022-03-10,2022-04-06,2022-05-19,43,7147,7147,1.42,1.553,FOB,Ocean,False
PO0001590,V0022,Passive Components,Plant-Brno-CZ,2022-03-13,2022-04-08,2022-04-19,11,3203,3203,0.754,0.811,DDP,Ocean,False
PO0001591,V0022,Passive Components,Plant-Penang-MY,2022-03-15,2022-04-12,2022-05-22,40,3057,3057,2.843,3.041,CIF,Ocean,False
PO0001592,V0022,Passive Components,Plant-Penang-MY,2022-03-19,2022-04-19,2022-04-19,0,3857,3857,0.773,0.745,FOB,Ocean,False
PO0001593,V0022,Passive Components,Plant-Guadalajara-MX,2022-04-01,2022-04-28,2022-05-13,15,5341,5341,2.384,2.353,EXW,Truck,False
PO0001594,V0022,Passive Components,Plant-Brno-CZ,2022-04-09,2022-05-09,2022-06-03,25,13163,13163,2.161,1.569,CIF,Ocean,False
PO0001595,V0022,Passive Components,Plant-Austin-US,2022-04-18,2022-05-19,2022-05-20,1,14835,14835,0.153,0.121,CIF,Air,False
PO0001596,V0022,Passive Components,Plant-Penang-MY,2022-04-24,2022-05-17,2022-05-20,3,30102,30102,1.794,1.704,CIF,Ocean,False
PO0001597,V0022,Passive Components,Plant-Austin-US,2022-04-30,2022-06-05,2022-06-05,0,1835,1743,2.578,2.564,FOB,Air,False
PO0001598,V0022,Passive Components,Plant-Guadalajara-MX,2022-05-03,2022-05-31,2022-05-31,0,7561,7561,0.114,0.108,EXW,Ocean,False
PO0001599,V0022,Passive Components,Plant-Penang-MY,2022-05-08,2022-06-10,2022-07-03,23,7672,7672,1.065,0.913,FOB,Ocean,False
PO0001600,V0022,Passive Components,Plant-Brno-CZ,2022-05-09,2022-06-06,2022-06-26,20,18451,18451,2.65,2.444,DDP,Ocean,False
PO0001601,V0022,Passive Components,Plant-Penang-MY,2022-05-18,2022-06-17,2022-07-15,28,10015,10015,2.874,1.999,CIF,Truck,False
PO0001602,V0022,Passive Components,Plant-Guadalajara-MX,2022-05-21,2022-06-14,2022-06-14,0,516,516,2.507,2.448,CIF,Truck,False
PO0001603,V0022,Passive Components,Plant-Penang-MY,2022-05-25,2022-07-01,2022-07-01,0,4335,4335,1.841,2.171,DDP,Truck,False
PO0001604,V0022,Passive Components,Plant-Guadalajara-MX,2022-06-04,2022-07-03,2022-07-10,7,6196,6196,1.211,1.316,FOB,Ocean,False
PO0001605,V0022,Passive Components,Plant-Austin-US,2022-06-05,2022-07-06,2022-08-20,45,6977,6977,2.943,2.987,EXW,Air,False
PO0001606,V0022,Passive Components,Plant-Austin-US,2022-06-09,2022-07-07,2022-07-07,0,2838,2128,0.398,0.362,EXW,Air,True
PO0001607,V0022,Passive Components,Plant-Penang-MY,2022-06-13,2022-07-13,2022-07-27,14,2572,2572,2.281,1.898,FOB,Ocean,False
PO0001608,V0022,Passive Components,Plant-Austin-US,2022-06-21,2022-07-17,2022-08-03,17,2711,2384,0.51,0.482,FOB,Ocean,False
PO0001609,V0022,Passive Components,Plant-Penang-MY,2022-06-25,2022-07-27,2022-07-27,0,2890,2459,0.586,0.561,EXW,Ocean,False
PO0001610,V0022,Passive Components,Plant-Austin-US,2022-06-27,2022-07-27,2022-08-21,25,1270,1270,1.875,1.946,EXW,Ocean,False
PO0001611,V0022,Passive Components,Plant-Guadalajara-MX,2022-07-13,2022-08-11,2022-08-13,2,24229,24229,0.561,0.469,DDP,Truck,False
PO0001612,V0022,Passive Components,Plant-Austin-US,2022-07-15,2022-08-14,2022-08-14,0,718,718,0.573,0.588,EXW,Ocean,False
PO0001613,V0022,Passive Components,Plant-Austin-US,2022-07-17,2022-08-16,2022-08-16,0,2144,2144,1.51,1.458,CIF,Air,False
PO0001614,V0022,Passive Components,Plant-Brno-CZ,2022-07-27,2022-08-26,2022-08-26,0,6604,5049,1.1,1.128,FOB,Ocean,False
PO0001615,V0022,Passive Components,Plant-Guadalajara-MX,2022-07-28,2022-08-25,2022-08-25,0,15789,15789,0.387,0.392,EXW,Ocean,False
PO0001616,V0022,Passive Components,Plant-Brno-CZ,2022-07-31,2022-08-27,2022-08-27,0,8500,8500,2.443,2.211,DDP,Air,False
PO0001617,V0022,Passive Components,Plant-Austin-US,2022-08-10,2022-09-02,2022-09-03,1,4639,4639,1.645,1.802,EXW,Ocean,False
PO0001618,V0022,Passive Components,Plant-Penang-MY,2022-08-17,2022-09-15,2022-09-15,0,9852,9852,2.661,2.602,EXW,Air,False
PO0001619,V0022,Passive Components,Plant-Penang-MY,2022-08-24,2022-09-26,2022-09-26,0,2449,2449,1.361,1.344,FOB,Ocean,False
PO0001620,V0022,Passive Components,Plant-Brno-CZ,2022-09-12,2022-10-06,2022-10-06,0,8222,8222,0.464,0.428,FOB,Truck,False
PO0001621,V0022,Passive Components,Plant-Penang-MY,2022-10-13,2022-11-09,2022-11-09,0,33386,33386,0.936,0.948,CIF,Air,True
PO0001622,V0022,Passive Components,Plant-Penang-MY,2022-10-15,2022-11-13,2022-11-13,0,4049,4049,2.163,2.089,DDP,Air,True
PO0001623,V0022,Passive Components,Plant-Austin-US,2022-10-29,2022-12-02,2022-12-02,0,5944,5944,0.099,0.102,DDP,Truck,False
PO0001624,V0022,Passive Components,Plant-Guadalajara-MX,2022-11-05,2022-12-05,2022-12-05,0,8896,8896,0.453,0.47,DDP,Air,False
PO0001625,V0022,Passive Components,Plant-Guadalajara-MX,2022-11-09,2022-12-06,2022-12-06,0,3660,3660,0.865,0.862,DDP,Ocean,False
PO0001626,V0022,Passive Components,Plant-Penang-MY,2022-12-01,2022-12-30,2023-01-05,6,2503,2503,0.544,0.559,DDP,Truck,False
PO0001627,V0022,Passive Components,Plant-Guadalajara-MX,2022-12-09,2023-01-10,2023-01-18,8,1096,1096,2.06,1.687,CIF,Air,False
PO0001628,V0022,Passive Components,Plant-Guadalajara-MX,2022-12-15,2023-01-10,2023-01-11,1,4187,4187,1.775,1.9,CIF,Ocean,False
PO0001629,V0022,Passive Components,Plant-Guadalajara-MX,2022-12-18,2023-01-14,2023-01-14,0,1639,1639,2.508,2.505,DDP,Air,False
PO0001630,V0022,Passive Components,Plant-Guadalajara-MX,2022-12-20,2023-01-19,2023-01-19,0,71108,71108,2.662,2.734,EXW,Ocean,False
PO0001631,V0022,Passive Components,Plant-Austin-US,2022-12-22,2023-01-20,2023-01-20,0,3318,2744,1.218,1.213,CIF,Ocean,False
PO0001632,V0022,Passive Components,Plant-Guadalajara-MX,2022-12-26,2023-01-27,2023-01-27,0,29112,29112,2.868,2.829,FOB,Ocean,False
PO0001633,V0022,Passive Components,Plant-Brno-CZ,2022-12-30,2023-01-24,2023-01-26,2,1845,1845,1.136,1.078,DDP,Ocean,False
PO0001634,V0022,Passive Components,Plant-Brno-CZ,2023-01-24,2023-02-21,2023-02-22,1,994,994,1.056,1.019,EXW,Air,False
PO0001635,V0022,Passive Components,Plant-Guadalajara-MX,2023-01-25,2023-02-19,2023-02-20,1,2125,2125,2.842,2.647,FOB,Air,False
PO0001636,V0022,Passive Components,Plant-Guadalajara-MX,2023-01-31,2023-03-01,2023-04-08,38,648,648,2.117,2.145,FOB,Truck,False
PO0001637,V0022,Passive Components,Plant-Penang-MY,2023-02-08,2023-03-06,2023-03-06,0,17129,17129,1.753,1.813,CIF,Truck,False
PO0001638,V0022,Passive Components,Plant-Guadalajara-MX,2023-02-18,2023-03-16,2023-03-24,8,2476,2476,2.228,2.116,CIF,Ocean,False
PO0001639,V0022,Passive Components,Plant-Penang-MY,2023-02-19,2023-03-22,2023-03-22,0,2340,2340,0.183,0.159,FOB,Ocean,False
PO0001640,V0022,Passive Components,Plant-Guadalajara-MX,2023-02-21,2023-03-14,2023-03-14,0,3584,3584,1.656,1.72,DDP,Ocean,False
PO0001641,V0022,Passive Components,Plant-Guadalajara-MX,2023-02-22,2023-03-22,2023-03-26,4,20813,20813,0.72,0.667,DDP,Ocean,False
PO0001642,V0022,Passive Components,Plant-Brno-CZ,2023-02-24,2023-03-27,2023-03-27,0,1150,1150,0.603,0.636,CIF,Air,False
PO0001643,V0022,Passive Components,Plant-Guadalajara-MX,2023-03-01,2023-03-27,2023-03-27,0,17227,17227,2.863,2.724,CIF,Ocean,False
PO0001644,V0022,Passive Components,Plant-Brno-CZ,2023-03-06,2023-04-01,2023-04-07,6,13112,13112,2.693,2.841,FOB,Ocean,False
PO0001645,V0022,Passive Components,Plant-Brno-CZ,2023-03-24,2023-05-02,2023-05-02,0,985,985,2.471,2.642,CIF,Air,False
PO0001646,V0022,Passive Components,Plant-Guadalajara-MX,2023-04-06,2023-05-02,2023-05-02,0,42435,42435,0.04,0.036,FOB,Air,False
PO0001647,V0022,Passive Components,Plant-Brno-CZ,2023-04-21,2023-05-19,2023-05-21,2,7077,7077,1.243,1.254,DDP,Ocean,False
PO0001648,V0022,Passive Components,Plant-Brno-CZ,2023-05-10,2023-06-10,2023-06-10,0,4152,4152,0.15,0.154,CIF,Ocean,False
PO0001649,V0022,Passive Components,Plant-Brno-CZ,2023-05-12,2023-06-15,2023-06-15,0,19507,19507,0.059,0.064,FOB,Truck,False
PO0001650,V0022,Passive Components,Plant-Brno-CZ,2023-05-16,2023-06-09,2023-06-09,0,4759,4759,1.561,1.528,EXW,Ocean,False
PO0001651,V0022,Passive Components,Plant-Austin-US,2023-05-18,2023-06-17,2023-06-17,0,28347,28347,2.093,2.03,FOB,Ocean,False
PO0001652,V0022,Passive Components,Plant-Brno-CZ,2023-05-24,2023-06-19,2023-06-21,2,10871,10871,0.288,0.27,FOB,Air,False
PO0001653,V0022,Passive Components,Plant-Brno-CZ,2023-05-25,2023-06-26,2023-07-14,18,7754,7754,2.045,1.874,FOB,Truck,False
PO0001654,V0022,Passive Components,Plant-Brno-CZ,2023-06-08,2023-07-06,2023-07-06,0,4347,4347,0.555,0.593,FOB,Air,False
PO0001655,V0022,Passive Components,Plant-Penang-MY,2023-06-09,2023-07-03,2023-07-03,0,3245,3245,2.396,2.507,DDP,Ocean,False
PO0001656,V0022,Passive Components,Plant-Penang-MY,2023-06-11,2023-07-07,2023-07-07,0,2142,2142,2.127,2.012,EXW,Ocean,False
PO0001657,V0022,Passive Components,Plant-Guadalajara-MX,2023-06-19,2023-07-19,2023-07-19,0,1102,1102,2.384,2.613,DDP,Ocean,False
PO0001658,V0022,Passive Components,Plant-Austin-US,2023-06-24,2023-07-26,2023-07-26,0,993,728,2.823,2.67,CIF,Ocean,False
PO0001659,V0022,Passive Components,Plant-Brno-CZ,2023-06-27,2023-08-01,2023-08-27,26,9512,9512,0.224,0.217,FOB,Truck,False
PO0001660,V0022,Passive Components,Plant-Austin-US,2023-07-05,2023-08-04,2023-08-04,0,2035,2035,1.425,1.318,CIF,Truck,False
PO0001661,V0022,Passive Components,Plant-Guadalajara-MX,2023-07-14,2023-08-12,2023-08-12,0,19515,19515,0.824,0.794,DDP,Ocean,False
PO0001662,V0022,Passive Components,Plant-Penang-MY,2023-07-17,2023-08-14,2023-08-15,1,4203,4203,0.79,0.762,DDP,Ocean,False
PO0001663,V0022,Passive Components,Plant-Guadalajara-MX,2023-07-24,2023-08-25,2023-08-25,0,2650,2650,1.544,1.62,DDP,Truck,False
PO0001664,V0022,Passive Components,Plant-Guadalajara-MX,2023-07-25,2023-08-26,2023-08-27,1,1636,1636,2.232,2.298,DDP,Ocean,False
PO0001665,V0022,Passive Components,Plant-Penang-MY,2023-07-27,2023-08-27,2023-08-27,0,5288,5288,1.277,1.454,EXW,Air,True
PO0001666,V0022,Passive Components,Plant-Austin-US,2023-08-01,2023-09-02,2023-09-02,0,3622,3622,1.372,1.406,FOB,Ocean,False
PO0001667,V0022,Passive Components,Plant-Brno-CZ,2023-08-10,2023-09-06,2023-09-06,0,2079,2079,0.86,0.889,EXW,Ocean,False
PO0001668,V0022,Passive Components,Plant-Brno-CZ,2023-08-24,2023-09-19,2023-09-19,0,368,368,0.373,0.382,CIF,Ocean,False
PO0001669,V0022,Passive Components,Plant-Brno-CZ,2023-08-28,2023-09-30,2023-09-30,0,550,550,2.676,2.483,FOB,Air,False
PO0001670,V0022,Passive Components,Plant-Penang-MY,2023-08-29,2023-09-26,2023-09-28,2,1110,1110,2.165,2.351,CIF,Air,False
PO0001671,V0022,Passive Components,Plant-Guadalajara-MX,2023-09-15,2023-10-18,2023-10-18,0,23640,23640,2.355,2.16,CIF,Ocean,False
PO0001672,V0022,Passive Components,Plant-Brno-CZ,2023-09-20,2023-10-20,2023-10-30,10,1532,1532,0.44,0.425,EXW,Ocean,False
PO0001673,V0022,Passive Components,Plant-Brno-CZ,2023-10-07,2023-11-13,2023-11-13,0,6194,6194,1.53,1.696,EXW,Air,False
PO0001674,V0022,Passive Components,Plant-Austin-US,2023-10-16,2023-11-12,2023-11-14,2,16474,16474,2.264,2.243,CIF,Air,False
PO0001675,V0022,Passive Components,Plant-Austin-US,2023-10-28,2023-11-22,2023-11-22,0,2101,2101,2.189,2.348,EXW,Ocean,False
PO0001676,V0022,Passive Components,Plant-Brno-CZ,2023-10-29,2023-12-01,2023-12-01,0,2612,2612,1.843,1.836,DDP,Ocean,False
PO0001677,V0022,Passive Components,Plant-Austin-US,2023-10-30,2023-11-23,2023-11-24,1,2801,2801,0.745,0.739,DDP,Air,False
PO0001678,V0022,Passive Components,Plant-Guadalajara-MX,2023-11-08,2023-12-08,2024-01-13,36,29869,29869,2.563,2.649,DDP,Ocean,False
PO0001679,V0022,Passive Components,Plant-Brno-CZ,2023-11-12,2023-12-12,2024-01-17,36,2299,2299,2.504,2.754,DDP,Ocean,False
PO0001680,V0022,Passive Components,Plant-Austin-US,2023-11-14,2023-12-14,2023-12-14,0,2849,2849,0.237,0.253,CIF,Truck,False
PO0001681,V0022,Passive Components,Plant-Penang-MY,2023-11-24,2023-12-28,2023-12-28,0,5538,5538,2.416,2.392,CIF,Ocean,False
PO0001682,V0022,Passive Components,Plant-Guadalajara-MX,2023-11-29,2023-12-26,2023-12-27,1,3096,3096,1.767,1.586,CIF,Ocean,False
PO0001683,V0022,Passive Components,Plant-Penang-MY,2023-12-04,2024-01-03,2024-01-04,1,1246,1030,1.013,1.057,FOB,Air,False
PO0001684,V0022,Passive Components,Plant-Austin-US,2023-12-08,2024-01-09,2024-01-09,0,11277,8417,1.803,2.111,EXW,Ocean,False
PO0001685,V0022,Passive Components,Plant-Austin-US,2023-12-09,2024-01-08,2024-01-15,7,3777,3777,2.94,2.75,FOB,Ocean,False
PO0001686,V0022,Passive Components,Plant-Brno-CZ,2023-12-11,2024-01-13,2024-01-13,0,726,726,1.845,2.045,CIF,Air,True
PO0001687,V0022,Passive Components,Plant-Penang-MY,2023-12-13,2024-01-10,2024-01-12,2,1955,1955,1.112,1.07,CIF,Ocean,False
PO0001688,V0022,Passive Components,Plant-Penang-MY,2023-12-21,2024-01-20,2024-01-20,0,9764,9764,0.279,0.311,FOB,Ocean,False
PO0001689,V0022,Passive Components,Plant-Penang-MY,2023-12-22,2024-01-19,2024-02-03,15,6468,6468,1.553,1.573,EXW,Ocean,False
PO0001690,V0022,Passive Components,Plant-Brno-CZ,2023-12-27,2024-01-24,2024-01-24,0,2639,2639,0.331,0.312,FOB,Ocean,False
PO0001691,V0022,Passive Components,Plant-Austin-US,2024-01-21,2024-02-22,2024-02-22,0,10749,10749,0.267,0.265,EXW,Ocean,False
PO0001692,V0022,Passive Components,Plant-Guadalajara-MX,2024-01-25,2024-02-28,2024-02-28,0,6517,6517,2.132,2.22,FOB,Ocean,False
PO0001693,V0022,Passive Components,Plant-Penang-MY,2024-02-08,2024-03-09,2024-04-11,33,4756,4756,2.828,2.764,DDP,Truck,False
PO0001694,V0022,Passive Components,Plant-Guadalajara-MX,2024-02-16,2024-03-12,2024-03-30,18,2718,2718,1.867,1.651,CIF,Truck,False
PO0001695,V0022,Passive Components,Plant-Austin-US,2024-02-21,2024-03-20,2024-03-23,3,13047,10078,2.554,2.187,FOB,Truck,False
PO0001696,V0022,Passive Components,Plant-Austin-US,2024-03-17,2024-04-19,2024-04-19,0,8714,8714,0.088,0.093,DDP,Truck,False
PO0001697,V0022,Passive Components,Plant-Penang-MY,2024-03-20,2024-04-18,2024-04-18,0,6775,6775,0.503,0.488,DDP,Truck,False
PO0001698,V0022,Passive Components,Plant-Penang-MY,2024-04-11,2024-05-05,2024-05-05,0,923,923,0.785,0.869,EXW,Truck,False
PO0001699,V0022,Passive Components,Plant-Penang-MY,2024-04-14,2024-05-08,2024-06-02,25,1289,1289,1.705,1.839,CIF,Truck,False
PO0001700,V0022,Passive Components,Plant-Brno-CZ,2024-04-15,2024-05-20,2024-05-20,0,961,961,0.323,0.384,DDP,Ocean,False
PO0001701,V0022,Passive Components,Plant-Guadalajara-MX,2024-04-17,2024-05-17,2024-05-18,1,8186,8186,0.715,0.603,CIF,Ocean,False
PO0001702,V0022,Passive Components,Plant-Guadalajara-MX,2024-04-25,2024-05-27,2024-06-07,11,11560,11560,1.535,1.676,FOB,Ocean,False
PO0001703,V0022,Passive Components,Plant-Austin-US,2024-04-27,2024-05-29,2024-06-22,24,5059,5059,1.845,1.666,DDP,Ocean,False
PO0001704,V0022,Passive Components,Plant-Guadalajara-MX,2024-05-07,2024-06-01,2024-06-10,9,472,472,2.931,3.349,DDP,Ocean,False
PO0001705,V0022,Passive Components,Plant-Austin-US,2024-05-18,2024-06-16,2024-06-28,12,14663,14663,1.139,1.121,EXW,Ocean,False
PO0001706,V0022,Passive Components,Plant-Guadalajara-MX,2024-05-25,2024-06-21,2024-06-21,0,13016,13016,0.063,0.065,FOB,Air,True
PO0001707,V0022,Passive Components,Plant-Penang-MY,2024-05-26,2024-06-27,2024-07-09,12,2076,2076,1.972,2.184,EXW,Ocean,False
PO0001708,V0022,Passive Components,Plant-Penang-MY,2024-06-08,2024-07-05,2024-07-05,0,2469,2469,1.106,1.237,EXW,Truck,False
PO0001709,V0022,Passive Components,Plant-Penang-MY,2024-06-09,2024-07-11,2024-07-11,0,976,976,0.613,0.508,FOB,Ocean,False
PO0001710,V0022,Passive Components,Plant-Penang-MY,2024-06-11,2024-07-04,2024-07-04,0,11838,11838,2.176,2.061,EXW,Ocean,False
PO0001711,V0022,Passive Components,Plant-Austin-US,2024-06-17,2024-07-18,2024-07-20,2,1049,1049,1.965,1.964,CIF,Air,False
PO0001712,V0022,Passive Components,Plant-Penang-MY,2024-06-21,2024-07-19,2024-07-19,0,768,768,1.341,1.479,EXW,Ocean,False
PO0001713,V0022,Passive Components,Plant-Brno-CZ,2024-06-28,2024-07-26,2024-08-06,11,13461,13461,2.58,2.888,FOB,Air,False
PO0001714,V0022,Passive Components,Plant-Brno-CZ,2024-07-04,2024-07-30,2024-07-30,0,2089,2089,2.422,2.583,CIF,Ocean,False
PO0001715,V0022,Passive Components,Plant-Penang-MY,2024-07-05,2024-07-30,2024-07-30,0,1225,1225,2.958,2.603,DDP,Ocean,False
PO0001716,V0022,Passive Components,Plant-Austin-US,2024-07-09,2024-08-07,2024-08-18,11,609,609,0.144,0.149,EXW,Truck,False
PO0001717,V0022,Passive Components,Plant-Penang-MY,2024-07-10,2024-08-06,2024-08-06,0,10239,10239,2.748,2.264,FOB,Air,True
PO0001718,V0022,Passive Components,Plant-Penang-MY,2024-07-17,2024-08-17,2024-08-17,0,6975,6975,1.239,1.132,EXW,Ocean,False
PO0001719,V0022,Passive Components,Plant-Guadalajara-MX,2024-07-18,2024-08-19,2024-08-19,0,2311,2311,0.596,0.621,EXW,Ocean,False
PO0001720,V0022,Passive Components,Plant-Penang-MY,2024-07-21,2024-08-22,2024-08-24,2,5277,5277,0.083,0.088,DDP,Truck,False
PO0001721,V0022,Passive Components,Plant-Guadalajara-MX,2024-07-23,2024-08-22,2024-08-24,2,10191,10191,1.55,1.563,DDP,Air,False
PO0001722,V0022,Passive Components,Plant-Austin-US,2024-07-25,2024-08-21,2024-08-22,1,2866,2866,2.105,2.022,EXW,Ocean,False
PO0001723,V0022,Passive Components,Plant-Austin-US,2024-07-27,2024-08-27,2024-08-27,0,10635,10635,2.287,2.276,EXW,Ocean,False
PO0001724,V0022,Passive Components,Plant-Austin-US,2024-08-16,2024-09-14,2024-09-14,0,2562,2562,1.684,1.7,DDP,Air,True
PO0001725,V0022,Passive Components,Plant-Penang-MY,2024-09-11,2024-10-08,2024-10-08,0,2265,2265,0.022,0.021,DDP,Ocean,False
PO0001726,V0022,Passive Components,Plant-Guadalajara-MX,2024-09-16,2024-10-15,2024-10-16,1,2893,2893,2.829,2.895,EXW,Air,False
PO0001727,V0022,Passive Components,Plant-Austin-US,2024-09-23,2024-10-17,2024-10-17,0,5382,5382,1.396,1.368,EXW,Ocean,False
PO0001728,V0022,Passive Components,Plant-Guadalajara-MX,2024-09-26,2024-10-24,2024-10-29,5,3123,3123,2.801,2.779,FOB,Ocean,False
PO0001729,V0022,Passive Components,Plant-Austin-US,2024-10-02,2024-11-01,2024-11-01,0,16254,16254,0.254,0.261,DDP,Truck,False
PO0001730,V0022,Passive Components,Plant-Guadalajara-MX,2024-10-06,2024-11-04,2024-11-04,0,4508,4508,1.969,1.975,CIF,Ocean,False
PO0001731,V0022,Passive Components,Plant-Brno-CZ,2024-10-11,2024-11-09,2024-11-09,0,23776,23776,0.764,0.794,EXW,Ocean,False
PO0001732,V0022,Passive Components,Plant-Guadalajara-MX,2024-10-21,2024-11-17,2024-11-18,1,3134,3134,1.651,1.613,FOB,Truck,False
PO0001733,V0022,Passive Components,Plant-Guadalajara-MX,2024-10-25,2024-11-20,2024-11-21,1,626,626,1.641,1.597,CIF,Ocean,False
PO0001734,V0022,Passive Components,Plant-Brno-CZ,2024-10-28,2024-11-27,2024-11-28,1,4988,4988,0.383,0.37,DDP,Truck,False
PO0001735,V0022,Passive Components,Plant-Austin-US,2024-10-31,2024-11-28,2024-11-28,0,5249,5249,1.769,1.795,FOB,Ocean,False
PO0001736,V0022,Passive Components,Plant-Austin-US,2024-11-03,2024-12-03,2024-12-03,0,2800,2800,2.668,2.734,FOB,Ocean,False
PO0001737,V0022,Passive Components,Plant-Brno-CZ,2024-11-06,2024-12-07,2024-12-08,1,5247,5247,2.83,3.042,FOB,Ocean,False
PO0001738,V0022,Passive Components,Plant-Penang-MY,2024-11-17,2024-12-21,2024-12-21,0,5728,5728,1.122,1.045,FOB,Truck,False
PO0001739,V0022,Passive Components,Plant-Penang-MY,2024-11-27,2024-12-23,2024-12-23,0,10701,10701,2.796,2.753,CIF,Ocean,False
PO0001740,V0022,Passive Components,Plant-Guadalajara-MX,2024-12-14,2025-01-09,2025-01-10,1,4640,4640,0.955,0.975,CIF,Ocean,False
PO0001741,V0022,Passive Components,Plant-Penang-MY,2024-12-30,2025-01-26,2025-01-26,0,30002,23314,1.079,1.131,EXW,Ocean,False
PO0001742,V0022,Passive Components,Plant-Austin-US,2024-12-31,2025-01-29,2025-01-29,0,553,553,0.453,0.46,EXW,Air,False
PO0001743,V0022,Passive Components,Plant-Guadalajara-MX,2025-01-05,2025-02-06,2025-02-06,0,15796,15796,1.345,1.341,EXW,Ocean,False
PO0001744,V0022,Passive Components,Plant-Austin-US,2025-01-08,2025-02-07,2025-02-07,0,922,922,1.765,1.944,FOB,Air,False
PO0001745,V0022,Passive Components,Plant-Penang-MY,2025-01-18,2025-02-11,2025-02-11,0,2715,2715,2.113,2.07,EXW,Ocean,False
PO0001746,V0022,Passive Components,Plant-Guadalajara-MX,2025-01-19,2025-02-18,2025-02-18,0,21247,21247,2.912,2.841,EXW,Truck,False
PO0001747,V0022,Passive Components,Plant-Guadalajara-MX,2025-01-28,2025-02-25,2025-02-26,1,6179,6179,0.629,0.612,CIF,Ocean,False
PO0001748,V0022,Passive Components,Plant-Penang-MY,2025-01-31,2025-03-09,2025-03-09,0,4100,4100,2.729,2.495,EXW,Truck,False
PO0001749,V0022,Passive Components,Plant-Brno-CZ,2025-02-03,2025-02-28,2025-04-01,32,10807,10807,2.649,2.499,FOB,Air,False
PO0001750,V0022,Passive Components,Plant-Austin-US,2025-02-05,2025-03-09,2025-03-09,0,12362,12362,0.733,0.692,DDP,Ocean,False
PO0001751,V0022,Passive Components,Plant-Austin-US,2025-02-06,2025-03-09,2025-03-09,0,29686,29686,2.602,2.56,DDP,Ocean,False
PO0001752,V0022,Passive Components,Plant-Austin-US,2025-02-10,2025-03-08,2025-03-08,0,3385,3385,0.633,0.629,DDP,Ocean,False
PO0001753,V0022,Passive Components,Plant-Guadalajara-MX,2025-03-05,2025-04-03,2025-04-03,0,1544,1544,0.379,0.318,DDP,Truck,False
PO0001754,V0022,Passive Components,Plant-Penang-MY,2025-03-08,2025-04-12,2025-04-30,18,10341,10341,2.76,3.123,EXW,Ocean,False
PO0001755,V0022,Passive Components,Plant-Guadalajara-MX,2025-03-09,2025-04-03,2025-05-04,31,4234,4234,1.164,1.07,FOB,Ocean,False
PO0001756,V0022,Passive Components,Plant-Guadalajara-MX,2025-03-10,2025-04-10,2025-04-19,9,379,379,1.59,1.443,FOB,Ocean,False
PO0001757,V0022,Passive Components,Plant-Austin-US,2025-03-13,2025-04-09,2025-04-09,0,1289,1289,1.824,1.98,DDP,Ocean,False
PO0001758,V0022,Passive Components,Plant-Brno-CZ,2025-03-24,2025-04-19,2025-04-19,0,12791,10773,0.612,0.615,DDP,Air,False
PO0001759,V0022,Passive Components,Plant-Guadalajara-MX,2025-03-30,2025-04-26,2025-04-26,0,5038,5038,0.473,0.488,CIF,Truck,False
PO0001760,V0022,Passive Components,Plant-Penang-MY,2025-03-31,2025-04-30,2025-04-30,0,2529,2435,2.136,2.167,EXW,Ocean,False
PO0001761,V0022,Passive Components,Plant-Guadalajara-MX,2025-04-01,2025-05-01,2025-05-01,0,2156,2156,0.519,0.56,EXW,Ocean,False
PO0001762,V0022,Passive Components,Plant-Brno-CZ,2025-04-03,2025-04-30,2025-04-30,0,3127,3127,2.242,2.307,DDP,Ocean,False
PO0001763,V0022,Passive Components,Plant-Austin-US,2025-04-07,2025-04-30,2025-05-26,26,2286,2286,2.318,2.105,DDP,Ocean,False
PO0001764,V0022,Passive Components,Plant-Penang-MY,2025-04-09,2025-05-06,2025-05-16,10,4705,4705,2.814,2.838,DDP,Ocean,False
PO0001765,V0022,Passive Components,Plant-Guadalajara-MX,2025-04-10,2025-05-07,2025-05-07,0,2624,2624,2.962,2.661,EXW,Ocean,False
PO0001766,V0022,Passive Components,Plant-Guadalajara-MX,2025-04-14,2025-05-13,2025-05-16,3,15833,15833,1.807,1.852,FOB,Ocean,False
PO0001767,V0022,Passive Components,Plant-Austin-US,2025-05-10,2025-06-11,2025-06-11,0,5374,5374,0.753,0.724,EXW,Truck,False
PO0001768,V0022,Passive Components,Plant-Austin-US,2025-05-11,2025-06-09,2025-06-09,0,18618,18618,1.108,1.098,EXW,Truck,False
PO0001769,V0022,Passive Components,Plant-Brno-CZ,2025-05-16,2025-06-07,2025-06-09,2,1666,1666,0.137,0.131,DDP,Truck,False
PO0001770,V0022,Passive Components,Plant-Brno-CZ,2025-05-20,2025-06-16,2025-06-26,10,9987,9987,2.99,2.821,CIF,Truck,False
PO0001771,V0022,Passive Components,Plant-Guadalajara-MX,2025-06-01,2025-06-28,2025-07-06,8,1658,1658,2.574,2.293,CIF,Ocean,False
PO0001772,V0022,Passive Components,Plant-Brno-CZ,2025-06-02,2025-07-03,2025-07-03,0,2635,2635,1.892,1.937,FOB,Ocean,False
PO0001773,V0022,Passive Components,Plant-Guadalajara-MX,2025-06-06,2025-06-28,2025-06-28,0,10761,10761,0.283,0.305,DDP,Ocean,False
PO0001774,V0022,Passive Components,Plant-Penang-MY,2025-06-08,2025-07-08,2025-08-30,53,10881,10881,2.804,3.08,CIF,Air,False
PO0001775,V0022,Passive Components,Plant-Austin-US,2025-06-13,2025-07-11,2025-07-17,6,28861,28861,1.929,1.679,DDP,Ocean,False
PO0001776,V0022,Passive Components,Plant-Brno-CZ,2025-06-14,2025-07-17,2025-08-10,24,3018,3018,2.736,2.704,EXW,Truck,False
PO0001777,V0022,Passive Components,Plant-Austin-US,2025-07-05,2025-08-04,2025-08-04,0,3863,2851,0.979,0.992,DDP,Air,True
PO0001778,V0022,Passive Components,Plant-Penang-MY,2025-07-06,2025-08-01,2025-08-10,9,10119,10119,0.335,0.335,DDP,Ocean,False
PO0001779,V0022,Passive Components,Plant-Austin-US,2025-07-08,2025-08-09,2025-08-09,0,2803,2803,2.924,3.151,DDP,Ocean,False
PO0001780,V0022,Passive Components,Plant-Brno-CZ,2025-07-18,2025-08-17,2025-08-25,8,2232,2232,1.938,2.012,FOB,Ocean,False
PO0001781,V0022,Passive Components,Plant-Guadalajara-MX,2025-07-20,2025-08-14,2025-08-14,0,28076,28076,2.866,3.066,CIF,Truck,False
PO0001782,V0022,Passive Components,Plant-Austin-US,2025-07-30,2025-08-28,2025-08-28,0,28770,28770,0.239,0.246,CIF,Air,False
PO0001783,V0022,Passive Components,Plant-Brno-CZ,2025-07-31,2025-09-02,2025-09-02,0,82027,82027,1.959,1.94,EXW,Ocean,False
PO0001784,V0022,Passive Components,Plant-Brno-CZ,2025-08-11,2025-09-08,2025-09-08,0,11925,11925,1.79,1.794,CIF,Air,False
PO0001785,V0022,Passive Components,Plant-Penang-MY,2025-08-13,2025-09-13,2025-09-16,3,11668,11668,1.433,1.511,EXW,Truck,False
PO0001786,V0022,Passive Components,Plant-Penang-MY,2025-08-15,2025-09-16,2025-09-17,1,16088,16088,1.309,1.119,DDP,Ocean,False
PO0001787,V0022,Passive Components,Plant-Austin-US,2025-08-26,2025-09-25,2025-10-11,16,9717,9717,0.426,0.482,FOB,Truck,False
PO0001788,V0022,Passive Components,Plant-Brno-CZ,2025-09-11,2025-10-07,2025-10-07,0,1132,1132,1.952,2.144,CIF,Ocean,False
PO0001789,V0022,Passive Components,Plant-Austin-US,2025-09-12,2025-10-08,2025-10-11,3,40474,40474,2.982,2.765,EXW,Truck,False
PO0001790,V0022,Passive Components,Plant-Austin-US,2025-09-26,2025-10-26,2025-11-01,6,4211,4211,0.837,0.937,FOB,Truck,False
PO0001791,V0022,Passive Components,Plant-Penang-MY,2025-09-30,2025-10-28,2025-11-07,10,3934,3934,1.904,1.874,FOB,Ocean,False
PO0001792,V0022,Passive Components,Plant-Austin-US,2025-10-05,2025-10-31,2025-11-02,2,21201,21201,1.52,1.849,CIF,Ocean,False
PO0001793,V0022,Passive Components,Plant-Brno-CZ,2025-10-14,2025-11-13,2025-11-13,0,2986,2986,0.571,0.51,EXW,Ocean,False
PO0001794,V0022,Passive Components,Plant-Brno-CZ,2025-10-16,2025-11-12,2025-11-12,0,6964,6964,2.202,2.465,DDP,Ocean,False
PO0001795,V0022,Passive Components,Plant-Guadalajara-MX,2025-10-17,2025-11-19,2025-11-19,0,22301,22301,2.191,2.254,CIF,Ocean,False
PO0001796,V0022,Passive Components,Plant-Guadalajara-MX,2025-11-04,2025-12-04,2025-12-04,0,482,482,2.352,2.286,CIF,Truck,False
PO0001797,V0022,Passive Components,Plant-Brno-CZ,2025-11-12,2025-12-10,2025-12-10,0,490,490,2.987,2.647,EXW,Ocean,False
PO0001798,V0022,Passive Components,Plant-Guadalajara-MX,2025-11-13,2025-12-08,2025-12-09,1,2456,2456,2.695,2.598,EXW,Air,False
PO0001799,V0022,Passive Components,Plant-Guadalajara-MX,2025-11-24,2025-12-24,2025-12-27,3,18315,18315,2.741,2.616,FOB,Ocean,False
PO0001800,V0022,Passive Components,Plant-Austin-US,2025-11-27,2025-12-28,2025-12-28,0,2304,2304,1.266,1.073,CIF,Ocean,False
PO0001801,V0022,Passive Components,Plant-Brno-CZ,2025-12-07,2026-01-07,2026-01-07,0,177,160,0.561,0.585,CIF,Ocean,False
PO0001802,V0022,Passive Components,Plant-Guadalajara-MX,2025-12-08,2026-01-06,2026-01-06,0,2848,2848,0.728,0.758,DDP,Ocean,False
PO0001803,V0022,Passive Components,Plant-Brno-CZ,2025-12-22,2026-01-29,2026-01-29,0,1076,1076,2.717,3.278,CIF,Ocean,False
PO0001804,V0022,Passive Components,Plant-Brno-CZ,2025-12-29,2026-01-19,2026-01-19,0,834,834,0.872,0.981,DDP,Ocean,False
PO0001805,V0022,Passive Components,Plant-Penang-MY,2026-01-01,2026-02-02,2026-02-02,0,7759,7759,2.071,1.993,CIF,Air,False
PO0001806,V0022,Passive Components,Plant-Brno-CZ,2026-01-04,2026-02-02,2026-02-03,1,9630,9322,1.719,1.985,FOB,Truck,False
PO0001807,V0022,Passive Components,Plant-Brno-CZ,2026-01-11,2026-02-11,2026-02-11,0,5639,5639,2.525,2.553,CIF,Truck,False
PO0001808,V0022,Passive Components,Plant-Penang-MY,2026-01-12,2026-02-13,2026-02-13,0,8010,8010,0.084,0.088,DDP,Truck,False
PO0001809,V0022,Passive Components,Plant-Penang-MY,2026-01-17,2026-02-21,2026-02-21,0,678,678,2.414,2.562,FOB,Ocean,False
PO0001810,V0022,Passive Components,Plant-Brno-CZ,2026-01-25,2026-02-23,2026-02-27,4,8058,8058,0.497,0.494,EXW,Ocean,False
PO0001811,V0022,Passive Components,Plant-Brno-CZ,2026-02-05,2026-03-06,2026-03-06,0,2034,2034,2.486,2.434,FOB,Air,False
PO0001812,V0022,Passive Components,Plant-Penang-MY,2026-02-08,2026-03-08,2026-03-08,0,4289,4289,1.715,1.667,DDP,Truck,False
PO0001813,V0022,Passive Components,Plant-Austin-US,2026-02-18,2026-03-23,2026-03-23,0,1192,1192,1.302,1.341,FOB,Air,True
PO0001814,V0022,Passive Components,Plant-Brno-CZ,2026-02-22,2026-03-23,2026-04-24,32,17293,17293,2.382,2.508,FOB,Truck,False
PO0001815,V0022,Passive Components,Plant-Penang-MY,2026-02-24,2026-03-29,2026-03-31,2,7143,7143,0.669,0.631,FOB,Ocean,False
PO0001816,V0022,Passive Components,Plant-Austin-US,2026-02-25,2026-03-27,2026-03-27,0,8871,8871,0.751,0.722,DDP,Ocean,False
PO0001817,V0022,Passive Components,Plant-Brno-CZ,2026-03-09,2026-04-07,2026-04-07,0,12618,12618,2.301,2.448,EXW,Ocean,False
PO0001818,V0022,Passive Components,Plant-Penang-MY,2026-04-13,2026-05-12,2026-05-12,0,1731,1731,0.847,0.817,EXW,Ocean,False
PO0001819,V0022,Passive Components,Plant-Guadalajara-MX,2026-04-16,2026-05-11,2026-05-12,1,1573,1573,2.654,2.328,FOB,Truck,False
PO0001820,V0022,Passive Components,Plant-Penang-MY,2026-04-17,2026-05-24,2026-05-24,0,3950,3950,0.941,0.928,EXW,Ocean,False
PO0001821,V0022,Passive Components,Plant-Brno-CZ,2026-04-20,2026-05-20,2026-05-20,0,16494,16494,1.543,1.566,CIF,Truck,False
PO0001822,V0022,Passive Components,Plant-Austin-US,2026-04-21,2026-05-23,2026-05-23,0,4539,4539,2.691,2.798,EXW,Truck,False
PO0001823,V0022,Passive Components,Plant-Austin-US,2026-04-29,2026-05-28,2026-05-28,0,2733,2733,0.45,0.39,EXW,Ocean,False
PO0001824,V0022,Passive Components,Plant-Austin-US,2026-05-02,2026-05-28,2026-05-30,2,8183,8183,1.892,1.619,CIF,Truck,False
PO0001825,V0022,Passive Components,Plant-Austin-US,2026-05-06,2026-06-02,2026-06-02,0,936,747,0.4,0.462,EXW,Ocean,False
PO0001826,V0022,Passive Components,Plant-Guadalajara-MX,2026-06-01,2026-06-30,2026-06-30,0,988,988,2.716,2.972,EXW,Ocean,False
PO0001827,V0022,Passive Components,Plant-Penang-MY,2026-06-03,2026-06-25,2026-06-25,0,18083,18083,0.173,0.177,FOB,Ocean,False
PO0001828,V0022,Passive Components,Plant-Guadalajara-MX,2026-06-13,2026-07-14,2026-07-14,0,3506,3506,1.125,1.138,CIF,Ocean,False
PO0001829,V0022,Passive Components,Plant-Penang-MY,2026-06-16,2026-07-12,2026-08-01,20,1378,1378,0.833,0.788,CIF,Ocean,False
PO0001830,V0022,Passive Components,Plant-Guadalajara-MX,2026-06-26,2026-07-27,2026-07-27,0,6373,6373,2.827,2.514,DDP,Air,False
PO0001831,V0022,Passive Components,Plant-Austin-US,2026-06-27,2026-07-30,2026-07-30,0,3161,3161,2.868,2.696,EXW,Ocean,False
PO0001832,V0022,Passive Components,Plant-Guadalajara-MX,2026-06-28,2026-07-24,2026-07-24,0,40808,40808,2.031,2.051,CIF,Ocean,False
PO0001833,V0022,Passive Components,Plant-Brno-CZ,2026-06-29,2026-07-31,2026-07-31,0,705,705,1.085,1.215,DDP,Air,True
PO0001834,V0023,Connectors,Plant-Brno-CZ,2022-01-06,2022-02-11,2022-02-11,0,1466,1466,2.621,2.429,CIF,Air,True
PO0001835,V0023,Connectors,Plant-Penang-MY,2022-01-20,2022-02-22,2022-02-22,0,5153,5153,3.56,3.525,FOB,Ocean,False
PO0001836,V0023,Connectors,Plant-Austin-US,2022-01-29,2022-03-05,2022-03-05,0,3326,3326,6.97,6.512,FOB,Air,False
PO0001837,V0023,Connectors,Plant-Brno-CZ,2022-03-01,2022-04-06,2022-04-19,13,10340,10340,8.557,8.593,DDP,Ocean,False
PO0001838,V0023,Connectors,Plant-Penang-MY,2022-03-11,2022-04-18,2022-04-18,0,2052,2052,1.14,1.112,DDP,Truck,False
PO0001839,V0023,Connectors,Plant-Guadalajara-MX,2022-03-25,2022-04-28,2022-04-28,0,13587,13587,2.327,2.32,DDP,Ocean,False
PO0001840,V0023,Connectors,Plant-Brno-CZ,2022-05-03,2022-06-09,2022-06-09,0,23439,23439,8.985,9.732,EXW,Air,False
PO0001841,V0023,Connectors,Plant-Brno-CZ,2022-06-23,2022-07-26,2022-07-26,0,374,374,14.79,15.331,FOB,Ocean,False
PO0001842,V0023,Connectors,Plant-Brno-CZ,2022-06-24,2022-07-21,2022-07-21,0,3616,3616,7.244,6.978,DDP,Ocean,False
PO0001843,V0023,Connectors,Plant-Austin-US,2022-10-25,2022-11-27,2022-11-27,0,4607,4607,1.577,1.568,FOB,Truck,False
PO0001844,V0023,Connectors,Plant-Penang-MY,2022-11-14,2022-12-11,2022-12-24,13,3043,3043,1.816,1.797,DDP,Truck,False
PO0001845,V0023,Connectors,Plant-Penang-MY,2022-12-11,2023-01-18,2023-01-18,0,640,640,3.149,3.005,EXW,Ocean,False
PO0001846,V0023,Connectors,Plant-Penang-MY,2022-12-22,2023-02-01,2023-02-01,0,495,495,10.614,10.805,FOB,Ocean,False
PO0001847,V0023,Connectors,Plant-Brno-CZ,2022-12-27,2023-02-01,2023-02-01,0,85321,85321,5.094,4.939,DDP,Air,False
PO0001848,V0023,Connectors,Plant-Guadalajara-MX,2023-02-01,2023-03-02,2023-03-02,0,22312,22312,2.175,2.209,EXW,Air,False
PO0001849,V0023,Connectors,Plant-Penang-MY,2023-03-01,2023-04-04,2023-04-04,0,5388,5388,10.182,10.239,FOB,Ocean,False
PO0001850,V0023,Connectors,Plant-Austin-US,2023-03-31,2023-04-30,2023-04-30,0,76570,76570,2.56,2.547,FOB,Ocean,False
PO0001851,V0023,Connectors,Plant-Austin-US,2023-06-27,2023-07-27,2023-07-30,3,10939,10939,6.797,6.44,FOB,Ocean,False
PO0001852,V0023,Connectors,Plant-Penang-MY,2023-07-16,2023-08-12,2023-08-12,0,2994,2994,10.682,11.415,CIF,Ocean,False
PO0001853,V0023,Connectors,Plant-Penang-MY,2023-07-17,2023-08-20,2023-08-21,1,2021,2021,10.182,10.203,CIF,Ocean,False
PO0001854,V0023,Connectors,Plant-Austin-US,2023-07-18,2023-08-24,2023-09-04,11,8871,8871,14.675,15.575,FOB,Ocean,False
PO0001855,V0023,Connectors,Plant-Guadalajara-MX,2023-08-03,2023-09-08,2023-09-09,1,7852,7852,7.031,7.606,FOB,Ocean,False
PO0001856,V0023,Connectors,Plant-Austin-US,2023-08-18,2023-09-22,2023-09-22,0,5000,5000,11.538,11.353,CIF,Ocean,False
PO0001857,V0023,Connectors,Plant-Guadalajara-MX,2023-09-26,2023-10-29,2023-10-31,2,5610,5610,3.906,4.21,FOB,Air,False
PO0001858,V0023,Connectors,Plant-Penang-MY,2023-11-03,2023-12-06,2023-12-06,0,106567,106567,13.839,13.455,EXW,Ocean,False
PO0001859,V0023,Connectors,Plant-Austin-US,2023-11-30,2023-12-24,2023-12-24,0,34056,34056,13.37,14.2,DDP,Ocean,False
PO0001860,V0023,Connectors,Plant-Brno-CZ,2023-12-10,2024-01-16,2024-01-16,0,1232,1232,7.005,6.681,EXW,Ocean,False
PO0001861,V0023,Connectors,Plant-Guadalajara-MX,2024-02-18,2024-03-21,2024-03-22,1,1721,1721,3.644,3.56,FOB,Ocean,False
PO0001862,V0023,Connectors,Plant-Austin-US,2024-02-24,2024-03-28,2024-03-28,0,5066,5066,8.329,8.634,DDP,Ocean,False
PO0001863,V0023,Connectors,Plant-Penang-MY,2024-02-26,2024-04-05,2024-04-08,3,1798,1798,1.753,1.761,FOB,Ocean,False
PO0001864,V0023,Connectors,Plant-Penang-MY,2024-04-02,2024-05-02,2024-05-02,0,3665,3665,4.286,4.326,CIF,Ocean,False
PO0001865,V0023,Connectors,Plant-Austin-US,2024-04-19,2024-05-20,2024-05-20,0,4277,4277,7.281,7.468,DDP,Air,True
PO0001866,V0023,Connectors,Plant-Brno-CZ,2024-05-04,2024-06-05,2024-06-05,0,14292,14292,10.49,10.773,CIF,Ocean,False
PO0001867,V0023,Connectors,Plant-Austin-US,2024-05-09,2024-06-08,2024-06-08,0,2528,2528,11.268,11.299,CIF,Truck,False
PO0001868,V0023,Connectors,Plant-Brno-CZ,2024-05-14,2024-06-18,2024-06-19,1,13233,13233,6.186,6.066,CIF,Truck,False
PO0001869,V0023,Connectors,Plant-Austin-US,2024-08-15,2024-09-23,2024-09-23,0,4024,4024,10.202,10.657,DDP,Ocean,False
PO0001870,V0023,Connectors,Plant-Austin-US,2024-09-07,2024-10-06,2024-10-23,17,113237,113237,7.544,7.878,FOB,Ocean,False
PO0001871,V0023,Connectors,Plant-Austin-US,2024-09-14,2024-10-21,2024-10-21,0,4197,4197,12.136,11.738,EXW,Ocean,False
PO0001872,V0023,Connectors,Plant-Austin-US,2024-10-14,2024-11-19,2024-11-19,0,5148,5148,5.923,6.187,DDP,Air,True
PO0001873,V0023,Connectors,Plant-Austin-US,2024-10-18,2024-11-18,2024-11-18,0,1885,1885,13.638,14.342,FOB,Ocean,False
PO0001874,V0023,Connectors,Plant-Penang-MY,2024-10-27,2024-11-25,2024-11-26,1,1331,1331,6.255,6.499,CIF,Ocean,False
PO0001875,V0023,Connectors,Plant-Brno-CZ,2024-11-25,2024-12-24,2024-12-25,1,3427,3427,7.364,7.536,FOB,Truck,False
PO0001876,V0023,Connectors,Plant-Brno-CZ,2024-12-08,2025-01-07,2025-01-07,0,9398,9398,6.814,6.905,DDP,Ocean,False
PO0001877,V0023,Connectors,Plant-Brno-CZ,2025-01-06,2025-02-12,2025-02-12,0,10512,10512,12.643,12.564,FOB,Truck,False
PO0001878,V0023,Connectors,Plant-Guadalajara-MX,2025-01-16,2025-02-13,2025-02-14,1,8989,8989,2.673,2.523,FOB,Ocean,False
PO0001879,V0023,Connectors,Plant-Brno-CZ,2025-02-04,2025-03-04,2025-03-04,0,4880,4880,7.822,8.358,FOB,Truck,False
PO0001880,V0023,Connectors,Plant-Penang-MY,2025-02-07,2025-03-09,2025-05-13,65,3394,3394,1.166,1.105,EXW,Ocean,False
PO0001881,V0023,Connectors,Plant-Brno-CZ,2025-03-02,2025-04-04,2025-04-06,2,3227,3227,3.077,3.144,FOB,Ocean,False
PO0001882,V0023,Connectors,Plant-Penang-MY,2025-05-07,2025-06-11,2025-06-24,13,111753,111753,5.165,5.375,EXW,Ocean,False
PO0001883,V0023,Connectors,Plant-Brno-CZ,2025-05-18,2025-06-16,2025-06-18,2,2335,2335,14.709,14.161,EXW,Air,False
PO0001884,V0023,Connectors,Plant-Guadalajara-MX,2025-05-27,2025-07-01,2025-07-01,0,6029,6029,9.874,10.692,FOB,Ocean,False
PO0001885,V0023,Connectors,Plant-Guadalajara-MX,2025-05-29,2025-07-04,2025-07-04,0,3509,3509,14.279,14.464,EXW,Ocean,False
PO0001886,V0023,Connectors,Plant-Austin-US,2025-07-20,2025-08-27,2025-08-27,0,3794,3794,12.133,12.452,EXW,Ocean,False
PO0001887,V0023,Connectors,Plant-Austin-US,2025-08-03,2025-09-08,2025-09-09,1,2629,2629,6.84,6.888,DDP,Air,False
PO0001888,V0023,Connectors,Plant-Guadalajara-MX,2025-08-23,2025-09-29,2025-10-21,22,1349,1044,4.045,3.966,FOB,Air,False
PO0001889,V0023,Connectors,Plant-Austin-US,2025-09-08,2025-10-08,2025-10-08,0,5947,5947,12.169,12.339,CIF,Ocean,False
PO0001890,V0023,Connectors,Plant-Brno-CZ,2025-09-12,2025-10-23,2025-10-29,6,4194,3691,10.313,10.916,FOB,Truck,False
PO0001891,V0023,Connectors,Plant-Penang-MY,2025-10-01,2025-10-30,2025-10-30,0,7396,7396,11.548,11.505,DDP,Truck,False
PO0001892,V0023,Connectors,Plant-Brno-CZ,2025-10-12,2025-11-13,2025-11-13,0,2700,2700,5.689,5.687,FOB,Ocean,False
PO0001893,V0023,Connectors,Plant-Penang-MY,2025-10-22,2025-11-25,2025-11-25,0,4952,4952,10.635,11.507,FOB,Ocean,False
PO0001894,V0023,Connectors,Plant-Austin-US,2026-01-07,2026-02-12,2026-02-13,1,1347,1347,6.896,6.861,DDP,Ocean,False
PO0001895,V0023,Connectors,Plant-Guadalajara-MX,2026-01-13,2026-02-15,2026-02-17,2,468,468,10.823,10.486,DDP,Truck,False
PO0001896,V0023,Connectors,Plant-Guadalajara-MX,2026-01-19,2026-02-22,2026-02-22,0,23434,23434,6.152,5.476,CIF,Ocean,False
PO0001897,V0023,Connectors,Plant-Austin-US,2026-02-20,2026-03-29,2026-03-29,0,19323,19323,8.742,9.076,CIF,Ocean,False
PO0001898,V0023,Connectors,Plant-Austin-US,2026-02-22,2026-03-28,2026-03-28,0,4598,4598,2.884,2.766,DDP,Truck,False
PO0001899,V0023,Connectors,Plant-Austin-US,2026-02-28,2026-04-02,2026-04-02,0,2993,2993,12.795,13.06,CIF,Air,False
PO0001900,V0023,Connectors,Plant-Austin-US,2026-03-06,2026-04-10,2026-04-10,0,13939,13939,12.337,11.7,CIF,Ocean,False
PO0001901,V0023,Connectors,Plant-Penang-MY,2026-03-10,2026-04-15,2026-04-17,2,4877,4877,14.936,15.12,FOB,Ocean,False
PO0001902,V0023,Connectors,Plant-Guadalajara-MX,2026-03-11,2026-04-14,2026-04-15,1,2778,2778,11.56,11.958,FOB,Ocean,False
PO0001903,V0023,Connectors,Plant-Austin-US,2026-05-08,2026-06-14,2026-06-14,0,2731,2731,5.227,5.313,DDP,Truck,False
PO0001904,V0023,Connectors,Plant-Guadalajara-MX,2026-05-15,2026-06-14,2026-06-15,1,37821,37821,4.974,4.824,FOB,Air,False
PO0001905,V0023,Connectors,Plant-Brno-CZ,2026-05-25,2026-06-27,2026-06-27,0,2123,2123,3.1,3.161,EXW,Ocean,False
PO0001906,V0023,Connectors,Plant-Penang-MY,2026-06-12,2026-07-17,2026-07-17,0,7430,7430,8.772,8.815,FOB,Truck,False
PO0001907,V0024,Packaging,Plant-Guadalajara-MX,2022-01-18,2022-02-07,2022-02-07,0,3069,3069,3.935,3.976,EXW,Air,True
PO0001908,V0024,Packaging,Plant-Austin-US,2022-08-02,2022-08-23,2022-08-23,0,14845,14845,2.947,3.026,CIF,Ocean,False
PO0001909,V0024,Packaging,Plant-Austin-US,2022-09-09,2022-09-26,2022-09-26,0,24626,24626,2.2,2.234,FOB,Ocean,False
PO0001910,V0024,Packaging,Plant-Guadalajara-MX,2022-11-12,2022-12-05,2022-12-05,0,1771,1771,2.277,2.183,DDP,Air,False
PO0001911,V0024,Packaging,Plant-Penang-MY,2022-11-24,2022-12-11,2022-12-11,0,3904,3904,3.684,3.726,CIF,Ocean,False
PO0001912,V0024,Packaging,Plant-Guadalajara-MX,2022-12-14,2023-01-05,2023-01-07,2,145462,118603,3.936,4.007,FOB,Air,False
PO0001913,V0024,Packaging,Plant-Austin-US,2022-12-19,2023-01-10,2023-01-10,0,11301,11301,3.772,3.863,DDP,Air,False
PO0001914,V0024,Packaging,Plant-Austin-US,2022-12-25,2023-01-19,2023-01-21,2,2609,2609,1.323,1.372,DDP,Ocean,False
PO0001915,V0024,Packaging,Plant-Austin-US,2023-01-02,2023-01-23,2023-01-24,1,861,861,2.091,2.087,FOB,Air,False
PO0001916,V0024,Packaging,Plant-Austin-US,2023-03-19,2023-04-07,2023-04-07,0,5129,5129,1.967,2.031,EXW,Ocean,False
PO0001917,V0024,Packaging,Plant-Brno-CZ,2023-10-14,2023-11-06,2023-11-06,0,9455,9455,0.763,0.773,CIF,Air,False
PO0001918,V0024,Packaging,Plant-Guadalajara-MX,2023-12-18,2024-01-08,2024-01-09,1,4009,4009,4.44,4.631,EXW,Truck,False
PO0001919,V0024,Packaging,Plant-Brno-CZ,2024-01-06,2024-01-26,2024-01-26,0,1771,1771,1.491,1.685,DDP,Air,False
PO0001920,V0024,Packaging,Plant-Guadalajara-MX,2024-06-13,2024-07-04,2024-07-06,2,6518,6518,0.703,0.717,FOB,Truck,False
PO0001921,V0024,Packaging,Plant-Guadalajara-MX,2024-09-02,2024-09-21,2024-09-22,1,1626,1626,3.226,3.25,DDP,Truck,False
PO0001922,V0024,Packaging,Plant-Austin-US,2024-09-19,2024-10-14,2024-10-14,0,1326,1326,4.482,4.357,EXW,Ocean,False
PO0001923,V0024,Packaging,Plant-Brno-CZ,2025-02-08,2025-03-03,2025-03-14,11,71646,71646,3.725,3.689,FOB,Truck,False
PO0001924,V0024,Packaging,Plant-Guadalajara-MX,2025-03-14,2025-04-01,2025-04-03,2,21550,21550,4.0,3.744,CIF,Ocean,False
PO0001925,V0024,Packaging,Plant-Austin-US,2025-04-11,2025-04-28,2025-04-28,0,9177,9177,3.24,3.226,EXW,Truck,False
PO0001926,V0024,Packaging,Plant-Guadalajara-MX,2025-05-06,2025-05-26,2025-05-28,2,11916,11916,2.79,2.858,DDP,Air,False
PO0001927,V0024,Packaging,Plant-Penang-MY,2025-09-30,2025-10-18,2025-10-18,0,4626,4626,0.282,0.306,FOB,Air,False
PO0001928,V0025,Connectors,Plant-Austin-US,2022-01-09,2022-02-19,2022-02-19,0,2671,2671,12.834,11.618,CIF,Ocean,False
PO0001929,V0025,Connectors,Plant-Brno-CZ,2022-03-19,2022-04-22,2022-04-22,0,14009,14009,7.627,8.008,CIF,Air,False
PO0001930,V0025,Connectors,Plant-Austin-US,2022-04-22,2022-05-23,2022-06-17,25,4677,4677,14.682,14.453,FOB,Ocean,False
PO0001931,V0025,Connectors,Plant-Penang-MY,2022-05-03,2022-06-07,2022-06-07,0,8060,8060,7.435,7.505,CIF,Ocean,False
PO0001932,V0025,Connectors,Plant-Penang-MY,2022-05-05,2022-06-13,2022-07-08,25,5430,5430,6.308,6.706,EXW,Truck,False
PO0001933,V0025,Connectors,Plant-Brno-CZ,2022-06-06,2022-07-12,2022-07-12,0,4994,4994,3.472,3.753,FOB,Ocean,False
PO0001934,V0025,Connectors,Plant-Austin-US,2022-06-08,2022-07-12,2022-08-07,26,11921,11921,12.559,14.835,CIF,Air,False
PO0001935,V0025,Connectors,Plant-Austin-US,2022-06-29,2022-08-01,2022-08-23,22,6896,6896,6.319,5.49,DDP,Truck,False
PO0001936,V0025,Connectors,Plant-Austin-US,2022-07-10,2022-08-12,2022-08-15,3,13270,13270,9.296,9.942,FOB,Air,False
PO0001937,V0025,Connectors,Plant-Brno-CZ,2022-10-28,2022-11-30,2022-12-21,21,7119,7119,3.284,3.079,EXW,Ocean,False
PO0001938,V0025,Connectors,Plant-Guadalajara-MX,2023-01-11,2023-02-11,2023-02-14,3,7134,7134,4.285,4.2,EXW,Air,False
PO0001939,V0025,Connectors,Plant-Austin-US,2023-02-04,2023-03-08,2023-03-08,0,11679,11679,12.703,12.315,EXW,Air,False
PO0001940,V0025,Connectors,Plant-Austin-US,2023-04-28,2023-06-04,2023-06-05,1,3043,3043,8.908,8.255,CIF,Ocean,False
PO0001941,V0025,Connectors,Plant-Guadalajara-MX,2023-07-26,2023-09-04,2023-09-11,7,3256,3256,1.505,1.607,DDP,Air,False
PO0001942,V0025,Connectors,Plant-Austin-US,2023-08-08,2023-09-05,2023-09-05,0,2145,2145,1.685,1.708,DDP,Truck,False
PO0001943,V0025,Connectors,Plant-Brno-CZ,2023-08-23,2023-09-30,2023-09-30,0,7008,7008,7.344,7.379,FOB,Ocean,False
PO0001944,V0025,Connectors,Plant-Guadalajara-MX,2023-09-21,2023-10-28,2023-10-29,1,8372,8372,3.281,3.281,CIF,Truck,False
PO0001945,V0025,Connectors,Plant-Brno-CZ,2024-01-18,2024-02-23,2024-02-23,0,1021,964,11.796,11.556,CIF,Ocean,False
PO0001946,V0025,Connectors,Plant-Penang-MY,2024-02-19,2024-03-20,2024-04-02,13,1074,1074,8.264,9.236,CIF,Ocean,False
PO0001947,V0025,Connectors,Plant-Guadalajara-MX,2024-03-02,2024-04-08,2024-04-08,0,2450,2450,12.126,11.557,EXW,Ocean,False
PO0001948,V0025,Connectors,Plant-Guadalajara-MX,2024-03-08,2024-04-10,2024-04-25,15,3806,3806,13.777,11.354,EXW,Air,False
PO0001949,V0025,Connectors,Plant-Austin-US,2024-03-13,2024-04-17,2024-04-17,0,13447,13447,4.617,5.152,FOB,Ocean,False
PO0001950,V0025,Connectors,Plant-Guadalajara-MX,2024-03-28,2024-05-07,2024-05-27,20,38940,33800,13.472,12.433,FOB,Ocean,False
PO0001951,V0025,Connectors,Plant-Brno-CZ,2024-06-11,2024-07-20,2024-07-21,1,2649,2649,12.21,12.677,DDP,Air,False
PO0001952,V0025,Connectors,Plant-Penang-MY,2024-08-15,2024-09-17,2024-09-17,0,1177,1177,12.035,11.337,CIF,Ocean,False
PO0001953,V0025,Connectors,Plant-Guadalajara-MX,2024-08-20,2024-09-29,2024-09-29,0,3542,3542,7.193,6.464,CIF,Truck,False
PO0001954,V0025,Connectors,Plant-Guadalajara-MX,2024-09-05,2024-10-06,2024-10-12,6,1495,1495,14.83,16.157,FOB,Ocean,False
PO0001955,V0025,Connectors,Plant-Brno-CZ,2024-10-18,2024-11-23,2024-11-24,1,1910,1910,7.249,7.068,CIF,Truck,False
PO0001956,V0025,Connectors,Plant-Brno-CZ,2025-02-04,2025-03-18,2025-03-18,0,7711,7711,6.397,6.28,DDP,Ocean,False
PO0001957,V0025,Connectors,Plant-Austin-US,2025-02-10,2025-03-20,2025-03-20,0,10570,10570,7.379,6.574,DDP,Air,False
PO0001958,V0025,Connectors,Plant-Guadalajara-MX,2025-05-08,2025-06-13,2025-06-13,0,11686,11686,5.58,5.988,EXW,Ocean,False
PO0001959,V0025,Connectors,Plant-Guadalajara-MX,2025-05-18,2025-06-30,2025-06-30,0,2173,2173,7.831,8.741,CIF,Truck,False
PO0001960,V0025,Connectors,Plant-Austin-US,2025-05-29,2025-07-05,2025-07-05,0,7811,7811,2.238,2.529,DDP,Ocean,False
PO0001961,V0025,Connectors,Plant-Austin-US,2025-06-04,2025-07-10,2025-07-16,6,91006,91006,1.364,1.466,DDP,Truck,False
PO0001962,V0025,Connectors,Plant-Austin-US,2025-06-18,2025-07-18,2025-07-18,0,32634,32634,3.912,3.753,DDP,Truck,False
PO0001963,V0025,Connectors,Plant-Brno-CZ,2025-07-30,2025-09-06,2025-09-07,1,8017,8017,12.621,10.519,DDP,Ocean,False
PO0001964,V0025,Connectors,Plant-Brno-CZ,2025-10-27,2025-11-28,2025-11-29,1,1883,1883,2.196,2.418,DDP,Air,False
PO0001965,V0025,Connectors,Plant-Austin-US,2026-02-13,2026-03-21,2026-03-22,1,4355,4355,4.44,3.999,FOB,Ocean,False
PO0001966,V0025,Connectors,Plant-Guadalajara-MX,2026-02-21,2026-03-28,2026-03-28,0,5560,5560,12.284,11.013,CIF,Ocean,False
PO0001967,V0025,Connectors,Plant-Penang-MY,2026-03-05,2026-04-09,2026-04-09,0,557,557,8.403,8.122,CIF,Ocean,False
PO0001968,V0025,Connectors,Plant-Austin-US,2026-03-06,2026-04-08,2026-04-08,0,6248,6248,1.751,1.891,DDP,Ocean,False
PO0001969,V0025,Connectors,Plant-Guadalajara-MX,2026-03-11,2026-04-10,2026-04-10,0,8492,8492,12.626,12.63,DDP,Truck,False
PO0001970,V0025,Connectors,Plant-Austin-US,2026-04-13,2026-05-12,2026-05-12,0,3759,3759,5.284,4.817,DDP,Ocean,False
PO0001971,V0025,Connectors,Plant-Guadalajara-MX,2026-04-29,2026-05-27,2026-05-27,0,39910,39910,11.668,11.728,DDP,Air,False
PO0001972,V0025,Connectors,Plant-Penang-MY,2026-05-20,2026-06-28,2026-06-29,1,2093,2093,2.25,2.145,DDP,Ocean,False
PO0001973,V0026,Connectors,Plant-Austin-US,2022-01-07,2022-02-10,2022-02-10,0,7799,7799,12.477,12.241,DDP,Ocean,False
PO0001974,V0026,Connectors,Plant-Austin-US,2022-01-19,2022-02-23,2022-02-23,0,2134,2134,1.187,1.146,EXW,Ocean,False
PO0001975,V0026,Connectors,Plant-Penang-MY,2022-01-25,2022-02-26,2022-02-28,2,1563,1563,10.086,9.823,CIF,Ocean,False
PO0001976,V0026,Connectors,Plant-Penang-MY,2022-05-26,2022-06-25,2022-06-25,0,7231,7231,5.814,5.6,FOB,Truck,False
PO0001977,V0026,Connectors,Plant-Penang-MY,2022-06-01,2022-07-11,2022-07-11,0,30030,30030,2.856,2.915,FOB,Ocean,False
PO0001978,V0026,Connectors,Plant-Brno-CZ,2022-08-15,2022-09-20,2022-09-20,0,3831,3831,5.539,5.519,EXW,Ocean,False
PO0001979,V0026,Connectors,Plant-Austin-US,2022-10-03,2022-11-10,2022-11-10,0,1429,1429,2.821,2.845,EXW,Ocean,False
PO0001980,V0026,Connectors,Plant-Guadalajara-MX,2022-10-04,2022-11-11,2022-11-11,0,3533,3533,12.851,13.351,FOB,Truck,False
PO0001981,V0026,Connectors,Plant-Guadalajara-MX,2023-01-11,2023-02-15,2023-02-15,0,12741,12741,12.363,12.315,CIF,Ocean,False
PO0001982,V0026,Connectors,Plant-Guadalajara-MX,2023-01-16,2023-02-28,2023-03-20,20,2833,2833,11.536,11.627,FOB,Ocean,False
PO0001983,V0026,Connectors,Plant-Guadalajara-MX,2023-02-04,2023-03-10,2023-03-10,0,2524,2524,5.6,5.841,CIF,Ocean,False
PO0001984,V0026,Connectors,Plant-Penang-MY,2023-04-04,2023-05-13,2023-05-14,1,5938,5938,7.698,7.617,EXW,Truck,False
PO0001985,V0026,Connectors,Plant-Brno-CZ,2023-04-06,2023-05-10,2023-05-10,0,2263,2263,10.211,10.426,EXW,Ocean,False
PO0001986,V0026,Connectors,Plant-Austin-US,2023-04-23,2023-06-01,2023-06-01,0,4082,4082,2.787,2.787,EXW,Ocean,False
PO0001987,V0026,Connectors,Plant-Brno-CZ,2023-05-01,2023-06-05,2023-06-05,0,13179,13179,2.386,2.307,DDP,Truck,False
PO0001988,V0026,Connectors,Plant-Austin-US,2023-06-11,2023-07-15,2023-07-15,0,1294,1294,3.292,3.327,DDP,Truck,False
PO0001989,V0026,Connectors,Plant-Penang-MY,2023-08-20,2023-09-19,2023-09-19,0,9624,9624,10.696,10.761,DDP,Truck,False
PO0001990,V0026,Connectors,Plant-Penang-MY,2023-10-03,2023-11-09,2023-11-09,0,7364,7364,2.771,2.719,FOB,Air,False
PO0001991,V0026,Connectors,Plant-Brno-CZ,2023-10-24,2023-11-28,2023-12-05,7,4445,4445,11.036,11.304,FOB,Ocean,False
PO0001992,V0026,Connectors,Plant-Brno-CZ,2023-11-17,2023-12-19,2023-12-22,3,9664,9664,2.276,2.275,CIF,Ocean,False
PO0001993,V0026,Connectors,Plant-Austin-US,2024-01-07,2024-02-15,2024-02-15,0,7166,7166,4.629,4.854,FOB,Air,True
PO0001994,V0026,Connectors,Plant-Penang-MY,2024-02-02,2024-03-06,2024-03-08,2,6189,6189,8.779,8.457,FOB,Air,False
PO0001995,V0026,Connectors,Plant-Brno-CZ,2024-03-16,2024-04-14,2024-05-11,27,7180,7180,1.175,1.153,CIF,Air,False
PO0001996,V0026,Connectors,Plant-Austin-US,2024-04-25,2024-05-30,2024-05-30,0,14759,14759,0.798,0.809,EXW,Ocean,False
PO0001997,V0026,Connectors,Plant-Guadalajara-MX,2024-05-03,2024-06-08,2024-06-08,0,1483,1483,7.612,7.6,DDP,Ocean,False
PO0001998,V0026,Connectors,Plant-Brno-CZ,2024-06-06,2024-07-12,2024-07-12,0,11095,11095,3.695,3.749,DDP,Ocean,False
PO0001999,V0026,Connectors,Plant-Penang-MY,2024-08-03,2024-09-02,2024-09-02,0,5690,5690,6.298,6.273,CIF,Ocean,False
PO0002000,V0026,Connectors,Plant-Austin-US,2024-09-26,2024-10-27,2024-10-28,1,83716,83716,8.199,8.195,CIF,Truck,False
PO0002001,V0026,Connectors,Plant-Penang-MY,2024-10-15,2024-11-17,2024-11-17,0,570,570,11.712,11.334,DDP,Truck,False
PO0002002,V0026,Connectors,Plant-Penang-MY,2025-01-16,2025-02-15,2025-02-15,0,19674,19674,8.478,8.505,EXW,Ocean,False
PO0002003,V0026,Connectors,Plant-Brno-CZ,2025-03-03,2025-04-05,2025-04-05,0,1676,1293,8.502,8.548,DDP,Ocean,False
PO0002004,V0026,Connectors,Plant-Guadalajara-MX,2025-05-22,2025-06-26,2025-06-26,0,26049,26049,8.993,9.067,EXW,Air,False
PO0002005,V0026,Connectors,Plant-Penang-MY,2025-06-07,2025-07-16,2025-07-16,0,803,803,2.971,2.866,CIF,Ocean,False
PO0002006,V0026,Connectors,Plant-Penang-MY,2025-06-12,2025-07-20,2025-07-20,0,43233,43233,8.547,8.331,EXW,Ocean,False
PO0002007,V0026,Connectors,Plant-Guadalajara-MX,2025-07-16,2025-08-18,2025-08-25,7,3240,3240,3.869,4.033,EXW,Ocean,False
PO0002008,V0026,Connectors,Plant-Brno-CZ,2025-10-02,2025-10-29,2025-10-29,0,1269,1269,8.232,7.979,CIF,Truck,False
PO0002009,V0026,Connectors,Plant-Guadalajara-MX,2025-10-16,2025-11-21,2025-11-26,5,19235,19235,10.435,10.771,EXW,Air,False
PO0002010,V0026,Connectors,Plant-Guadalajara-MX,2025-11-21,2025-12-22,2025-12-22,0,267,267,1.509,1.527,CIF,Air,False
PO0002011,V0026,Connectors,Plant-Guadalajara-MX,2026-01-23,2026-02-19,2026-02-23,4,5034,5034,1.81,1.762,FOB,Ocean,False
PO0002012,V0026,Connectors,Plant-Penang-MY,2026-02-14,2026-03-19,2026-03-19,0,29740,29740,3.512,3.506,CIF,Ocean,False
PO0002013,V0026,Connectors,Plant-Penang-MY,2026-03-09,2026-04-10,2026-04-11,1,1965,1965,10.206,10.457,EXW,Air,False
PO0002014,V0026,Connectors,Plant-Guadalajara-MX,2026-03-20,2026-04-30,2026-04-30,0,24133,24133,3.638,3.663,FOB,Ocean,False
PO0002015,V0027,Batteries,Plant-Penang-MY,2022-01-18,2022-03-02,2022-03-02,0,5208,5208,30.941,27.006,CIF,Ocean,False
PO0002016,V0027,Batteries,Plant-Brno-CZ,2022-05-08,2022-06-26,2022-06-27,1,1002,1002,21.973,21.532,CIF,Truck,False
PO0002017,V0027,Batteries,Plant-Penang-MY,2022-05-17,2022-07-13,2022-07-14,1,684,684,21.954,20.256,FOB,Ocean,False
PO0002018,V0027,Batteries,Plant-Brno-CZ,2022-05-25,2022-07-12,2022-07-12,0,1979,1979,54.597,53.852,DDP,Air,False
PO0002019,V0027,Batteries,Plant-Brno-CZ,2022-06-01,2022-07-13,2022-07-13,0,3785,3785,43.542,45.657,EXW,Air,False
PO0002020,V0027,Batteries,Plant-Austin-US,2022-06-12,2022-07-30,2022-07-30,0,5988,5988,47.461,43.223,EXW,Ocean,False
PO0002021,V0027,Batteries,Plant-Brno-CZ,2023-04-03,2023-05-31,2023-05-31,0,33101,33101,10.097,10.644,EXW,Truck,False
PO0002022,V0027,Batteries,Plant-Guadalajara-MX,2023-04-16,2023-06-17,2023-06-17,0,11041,11041,30.879,31.188,DDP,Ocean,False
PO0002023,V0027,Batteries,Plant-Austin-US,2023-07-25,2023-09-08,2023-09-09,1,36360,36360,52.122,57.434,DDP,Ocean,False
PO0002024,V0027,Batteries,Plant-Guadalajara-MX,2023-07-28,2023-09-21,2023-09-21,0,3678,3678,34.569,33.982,FOB,Ocean,False
PO0002025,V0027,Batteries,Plant-Austin-US,2023-10-02,2023-11-15,2023-11-27,12,8848,8848,52.695,57.979,DDP,Truck,False
PO0002026,V0027,Batteries,Plant-Guadalajara-MX,2023-11-18,2023-12-23,2023-12-23,0,30580,30580,10.786,11.22,DDP,Ocean,False
PO0002027,V0027,Batteries,Plant-Austin-US,2023-12-05,2024-01-18,2024-01-19,1,5854,5854,27.409,29.841,EXW,Ocean,False
PO0002028,V0027,Batteries,Plant-Guadalajara-MX,2023-12-31,2024-02-19,2024-02-21,2,1163,1163,52.001,50.076,CIF,Ocean,False
PO0002029,V0027,Batteries,Plant-Guadalajara-MX,2024-01-14,2024-02-22,2024-02-22,0,1607,1607,19.809,20.598,FOB,Ocean,False
PO0002030,V0027,Batteries,Plant-Brno-CZ,2024-03-18,2024-04-25,2024-04-25,0,739,739,51.679,54.187,FOB,Truck,False
PO0002031,V0027,Batteries,Plant-Brno-CZ,2024-03-22,2024-05-08,2024-05-08,0,1046,1046,17.308,17.313,CIF,Ocean,False
PO0002032,V0027,Batteries,Plant-Penang-MY,2024-05-02,2024-06-24,2024-06-28,4,6717,6717,27.005,28.049,FOB,Ocean,False
PO0002033,V0027,Batteries,Plant-Brno-CZ,2024-05-26,2024-07-06,2024-07-06,0,1508,1508,6.752,6.623,CIF,Ocean,False
PO0002034,V0027,Batteries,Plant-Penang-MY,2024-06-05,2024-07-28,2024-07-28,0,10514,10514,34.241,35.278,DDP,Ocean,False
PO0002035,V0027,Batteries,Plant-Austin-US,2024-06-17,2024-08-05,2024-08-05,0,13148,13148,36.176,33.488,EXW,Ocean,False
PO0002036,V0027,Batteries,Plant-Penang-MY,2024-10-03,2024-11-24,2024-11-24,0,1297,1297,44.197,37.946,EXW,Ocean,False
PO0002037,V0027,Batteries,Plant-Austin-US,2024-10-05,2024-12-01,2024-12-02,1,9982,9982,6.965,6.39,CIF,Ocean,False
PO0002038,V0027,Batteries,Plant-Brno-CZ,2024-11-21,2024-12-30,2024-12-30,0,10347,10347,10.251,11.442,DDP,Ocean,False
PO0002039,V0027,Batteries,Plant-Guadalajara-MX,2024-11-22,2025-01-22,2025-01-22,0,5742,5742,46.984,44.236,DDP,Ocean,False
PO0002040,V0027,Batteries,Plant-Guadalajara-MX,2025-01-30,2025-03-26,2025-03-26,0,16582,16582,56.047,54.185,FOB,Air,True
PO0002041,V0027,Batteries,Plant-Guadalajara-MX,2025-04-12,2025-05-29,2025-05-30,1,1774,1493,32.568,30.446,EXW,Ocean,False
PO0002042,V0027,Batteries,Plant-Penang-MY,2025-05-07,2025-06-21,2025-06-28,7,1187,1187,30.026,33.586,FOB,Truck,False
PO0002043,V0027,Batteries,Plant-Brno-CZ,2025-06-03,2025-07-17,2025-08-15,29,1491,1491,44.03,46.65,FOB,Ocean,False
PO0002044,V0027,Batteries,Plant-Brno-CZ,2025-06-13,2025-08-04,2025-08-04,0,2755,2755,56.501,54.727,EXW,Ocean,False
PO0002045,V0027,Batteries,Plant-Guadalajara-MX,2025-07-08,2025-08-19,2025-08-19,0,3033,2377,15.899,18.061,DDP,Truck,False
PO0002046,V0027,Batteries,Plant-Guadalajara-MX,2025-08-01,2025-09-17,2025-09-17,0,19898,19066,20.939,16.396,CIF,Air,False
PO0002047,V0027,Batteries,Plant-Brno-CZ,2025-08-28,2025-10-28,2025-11-20,23,5247,3887,22.037,21.245,EXW,Truck,False
PO0002048,V0027,Batteries,Plant-Brno-CZ,2025-11-03,2025-12-24,2025-12-24,0,5619,4098,21.646,19.169,FOB,Ocean,False
PO0002049,V0027,Batteries,Plant-Penang-MY,2025-12-07,2026-01-28,2026-01-28,0,1780,1780,49.802,54.248,DDP,Truck,False
PO0002050,V0027,Batteries,Plant-Brno-CZ,2025-12-22,2026-02-02,2026-02-02,0,7714,7714,31.589,31.399,CIF,Ocean,False
PO0002051,V0027,Batteries,Plant-Austin-US,2026-01-06,2026-02-22,2026-02-22,0,5458,5458,12.207,12.229,CIF,Ocean,False
PO0002052,V0027,Batteries,Plant-Penang-MY,2026-03-15,2026-04-27,2026-04-28,1,14163,14163,36.77,34.205,DDP,Ocean,False
PO0002053,V0027,Batteries,Plant-Penang-MY,2026-04-02,2026-05-27,2026-05-27,0,941,941,19.226,19.581,DDP,Air,True
PO0002054,V0027,Batteries,Plant-Brno-CZ,2026-04-06,2026-05-28,2026-05-28,0,6341,6341,52.17,51.316,CIF,Ocean,False
PO0002055,V0028,Connectors,Plant-Austin-US,2022-01-04,2022-02-02,2022-02-02,0,25913,25913,14.268,14.184,EXW,Ocean,False
PO0002056,V0028,Connectors,Plant-Austin-US,2022-01-16,2022-02-21,2022-02-21,0,17135,17135,13.431,13.379,EXW,Truck,False
PO0002057,V0028,Connectors,Plant-Brno-CZ,2022-01-19,2022-02-23,2022-02-24,1,7788,7788,8.101,8.402,DDP,Ocean,False
PO0002058,V0028,Connectors,Plant-Brno-CZ,2022-01-22,2022-02-22,2022-02-22,0,1398,1398,12.194,12.089,FOB,Ocean,False
PO0002059,V0028,Connectors,Plant-Austin-US,2022-02-08,2022-03-16,2022-03-16,0,4995,4995,10.184,10.194,EXW,Air,True
PO0002060,V0028,Connectors,Plant-Austin-US,2022-02-11,2022-03-09,2022-03-09,0,4741,4741,10.51,10.813,CIF,Ocean,False
PO0002061,V0028,Connectors,Plant-Brno-CZ,2022-03-03,2022-04-15,2022-04-15,0,3702,3702,2.746,2.791,CIF,Ocean,False
PO0002062,V0028,Connectors,Plant-Guadalajara-MX,2022-03-27,2022-05-04,2022-05-16,12,18011,18011,11.687,11.231,FOB,Ocean,False
PO0002063,V0028,Connectors,Plant-Penang-MY,2022-03-31,2022-05-05,2022-05-05,0,2959,2959,3.127,3.065,DDP,Ocean,False
PO0002064,V0028,Connectors,Plant-Austin-US,2022-04-02,2022-04-29,2022-06-28,60,6420,6420,10.108,10.076,EXW,Ocean,False
PO0002065,V0028,Connectors,Plant-Austin-US,2022-04-08,2022-05-09,2022-05-31,22,6694,6694,4.634,4.632,CIF,Air,False
PO0002066,V0028,Connectors,Plant-Austin-US,2022-04-13,2022-05-15,2022-05-15,0,7008,7008,9.302,9.418,CIF,Truck,False
PO0002067,V0028,Connectors,Plant-Penang-MY,2022-04-16,2022-05-21,2022-05-22,1,3935,3935,9.253,9.196,EXW,Ocean,False
PO0002068,V0028,Connectors,Plant-Penang-MY,2022-04-27,2022-06-03,2022-06-13,10,138141,138141,9.568,9.865,EXW,Ocean,False
PO0002069,V0028,Connectors,Plant-Penang-MY,2022-05-08,2022-06-03,2022-06-03,0,525,525,0.759,0.813,CIF,Ocean,False
PO0002070,V0028,Connectors,Plant-Guadalajara-MX,2022-05-13,2022-06-08,2022-06-08,0,1854,1854,9.795,9.007,EXW,Ocean,False
PO0002071,V0028,Connectors,Plant-Brno-CZ,2022-05-19,2022-06-20,2022-06-20,0,1742,1742,2.109,2.008,DDP,Ocean,False
PO0002072,V0028,Connectors,Plant-Guadalajara-MX,2022-05-22,2022-06-29,2022-06-29,0,16101,16101,9.944,8.31,FOB,Air,False
PO0002073,V0028,Connectors,Plant-Guadalajara-MX,2022-06-12,2022-07-19,2022-08-17,29,17779,17779,14.387,13.636,CIF,Air,False
PO0002074,V0028,Connectors,Plant-Austin-US,2022-06-23,2022-08-03,2022-09-02,30,6816,6816,10.178,10.157,DDP,Ocean,False
PO0002075,V0028,Connectors,Plant-Austin-US,2022-07-15,2022-08-15,2022-08-17,2,2956,2956,0.524,0.511,FOB,Air,False
PO0002076,V0028,Connectors,Plant-Austin-US,2022-07-16,2022-08-19,2022-08-19,0,9819,6962,13.6,13.796,DDP,Ocean,False
PO0002077,V0028,Connectors,Plant-Penang-MY,2022-07-22,2022-08-22,2022-08-24,2,397,397,13.892,13.338,EXW,Air,False
PO0002078,V0028,Connectors,Plant-Brno-CZ,2022-07-31,2022-09-01,2022-09-01,0,1524,1524,2.643,2.6,EXW,Air,False
PO0002079,V0028,Connectors,Plant-Penang-MY,2022-08-16,2022-09-16,2022-09-16,0,2038,2038,11.562,11.489,FOB,Ocean,False
PO0002080,V0028,Connectors,Plant-Guadalajara-MX,2022-08-17,2022-09-24,2022-09-24,0,1605,1605,10.456,10.669,CIF,Air,False
PO0002081,V0028,Connectors,Plant-Guadalajara-MX,2022-08-20,2022-09-22,2022-09-22,0,3015,3015,6.301,6.567,EXW,Air,True
PO0002082,V0028,Connectors,Plant-Guadalajara-MX,2022-08-29,2022-10-02,2022-10-02,0,13784,13784,10.203,10.327,CIF,Ocean,False
PO0002083,V0028,Connectors,Plant-Brno-CZ,2022-09-03,2022-10-09,2022-10-09,0,3828,3828,6.165,6.223,FOB,Ocean,False
PO0002084,V0028,Connectors,Plant-Austin-US,2022-09-09,2022-10-06,2022-10-16,10,3983,3983,8.718,8.436,DDP,Ocean,False
PO0002085,V0028,Connectors,Plant-Austin-US,2022-09-12,2022-10-12,2022-10-12,0,3031,3031,6.517,6.244,CIF,Ocean,False
PO0002086,V0028,Connectors,Plant-Austin-US,2022-09-25,2022-11-03,2022-11-03,0,3157,3157,3.698,3.468,FOB,Ocean,False
PO0002087,V0028,Connectors,Plant-Austin-US,2022-09-26,2022-11-02,2022-11-02,0,1650,1650,11.696,10.583,EXW,Ocean,False
PO0002088,V0028,Connectors,Plant-Austin-US,2022-10-12,2022-11-14,2022-11-14,0,6028,6028,14.69,13.123,EXW,Ocean,False
PO0002089,V0028,Connectors,Plant-Austin-US,2022-10-26,2022-11-27,2022-11-27,0,5192,5192,6.866,6.959,FOB,Truck,False
PO0002090,V0028,Connectors,Plant-Guadalajara-MX,2022-11-09,2022-12-13,2022-12-13,0,4478,4478,6.179,5.849,CIF,Air,False
PO0002091,V0028,Connectors,Plant-Penang-MY,2022-11-10,2022-12-19,2022-12-19,0,343,343,12.187,12.639,FOB,Ocean,False
PO0002092,V0028,Connectors,Plant-Guadalajara-MX,2022-11-22,2022-12-26,2022-12-26,0,1722,1722,6.2,6.296,EXW,Truck,False
PO0002093,V0028,Connectors,Plant-Penang-MY,2022-11-24,2022-12-27,2022-12-29,2,4841,4841,12.927,12.345,EXW,Air,False
PO0002094,V0028,Connectors,Plant-Guadalajara-MX,2022-12-12,2023-01-15,2023-01-18,3,1751,1751,13.415,13.311,FOB,Ocean,False
PO0002095,V0028,Connectors,Plant-Austin-US,2022-12-21,2023-01-28,2023-01-28,0,2681,2681,7.227,7.256,CIF,Air,False
PO0002096,V0028,Connectors,Plant-Penang-MY,2023-01-10,2023-02-14,2023-02-15,1,4812,4812,13.185,13.753,CIF,Truck,False
PO0002097,V0028,Connectors,Plant-Austin-US,2023-01-13,2023-02-19,2023-02-19,0,2905,2905,10.888,11.413,FOB,Air,False
PO0002098,V0028,Connectors,Plant-Brno-CZ,2023-01-15,2023-02-15,2023-02-17,2,804,804,13.557,13.555,EXW,Truck,False
PO0002099,V0028,Connectors,Plant-Guadalajara-MX,2023-01-20,2023-02-23,2023-02-25,2,8711,8711,3.524,3.468,DDP,Ocean,False
PO0002100,V0028,Connectors,Plant-Guadalajara-MX,2023-01-26,2023-03-06,2023-03-07,1,755,755,3.524,3.404,EXW,Ocean,False
PO0002101,V0028,Connectors,Plant-Brno-CZ,2023-01-29,2023-03-06,2023-03-06,0,39794,39794,4.461,4.351,CIF,Truck,False
PO0002102,V0028,Connectors,Plant-Guadalajara-MX,2023-02-06,2023-03-06,2023-03-06,0,8771,8771,7.217,7.075,DDP,Ocean,False
PO0002103,V0028,Connectors,Plant-Penang-MY,2023-02-11,2023-03-11,2023-03-12,1,8428,8428,1.165,1.158,FOB,Ocean,False
PO0002104,V0028,Connectors,Plant-Austin-US,2023-02-21,2023-03-29,2023-03-29,0,22435,22435,14.242,13.547,CIF,Ocean,False
PO0002105,V0028,Connectors,Plant-Penang-MY,2023-02-25,2023-04-04,2023-04-04,0,10391,10391,4.378,4.334,EXW,Truck,False
PO0002106,V0028,Connectors,Plant-Austin-US,2023-03-03,2023-04-05,2023-04-05,0,11107,11107,8.675,7.829,FOB,Ocean,False
PO0002107,V0028,Connectors,Plant-Brno-CZ,2023-03-05,2023-04-15,2023-04-19,4,21677,21677,14.341,15.474,FOB,Ocean,False
PO0002108,V0028,Connectors,Plant-Penang-MY,2023-03-08,2023-04-13,2023-04-13,0,3050,3050,14.348,14.424,DDP,Truck,False
PO0002109,V0028,Connectors,Plant-Penang-MY,2023-03-12,2023-04-22,2023-04-22,0,7992,7992,10.375,10.06,DDP,Air,False
PO0002110,V0028,Connectors,Plant-Brno-CZ,2023-03-16,2023-04-15,2023-04-15,0,2484,2484,10.531,10.195,EXW,Ocean,False
PO0002111,V0028,Connectors,Plant-Guadalajara-MX,2023-03-20,2023-04-26,2023-04-27,1,10443,10443,5.016,4.749,FOB,Ocean,False
PO0002112,V0028,Connectors,Plant-Penang-MY,2023-04-13,2023-05-21,2023-05-21,0,13501,13501,11.502,11.677,CIF,Ocean,False
PO0002113,V0028,Connectors,Plant-Brno-CZ,2023-04-27,2023-06-01,2023-06-01,0,6497,6497,10.463,10.972,FOB,Ocean,False
PO0002114,V0028,Connectors,Plant-Brno-CZ,2023-04-30,2023-06-07,2023-06-07,0,830,830,4.746,4.537,FOB,Ocean,False
PO0002115,V0028,Connectors,Plant-Guadalajara-MX,2023-05-08,2023-06-06,2023-06-06,0,3487,3487,12.883,12.559,DDP,Ocean,False
PO0002116,V0028,Connectors,Plant-Austin-US,2023-05-22,2023-06-30,2023-06-30,0,13561,13561,11.67,11.81,CIF,Ocean,False
PO0002117,V0028,Connectors,Plant-Penang-MY,2023-05-26,2023-06-22,2023-06-22,0,4925,4925,1.091,1.148,CIF,Ocean,False
PO0002118,V0028,Connectors,Plant-Guadalajara-MX,2023-05-28,2023-07-04,2023-07-04,0,7729,7729,7.102,6.541,DDP,Ocean,False
PO0002119,V0028,Connectors,Plant-Guadalajara-MX,2023-05-30,2023-07-06,2023-07-06,0,5178,5178,13.11,12.714,DDP,Ocean,False
PO0002120,V0028,Connectors,Plant-Penang-MY,2023-06-01,2023-07-06,2023-07-06,0,1420,1420,7.35,7.229,EXW,Ocean,False
PO0002121,V0028,Connectors,Plant-Penang-MY,2023-06-06,2023-07-06,2023-07-10,4,918,918,1.849,1.836,DDP,Truck,False
PO0002122,V0028,Connectors,Plant-Brno-CZ,2023-06-08,2023-07-13,2023-07-13,0,8157,8157,4.121,4.174,DDP,Truck,False
PO0002123,V0028,Connectors,Plant-Penang-MY,2023-06-12,2023-07-21,2023-07-21,0,1129,1129,13.178,13.469,CIF,Ocean,False
PO0002124,V0028,Connectors,Plant-Austin-US,2023-06-19,2023-07-21,2023-07-21,0,2183,2183,3.081,2.934,FOB,Ocean,False
PO0002125,V0028,Connectors,Plant-Brno-CZ,2023-06-24,2023-07-30,2023-07-30,0,4372,4372,11.812,12.172,DDP,Air,False
PO0002126,V0028,Connectors,Plant-Guadalajara-MX,2023-07-06,2023-08-04,2023-08-04,0,6785,6785,3.102,3.17,FOB,Ocean,False
PO0002127,V0028,Connectors,Plant-Austin-US,2023-07-22,2023-08-22,2023-08-22,0,1864,1864,3.064,2.909,FOB,Ocean,False
PO0002128,V0028,Connectors,Plant-Austin-US,2023-07-25,2023-08-25,2023-08-25,0,33265,33265,9.786,9.414,CIF,Ocean,False
PO0002129,V0028,Connectors,Plant-Penang-MY,2023-07-26,2023-08-22,2023-08-23,1,5562,5562,10.907,10.916,CIF,Ocean,False
PO0002130,V0028,Connectors,Plant-Austin-US,2023-07-28,2023-09-01,2023-09-01,0,5083,5083,7.606,7.29,FOB,Truck,False
PO0002131,V0028,Connectors,Plant-Brno-CZ,2023-07-29,2023-08-28,2023-08-28,0,2598,2598,6.231,6.083,DDP,Air,False
PO0002132,V0028,Connectors,Plant-Penang-MY,2023-08-02,2023-09-11,2023-09-11,0,38510,38510,11.444,12.349,DDP,Ocean,False
PO0002133,V0028,Connectors,Plant-Penang-MY,2023-08-07,2023-09-14,2023-09-14,0,80341,80341,6.45,6.161,EXW,Truck,False
PO0002134,V0028,Connectors,Plant-Austin-US,2023-08-11,2023-09-10,2023-09-10,0,5261,5261,8.767,9.184,FOB,Ocean,False
PO0002135,V0028,Connectors,Plant-Austin-US,2023-08-13,2023-09-17,2023-09-17,0,3825,3825,9.301,8.854,DDP,Ocean,False
PO0002136,V0028,Connectors,Plant-Penang-MY,2023-08-17,2023-09-21,2023-09-23,2,5028,5028,10.524,9.645,DDP,Ocean,False
PO0002137,V0028,Connectors,Plant-Brno-CZ,2023-08-18,2023-09-24,2023-09-24,0,955,955,7.151,7.574,FOB,Ocean,False
PO0002138,V0028,Connectors,Plant-Guadalajara-MX,2023-08-25,2023-09-26,2023-09-27,1,6942,6942,8.724,9.137,EXW,Air,False
PO0002139,V0028,Connectors,Plant-Brno-CZ,2023-08-29,2023-09-30,2023-10-04,4,32939,32939,14.87,14.794,DDP,Air,False
PO0002140,V0028,Connectors,Plant-Penang-MY,2023-09-07,2023-10-17,2023-10-18,1,2657,2657,11.686,11.551,DDP,Ocean,False
PO0002141,V0028,Connectors,Plant-Austin-US,2023-09-10,2023-10-10,2023-10-10,0,1662,1662,14.403,14.784,DDP,Truck,False
PO0002142,V0028,Connectors,Plant-Brno-CZ,2023-09-11,2023-10-21,2023-10-21,0,2981,2981,12.397,12.772,DDP,Truck,False
PO0002143,V0028,Connectors,Plant-Guadalajara-MX,2023-09-13,2023-10-14,2023-10-14,0,35039,35039,11.446,11.311,FOB,Ocean,False
PO0002144,V0028,Connectors,Plant-Penang-MY,2023-09-24,2023-10-25,2023-10-25,0,1235,1235,2.99,3.001,DDP,Truck,False
PO0002145,V0028,Connectors,Plant-Brno-CZ,2023-09-30,2023-11-04,2023-11-04,0,1624,1624,4.697,4.788,EXW,Ocean,False
PO0002146,V0028,Connectors,Plant-Penang-MY,2023-11-04,2023-12-12,2023-12-22,10,9188,9188,1.51,1.556,FOB,Ocean,False
PO0002147,V0028,Connectors,Plant-Austin-US,2023-11-05,2023-12-11,2023-12-18,7,2252,2252,4.791,4.906,CIF,Ocean,False
PO0002148,V0028,Connectors,Plant-Penang-MY,2023-11-06,2023-12-12,2024-02-24,74,1977,1977,12.435,11.894,FOB,Ocean,False
PO0002149,V0028,Connectors,Plant-Brno-CZ,2023-11-11,2023-12-20,2024-01-08,19,916,916,14.753,14.681,FOB,Ocean,False
PO0002150,V0028,Connectors,Plant-Penang-MY,2023-11-13,2023-12-12,2024-01-11,30,6011,6011,13.116,12.867,EXW,Ocean,False
PO0002151,V0028,Connectors,Plant-Penang-MY,2023-11-20,2023-12-19,2023-12-19,0,988,988,9.083,9.539,FOB,Air,True
PO0002152,V0028,Connectors,Plant-Guadalajara-MX,2023-11-22,2023-12-21,2024-01-20,30,406,406,13.327,13.547,CIF,Ocean,False
PO0002153,V0028,Connectors,Plant-Austin-US,2023-11-26,2023-12-27,2023-12-27,0,1402,1402,5.514,5.201,FOB,Ocean,False
PO0002154,V0028,Connectors,Plant-Austin-US,2023-11-29,2024-01-06,2024-01-11,5,29936,29936,14.257,13.576,EXW,Air,False
PO0002155,V0028,Connectors,Plant-Austin-US,2023-11-30,2024-01-07,2024-02-10,34,7725,7725,5.302,5.426,EXW,Ocean,False
PO0002156,V0028,Connectors,Plant-Brno-CZ,2023-12-01,2024-01-02,2024-01-02,0,9023,9023,12.149,12.882,DDP,Truck,False
PO0002157,V0028,Connectors,Plant-Brno-CZ,2023-12-22,2024-01-22,2024-01-22,0,6054,6054,14.688,14.905,EXW,Ocean,False
PO0002158,V0028,Connectors,Plant-Brno-CZ,2023-12-31,2024-01-31,2024-01-31,0,14988,14988,5.398,5.316,FOB,Ocean,False
PO0002159,V0028,Connectors,Plant-Brno-CZ,2024-01-03,2024-02-05,2024-02-05,0,7705,7705,12.352,12.473,DDP,Ocean,False
PO0002160,V0028,Connectors,Plant-Austin-US,2024-01-08,2024-02-07,2024-02-07,0,946,946,5.27,5.143,DDP,Ocean,False
PO0002161,V0028,Connectors,Plant-Guadalajara-MX,2024-01-15,2024-02-18,2024-03-12,23,11671,11671,3.119,3.333,EXW,Ocean,False
PO0002162,V0028,Connectors,Plant-Penang-MY,2024-01-18,2024-02-28,2024-03-06,7,4441,4441,12.415,12.153,CIF,Truck,False
PO0002163,V0028,Connectors,Plant-Penang-MY,2024-02-13,2024-03-19,2024-03-27,8,3985,3985,9.012,9.203,EXW,Ocean,False
PO0002164,V0028,Connectors,Plant-Guadalajara-MX,2024-02-19,2024-03-25,2024-04-05,11,17317,17317,6.885,6.774,DDP,Ocean,False
PO0002165,V0028,Connectors,Plant-Guadalajara-MX,2024-02-20,2024-03-25,2024-03-26,1,29299,29299,7.265,7.451,EXW,Ocean,False
PO0002166,V0028,Connectors,Plant-Austin-US,2024-02-21,2024-03-19,2024-04-03,15,2371,2371,6.803,6.981,EXW,Truck,False
PO0002167,V0028,Connectors,Plant-Brno-CZ,2024-02-28,2024-04-11,2024-04-11,0,8253,8253,5.027,4.685,CIF,Truck,False
PO0002168,V0028,Connectors,Plant-Austin-US,2024-03-01,2024-03-29,2024-03-30,1,13965,13965,3.29,3.256,FOB,Truck,False
PO0002169,V0028,Connectors,Plant-Penang-MY,2024-03-02,2024-04-09,2024-04-10,1,35105,35105,14.418,13.33,EXW,Ocean,False
PO0002170,V0028,Connectors,Plant-Brno-CZ,2024-03-04,2024-04-18,2024-04-18,0,40199,40199,12.686,12.041,DDP,Air,False
PO0002171,V0028,Connectors,Plant-Penang-MY,2024-03-09,2024-04-14,2024-04-14,0,3119,3119,10.351,10.656,FOB,Ocean,False
PO0002172,V0028,Connectors,Plant-Penang-MY,2024-03-25,2024-04-24,2024-05-15,21,1858,1317,9.657,9.544,DDP,Truck,False
PO0002173,V0028,Connectors,Plant-Penang-MY,2024-03-28,2024-05-01,2024-05-01,0,1427,1427,11.572,10.94,CIF,Ocean,False
PO0002174,V0028,Connectors,Plant-Brno-CZ,2024-04-01,2024-05-02,2024-05-02,0,4636,4636,1.832,1.685,EXW,Truck,False
PO0002175,V0028,Connectors,Plant-Brno-CZ,2024-04-10,2024-05-15,2024-05-15,0,4098,4098,11.736,11.991,CIF,Ocean,False
PO0002176,V0028,Connectors,Plant-Guadalajara-MX,2024-04-13,2024-05-18,2024-05-22,4,4318,4318,13.291,12.876,DDP,Air,False
PO0002177,V0028,Connectors,Plant-Brno-CZ,2024-04-14,2024-05-22,2024-05-22,0,33993,33993,3.134,3.188,EXW,Truck,False
PO0002178,V0028,Connectors,Plant-Brno-CZ,2024-04-16,2024-05-16,2024-05-16,0,881,881,4.1,4.168,FOB,Truck,False
PO0002179,V0028,Connectors,Plant-Guadalajara-MX,2024-04-24,2024-05-31,2024-05-31,0,9249,9249,5.843,5.603,EXW,Ocean,False
PO0002180,V0028,Connectors,Plant-Guadalajara-MX,2024-04-27,2024-06-06,2024-06-08,2,10529,10529,10.886,11.772,CIF,Air,False
PO0002181,V0028,Connectors,Plant-Penang-MY,2024-05-24,2024-06-26,2024-06-26,0,4235,4235,14.477,16.073,DDP,Ocean,False
PO0002182,V0028,Connectors,Plant-Penang-MY,2024-05-25,2024-07-01,2024-07-14,13,4633,4633,1.194,1.28,FOB,Air,False
PO0002183,V0028,Connectors,Plant-Brno-CZ,2024-05-30,2024-07-03,2024-07-03,0,3845,3845,5.806,5.619,EXW,Ocean,False
PO0002184,V0028,Connectors,Plant-Guadalajara-MX,2024-06-10,2024-07-06,2024-07-06,0,1540,1540,3.58,3.54,EXW,Truck,False
PO0002185,V0028,Connectors,Plant-Guadalajara-MX,2024-06-12,2024-07-10,2024-07-10,0,10596,10596,11.997,12.289,DDP,Air,False
PO0002186,V0028,Connectors,Plant-Austin-US,2024-06-29,2024-08-04,2024-08-04,0,31197,31197,11.988,11.748,CIF,Air,True
PO0002187,V0028,Connectors,Plant-Austin-US,2024-07-13,2024-08-17,2024-08-20,3,798,798,9.061,8.808,CIF,Ocean,False
PO0002188,V0028,Connectors,Plant-Brno-CZ,2024-07-14,2024-08-21,2024-08-21,0,56360,56360,13.155,12.264,DDP,Truck,False
PO0002189,V0028,Connectors,Plant-Brno-CZ,2024-07-18,2024-08-16,2024-08-16,0,13348,13348,7.125,7.011,DDP,Ocean,False
PO0002190,V0028,Connectors,Plant-Guadalajara-MX,2024-07-27,2024-08-29,2024-08-29,0,3096,3096,13.053,13.051,CIF,Ocean,False
PO0002191,V0028,Connectors,Plant-Guadalajara-MX,2024-07-28,2024-09-02,2024-09-03,1,919,919,5.479,5.753,FOB,Ocean,False
PO0002192,V0028,Connectors,Plant-Penang-MY,2024-07-30,2024-08-28,2024-08-28,0,5600,5600,4.913,4.853,CIF,Ocean,False
PO0002193,V0028,Connectors,Plant-Brno-CZ,2024-08-06,2024-09-16,2024-09-16,0,8767,8767,6.773,6.809,FOB,Ocean,False
PO0002194,V0028,Connectors,Plant-Austin-US,2024-08-13,2024-09-15,2024-09-15,0,399,399,1.567,1.582,EXW,Truck,False
PO0002195,V0028,Connectors,Plant-Penang-MY,2024-08-16,2024-09-27,2024-09-28,1,20296,20296,11.848,12.568,FOB,Ocean,False
PO0002196,V0028,Connectors,Plant-Penang-MY,2024-08-21,2024-09-28,2024-09-28,0,2668,2668,8.843,9.612,FOB,Ocean,False
PO0002197,V0028,Connectors,Plant-Guadalajara-MX,2024-08-27,2024-10-06,2024-10-06,0,3948,3948,13.58,14.295,CIF,Ocean,False
PO0002198,V0028,Connectors,Plant-Austin-US,2024-09-05,2024-10-07,2024-10-07,0,18248,18248,10.613,9.717,EXW,Ocean,False
PO0002199,V0028,Connectors,Plant-Austin-US,2024-09-10,2024-10-15,2024-10-15,0,2393,2393,2.948,2.891,CIF,Truck,False
PO0002200,V0028,Connectors,Plant-Austin-US,2024-09-13,2024-10-18,2024-10-20,2,3182,3182,11.828,12.131,EXW,Ocean,False
PO0002201,V0028,Connectors,Plant-Brno-CZ,2024-09-15,2024-10-17,2024-10-18,1,1668,1668,3.686,3.664,CIF,Ocean,False
PO0002202,V0028,Connectors,Plant-Guadalajara-MX,2024-09-20,2024-10-22,2024-10-22,0,4763,4763,14.019,13.659,CIF,Ocean,False
PO0002203,V0028,Connectors,Plant-Guadalajara-MX,2024-10-20,2024-11-26,2024-11-26,0,9175,9175,13.749,14.227,CIF,Ocean,False
PO0002204,V0028,Connectors,Plant-Brno-CZ,2024-10-21,2024-11-28,2024-11-28,0,60974,60974,11.125,11.164,DDP,Ocean,False
PO0002205,V0028,Connectors,Plant-Austin-US,2024-11-01,2024-12-04,2024-12-04,0,2151,2151,14.325,14.031,DDP,Truck,False
PO0002206,V0028,Connectors,Plant-Penang-MY,2024-11-04,2024-12-10,2024-12-10,0,1363,1363,13.315,13.241,FOB,Ocean,False
PO0002207,V0028,Connectors,Plant-Brno-CZ,2024-11-05,2024-12-14,2024-12-17,3,20241,20241,6.354,6.036,DDP,Air,False
PO0002208,V0028,Connectors,Plant-Penang-MY,2024-11-19,2024-12-26,2025-01-08,13,605,605,4.002,3.865,CIF,Ocean,False
PO0002209,V0028,Connectors,Plant-Brno-CZ,2024-11-24,2024-12-29,2024-12-29,0,3374,3374,10.649,10.357,EXW,Ocean,False
PO0002210,V0028,Connectors,Plant-Austin-US,2024-11-29,2024-12-31,2024-12-31,0,35278,35278,0.867,0.94,FOB,Ocean,False
PO0002211,V0028,Connectors,Plant-Guadalajara-MX,2024-12-04,2025-01-09,2025-01-12,3,3648,3648,9.389,9.054,EXW,Truck,False
PO0002212,V0028,Connectors,Plant-Brno-CZ,2024-12-14,2025-01-16,2025-01-16,0,9881,9881,6.26,6.096,EXW,Ocean,False
PO0002213,V0028,Connectors,Plant-Austin-US,2024-12-25,2025-01-25,2025-01-25,0,965,965,1.852,1.827,CIF,Ocean,False
PO0002214,V0028,Connectors,Plant-Brno-CZ,2025-01-01,2025-02-05,2025-02-07,2,5050,5050,1.016,0.93,FOB,Ocean,False
PO0002215,V0028,Connectors,Plant-Penang-MY,2025-01-03,2025-02-09,2025-02-10,1,1733,1733,11.95,12.378,EXW,Ocean,False
PO0002216,V0028,Connectors,Plant-Guadalajara-MX,2025-01-05,2025-02-09,2025-02-09,0,2422,2422,10.791,11.251,EXW,Air,True
PO0002217,V0028,Connectors,Plant-Guadalajara-MX,2025-01-22,2025-02-21,2025-02-22,1,1578,1578,0.84,0.89,DDP,Ocean,False
PO0002218,V0028,Connectors,Plant-Brno-CZ,2025-02-03,2025-03-07,2025-03-14,7,2295,2295,2.72,2.725,FOB,Ocean,False
PO0002219,V0028,Connectors,Plant-Austin-US,2025-02-09,2025-03-16,2025-03-17,1,79165,79165,12.972,13.39,DDP,Ocean,False
PO0002220,V0028,Connectors,Plant-Brno-CZ,2025-02-21,2025-03-23,2025-03-26,3,2263,1652,1.823,1.959,EXW,Ocean,False
PO0002221,V0028,Connectors,Plant-Austin-US,2025-02-22,2025-03-23,2025-03-30,7,3031,3031,0.856,0.901,CIF,Ocean,False
PO0002222,V0028,Connectors,Plant-Austin-US,2025-02-27,2025-04-03,2025-04-03,0,4083,4083,0.792,0.814,EXW,Ocean,False
PO0002223,V0028,Connectors,Plant-Penang-MY,2025-03-01,2025-04-03,2025-04-03,0,23337,23337,2.951,3.08,DDP,Ocean,False
PO0002224,V0028,Connectors,Plant-Austin-US,2025-03-02,2025-04-08,2025-04-08,0,993,993,9.744,10.365,CIF,Ocean,False
PO0002225,V0028,Connectors,Plant-Guadalajara-MX,2025-03-12,2025-04-19,2025-04-19,0,5048,5048,7.729,8.035,FOB,Ocean,False
PO0002226,V0028,Connectors,Plant-Guadalajara-MX,2025-03-19,2025-04-25,2025-04-26,1,4293,3723,1.581,1.61,EXW,Ocean,False
PO0002227,V0028,Connectors,Plant-Austin-US,2025-03-20,2025-04-19,2025-04-21,2,16536,16536,1.486,1.534,FOB,Air,False
PO0002228,V0028,Connectors,Plant-Guadalajara-MX,2025-03-28,2025-04-30,2025-04-30,0,6264,6264,13.29,14.382,CIF,Truck,False
PO0002229,V0028,Connectors,Plant-Brno-CZ,2025-04-24,2025-06-01,2025-06-01,0,11165,11165,0.726,0.717,EXW,Ocean,False
PO0002230,V0028,Connectors,Plant-Brno-CZ,2025-04-27,2025-06-03,2025-06-03,0,715,715,1.832,1.854,CIF,Ocean,False
PO0002231,V0028,Connectors,Plant-Guadalajara-MX,2025-05-09,2025-06-09,2025-06-09,0,14811,14811,13.96,16.527,EXW,Ocean,False
PO0002232,V0028,Connectors,Plant-Guadalajara-MX,2025-05-19,2025-07-04,2025-07-04,0,31218,31218,6.987,7.457,FOB,Ocean,False
PO0002233,V0028,Connectors,Plant-Penang-MY,2025-05-21,2025-06-25,2025-06-25,0,833,833,10.552,10.664,CIF,Ocean,False
PO0002234,V0028,Connectors,Plant-Brno-CZ,2025-05-27,2025-06-29,2025-07-26,27,11365,11365,5.687,6.088,CIF,Ocean,False
PO0002235,V0028,Connectors,Plant-Austin-US,2025-05-29,2025-07-08,2025-07-08,0,658,658,12.866,14.628,CIF,Ocean,False
PO0002236,V0028,Connectors,Plant-Brno-CZ,2025-06-10,2025-07-15,2025-07-15,0,89434,89434,1.888,1.954,CIF,Ocean,False
PO0002237,V0028,Connectors,Plant-Guadalajara-MX,2025-06-13,2025-07-14,2025-07-14,0,20151,20151,13.093,12.68,FOB,Ocean,False
PO0002238,V0028,Connectors,Plant-Brno-CZ,2025-06-23,2025-07-25,2025-07-28,3,6089,6089,9.198,9.314,EXW,Air,False
PO0002239,V0028,Connectors,Plant-Austin-US,2025-06-27,2025-07-31,2025-07-31,0,5635,5635,3.06,2.886,EXW,Air,True
PO0002240,V0028,Connectors,Plant-Austin-US,2025-07-02,2025-08-02,2025-08-14,12,2493,2493,11.441,11.851,FOB,Truck,False
PO0002241,V0028,Connectors,Plant-Brno-CZ,2025-07-10,2025-08-16,2025-08-16,0,62520,62520,5.044,4.678,DDP,Ocean,False
PO0002242,V0028,Connectors,Plant-Austin-US,2025-07-17,2025-08-16,2025-08-16,0,680,680,6.386,6.169,CIF,Air,False
PO0002243,V0028,Connectors,Plant-Guadalajara-MX,2025-07-21,2025-08-20,2025-08-29,9,10333,10333,5.196,5.082,EXW,Ocean,False
PO0002244,V0028,Connectors,Plant-Brno-CZ,2025-07-23,2025-08-24,2025-09-14,21,4186,4186,1.853,1.898,DDP,Air,False
PO0002245,V0028,Connectors,Plant-Brno-CZ,2025-07-25,2025-08-24,2025-08-25,1,6855,6855,7.251,6.951,CIF,Truck,False
PO0002246,V0028,Connectors,Plant-Guadalajara-MX,2025-08-01,2025-09-07,2025-09-08,1,6964,6964,8.754,8.973,EXW,Air,False
PO0002247,V0028,Connectors,Plant-Brno-CZ,2025-08-11,2025-09-04,2025-09-14,10,4853,4853,11.091,10.923,CIF,Ocean,False
PO0002248,V0028,Connectors,Plant-Guadalajara-MX,2025-08-25,2025-10-01,2025-10-01,0,18405,18405,10.615,11.062,FOB,Ocean,False
PO0002249,V0028,Connectors,Plant-Penang-MY,2025-08-30,2025-10-06,2025-10-07,1,11943,11943,7.584,7.215,CIF,Truck,False
PO0002250,V0028,Connectors,Plant-Brno-CZ,2025-09-08,2025-10-13,2025-12-06,54,13588,13588,1.109,1.132,CIF,Ocean,False
PO0002251,V0028,Connectors,Plant-Brno-CZ,2025-09-15,2025-10-14,2025-10-14,0,11811,11811,5.587,5.645,FOB,Ocean,False
PO0002252,V0028,Connectors,Plant-Brno-CZ,2025-09-20,2025-10-20,2025-10-25,5,1919,1919,3.449,3.395,CIF,Ocean,False
PO0002253,V0028,Connectors,Plant-Brno-CZ,2025-10-08,2025-11-08,2025-11-14,6,32989,32989,9.188,9.328,CIF,Ocean,False
PO0002254,V0028,Connectors,Plant-Brno-CZ,2025-10-09,2025-11-10,2025-11-10,0,712,712,5.489,4.635,EXW,Ocean,False
PO0002255,V0028,Connectors,Plant-Austin-US,2025-10-15,2025-11-18,2025-11-18,0,17375,17375,2.642,2.767,FOB,Ocean,False
PO0002256,V0028,Connectors,Plant-Penang-MY,2025-10-24,2025-11-22,2025-11-23,1,3519,3519,5.353,5.101,CIF,Ocean,False
PO0002257,V0028,Connectors,Plant-Penang-MY,2025-11-14,2025-12-19,2025-12-19,0,2295,2295,6.062,5.114,FOB,Ocean,False
PO0002258,V0028,Connectors,Plant-Penang-MY,2025-11-22,2025-12-25,2026-01-04,10,9335,9335,14.692,13.549,DDP,Ocean,False
PO0002259,V0028,Connectors,Plant-Brno-CZ,2025-11-25,2025-12-20,2025-12-20,0,3695,3695,3.18,3.419,EXW,Air,False
PO0002260,V0028,Connectors,Plant-Austin-US,2025-12-02,2025-12-30,2025-12-30,0,8599,8599,1.125,1.147,CIF,Ocean,False
PO0002261,V0028,Connectors,Plant-Guadalajara-MX,2025-12-18,2026-01-19,2026-01-21,2,1464,1464,14.014,14.643,DDP,Ocean,False
PO0002262,V0028,Connectors,Plant-Brno-CZ,2025-12-23,2026-01-22,2026-01-22,0,8305,8305,3.163,3.368,CIF,Ocean,False
PO0002263,V0028,Connectors,Plant-Penang-MY,2026-01-05,2026-02-05,2026-02-05,0,53797,53797,6.107,5.979,DDP,Air,True
PO0002264,V0028,Connectors,Plant-Penang-MY,2026-01-19,2026-02-22,2026-02-22,0,15069,15069,12.262,12.991,FOB,Ocean,False
PO0002265,V0028,Connectors,Plant-Austin-US,2026-01-31,2026-03-04,2026-03-04,0,40435,40435,9.182,8.577,CIF,Ocean,False
PO0002266,V0028,Connectors,Plant-Penang-MY,2026-02-10,2026-03-07,2026-03-07,0,5101,5101,12.882,13.264,EXW,Ocean,False
PO0002267,V0028,Connectors,Plant-Penang-MY,2026-02-15,2026-03-27,2026-03-29,2,2199,2199,3.241,3.348,EXW,Truck,False
PO0002268,V0028,Connectors,Plant-Penang-MY,2026-02-20,2026-04-06,2026-04-06,0,2054,2054,6.466,6.31,EXW,Ocean,False
PO0002269,V0028,Connectors,Plant-Guadalajara-MX,2026-02-22,2026-03-31,2026-03-31,0,1466,1466,8.467,8.799,EXW,Ocean,False
PO0002270,V0028,Connectors,Plant-Guadalajara-MX,2026-03-24,2026-04-24,2026-04-24,0,1485,1485,4.45,4.217,DDP,Ocean,False
PO0002271,V0028,Connectors,Plant-Guadalajara-MX,2026-03-27,2026-05-02,2026-05-02,0,32602,32602,6.288,6.1,CIF,Ocean,False
PO0002272,V0028,Connectors,Plant-Guadalajara-MX,2026-03-31,2026-05-02,2026-05-02,0,5398,5398,6.443,6.366,CIF,Ocean,False
PO0002273,V0028,Connectors,Plant-Brno-CZ,2026-04-06,2026-05-10,2026-05-10,0,27699,21607,5.672,5.597,EXW,Air,False
PO0002274,V0028,Connectors,Plant-Brno-CZ,2026-04-08,2026-05-18,2026-05-18,0,1844,1844,3.253,3.386,DDP,Ocean,False
PO0002275,V0028,Connectors,Plant-Brno-CZ,2026-04-10,2026-05-13,2026-05-14,1,953,953,6.356,6.415,FOB,Ocean,False
PO0002276,V0028,Connectors,Plant-Penang-MY,2026-04-14,2026-05-19,2026-05-23,4,5038,5038,10.207,10.747,DDP,Ocean,False
PO0002277,V0028,Connectors,Plant-Brno-CZ,2026-05-05,2026-06-05,2026-06-05,0,288,288,9.054,8.678,FOB,Air,False
PO0002278,V0028,Connectors,Plant-Austin-US,2026-06-14,2026-07-25,2026-07-25,0,5007,5007,11.065,10.332,EXW,Ocean,False
PO0002279,V0029,Packaging,Plant-Guadalajara-MX,2022-02-12,2022-03-08,2022-03-08,0,26323,26323,2.474,2.518,EXW,Air,True
PO0002280,V0029,Packaging,Plant-Guadalajara-MX,2022-04-25,2022-05-14,2022-05-14,0,435,435,2.566,2.519,EXW,Truck,False
PO0002281,V0029,Packaging,Plant-Guadalajara-MX,2022-05-07,2022-05-28,2022-05-29,1,4413,4413,0.303,0.313,FOB,Truck,False
PO0002282,V0029,Packaging,Plant-Guadalajara-MX,2022-06-13,2022-07-02,2022-07-03,1,6268,6268,3.963,4.18,DDP,Ocean,False
PO0002283,V0029,Packaging,Plant-Guadalajara-MX,2022-09-18,2022-10-10,2022-10-12,2,2891,2891,2.251,2.332,DDP,Ocean,False
PO0002284,V0029,Packaging,Plant-Penang-MY,2022-10-08,2022-10-27,2022-10-27,0,3091,3091,2.801,2.649,FOB,Ocean,False
PO0002285,V0029,Packaging,Plant-Austin-US,2023-01-05,2023-01-23,2023-01-23,0,2679,2679,0.689,0.704,DDP,Ocean,False
PO0002286,V0029,Packaging,Plant-Austin-US,2023-01-06,2023-01-27,2023-01-27,0,2064,2064,4.03,4.076,EXW,Air,True
PO0002287,V0029,Packaging,Plant-Austin-US,2023-02-01,2023-02-21,2023-02-22,1,5772,5772,3.734,3.636,FOB,Ocean,False
PO0002288,V0029,Packaging,Plant-Brno-CZ,2023-03-24,2023-04-10,2023-04-10,0,36799,36799,1.142,1.168,DDP,Ocean,False
PO0002289,V0029,Packaging,Plant-Austin-US,2023-04-15,2023-05-06,2023-05-06,0,1699,1699,2.381,2.301,EXW,Ocean,False
PO0002290,V0029,Packaging,Plant-Brno-CZ,2023-07-17,2023-08-08,2023-08-08,0,17707,17707,4.114,4.173,EXW,Truck,False
PO0002291,V0029,Packaging,Plant-Guadalajara-MX,2023-10-03,2023-10-24,2023-10-25,1,1547,1547,2.016,2.055,CIF,Ocean,False
PO0002292,V0029,Packaging,Plant-Penang-MY,2023-10-07,2023-10-30,2023-10-30,0,8165,8165,3.888,3.789,EXW,Ocean,False
PO0002293,V0029,Packaging,Plant-Austin-US,2023-10-18,2023-11-05,2023-11-06,1,46083,46083,0.138,0.135,DDP,Ocean,False
PO0002294,V0029,Packaging,Plant-Brno-CZ,2023-10-23,2023-11-10,2023-11-12,2,26045,26045,3.748,3.773,EXW,Air,False
PO0002295,V0029,Packaging,Plant-Guadalajara-MX,2023-12-14,2024-01-04,2024-02-08,35,8553,8553,0.987,1.027,DDP,Ocean,False
PO0002296,V0029,Packaging,Plant-Austin-US,2024-02-25,2024-03-18,2024-04-08,21,5269,5269,1.687,1.744,CIF,Air,False
PO0002297,V0029,Packaging,Plant-Brno-CZ,2024-04-13,2024-04-29,2024-04-29,0,7373,7373,2.544,2.519,DDP,Ocean,False
PO0002298,V0029,Packaging,Plant-Guadalajara-MX,2024-05-04,2024-05-24,2024-05-24,0,2563,2563,0.247,0.257,FOB,Ocean,False
PO0002299,V0029,Packaging,Plant-Brno-CZ,2024-08-07,2024-08-31,2024-09-01,1,7888,7888,2.685,2.629,DDP,Ocean,False
PO0002300,V0029,Packaging,Plant-Guadalajara-MX,2024-10-12,2024-10-31,2024-10-31,0,10693,10693,2.575,2.597,EXW,Ocean,False
PO0002301,V0029,Packaging,Plant-Penang-MY,2024-10-20,2024-11-10,2024-11-10,0,10001,9559,3.993,4.029,CIF,Ocean,False
PO0002302,V0029,Packaging,Plant-Brno-CZ,2024-10-31,2024-11-21,2024-11-21,0,4721,4721,0.903,0.981,DDP,Ocean,False
PO0002303,V0029,Packaging,Plant-Penang-MY,2024-11-06,2024-11-25,2024-11-25,0,8877,8877,0.918,0.895,DDP,Ocean,False
PO0002304,V0029,Packaging,Plant-Brno-CZ,2024-12-13,2024-12-31,2025-01-01,1,751,751,0.881,0.883,EXW,Truck,False
PO0002305,V0029,Packaging,Plant-Guadalajara-MX,2024-12-15,2025-01-04,2025-01-04,0,7074,7074,2.005,2.031,DDP,Ocean,False
PO0002306,V0029,Packaging,Plant-Austin-US,2025-01-15,2025-02-01,2025-02-02,1,5285,5285,2.44,2.469,FOB,Truck,False
PO0002307,V0029,Packaging,Plant-Penang-MY,2025-01-27,2025-02-14,2025-02-15,1,2802,2802,4.217,4.052,DDP,Air,False
PO0002308,V0029,Packaging,Plant-Guadalajara-MX,2025-03-02,2025-03-22,2025-03-23,1,14125,14125,3.599,4.055,DDP,Truck,False
PO0002309,V0029,Packaging,Plant-Austin-US,2025-03-27,2025-04-17,2025-04-17,0,2671,2671,4.222,4.214,EXW,Ocean,False
PO0002310,V0029,Packaging,Plant-Brno-CZ,2025-05-08,2025-05-26,2025-05-26,0,2712,2712,0.684,0.629,FOB,Ocean,False
PO0002311,V0029,Packaging,Plant-Penang-MY,2025-05-09,2025-05-30,2025-05-30,0,14436,14436,3.728,3.857,CIF,Air,True
PO0002312,V0029,Packaging,Plant-Penang-MY,2025-06-09,2025-06-29,2025-06-30,1,10182,10182,4.372,4.641,CIF,Truck,False
PO0002313,V0029,Packaging,Plant-Brno-CZ,2025-06-12,2025-07-04,2025-07-04,0,7786,7786,2.313,2.459,EXW,Truck,False
PO0002314,V0029,Packaging,Plant-Austin-US,2025-07-24,2025-08-12,2025-08-12,0,11324,11324,3.405,3.543,FOB,Ocean,False
PO0002315,V0029,Packaging,Plant-Austin-US,2025-08-20,2025-09-08,2025-09-08,0,886,886,4.945,5.084,DDP,Ocean,False
PO0002316,V0029,Packaging,Plant-Austin-US,2025-09-05,2025-09-26,2025-09-30,4,14134,14134,1.411,1.507,DDP,Truck,False
PO0002317,V0029,Packaging,Plant-Penang-MY,2025-09-16,2025-10-02,2025-10-02,0,812,812,4.388,4.172,EXW,Ocean,False
PO0002318,V0029,Packaging,Plant-Austin-US,2025-11-26,2025-12-19,2026-01-18,30,498,498,2.177,2.1,FOB,Ocean,False
PO0002319,V0029,Packaging,Plant-Brno-CZ,2026-03-20,2026-04-11,2026-04-12,1,10516,10516,4.586,4.618,CIF,Air,False
PO0002320,V0029,Packaging,Plant-Brno-CZ,2026-03-23,2026-04-14,2026-04-15,1,891,891,4.019,4.119,FOB,Ocean,False
PO0002321,V0029,Packaging,Plant-Brno-CZ,2026-03-30,2026-04-18,2026-04-19,1,968,968,3.407,3.371,EXW,Ocean,False
PO0002322,V0029,Packaging,Plant-Brno-CZ,2026-04-28,2026-05-14,2026-05-14,0,5929,5929,2.117,1.94,DDP,Truck,False
PO0002323,V0029,Packaging,Plant-Penang-MY,2026-06-23,2026-07-12,2026-07-12,0,3746,3746,4.719,4.533,EXW,Air,True
PO0002324,V0030,Displays,Plant-Guadalajara-MX,2022-01-15,2022-03-19,2022-03-19,0,17511,17511,44.687,42.926,CIF,Ocean,False
PO0002325,V0030,Displays,Plant-Penang-MY,2022-06-02,2022-07-31,2022-07-31,0,3992,3992,197.0,193.817,FOB,Ocean,False
PO0002326,V0030,Displays,Plant-Austin-US,2022-06-08,2022-07-29,2022-07-29,0,9584,9584,140.195,136.435,FOB,Ocean,False
PO0002327,V0030,Displays,Plant-Austin-US,2022-06-17,2022-08-20,2022-08-20,0,2208,2208,26.026,26.181,FOB,Air,True
PO0002328,V0030,Displays,Plant-Brno-CZ,2022-11-13,2023-01-06,2023-01-06,0,939,939,108.811,116.415,DDP,Ocean,False
PO0002329,V0030,Displays,Plant-Brno-CZ,2023-02-26,2023-04-27,2023-04-27,0,5265,5265,207.898,201.913,EXW,Truck,False
PO0002330,V0030,Displays,Plant-Penang-MY,2023-08-16,2023-10-18,2023-10-18,0,7766,7766,69.343,64.037,DDP,Ocean,False
PO0002331,V0030,Displays,Plant-Austin-US,2023-09-19,2023-11-17,2023-11-17,0,9086,9086,58.803,61.877,CIF,Air,True
PO0002332,V0030,Displays,Plant-Austin-US,2023-11-18,2024-01-15,2024-01-15,0,12610,12610,65.145,64.323,CIF,Ocean,False
PO0002333,V0030,Displays,Plant-Austin-US,2024-01-05,2024-03-01,2024-03-01,0,3887,3887,193.297,199.492,CIF,Ocean,False
PO0002334,V0030,Displays,Plant-Guadalajara-MX,2024-02-27,2024-04-22,2024-04-23,1,8021,6804,166.409,162.377,DDP,Air,False
PO0002335,V0030,Displays,Plant-Guadalajara-MX,2024-05-11,2024-07-08,2024-07-08,0,19677,14336,140.364,138.296,DDP,Truck,False
PO0002336,V0030,Displays,Plant-Guadalajara-MX,2024-07-12,2024-09-18,2024-09-24,6,16412,16412,148.017,150.427,FOB,Ocean,False
PO0002337,V0030,Displays,Plant-Brno-CZ,2024-07-29,2024-10-04,2024-10-17,13,2163,2163,76.021,77.513,CIF,Ocean,False
PO0002338,V0030,Displays,Plant-Brno-CZ,2024-10-10,2024-12-08,2024-12-08,0,2666,2666,20.868,20.922,FOB,Ocean,False
PO0002339,V0030,Displays,Plant-Guadalajara-MX,2024-11-26,2025-01-27,2025-01-28,1,19892,19892,199.305,185.452,CIF,Ocean,False
PO0002340,V0030,Displays,Plant-Brno-CZ,2025-06-07,2025-08-07,2025-08-07,0,564,564,14.826,13.421,DDP,Ocean,False
PO0002341,V0030,Displays,Plant-Brno-CZ,2025-07-02,2025-08-27,2025-09-17,21,3704,3704,76.005,73.211,CIF,Air,False
PO0002342,V0030,Displays,Plant-Penang-MY,2025-08-18,2025-10-19,2025-10-19,0,2645,2645,201.937,207.421,DDP,Ocean,False
PO0002343,V0030,Displays,Plant-Penang-MY,2025-11-04,2026-01-11,2026-01-11,0,1295,1295,61.611,56.484,FOB,Ocean,False
PO0002344,V0030,Displays,Plant-Brno-CZ,2026-06-25,2026-08-27,2026-08-27,0,1516,1516,36.122,35.258,DDP,Ocean,False
PO0002345,V0031,Displays,Plant-Penang-MY,2022-02-03,2022-04-08,2022-04-10,2,9501,9501,195.933,190.445,FOB,Ocean,False
PO0002346,V0031,Displays,Plant-Brno-CZ,2022-02-19,2022-04-30,2022-04-30,0,1657,1657,65.726,57.257,DDP,Truck,False
PO0002347,V0031,Displays,Plant-Brno-CZ,2022-05-20,2022-07-12,2022-07-14,2,5089,5089,86.204,83.518,CIF,Ocean,False
PO0002348,V0031,Displays,Plant-Austin-US,2022-08-24,2022-10-16,2022-10-19,3,18296,18296,144.013,143.448,DDP,Truck,False
PO0002349,V0031,Displays,Plant-Penang-MY,2022-11-08,2023-01-05,2023-01-05,0,991,991,27.758,28.09,FOB,Ocean,False
PO0002350,V0031,Displays,Plant-Brno-CZ,2022-12-14,2023-02-07,2023-02-07,0,2242,2242,18.973,17.264,DDP,Ocean,False
PO0002351,V0031,Displays,Plant-Brno-CZ,2023-01-01,2023-03-02,2023-03-02,0,16615,16615,141.822,133.891,EXW,Ocean,False
PO0002352,V0031,Displays,Plant-Brno-CZ,2023-02-11,2023-04-18,2023-04-18,0,27131,27131,89.951,91.603,FOB,Air,False
PO0002353,V0031,Displays,Plant-Penang-MY,2023-04-26,2023-06-23,2023-06-24,1,15581,15581,45.34,46.067,CIF,Ocean,False
PO0002354,V0031,Displays,Plant-Penang-MY,2023-06-03,2023-08-04,2023-08-14,10,3122,3122,158.614,157.16,DDP,Air,False
PO0002355,V0031,Displays,Plant-Guadalajara-MX,2023-06-08,2023-08-02,2023-08-02,0,4516,4516,36.069,37.337,EXW,Truck,False
PO0002356,V0031,Displays,Plant-Brno-CZ,2023-07-10,2023-08-30,2023-08-30,0,8614,8614,113.78,114.238,CIF,Ocean,False
PO0002357,V0031,Displays,Plant-Brno-CZ,2023-07-15,2023-09-16,2023-09-16,0,12196,12196,29.12,30.828,DDP,Ocean,False
PO0002358,V0031,Displays,Plant-Brno-CZ,2023-10-29,2023-12-30,2023-12-30,0,8881,8881,128.759,130.496,CIF,Truck,False
PO0002359,V0031,Displays,Plant-Guadalajara-MX,2023-11-13,2024-01-22,2024-02-22,31,48920,48920,74.948,86.93,EXW,Ocean,False
PO0002360,V0031,Displays,Plant-Brno-CZ,2024-03-16,2024-05-15,2024-05-16,1,10207,10207,118.868,122.636,CIF,Air,False
PO0002361,V0031,Displays,Plant-Guadalajara-MX,2024-03-27,2024-05-24,2024-07-18,55,3587,3587,51.233,51.283,CIF,Truck,False
PO0002362,V0031,Displays,Plant-Brno-CZ,2024-03-28,2024-05-22,2024-06-13,22,313,313,14.95,14.076,FOB,Ocean,False
PO0002363,V0031,Displays,Plant-Brno-CZ,2024-04-22,2024-07-02,2024-07-04,2,5702,5702,85.954,87.982,EXW,Air,False
PO0002364,V0031,Displays,Plant-Guadalajara-MX,2024-04-29,2024-06-21,2024-06-27,6,6425,6005,203.357,219.526,FOB,Ocean,False
PO0002365,V0031,Displays,Plant-Penang-MY,2024-08-13,2024-10-13,2024-10-13,0,1345,1345,110.659,106.299,EXW,Ocean,False
PO0002366,V0031,Displays,Plant-Guadalajara-MX,2025-02-11,2025-04-09,2025-04-17,8,3174,3174,98.324,107.347,CIF,Truck,False
PO0002367,V0031,Displays,Plant-Austin-US,2025-03-18,2025-05-17,2025-06-04,18,485,485,125.892,121.038,FOB,Ocean,False
PO0002368,V0031,Displays,Plant-Brno-CZ,2025-03-25,2025-05-31,2025-05-31,0,13015,13015,10.861,11.512,FOB,Truck,False
PO0002369,V0031,Displays,Plant-Guadalajara-MX,2025-04-05,2025-06-05,2025-06-06,1,7507,7507,74.361,75.547,FOB,Truck,False
PO0002370,V0031,Displays,Plant-Guadalajara-MX,2025-04-28,2025-06-25,2025-06-25,0,16579,16579,153.374,168.385,DDP,Ocean,False
PO0002371,V0031,Displays,Plant-Penang-MY,2025-05-10,2025-06-23,2025-06-23,0,2346,2346,161.058,163.398,EXW,Ocean,False
PO0002372,V0031,Displays,Plant-Penang-MY,2025-06-03,2025-08-03,2025-08-04,1,13247,13247,200.832,200.571,CIF,Truck,False
PO0002373,V0031,Displays,Plant-Austin-US,2025-10-28,2025-12-25,2025-12-25,0,10995,10995,170.486,177.274,FOB,Ocean,False
PO0002374,V0031,Displays,Plant-Brno-CZ,2026-01-18,2026-03-24,2026-03-25,1,3307,3307,152.378,148.051,FOB,Ocean,False
PO0002375,V0031,Displays,Plant-Austin-US,2026-02-27,2026-04-21,2026-04-29,8,6819,6819,102.056,110.932,FOB,Truck,False
PO0002376,V0031,Displays,Plant-Austin-US,2026-03-29,2026-05-25,2026-06-08,14,159,159,103.728,99.456,CIF,Ocean,False
PO0002377,V0032,Enclosures / Metal,Plant-Guadalajara-MX,2022-03-13,2022-04-16,2022-04-17,1,1514,1514,3.851,3.772,EXW,Air,False
PO0002378,V0032,Enclosures / Metal,Plant-Penang-MY,2022-09-05,2022-10-16,2022-10-17,1,24739,24739,13.996,13.636,DDP,Truck,False
PO0002379,V0032,Enclosures / Metal,Plant-Brno-CZ,2022-12-18,2023-01-20,2023-01-20,0,8027,8027,21.373,21.446,FOB,Air,False
PO0002380,V0032,Enclosures / Metal,Plant-Penang-MY,2022-12-25,2023-02-05,2023-02-05,0,9501,9501,13.354,13.294,EXW,Air,True
PO0002381,V0032,Enclosures / Metal,Plant-Austin-US,2023-01-04,2023-02-20,2023-03-14,22,1052,1052,12.472,13.291,CIF,Ocean,False
PO0002382,V0032,Enclosures / Metal,Plant-Brno-CZ,2023-04-24,2023-06-05,2023-06-05,0,12925,12925,16.099,17.434,FOB,Air,False
PO0002383,V0032,Enclosures / Metal,Plant-Brno-CZ,2023-04-27,2023-06-01,2023-06-01,0,15920,15920,17.534,15.876,EXW,Ocean,False
PO0002384,V0032,Enclosures / Metal,Plant-Guadalajara-MX,2023-06-04,2023-07-17,2023-07-17,0,2979,2979,2.641,2.556,FOB,Ocean,False
PO0002385,V0032,Enclosures / Metal,Plant-Penang-MY,2023-11-23,2024-01-03,2024-01-03,0,846,846,12.685,13.299,DDP,Ocean,False
PO0002386,V0032,Enclosures / Metal,Plant-Guadalajara-MX,2023-11-28,2024-01-08,2024-01-08,0,10314,8351,17.597,18.615,CIF,Truck,False
PO0002387,V0032,Enclosures / Metal,Plant-Brno-CZ,2023-12-12,2024-01-22,2024-01-30,8,420,420,18.153,19.983,CIF,Air,False
PO0002388,V0032,Enclosures / Metal,Plant-Brno-CZ,2023-12-24,2024-02-06,2024-02-06,0,7041,7041,43.168,42.434,DDP,Ocean,False
PO0002389,V0032,Enclosures / Metal,Plant-Brno-CZ,2024-01-13,2024-02-21,2024-02-21,0,18307,18307,29.506,33.439,EXW,Ocean,False
PO0002390,V0032,Enclosures / Metal,Plant-Brno-CZ,2024-03-11,2024-04-12,2024-04-12,0,865,865,18.227,16.374,CIF,Ocean,False
PO0002391,V0032,Enclosures / Metal,Plant-Austin-US,2024-03-25,2024-05-05,2024-05-12,7,4184,4184,41.609,43.577,FOB,Ocean,False
PO0002392,V0032,Enclosures / Metal,Plant-Penang-MY,2024-04-02,2024-05-03,2024-06-29,57,2338,2338,24.877,27.236,DDP,Air,False
PO0002393,V0032,Enclosures / Metal,Plant-Brno-CZ,2024-05-15,2024-06-28,2024-07-11,13,5891,5891,4.926,5.351,FOB,Ocean,False
PO0002394,V0032,Enclosures / Metal,Plant-Austin-US,2024-07-02,2024-08-10,2024-08-10,0,39003,39003,37.14,34.361,CIF,Truck,False
PO0002395,V0032,Enclosures / Metal,Plant-Austin-US,2024-08-13,2024-09-23,2024-09-23,0,917,917,18.087,16.934,EXW,Ocean,False
PO0002396,V0032,Enclosures / Metal,Plant-Brno-CZ,2024-08-24,2024-09-30,2024-10-01,1,1653,1653,33.324,33.59,EXW,Ocean,False
PO0002397,V0032,Enclosures / Metal,Plant-Penang-MY,2024-10-19,2024-11-25,2024-11-26,1,12119,12119,12.547,13.205,FOB,Ocean,False
PO0002398,V0032,Enclosures / Metal,Plant-Guadalajara-MX,2024-10-27,2024-12-13,2024-12-13,0,10764,10764,16.963,17.663,DDP,Ocean,False
PO0002399,V0032,Enclosures / Metal,Plant-Guadalajara-MX,2024-12-14,2025-01-27,2025-01-27,0,12094,12094,30.647,30.737,DDP,Ocean,False
PO0002400,V0032,Enclosures / Metal,Plant-Brno-CZ,2025-01-18,2025-02-23,2025-02-24,1,1997,1997,15.421,15.338,CIF,Ocean,False
PO0002401,V0032,Enclosures / Metal,Plant-Austin-US,2025-02-10,2025-03-28,2025-03-28,0,9156,9156,27.81,27.791,FOB,Truck,False
PO0002402,V0032,Enclosures / Metal,Plant-Penang-MY,2025-05-11,2025-06-29,2025-07-13,14,940,940,33.529,33.471,DDP,Air,False
PO0002403,V0032,Enclosures / Metal,Plant-Penang-MY,2025-06-27,2025-08-03,2025-08-03,0,861,861,3.07,3.291,CIF,Ocean,False
PO0002404,V0032,Enclosures / Metal,Plant-Penang-MY,2025-07-27,2025-09-05,2025-09-14,9,3634,3634,16.337,17.807,EXW,Air,False
PO0002405,V0032,Enclosures / Metal,Plant-Austin-US,2025-08-26,2025-10-05,2025-10-06,1,1559,1559,8.551,8.265,FOB,Truck,False
PO0002406,V0032,Enclosures / Metal,Plant-Penang-MY,2026-03-10,2026-04-21,2026-04-22,1,1796,1796,6.396,6.436,CIF,Ocean,False
PO0002407,V0032,Enclosures / Metal,Plant-Brno-CZ,2026-03-14,2026-04-20,2026-04-20,0,67558,67558,31.452,32.651,FOB,Ocean,False
PO0002408,V0032,Enclosures / Metal,Plant-Penang-MY,2026-06-09,2026-07-15,2026-07-15,0,31559,31559,22.747,23.536,EXW,Truck,False
PO0002409,V0033,Passive Components,Plant-Penang-MY,2022-01-01,2022-02-02,2022-03-28,54,6972,6972,1.356,1.151,FOB,Ocean,False
PO0002410,V0033,Passive Components,Plant-Austin-US,2022-01-11,2022-02-07,2022-02-07,0,948,948,2.932,2.542,DDP,Ocean,False
PO0002411,V0033,Passive Components,Plant-Austin-US,2022-01-13,2022-02-12,2022-02-12,0,23570,23570,0.696,0.571,DDP,Ocean,False
PO0002412,V0033,Passive Components,Plant-Guadalajara-MX,2022-01-14,2022-02-12,2022-02-12,0,8190,6467,1.605,1.638,CIF,Ocean,False
PO0002413,V0033,Passive Components,Plant-Penang-MY,2022-01-24,2022-02-21,2022-02-21,0,2235,2235,2.588,2.797,EXW,Truck,False
PO0002414,V0033,Passive Components,Plant-Guadalajara-MX,2022-02-14,2022-03-21,2022-03-22,1,6827,5625,0.465,0.49,DDP,Truck,False
PO0002415,V0033,Passive Components,Plant-Guadalajara-MX,2022-02-16,2022-03-21,2022-03-29,8,3257,3257,0.532,0.627,FOB,Ocean,False
PO0002416,V0033,Passive Components,Plant-Guadalajara-MX,2022-04-14,2022-05-13,2022-05-18,5,6478,6478,2.301,2.857,EXW,Ocean,False
PO0002417,V0033,Passive Components,Plant-Austin-US,2022-04-28,2022-06-02,2022-06-03,1,353,353,0.034,0.046,CIF,Ocean,False
PO0002418,V0033,Passive Components,Plant-Brno-CZ,2022-05-07,2022-06-06,2022-06-06,0,17761,17761,1.246,0.767,FOB,Ocean,False
PO0002419,V0033,Passive Components,Plant-Austin-US,2022-05-24,2022-06-21,2022-06-21,0,29319,29319,2.28,2.534,DDP,Air,False
PO0002420,V0033,Passive Components,Plant-Brno-CZ,2022-05-29,2022-06-29,2022-06-29,0,11256,11256,0.587,0.705,CIF,Ocean,False
PO0002421,V0033,Passive Components,Plant-Austin-US,2022-05-30,2022-06-30,2022-07-18,18,4841,4841,2.757,3.087,EXW,Truck,False
PO0002422,V0033,Passive Components,Plant-Brno-CZ,2022-06-16,2022-07-22,2022-08-01,10,3826,3826,1.45,1.584,DDP,Ocean,False
PO0002423,V0033,Passive Components,Plant-Brno-CZ,2022-06-28,2022-07-20,2022-07-20,0,1335,1335,1.038,0.689,DDP,Ocean,False
PO0002424,V0033,Passive Components,Plant-Brno-CZ,2022-07-02,2022-08-03,2022-08-03,0,7763,7763,2.962,2.969,DDP,Air,False
PO0002425,V0033,Passive Components,Plant-Guadalajara-MX,2022-07-15,2022-08-20,2022-08-26,6,7071,7071,0.582,0.585,CIF,Ocean,False
PO0002426,V0033,Passive Components,Plant-Brno-CZ,2022-07-28,2022-08-22,2022-08-22,0,10708,9492,1.462,1.269,CIF,Truck,False
PO0002427,V0033,Passive Components,Plant-Austin-US,2022-07-29,2022-09-01,2022-09-02,1,24416,22957,1.142,1.196,CIF,Ocean,False
PO0002428,V0033,Passive Components,Plant-Brno-CZ,2022-09-13,2022-10-11,2022-10-13,2,3056,3056,0.318,0.258,FOB,Air,False
PO0002429,V0033,Passive Components,Plant-Penang-MY,2022-09-23,2022-10-27,2022-10-27,0,1854,1854,2.961,2.645,FOB,Truck,False
PO0002430,V0033,Passive Components,Plant-Brno-CZ,2022-10-03,2022-10-31,2022-10-31,0,3473,3473,0.599,0.788,FOB,Ocean,False
PO0002431,V0033,Passive Components,Plant-Penang-MY,2022-10-14,2022-11-10,2022-11-10,0,3595,3595,1.913,2.004,EXW,Ocean,False
PO0002432,V0033,Passive Components,Plant-Guadalajara-MX,2022-10-15,2022-11-11,2022-11-11,0,3319,3222,1.253,1.308,FOB,Ocean,False
PO0002433,V0033,Passive Components,Plant-Penang-MY,2022-10-21,2022-11-19,2022-11-20,1,7287,5638,0.411,0.473,EXW,Ocean,False
PO0002434,V0033,Passive Components,Plant-Penang-MY,2022-11-02,2022-12-06,2022-12-09,3,1125,1125,0.11,0.093,DDP,Ocean,False
PO0002435,V0033,Passive Components,Plant-Guadalajara-MX,2022-11-06,2022-12-08,2022-12-09,1,12235,12235,0.49,0.57,CIF,Truck,False
PO0002436,V0033,Passive Components,Plant-Brno-CZ,2022-11-08,2022-12-09,2022-12-11,2,3440,3440,1.615,1.437,FOB,Ocean,False
PO0002437,V0033,Passive Components,Plant-Penang-MY,2022-12-01,2023-01-01,2023-01-01,0,322,322,0.639,0.657,CIF,Air,False
PO0002438,V0033,Passive Components,Plant-Brno-CZ,2022-12-02,2023-01-04,2023-01-06,2,962,962,1.151,1.26,FOB,Ocean,False
PO0002439,V0033,Passive Components,Plant-Penang-MY,2023-01-04,2023-01-29,2023-02-05,7,2887,2887,2.16,2.258,FOB,Ocean,False
PO0002440,V0033,Passive Components,Plant-Brno-CZ,2023-01-12,2023-02-05,2023-02-06,1,1605,1605,1.0,0.863,DDP,Truck,False
PO0002441,V0033,Passive Components,Plant-Penang-MY,2023-01-13,2023-02-13,2023-02-17,4,2579,2579,1.938,2.075,DDP,Ocean,False
PO0002442,V0033,Passive Components,Plant-Brno-CZ,2023-01-20,2023-02-22,2023-02-23,1,3802,3802,2.654,2.839,DDP,Truck,False
PO0002443,V0033,Passive Components,Plant-Guadalajara-MX,2023-01-24,2023-02-28,2023-02-28,0,1252,1252,2.241,2.22,CIF,Truck,False
PO0002444,V0033,Passive Components,Plant-Brno-CZ,2023-02-07,2023-03-10,2023-03-11,1,4222,4222,1.021,1.118,DDP,Ocean,False
PO0002445,V0033,Passive Components,Plant-Guadalajara-MX,2023-02-28,2023-04-03,2023-04-17,14,5231,5231,1.066,1.248,EXW,Ocean,False
PO0002446,V0033,Passive Components,Plant-Brno-CZ,2023-03-02,2023-04-03,2023-04-14,11,295,295,2.623,3.07,DDP,Air,False
PO0002447,V0033,Passive Components,Plant-Brno-CZ,2023-03-03,2023-04-04,2023-04-05,1,2135,2135,1.101,1.11,EXW,Truck,False
PO0002448,V0033,Passive Components,Plant-Austin-US,2023-03-13,2023-04-13,2023-04-15,2,185,185,2.16,1.463,DDP,Ocean,False
PO0002449,V0033,Passive Components,Plant-Austin-US,2023-04-12,2023-05-14,2023-05-16,2,24680,24680,2.882,2.594,CIF,Ocean,False
PO0002450,V0033,Passive Components,Plant-Penang-MY,2023-05-15,2023-06-18,2023-06-18,0,1013,1013,1.265,1.059,FOB,Truck,False
PO0002451,V0033,Passive Components,Plant-Austin-US,2023-06-03,2023-06-29,2023-07-01,2,3593,3593,0.024,0.024,CIF,Truck,False
PO0002452,V0033,Passive Components,Plant-Austin-US,2023-06-04,2023-07-06,2023-07-06,0,1605,1605,2.117,2.157,CIF,Ocean,False
PO0002453,V0033,Passive Components,Plant-Austin-US,2023-06-20,2023-07-19,2023-07-25,6,15611,15611,1.366,1.293,FOB,Truck,False
PO0002454,V0033,Passive Components,Plant-Guadalajara-MX,2023-06-22,2023-07-23,2023-07-31,8,5124,3712,0.553,0.396,FOB,Ocean,False
PO0002455,V0033,Passive Components,Plant-Guadalajara-MX,2023-07-18,2023-08-16,2023-08-16,0,1763,1763,0.533,0.501,CIF,Truck,False
PO0002456,V0033,Passive Components,Plant-Brno-CZ,2023-07-26,2023-08-25,2023-08-25,0,14652,14652,0.223,0.24,FOB,Truck,False
PO0002457,V0033,Passive Components,Plant-Penang-MY,2023-08-13,2023-09-12,2023-09-14,2,603,582,1.413,1.357,DDP,Truck,False
PO0002458,V0033,Passive Components,Plant-Austin-US,2023-08-16,2023-09-12,2023-09-13,1,1397,1397,0.985,1.113,DDP,Ocean,False
PO0002459,V0033,Passive Components,Plant-Penang-MY,2023-08-17,2023-09-13,2023-09-13,0,3615,3615,0.719,0.779,DDP,Air,False
PO0002460,V0033,Passive Components,Plant-Brno-CZ,2023-09-15,2023-10-18,2023-10-18,0,17943,17943,1.076,0.993,FOB,Truck,False
PO0002461,V0033,Passive Components,Plant-Penang-MY,2023-10-11,2023-11-04,2023-11-04,0,2042,2042,0.537,0.505,DDP,Ocean,False
PO0002462,V0033,Passive Components,Plant-Austin-US,2023-11-13,2023-12-06,2023-12-06,0,10188,9968,1.354,1.036,FOB,Ocean,False
PO0002463,V0033,Passive Components,Plant-Guadalajara-MX,2023-11-18,2023-12-18,2024-01-26,39,2138,2138,1.044,1.062,EXW,Air,False
PO0002464,V0033,Passive Components,Plant-Guadalajara-MX,2023-12-05,2024-01-06,2024-01-06,0,3934,3934,2.092,1.747,EXW,Ocean,False
PO0002465,V0033,Passive Components,Plant-Guadalajara-MX,2023-12-22,2024-01-18,2024-01-28,10,1146,1146,1.139,1.015,EXW,Ocean,False
PO0002466,V0033,Passive Components,Plant-Guadalajara-MX,2024-01-08,2024-01-31,2024-02-24,24,18954,18954,1.752,2.019,FOB,Truck,False
PO0002467,V0033,Passive Components,Plant-Penang-MY,2024-01-09,2024-02-07,2024-02-07,0,4127,4127,2.072,2.079,CIF,Ocean,False
PO0002468,V0033,Passive Components,Plant-Austin-US,2024-01-21,2024-02-21,2024-03-08,16,15313,15313,1.731,1.961,EXW,Ocean,False
PO0002469,V0033,Passive Components,Plant-Austin-US,2024-02-23,2024-03-27,2024-03-27,0,1836,1836,2.521,2.173,EXW,Air,False
PO0002470,V0033,Passive Components,Plant-Brno-CZ,2024-03-09,2024-04-08,2024-04-16,8,336,336,1.511,2.107,EXW,Ocean,False
PO0002471,V0033,Passive Components,Plant-Brno-CZ,2024-03-11,2024-04-08,2024-04-08,0,9945,8677,1.962,1.419,FOB,Ocean,False
PO0002472,V0033,Passive Components,Plant-Guadalajara-MX,2024-03-19,2024-04-23,2024-05-08,15,3617,3617,0.417,0.343,CIF,Truck,False
PO0002473,V0033,Passive Components,Plant-Guadalajara-MX,2024-05-06,2024-06-10,2024-07-03,23,6528,6528,1.101,1.013,DDP,Truck,False
PO0002474,V0033,Passive Components,Plant-Brno-CZ,2024-05-07,2024-06-07,2024-06-24,17,13721,13721,2.462,2.866,FOB,Ocean,False
PO0002475,V0033,Passive Components,Plant-Austin-US,2024-05-09,2024-06-10,2024-06-20,10,36495,36495,1.912,2.238,EXW,Ocean,False
PO0002476,V0033,Passive Components,Plant-Brno-CZ,2024-05-19,2024-06-18,2024-06-20,2,13701,13042,1.966,1.629,FOB,Ocean,False
PO0002477,V0033,Passive Components,Plant-Austin-US,2024-05-24,2024-06-21,2024-06-21,0,8965,7688,1.459,1.548,DDP,Air,False
PO0002478,V0033,Passive Components,Plant-Austin-US,2024-06-13,2024-07-18,2024-07-18,0,4419,4419,2.767,2.619,EXW,Truck,False
PO0002479,V0033,Passive Components,Plant-Austin-US,2024-07-14,2024-08-14,2024-08-16,2,8582,8582,2.684,2.768,CIF,Truck,False
PO0002480,V0033,Passive Components,Plant-Guadalajara-MX,2024-07-16,2024-08-14,2024-08-15,1,34551,34551,1.919,1.875,EXW,Truck,False
PO0002481,V0033,Passive Components,Plant-Brno-CZ,2024-07-20,2024-08-19,2024-08-26,7,7656,7656,1.988,1.699,DDP,Ocean,False
PO0002482,V0033,Passive Components,Plant-Guadalajara-MX,2024-08-05,2024-09-07,2024-09-22,15,35886,35886,1.287,1.451,CIF,Ocean,False
PO0002483,V0033,Passive Components,Plant-Guadalajara-MX,2024-09-16,2024-10-18,2024-10-18,0,37329,35031,2.614,2.881,CIF,Truck,False
PO0002484,V0033,Passive Components,Plant-Brno-CZ,2024-09-26,2024-10-23,2024-10-23,0,1545,1421,0.605,0.572,DDP,Ocean,False
PO0002485,V0033,Passive Components,Plant-Austin-US,2024-10-04,2024-11-01,2024-11-02,1,26619,26619,2.179,2.026,DDP,Truck,False
PO0002486,V0033,Passive Components,Plant-Penang-MY,2024-10-25,2024-11-17,2024-11-17,0,28435,28435,1.293,1.306,CIF,Ocean,False
PO0002487,V0033,Passive Components,Plant-Austin-US,2024-10-31,2024-11-29,2024-11-29,0,3420,3420,0.84,0.775,DDP,Ocean,False
PO0002488,V0033,Passive Components,Plant-Penang-MY,2024-11-15,2024-12-14,2024-12-19,5,4284,4284,2.768,2.423,DDP,Ocean,False
PO0002489,V0033,Passive Components,Plant-Guadalajara-MX,2024-12-19,2025-01-25,2025-01-26,1,5318,5318,0.386,0.443,EXW,Ocean,False
PO0002490,V0033,Passive Components,Plant-Guadalajara-MX,2024-12-30,2025-01-26,2025-01-26,0,393,393,2.093,1.847,FOB,Ocean,False
PO0002491,V0033,Passive Components,Plant-Austin-US,2024-12-31,2025-01-31,2025-01-31,0,331,331,2.708,2.616,DDP,Ocean,False
PO0002492,V0033,Passive Components,Plant-Guadalajara-MX,2025-01-18,2025-02-15,2025-02-15,0,9481,7557,2.594,2.237,EXW,Ocean,False
PO0002493,V0033,Passive Components,Plant-Guadalajara-MX,2025-01-29,2025-03-01,2025-03-01,0,1718,1718,0.135,0.113,EXW,Ocean,False
PO0002494,V0033,Passive Components,Plant-Penang-MY,2025-02-28,2025-03-31,2025-04-14,14,2324,2324,0.383,0.306,DDP,Ocean,False
PO0002495,V0033,Passive Components,Plant-Guadalajara-MX,2025-03-08,2025-04-06,2025-04-10,4,2638,2638,1.398,1.724,EXW,Ocean,False
PO0002496,V0033,Passive Components,Plant-Guadalajara-MX,2025-03-30,2025-04-24,2025-04-28,4,14445,14445,1.135,1.195,DDP,Truck,False
PO0002497,V0033,Passive Components,Plant-Penang-MY,2025-04-07,2025-05-06,2025-05-10,4,11916,11916,1.703,1.848,FOB,Air,False
PO0002498,V0033,Passive Components,Plant-Austin-US,2025-04-26,2025-05-19,2025-07-03,45,13973,13973,2.701,2.284,DDP,Ocean,False
PO0002499,V0033,Passive Components,Plant-Austin-US,2025-04-27,2025-05-31,2025-05-31,0,1083,1083,1.534,1.455,CIF,Ocean,False
PO0002500,V0033,Passive Components,Plant-Brno-CZ,2025-04-28,2025-05-28,2025-05-28,0,3971,3971,0.552,0.538,DDP,Truck,False
PO0002501,V0033,Passive Components,Plant-Austin-US,2025-05-03,2025-05-31,2025-05-31,0,43004,43004,1.72,1.776,FOB,Truck,False
PO0002502,V0033,Passive Components,Plant-Austin-US,2025-05-10,2025-06-07,2025-06-07,0,1509,1509,2.86,2.33,DDP,Ocean,False
PO0002503,V0033,Passive Components,Plant-Penang-MY,2025-05-11,2025-06-06,2025-06-06,0,3019,2838,0.177,0.152,DDP,Truck,False
PO0002504,V0033,Passive Components,Plant-Penang-MY,2025-05-15,2025-06-16,2025-06-16,0,15446,15446,0.256,0.212,DDP,Air,False
PO0002505,V0033,Passive Components,Plant-Austin-US,2025-05-26,2025-06-23,2025-06-23,0,7112,7112,0.587,0.507,FOB,Ocean,False
PO0002506,V0033,Passive Components,Plant-Penang-MY,2025-06-21,2025-07-26,2025-07-28,2,11472,11472,1.604,1.186,CIF,Ocean,False
PO0002507,V0033,Passive Components,Plant-Austin-US,2025-07-29,2025-08-26,2025-08-26,0,3244,3244,0.764,0.883,CIF,Ocean,False
PO0002508,V0033,Passive Components,Plant-Penang-MY,2025-08-04,2025-09-03,2025-09-05,2,1091,1091,0.502,0.453,EXW,Air,False
PO0002509,V0033,Passive Components,Plant-Austin-US,2025-08-21,2025-09-22,2025-09-24,2,6650,6650,2.417,1.707,EXW,Air,False
PO0002510,V0033,Passive Components,Plant-Guadalajara-MX,2025-08-25,2025-09-26,2025-09-26,0,1366,975,1.274,1.234,DDP,Ocean,False
PO0002511,V0033,Passive Components,Plant-Austin-US,2025-08-26,2025-09-23,2025-09-23,0,386,386,0.401,0.304,EXW,Ocean,False
PO0002512,V0033,Passive Components,Plant-Guadalajara-MX,2025-09-16,2025-10-19,2025-10-19,0,484,484,2.302,2.223,FOB,Air,True
PO0002513,V0033,Passive Components,Plant-Brno-CZ,2025-09-24,2025-10-24,2025-10-25,1,2552,2552,0.56,0.61,FOB,Ocean,False
PO0002514,V0033,Passive Components,Plant-Brno-CZ,2025-12-05,2026-01-08,2026-01-16,8,3574,3574,2.89,2.614,CIF,Truck,False
PO0002515,V0033,Passive Components,Plant-Guadalajara-MX,2025-12-09,2026-01-14,2026-01-18,4,3032,3032,2.768,2.279,CIF,Ocean,False
PO0002516,V0033,Passive Components,Plant-Guadalajara-MX,2025-12-28,2026-01-26,2026-01-26,0,27078,27078,1.845,1.699,FOB,Air,False
PO0002517,V0033,Passive Components,Plant-Penang-MY,2026-01-31,2026-02-28,2026-02-28,0,3598,3598,2.508,1.992,CIF,Truck,False
PO0002518,V0033,Passive Components,Plant-Penang-MY,2026-02-06,2026-03-10,2026-03-10,0,873,873,0.776,0.89,CIF,Ocean,False
PO0002519,V0033,Passive Components,Plant-Penang-MY,2026-02-20,2026-03-19,2026-03-19,0,1084,1084,2.226,2.126,DDP,Ocean,False
PO0002520,V0033,Passive Components,Plant-Brno-CZ,2026-02-25,2026-03-23,2026-04-23,31,6306,6306,1.822,1.73,FOB,Ocean,False
PO0002521,V0033,Passive Components,Plant-Brno-CZ,2026-03-26,2026-04-21,2026-04-22,1,13198,13198,1.367,1.278,DDP,Ocean,False
PO0002522,V0033,Passive Components,Plant-Austin-US,2026-04-20,2026-05-19,2026-05-19,0,3660,3660,0.8,0.897,DDP,Ocean,False
PO0002523,V0033,Passive Components,Plant-Penang-MY,2026-05-02,2026-05-31,2026-05-31,0,5608,5608,1.528,1.459,FOB,Air,False
PO0002524,V0033,Passive Components,Plant-Austin-US,2026-05-07,2026-06-05,2026-06-18,13,2056,1950,1.889,1.509,EXW,Ocean,False
PO0002525,V0033,Passive Components,Plant-Brno-CZ,2026-05-28,2026-06-27,2026-06-28,1,46175,46175,2.861,2.643,EXW,Ocean,False
PO0002526,V0033,Passive Components,Plant-Brno-CZ,2026-05-30,2026-07-03,2026-07-08,5,2266,2266,1.676,1.471,CIF,Ocean,False
PO0002527,V0033,Passive Components,Plant-Austin-US,2026-06-18,2026-07-18,2026-07-18,0,8394,8394,1.68,1.749,FOB,Air,True
PO0002528,V0034,PCB / PCBA,Plant-Brno-CZ,2022-04-21,2022-06-04,2022-06-04,0,4170,3179,56.269,56.42,FOB,Air,False
PO0002529,V0034,PCB / PCBA,Plant-Guadalajara-MX,2022-09-03,2022-10-14,2022-10-14,0,1303,1303,23.902,24.762,CIF,Ocean,False
PO0002530,V0034,PCB / PCBA,Plant-Penang-MY,2022-09-29,2022-11-14,2022-12-04,20,6862,6862,66.46,65.549,FOB,Ocean,False
PO0002531,V0034,PCB / PCBA,Plant-Austin-US,2022-10-13,2022-11-22,2022-11-22,0,5807,5807,82.056,83.956,DDP,Ocean,False
PO0002532,V0034,PCB / PCBA,Plant-Austin-US,2022-11-19,2022-12-25,2022-12-25,0,13214,13214,85.085,85.191,EXW,Ocean,False
PO0002533,V0034,PCB / PCBA,Plant-Guadalajara-MX,2023-03-20,2023-05-04,2023-05-05,1,11713,11713,56.17,57.058,FOB,Ocean,False
PO0002534,V0034,PCB / PCBA,Plant-Guadalajara-MX,2023-04-12,2023-05-30,2023-05-31,1,2648,2648,82.825,81.808,EXW,Ocean,False
PO0002535,V0034,PCB / PCBA,Plant-Penang-MY,2023-05-13,2023-06-25,2023-06-25,0,9237,9237,23.904,24.701,CIF,Ocean,False
PO0002536,V0034,PCB / PCBA,Plant-Brno-CZ,2023-05-25,2023-07-19,2023-07-19,0,3893,3893,17.97,18.301,FOB,Ocean,False
PO0002537,V0034,PCB / PCBA,Plant-Austin-US,2023-07-22,2023-08-29,2023-09-16,18,2167,2167,26.528,27.038,FOB,Ocean,False
PO0002538,V0034,PCB / PCBA,Plant-Austin-US,2023-08-03,2023-09-16,2023-09-18,2,4441,4441,47.274,49.271,DDP,Ocean,False
PO0002539,V0034,PCB / PCBA,Plant-Austin-US,2023-09-09,2023-10-28,2023-10-28,0,346,346,88.639,87.969,CIF,Ocean,False
PO0002540,V0034,PCB / PCBA,Plant-Brno-CZ,2023-09-13,2023-10-26,2023-10-26,0,10256,10256,83.659,83.308,FOB,Ocean,False
PO0002541,V0034,PCB / PCBA,Plant-Brno-CZ,2023-12-01,2024-01-19,2024-01-19,0,10478,10478,72.406,71.938,FOB,Ocean,False
PO0002542,V0034,PCB / PCBA,Plant-Austin-US,2023-12-09,2024-01-23,2024-01-23,0,7690,7690,52.989,52.36,FOB,Ocean,False
PO0002543,V0034,PCB / PCBA,Plant-Brno-CZ,2023-12-26,2024-02-08,2024-02-08,0,62767,62767,13.305,13.452,DDP,Ocean,False
PO0002544,V0034,PCB / PCBA,Plant-Brno-CZ,2024-01-22,2024-02-25,2024-02-25,0,1983,1983,26.9,27.75,CIF,Truck,False
PO0002545,V0034,PCB / PCBA,Plant-Austin-US,2024-01-28,2024-03-10,2024-03-15,5,947,947,32.25,32.15,DDP,Ocean,False
PO0002546,V0034,PCB / PCBA,Plant-Brno-CZ,2024-05-24,2024-07-15,2024-07-15,0,51023,51023,14.115,14.208,DDP,Truck,False
PO0002547,V0034,PCB / PCBA,Plant-Austin-US,2024-07-02,2024-08-13,2024-08-14,1,6683,6683,34.574,35.031,EXW,Ocean,False
PO0002548,V0034,PCB / PCBA,Plant-Brno-CZ,2024-08-09,2024-09-26,2024-09-26,0,4591,4591,67.873,67.537,EXW,Truck,False
PO0002549,V0034,PCB / PCBA,Plant-Guadalajara-MX,2024-10-07,2024-11-20,2024-11-20,0,2090,2090,89.325,88.293,FOB,Ocean,False
PO0002550,V0034,PCB / PCBA,Plant-Austin-US,2025-01-15,2025-03-01,2025-03-03,2,863,863,48.968,48.364,FOB,Truck,False
PO0002551,V0034,PCB / PCBA,Plant-Guadalajara-MX,2025-02-03,2025-03-24,2025-03-24,0,1556,1556,18.193,18.432,CIF,Truck,False
PO0002552,V0034,PCB / PCBA,Plant-Penang-MY,2025-03-20,2025-04-26,2025-05-03,7,7420,7420,89.348,90.638,EXW,Ocean,False
PO0002553,V0034,PCB / PCBA,Plant-Brno-CZ,2025-06-12,2025-08-06,2025-08-07,1,13055,13055,16.107,16.019,DDP,Air,False
PO0002554,V0034,PCB / PCBA,Plant-Guadalajara-MX,2025-07-07,2025-08-11,2025-08-11,0,10237,10237,24.155,24.226,CIF,Ocean,False
PO0002555,V0034,PCB / PCBA,Plant-Austin-US,2025-08-04,2025-09-14,2025-09-21,7,536,536,11.181,11.188,CIF,Ocean,False
PO0002556,V0034,PCB / PCBA,Plant-Brno-CZ,2025-10-21,2025-12-03,2025-12-04,1,2584,2584,16.879,16.818,EXW,Ocean,False
PO0002557,V0034,PCB / PCBA,Plant-Guadalajara-MX,2025-12-03,2026-01-15,2026-01-15,0,54165,54165,34.874,34.773,CIF,Ocean,False
PO0002558,V0034,PCB / PCBA,Plant-Penang-MY,2026-02-04,2026-03-22,2026-03-24,2,948,948,20.216,19.954,EXW,Ocean,False
PO0002559,V0034,PCB / PCBA,Plant-Penang-MY,2026-03-12,2026-04-28,2026-04-28,0,10018,10018,76.568,77.818,FOB,Truck,False
PO0002560,V0034,PCB / PCBA,Plant-Guadalajara-MX,2026-06-13,2026-07-28,2026-07-30,2,1221,1221,37.915,39.133,FOB,Air,False
PO0002561,V0034,PCB / PCBA,Plant-Austin-US,2026-06-19,2026-08-11,2026-08-11,0,6955,6955,17.582,17.323,DDP,Ocean,False
PO0002562,V0035,Enclosures / Metal,Plant-Guadalajara-MX,2022-01-09,2022-02-14,2022-02-14,0,6617,6617,40.117,41.304,CIF,Air,True
PO0002563,V0035,Enclosures / Metal,Plant-Austin-US,2022-02-07,2022-03-21,2022-03-21,0,646,646,27.943,28.79,EXW,Air,False
PO0002564,V0035,Enclosures / Metal,Plant-Brno-CZ,2022-03-18,2022-04-28,2022-04-28,0,4409,4409,38.707,39.111,DDP,Truck,False
PO0002565,V0035,Enclosures / Metal,Plant-Penang-MY,2022-04-04,2022-05-12,2022-05-18,6,13964,13964,32.893,34.043,EXW,Truck,False
PO0002566,V0035,Enclosures / Metal,Plant-Penang-MY,2022-04-15,2022-05-26,2022-05-28,2,6917,6917,44.707,45.922,DDP,Ocean,False
PO0002567,V0035,Enclosures / Metal,Plant-Guadalajara-MX,2022-04-16,2022-05-30,2022-06-07,8,11190,11190,20.186,19.933,FOB,Ocean,False
PO0002568,V0035,Enclosures / Metal,Plant-Austin-US,2022-04-20,2022-06-01,2022-06-01,0,6714,6714,15.387,15.048,DDP,Air,False
PO0002569,V0035,Enclosures / Metal,Plant-Austin-US,2022-04-25,2022-06-04,2022-07-23,49,1677,1677,38.642,37.814,CIF,Air,False
PO0002570,V0035,Enclosures / Metal,Plant-Brno-CZ,2022-05-22,2022-06-30,2022-07-04,4,6960,6960,17.464,17.396,CIF,Air,False
PO0002571,V0035,Enclosures / Metal,Plant-Brno-CZ,2022-07-14,2022-08-16,2022-08-17,1,2591,2591,31.596,31.098,EXW,Ocean,False
PO0002572,V0035,Enclosures / Metal,Plant-Guadalajara-MX,2022-07-21,2022-08-27,2022-08-27,0,4335,4335,34.297,34.252,DDP,Air,False
PO0002573,V0035,Enclosures / Metal,Plant-Austin-US,2022-07-30,2022-09-06,2022-09-06,0,31444,31444,25.886,26.598,EXW,Ocean,False
PO0002574,V0035,Enclosures / Metal,Plant-Austin-US,2022-08-12,2022-09-17,2022-09-17,0,5606,5606,2.728,2.718,EXW,Ocean,False
PO0002575,V0035,Enclosures / Metal,Plant-Austin-US,2022-08-21,2022-10-07,2022-10-07,0,2453,2453,11.23,11.234,CIF,Ocean,False
PO0002576,V0035,Enclosures / Metal,Plant-Brno-CZ,2022-09-09,2022-10-20,2022-10-20,0,2411,2411,18.845,19.053,CIF,Truck,False
PO0002577,V0035,Enclosures / Metal,Plant-Penang-MY,2022-09-19,2022-11-01,2022-11-02,1,632,632,10.165,10.433,FOB,Ocean,False
PO0002578,V0035,Enclosures / Metal,Plant-Guadalajara-MX,2022-10-05,2022-11-20,2022-12-10,20,6022,6022,3.327,3.328,CIF,Ocean,False
PO0002579,V0035,Enclosures / Metal,Plant-Guadalajara-MX,2022-10-26,2022-11-30,2022-11-30,0,9840,9840,40.346,40.684,CIF,Ocean,False
PO0002580,V0035,Enclosures / Metal,Plant-Guadalajara-MX,2022-12-14,2023-01-20,2023-01-21,1,6122,6122,29.895,29.542,EXW,Truck,False
PO0002581,V0035,Enclosures / Metal,Plant-Guadalajara-MX,2023-01-02,2023-02-11,2023-02-12,1,2557,2557,43.493,43.104,CIF,Air,False
PO0002582,V0035,Enclosures / Metal,Plant-Austin-US,2023-01-12,2023-02-13,2023-02-13,0,2103,2103,43.873,44.444,CIF,Ocean,False
PO0002583,V0035,Enclosures / Metal,Plant-Austin-US,2023-01-21,2023-03-03,2023-03-04,1,5894,5894,30.764,31.01,FOB,Air,False
PO0002584,V0035,Enclosures / Metal,Plant-Brno-CZ,2023-01-29,2023-03-08,2023-03-08,0,49287,49287,21.46,21.433,FOB,Ocean,False
PO0002585,V0035,Enclosures / Metal,Plant-Guadalajara-MX,2023-02-05,2023-03-22,2023-03-22,0,14400,14400,30.385,30.342,EXW,Ocean,False
PO0002586,V0035,Enclosures / Metal,Plant-Guadalajara-MX,2023-02-11,2023-03-25,2023-03-25,0,5019,5019,38.821,39.443,EXW,Ocean,False
PO0002587,V0035,Enclosures / Metal,Plant-Guadalajara-MX,2023-02-28,2023-04-10,2023-04-11,1,6144,6144,22.066,21.95,DDP,Ocean,False
PO0002588,V0035,Enclosures / Metal,Plant-Austin-US,2023-03-28,2023-05-08,2023-05-09,1,12647,12647,20.689,21.197,CIF,Air,False
PO0002589,V0035,Enclosures / Metal,Plant-Guadalajara-MX,2023-04-06,2023-05-15,2023-05-15,0,6446,6446,1.162,1.136,CIF,Truck,False
PO0002590,V0035,Enclosures / Metal,Plant-Brno-CZ,2023-05-03,2023-06-12,2023-06-12,0,3584,3584,6.743,6.594,EXW,Ocean,False
PO0002591,V0035,Enclosures / Metal,Plant-Brno-CZ,2023-05-06,2023-06-15,2023-06-15,0,36615,36615,42.551,42.285,CIF,Ocean,False
PO0002592,V0035,Enclosures / Metal,Plant-Guadalajara-MX,2023-05-10,2023-06-27,2023-06-27,0,12430,12430,8.549,8.658,EXW,Air,True
PO0002593,V0035,Enclosures / Metal,Plant-Penang-MY,2023-06-03,2023-07-13,2023-07-14,1,1127,1127,5.233,5.157,CIF,Ocean,False
PO0002594,V0035,Enclosures / Metal,Plant-Penang-MY,2023-06-13,2023-07-22,2023-07-22,0,1527,1527,24.326,25.082,CIF,Truck,False
PO0002595,V0035,Enclosures / Metal,Plant-Brno-CZ,2023-08-10,2023-09-22,2023-09-22,0,3149,3149,37.601,37.713,CIF,Ocean,False
PO0002596,V0035,Enclosures / Metal,Plant-Brno-CZ,2023-09-22,2023-11-01,2023-11-01,0,1819,1819,28.865,28.678,FOB,Air,True
PO0002597,V0035,Enclosures / Metal,Plant-Brno-CZ,2023-10-13,2023-11-22,2023-11-22,0,7398,7398,18.651,18.537,EXW,Ocean,False
PO0002598,V0035,Enclosures / Metal,Plant-Brno-CZ,2023-10-22,2023-11-28,2023-11-28,0,4785,4785,21.959,22.494,CIF,Ocean,False
PO0002599,V0035,Enclosures / Metal,Plant-Penang-MY,2023-11-01,2023-12-06,2023-12-06,0,951,951,16.755,17.516,DDP,Ocean,False
PO0002600,V0035,Enclosures / Metal,Plant-Brno-CZ,2023-11-06,2023-12-17,2023-12-17,0,297,297,14.735,14.249,EXW,Truck,False
PO0002601,V0035,Enclosures / Metal,Plant-Brno-CZ,2023-11-23,2023-12-30,2024-01-12,13,3083,3083,4.766,4.807,FOB,Air,False
PO0002602,V0035,Enclosures / Metal,Plant-Guadalajara-MX,2023-11-25,2024-01-09,2024-01-09,0,883,883,34.165,34.48,CIF,Ocean,False
PO0002603,V0035,Enclosures / Metal,Plant-Guadalajara-MX,2023-12-08,2024-01-17,2024-01-17,0,6522,6522,2.774,2.835,DDP,Air,False
PO0002604,V0035,Enclosures / Metal,Plant-Penang-MY,2024-01-14,2024-03-02,2024-03-04,2,3078,2317,17.077,16.526,DDP,Ocean,False
PO0002605,V0035,Enclosures / Metal,Plant-Guadalajara-MX,2024-01-23,2024-03-02,2024-03-17,15,5694,5694,20.406,19.71,EXW,Ocean,False
PO0002606,V0035,Enclosures / Metal,Plant-Austin-US,2024-02-14,2024-03-23,2024-03-23,0,809,809,42.851,43.575,CIF,Ocean,False
PO0002607,V0035,Enclosures / Metal,Plant-Penang-MY,2024-02-24,2024-04-02,2024-04-22,20,2024,2024,42.975,42.716,DDP,Truck,False
PO0002608,V0035,Enclosures / Metal,Plant-Penang-MY,2024-03-02,2024-04-12,2024-04-12,0,296,296,4.788,4.641,CIF,Truck,False
PO0002609,V0035,Enclosures / Metal,Plant-Austin-US,2024-03-05,2024-04-15,2024-04-21,6,2301,2301,27.935,27.925,DDP,Truck,False
PO0002610,V0035,Enclosures / Metal,Plant-Penang-MY,2024-03-07,2024-04-17,2024-04-17,0,15181,15181,20.08,20.565,DDP,Ocean,False
PO0002611,V0035,Enclosures / Metal,Plant-Brno-CZ,2024-05-15,2024-06-22,2024-07-23,31,23827,23827,28.667,28.657,DDP,Ocean,False
PO0002612,V0035,Enclosures / Metal,Plant-Penang-MY,2024-05-17,2024-06-22,2024-06-22,0,2246,2246,26.987,25.539,DDP,Ocean,False
PO0002613,V0035,Enclosures / Metal,Plant-Penang-MY,2024-05-23,2024-07-02,2024-07-03,1,3861,3861,2.767,2.855,DDP,Ocean,False
PO0002614,V0035,Enclosures / Metal,Plant-Guadalajara-MX,2024-05-30,2024-07-10,2024-07-11,1,7787,7787,9.131,9.212,DDP,Air,False
PO0002615,V0035,Enclosures / Metal,Plant-Penang-MY,2024-05-31,2024-07-12,2024-07-17,5,1918,1918,21.224,21.663,FOB,Ocean,False
PO0002616,V0035,Enclosures / Metal,Plant-Austin-US,2024-06-17,2024-07-22,2024-07-22,0,1590,1590,19.171,19.347,EXW,Truck,False
PO0002617,V0035,Enclosures / Metal,Plant-Austin-US,2024-06-24,2024-08-04,2024-08-04,0,17800,17800,7.744,7.413,EXW,Air,False
PO0002618,V0035,Enclosures / Metal,Plant-Austin-US,2024-06-27,2024-08-01,2024-08-01,0,15635,15635,22.872,22.918,FOB,Ocean,False
PO0002619,V0035,Enclosures / Metal,Plant-Penang-MY,2024-06-29,2024-08-05,2024-08-05,0,10130,10130,33.499,33.458,FOB,Truck,False
PO0002620,V0035,Enclosures / Metal,Plant-Guadalajara-MX,2024-07-08,2024-08-15,2024-08-31,16,3233,3233,37.783,37.617,EXW,Air,False
PO0002621,V0035,Enclosures / Metal,Plant-Penang-MY,2024-08-18,2024-09-26,2024-09-26,0,5988,5988,37.713,38.768,EXW,Ocean,False
PO0002622,V0035,Enclosures / Metal,Plant-Penang-MY,2024-08-26,2024-10-03,2024-10-03,0,17319,17319,33.801,33.121,CIF,Truck,False
PO0002623,V0035,Enclosures / Metal,Plant-Guadalajara-MX,2024-09-05,2024-10-21,2024-10-22,1,10749,10749,10.194,10.011,EXW,Ocean,False
PO0002624,V0035,Enclosures / Metal,Plant-Penang-MY,2024-09-17,2024-10-27,2024-10-27,0,2783,2783,38.89,40.245,EXW,Ocean,False
PO0002625,V0035,Enclosures / Metal,Plant-Brno-CZ,2024-09-23,2024-10-24,2024-10-24,0,6300,6300,8.078,8.08,DDP,Truck,False
PO0002626,V0035,Enclosures / Metal,Plant-Austin-US,2024-09-25,2024-11-03,2024-11-03,0,2974,2974,13.528,13.547,DDP,Truck,False
PO0002627,V0035,Enclosures / Metal,Plant-Guadalajara-MX,2024-10-15,2024-11-18,2024-11-18,0,1118,1118,41.85,42.098,DDP,Air,False
PO0002628,V0035,Enclosures / Metal,Plant-Guadalajara-MX,2024-10-23,2024-12-10,2024-12-10,0,5561,5561,23.833,23.645,CIF,Ocean,False
PO0002629,V0035,Enclosures / Metal,Plant-Guadalajara-MX,2024-10-27,2024-12-05,2024-12-05,0,36323,36323,28.939,28.509,DDP,Ocean,False
PO0002630,V0035,Enclosures / Metal,Plant-Penang-MY,2024-11-10,2024-12-29,2024-12-29,0,1657,1657,20.668,20.3,FOB,Ocean,False
PO0002631,V0035,Enclosures / Metal,Plant-Guadalajara-MX,2024-11-28,2025-01-07,2025-01-08,1,5852,5852,25.081,25.633,DDP,Ocean,False
PO0002632,V0035,Enclosures / Metal,Plant-Guadalajara-MX,2025-01-07,2025-02-18,2025-02-18,0,10077,7748,7.655,7.788,DDP,Ocean,False
PO0002633,V0035,Enclosures / Metal,Plant-Austin-US,2025-01-24,2025-03-05,2025-03-05,0,6705,6705,40.086,41.536,EXW,Air,True
PO0002634,V0035,Enclosures / Metal,Plant-Guadalajara-MX,2025-01-25,2025-03-03,2025-03-03,0,2122,2122,25.936,25.565,EXW,Ocean,False
PO0002635,V0035,Enclosures / Metal,Plant-Brno-CZ,2025-02-18,2025-04-02,2025-04-04,2,3644,3644,41.184,42.059,EXW,Ocean,False
PO0002636,V0035,Enclosures / Metal,Plant-Guadalajara-MX,2025-03-22,2025-04-27,2025-04-27,0,2484,2484,1.259,1.282,DDP,Ocean,False
PO0002637,V0035,Enclosures / Metal,Plant-Brno-CZ,2025-03-24,2025-05-05,2025-05-05,0,2164,2164,25.04,24.577,EXW,Ocean,False
PO0002638,V0035,Enclosures / Metal,Plant-Austin-US,2025-03-27,2025-05-04,2025-05-04,0,1729,1729,16.593,16.136,FOB,Air,False
PO0002639,V0035,Enclosures / Metal,Plant-Guadalajara-MX,2025-04-06,2025-05-13,2025-05-13,0,7772,7772,36.016,34.149,EXW,Truck,False
PO0002640,V0035,Enclosures / Metal,Plant-Brno-CZ,2025-05-14,2025-06-25,2025-06-28,3,2508,2508,15.167,15.892,DDP,Air,False
PO0002641,V0035,Enclosures / Metal,Plant-Brno-CZ,2025-05-30,2025-07-06,2025-07-13,7,1095,1095,31.673,30.793,FOB,Truck,False
PO0002642,V0035,Enclosures / Metal,Plant-Brno-CZ,2025-07-02,2025-08-11,2025-08-11,0,11028,11028,15.876,16.333,CIF,Ocean,False
PO0002643,V0035,Enclosures / Metal,Plant-Austin-US,2025-07-06,2025-08-09,2025-08-09,0,31589,31589,32.791,31.374,EXW,Truck,False
PO0002644,V0035,Enclosures / Metal,Plant-Brno-CZ,2025-07-31,2025-09-10,2025-09-11,1,3924,3924,28.235,27.056,EXW,Ocean,False
PO0002645,V0035,Enclosures / Metal,Plant-Guadalajara-MX,2025-08-16,2025-09-26,2025-09-26,0,24110,24110,19.174,18.393,FOB,Truck,False
PO0002646,V0035,Enclosures / Metal,Plant-Guadalajara-MX,2025-08-21,2025-10-07,2025-10-07,0,1222,1222,34.652,35.389,FOB,Truck,False
PO0002647,V0035,Enclosures / Metal,Plant-Brno-CZ,2025-09-02,2025-10-10,2025-10-16,6,111460,111460,17.729,17.314,FOB,Air,False
PO0002648,V0035,Enclosures / Metal,Plant-Guadalajara-MX,2025-09-15,2025-10-20,2025-10-20,0,22178,22178,24.768,23.972,FOB,Ocean,False
PO0002649,V0035,Enclosures / Metal,Plant-Penang-MY,2025-09-18,2025-10-20,2025-10-20,0,1004,1004,18.865,18.737,CIF,Air,False
PO0002650,V0035,Enclosures / Metal,Plant-Penang-MY,2025-09-25,2025-11-04,2025-11-05,1,2448,2448,12.352,12.619,FOB,Ocean,False
PO0002651,V0035,Enclosures / Metal,Plant-Austin-US,2025-10-22,2025-12-01,2025-12-03,2,35903,35903,42.658,43.173,EXW,Truck,False
PO0002652,V0035,Enclosures / Metal,Plant-Austin-US,2025-11-21,2025-12-26,2025-12-26,0,740,740,3.363,3.398,CIF,Ocean,False
PO0002653,V0035,Enclosures / Metal,Plant-Brno-CZ,2026-01-21,2026-03-02,2026-03-02,0,6121,6121,36.876,37.226,DDP,Air,False
PO0002654,V0035,Enclosures / Metal,Plant-Austin-US,2026-01-25,2026-03-13,2026-03-13,0,4269,4269,38.182,37.446,CIF,Truck,False
PO0002655,V0035,Enclosures / Metal,Plant-Brno-CZ,2026-01-28,2026-02-28,2026-02-28,0,10502,10502,31.62,31.76,DDP,Ocean,False
PO0002656,V0035,Enclosures / Metal,Plant-Brno-CZ,2026-01-30,2026-03-10,2026-03-10,0,6550,6550,28.27,28.316,CIF,Air,False
PO0002657,V0035,Enclosures / Metal,Plant-Guadalajara-MX,2026-02-17,2026-03-29,2026-03-29,0,17941,17941,43.505,42.732,EXW,Ocean,False
PO0002658,V0035,Enclosures / Metal,Plant-Brno-CZ,2026-04-09,2026-05-21,2026-05-27,6,6702,6702,42.969,41.98,CIF,Truck,False
PO0002659,V0035,Enclosures / Metal,Plant-Penang-MY,2026-05-27,2026-06-28,2026-06-28,0,21678,21678,28.362,30.145,CIF,Truck,False
PO0002660,V0035,Enclosures / Metal,Plant-Brno-CZ,2026-05-28,2026-07-03,2026-07-03,0,4655,4655,2.345,2.31,EXW,Air,True
PO0002661,V0036,Packaging,Plant-Austin-US,2022-01-06,2022-01-28,2022-01-28,0,9043,9043,0.964,1.095,CIF,Ocean,False
PO0002662,V0036,Packaging,Plant-Austin-US,2022-01-10,2022-01-30,2022-02-24,25,2101,2101,1.953,1.907,DDP,Truck,False
PO0002663,V0036,Packaging,Plant-Guadalajara-MX,2022-02-16,2022-03-09,2022-03-10,1,8633,8633,1.797,1.63,EXW,Truck,False
PO0002664,V0036,Packaging,Plant-Brno-CZ,2022-03-07,2022-03-28,2022-03-28,0,3400,3400,0.179,0.166,DDP,Ocean,False
PO0002665,V0036,Packaging,Plant-Austin-US,2022-03-15,2022-04-02,2022-04-02,0,1337,1337,2.435,2.491,FOB,Ocean,False
PO0002666,V0036,Packaging,Plant-Brno-CZ,2022-04-10,2022-05-01,2022-05-01,0,17772,17772,2.905,2.963,EXW,Ocean,False
PO0002667,V0036,Packaging,Plant-Brno-CZ,2022-05-02,2022-05-19,2022-05-20,1,72980,72980,1.147,1.152,CIF,Ocean,False
PO0002668,V0036,Packaging,Plant-Guadalajara-MX,2022-05-03,2022-05-22,2022-05-22,0,8046,8046,4.662,4.812,CIF,Truck,False
PO0002669,V0036,Packaging,Plant-Brno-CZ,2022-05-04,2022-05-21,2022-05-21,0,3144,3144,3.219,3.098,DDP,Ocean,False
PO0002670,V0036,Packaging,Plant-Guadalajara-MX,2022-05-14,2022-05-30,2022-05-30,0,5248,5248,1.535,1.562,FOB,Ocean,False
PO0002671,V0036,Packaging,Plant-Austin-US,2022-06-22,2022-07-12,2022-07-13,1,2846,2846,3.573,3.426,CIF,Air,False
PO0002672,V0036,Packaging,Plant-Penang-MY,2022-06-24,2022-07-16,2022-07-22,6,10098,10098,2.93,2.861,EXW,Ocean,False
PO0002673,V0036,Packaging,Plant-Guadalajara-MX,2022-06-29,2022-07-18,2022-07-18,0,4296,4296,3.714,3.757,DDP,Ocean,False
PO0002674,V0036,Packaging,Plant-Austin-US,2022-07-02,2022-07-23,2022-07-23,0,2153,2153,3.283,3.477,EXW,Ocean,False
PO0002675,V0036,Packaging,Plant-Austin-US,2022-07-11,2022-07-31,2022-07-31,0,4066,4066,3.809,3.859,EXW,Ocean,False
PO0002676,V0036,Packaging,Plant-Brno-CZ,2022-07-27,2022-08-16,2022-08-20,4,1851,1851,4.319,4.372,CIF,Ocean,False
PO0002677,V0036,Packaging,Plant-Guadalajara-MX,2022-07-31,2022-08-17,2022-08-19,2,1610,1610,0.151,0.155,FOB,Ocean,False
PO0002678,V0036,Packaging,Plant-Austin-US,2022-08-11,2022-09-03,2022-09-03,0,3227,3227,2.966,2.858,FOB,Ocean,False
PO0002679,V0036,Packaging,Plant-Brno-CZ,2022-09-08,2022-09-26,2022-09-27,1,22379,22379,0.683,0.679,EXW,Ocean,False
PO0002680,V0036,Packaging,Plant-Guadalajara-MX,2022-09-27,2022-10-17,2022-10-17,0,1885,1885,1.294,1.344,DDP,Ocean,False
PO0002681,V0036,Packaging,Plant-Austin-US,2022-09-29,2022-10-18,2022-10-18,0,14207,14207,2.191,2.146,EXW,Ocean,False
PO0002682,V0036,Packaging,Plant-Guadalajara-MX,2022-10-19,2022-11-11,2022-11-11,0,2482,2482,4.982,5.076,EXW,Ocean,False
PO0002683,V0036,Packaging,Plant-Brno-CZ,2022-10-22,2022-11-08,2022-11-08,0,1180,1180,2.817,2.894,DDP,Ocean,False
PO0002684,V0036,Packaging,Plant-Austin-US,2022-10-26,2022-11-14,2022-11-15,1,423,423,0.381,0.395,CIF,Ocean,False
PO0002685,V0036,Packaging,Plant-Guadalajara-MX,2022-11-02,2022-11-19,2022-11-19,0,532,532,0.693,0.713,DDP,Ocean,False
PO0002686,V0036,Packaging,Plant-Guadalajara-MX,2022-11-20,2022-12-08,2022-12-08,0,761,761,2.688,2.71,CIF,Ocean,False
PO0002687,V0036,Packaging,Plant-Austin-US,2022-11-23,2022-12-16,2022-12-16,0,643,643,3.036,3.068,CIF,Ocean,False
PO0002688,V0036,Packaging,Plant-Austin-US,2022-12-19,2023-01-07,2023-01-07,0,14850,14850,3.716,3.691,DDP,Air,False
PO0002689,V0036,Packaging,Plant-Austin-US,2023-01-05,2023-01-25,2023-01-25,0,1514,1514,2.798,2.714,FOB,Ocean,False
PO0002690,V0036,Packaging,Plant-Guadalajara-MX,2023-01-09,2023-02-04,2023-02-04,0,1766,1766,1.682,1.73,DDP,Ocean,False
PO0002691,V0036,Packaging,Plant-Guadalajara-MX,2023-01-22,2023-02-18,2023-02-20,2,880,880,3.413,3.37,CIF,Ocean,False
PO0002692,V0036,Packaging,Plant-Guadalajara-MX,2023-01-31,2023-02-21,2023-02-21,0,5159,5159,0.909,0.906,DDP,Ocean,False
PO0002693,V0036,Packaging,Plant-Austin-US,2023-02-15,2023-03-05,2023-03-05,0,8274,8274,2.901,2.934,DDP,Ocean,False
PO0002694,V0036,Packaging,Plant-Brno-CZ,2023-03-07,2023-03-27,2023-04-17,21,10597,10597,2.218,2.227,FOB,Truck,False
PO0002695,V0036,Packaging,Plant-Austin-US,2023-03-08,2023-03-29,2023-04-01,3,13520,13520,3.383,3.158,FOB,Ocean,False
PO0002696,V0036,Packaging,Plant-Guadalajara-MX,2023-04-13,2023-05-05,2023-05-05,0,8642,8642,0.201,0.196,CIF,Ocean,False
PO0002697,V0036,Packaging,Plant-Guadalajara-MX,2023-05-04,2023-05-22,2023-05-22,0,5268,5268,4.377,4.571,CIF,Ocean,False
PO0002698,V0036,Packaging,Plant-Austin-US,2023-05-07,2023-05-31,2023-06-02,2,6337,6337,0.159,0.161,DDP,Ocean,False
PO0002699,V0036,Packaging,Plant-Austin-US,2023-05-08,2023-05-26,2023-06-13,18,29943,29943,2.812,2.822,EXW,Air,False
PO0002700,V0036,Packaging,Plant-Austin-US,2023-06-05,2023-06-24,2023-06-25,1,40868,40868,3.247,3.155,CIF,Ocean,False
PO0002701,V0036,Packaging,Plant-Guadalajara-MX,2023-06-27,2023-07-17,2023-07-17,0,3073,3073,3.9,4.16,CIF,Ocean,False
PO0002702,V0036,Packaging,Plant-Brno-CZ,2023-06-29,2023-07-12,2023-07-14,2,7654,7654,3.002,3.041,FOB,Ocean,False
PO0002703,V0036,Packaging,Plant-Penang-MY,2023-07-14,2023-08-01,2023-08-01,0,9101,9101,0.358,0.37,CIF,Truck,False
PO0002704,V0036,Packaging,Plant-Guadalajara-MX,2023-07-16,2023-08-01,2023-08-02,1,3009,3009,3.118,3.103,DDP,Ocean,False
PO0002705,V0036,Packaging,Plant-Austin-US,2023-07-31,2023-08-22,2023-08-23,1,3327,3327,2.783,2.913,CIF,Air,False
PO0002706,V0036,Packaging,Plant-Austin-US,2023-08-05,2023-08-29,2023-08-29,0,5170,5170,0.324,0.3,EXW,Ocean,False
PO0002707,V0036,Packaging,Plant-Guadalajara-MX,2023-08-11,2023-08-29,2023-08-31,2,132,132,2.463,2.356,FOB,Ocean,False
PO0002708,V0036,Packaging,Plant-Penang-MY,2023-08-28,2023-09-14,2023-09-14,0,923,923,0.914,0.917,FOB,Ocean,False
PO0002709,V0036,Packaging,Plant-Guadalajara-MX,2023-10-06,2023-10-28,2023-10-28,0,816,816,3.32,3.465,DDP,Air,False
PO0002710,V0036,Packaging,Plant-Austin-US,2023-10-08,2023-10-31,2023-11-12,12,9974,9974,2.477,2.411,EXW,Truck,False
PO0002711,V0036,Packaging,Plant-Penang-MY,2023-10-15,2023-11-03,2023-11-03,0,11403,11403,1.609,1.645,FOB,Ocean,False
PO0002712,V0036,Packaging,Plant-Guadalajara-MX,2023-10-21,2023-11-08,2023-11-08,0,1993,1993,2.942,3.025,DDP,Ocean,False
PO0002713,V0036,Packaging,Plant-Brno-CZ,2023-11-25,2023-12-13,2023-12-14,1,34263,34263,2.682,2.625,FOB,Truck,False
PO0002714,V0036,Packaging,Plant-Guadalajara-MX,2023-12-30,2024-01-20,2024-01-20,0,7006,6364,2.044,1.967,EXW,Ocean,False
PO0002715,V0036,Packaging,Plant-Penang-MY,2024-01-12,2024-01-30,2024-01-30,0,2366,2366,3.931,4.005,DDP,Air,False
PO0002716,V0036,Packaging,Plant-Penang-MY,2024-01-18,2024-02-07,2024-02-09,2,7604,7604,2.919,2.907,CIF,Ocean,False
PO0002717,V0036,Packaging,Plant-Brno-CZ,2024-02-28,2024-03-18,2024-03-18,0,2959,2959,2.934,3.245,FOB,Ocean,False
PO0002718,V0036,Packaging,Plant-Austin-US,2024-03-02,2024-03-21,2024-03-21,0,10048,10048,2.78,2.676,DDP,Ocean,False
PO0002719,V0036,Packaging,Plant-Guadalajara-MX,2024-03-23,2024-04-15,2024-04-15,0,13385,13385,3.198,3.292,FOB,Air,True
PO0002720,V0036,Packaging,Plant-Austin-US,2024-04-05,2024-04-25,2024-04-25,0,7096,7096,3.644,3.674,FOB,Ocean,False
PO0002721,V0036,Packaging,Plant-Guadalajara-MX,2024-04-14,2024-05-01,2024-05-01,0,8678,8678,0.621,0.64,DDP,Air,True
PO0002722,V0036,Packaging,Plant-Austin-US,2024-04-23,2024-05-12,2024-05-12,0,29275,29275,4.079,3.999,FOB,Air,False
PO0002723,V0036,Packaging,Plant-Penang-MY,2024-05-08,2024-05-31,2024-05-31,0,6043,6043,2.184,2.112,DDP,Ocean,False
PO0002724,V0036,Packaging,Plant-Guadalajara-MX,2024-05-15,2024-06-07,2024-06-07,0,2821,2821,2.361,2.277,CIF,Ocean,False
PO0002725,V0036,Packaging,Plant-Guadalajara-MX,2024-05-20,2024-06-07,2024-06-07,0,8345,8345,2.179,2.175,FOB,Air,True
PO0002726,V0036,Packaging,Plant-Brno-CZ,2024-05-24,2024-06-11,2024-06-19,8,24633,24633,3.427,3.424,EXW,Air,False
PO0002727,V0036,Packaging,Plant-Penang-MY,2024-05-27,2024-06-15,2024-06-15,0,803,803,2.131,2.029,EXW,Ocean,False
PO0002728,V0036,Packaging,Plant-Brno-CZ,2024-05-31,2024-06-21,2024-06-21,0,64227,64227,3.957,3.947,EXW,Ocean,False
PO0002729,V0036,Packaging,Plant-Guadalajara-MX,2024-06-08,2024-06-29,2024-06-29,0,22825,22825,3.841,3.996,EXW,Ocean,False
PO0002730,V0036,Packaging,Plant-Guadalajara-MX,2024-06-09,2024-07-01,2024-07-01,0,3106,3106,4.062,3.91,CIF,Truck,False
PO0002731,V0036,Packaging,Plant-Austin-US,2024-06-15,2024-07-02,2024-07-02,0,20017,20017,4.728,4.709,CIF,Air,False
PO0002732,V0036,Packaging,Plant-Brno-CZ,2024-07-01,2024-07-17,2024-07-25,8,33864,33864,4.173,4.297,EXW,Air,False
PO0002733,V0036,Packaging,Plant-Brno-CZ,2024-07-05,2024-07-25,2024-07-25,0,6570,6570,1.308,1.374,FOB,Ocean,False
PO0002734,V0036,Packaging,Plant-Brno-CZ,2024-07-16,2024-08-03,2024-08-03,0,5686,5686,3.205,3.237,FOB,Air,False
PO0002735,V0036,Packaging,Plant-Austin-US,2024-07-27,2024-08-14,2024-08-14,0,51445,51445,4.605,5.022,CIF,Air,False
PO0002736,V0036,Packaging,Plant-Guadalajara-MX,2024-07-30,2024-08-19,2024-08-20,1,8729,8729,0.381,0.344,FOB,Air,False
PO0002737,V0036,Packaging,Plant-Guadalajara-MX,2024-08-30,2024-09-22,2024-09-23,1,3886,3886,1.691,1.651,CIF,Truck,False
PO0002738,V0036,Packaging,Plant-Austin-US,2024-09-24,2024-10-08,2024-10-08,0,906,906,4.287,4.631,DDP,Ocean,False
PO0002739,V0036,Packaging,Plant-Penang-MY,2024-10-06,2024-10-24,2024-10-25,1,875,875,1.931,1.957,CIF,Air,False
PO0002740,V0036,Packaging,Plant-Guadalajara-MX,2024-10-07,2024-10-29,2024-10-29,0,1522,1522,1.146,1.122,DDP,Air,True
PO0002741,V0036,Packaging,Plant-Guadalajara-MX,2024-10-13,2024-11-01,2024-11-01,0,2610,2149,2.511,2.523,EXW,Ocean,False
PO0002742,V0036,Packaging,Plant-Brno-CZ,2024-10-18,2024-11-10,2024-11-11,1,4263,4263,1.567,1.586,CIF,Ocean,False
PO0002743,V0036,Packaging,Plant-Brno-CZ,2024-10-27,2024-11-16,2024-11-16,0,6589,6589,4.368,4.296,FOB,Ocean,False
PO0002744,V0036,Packaging,Plant-Brno-CZ,2024-11-09,2024-11-30,2024-12-01,1,415,415,4.909,4.712,DDP,Air,False
PO0002745,V0036,Packaging,Plant-Brno-CZ,2024-11-17,2024-12-07,2024-12-07,0,1896,1896,2.272,2.029,DDP,Ocean,False
PO0002746,V0036,Packaging,Plant-Brno-CZ,2024-11-24,2024-12-15,2024-12-15,0,12693,12693,4.788,5.024,CIF,Ocean,False
PO0002747,V0036,Packaging,Plant-Austin-US,2024-11-25,2024-12-07,2024-12-07,0,5059,5059,2.593,2.828,DDP,Ocean,False
PO0002748,V0036,Packaging,Plant-Austin-US,2024-12-05,2024-12-26,2024-12-26,0,2895,2895,3.432,3.317,EXW,Truck,False
PO0002749,V0036,Packaging,Plant-Guadalajara-MX,2024-12-08,2024-12-29,2024-12-29,0,4313,4313,1.391,1.426,CIF,Ocean,False
PO0002750,V0036,Packaging,Plant-Brno-CZ,2024-12-14,2025-01-08,2025-01-12,4,1229,1229,1.329,1.323,DDP,Ocean,False
PO0002751,V0036,Packaging,Plant-Brno-CZ,2024-12-20,2025-01-02,2025-01-02,0,978,978,1.282,1.223,EXW,Ocean,False
PO0002752,V0036,Packaging,Plant-Brno-CZ,2025-02-13,2025-03-03,2025-03-03,0,12647,12647,1.314,1.289,FOB,Ocean,False
PO0002753,V0036,Packaging,Plant-Guadalajara-MX,2025-02-15,2025-03-12,2025-03-12,0,17454,17454,1.087,1.093,DDP,Air,False
PO0002754,V0036,Packaging,Plant-Guadalajara-MX,2025-02-27,2025-03-21,2025-03-27,6,548,548,2.388,2.373,CIF,Ocean,False
PO0002755,V0036,Packaging,Plant-Austin-US,2025-03-01,2025-03-21,2025-03-23,2,3009,3009,2.353,2.335,EXW,Ocean,False
PO0002756,V0036,Packaging,Plant-Brno-CZ,2025-03-12,2025-04-02,2025-04-02,0,5401,5401,1.745,1.862,DDP,Ocean,False
PO0002757,V0036,Packaging,Plant-Penang-MY,2025-03-29,2025-04-21,2025-04-21,0,3760,3760,2.806,2.812,DDP,Ocean,False
PO0002758,V0036,Packaging,Plant-Penang-MY,2025-04-03,2025-04-21,2025-04-21,0,3821,3821,4.421,4.54,FOB,Ocean,False
PO0002759,V0036,Packaging,Plant-Austin-US,2025-04-24,2025-05-17,2025-05-17,0,15646,15646,4.315,4.224,FOB,Ocean,False
PO0002760,V0036,Packaging,Plant-Guadalajara-MX,2025-05-06,2025-05-29,2025-05-29,0,5213,5213,2.376,2.513,CIF,Ocean,False
PO0002761,V0036,Packaging,Plant-Penang-MY,2025-06-16,2025-07-06,2025-07-10,4,4103,4103,1.447,1.32,EXW,Truck,False
PO0002762,V0036,Packaging,Plant-Brno-CZ,2025-07-03,2025-07-23,2025-07-27,4,6519,6519,1.078,1.046,EXW,Ocean,False
PO0002763,V0036,Packaging,Plant-Brno-CZ,2025-08-08,2025-08-31,2025-08-31,0,676,676,0.955,1.01,DDP,Air,False
PO0002764,V0036,Packaging,Plant-Guadalajara-MX,2025-08-25,2025-09-12,2025-09-12,0,13610,13610,1.045,1.041,DDP,Ocean,False
PO0002765,V0036,Packaging,Plant-Penang-MY,2025-09-20,2025-10-12,2025-10-12,0,2877,2877,3.462,3.631,FOB,Air,False
PO0002766,V0036,Packaging,Plant-Penang-MY,2025-09-27,2025-10-14,2025-10-14,0,1615,1615,2.926,2.636,DDP,Air,False
PO0002767,V0036,Packaging,Plant-Penang-MY,2025-10-01,2025-10-19,2025-10-19,0,6877,6877,1.893,1.97,CIF,Truck,False
PO0002768,V0036,Packaging,Plant-Guadalajara-MX,2025-10-03,2025-10-21,2025-10-23,2,33400,33400,4.663,5.351,FOB,Ocean,False
PO0002769,V0036,Packaging,Plant-Austin-US,2025-10-07,2025-10-27,2025-11-27,31,13045,13045,1.485,1.568,DDP,Ocean,False
PO0002770,V0036,Packaging,Plant-Austin-US,2025-10-30,2025-11-20,2025-11-20,0,19989,14265,2.151,2.141,CIF,Ocean,False
PO0002771,V0036,Packaging,Plant-Guadalajara-MX,2025-12-18,2026-01-03,2026-01-03,0,50241,50241,4.324,4.657,DDP,Ocean,False
PO0002772,V0036,Packaging,Plant-Penang-MY,2025-12-19,2026-01-05,2026-01-06,1,43711,43711,4.111,4.457,DDP,Truck,False
PO0002773,V0036,Packaging,Plant-Penang-MY,2025-12-26,2026-01-12,2026-01-12,0,7290,7290,2.506,2.582,DDP,Ocean,False
PO0002774,V0036,Packaging,Plant-Austin-US,2026-01-15,2026-02-06,2026-02-20,14,5017,5017,2.071,2.021,EXW,Air,False
PO0002775,V0036,Packaging,Plant-Penang-MY,2026-02-07,2026-02-25,2026-02-26,1,3667,2577,4.61,4.311,CIF,Ocean,False
PO0002776,V0036,Packaging,Plant-Penang-MY,2026-02-14,2026-03-05,2026-03-05,0,5516,5516,1.581,1.636,FOB,Air,False
PO0002777,V0036,Packaging,Plant-Brno-CZ,2026-02-24,2026-03-13,2026-03-13,0,1172,1172,0.508,0.528,FOB,Ocean,False
PO0002778,V0036,Packaging,Plant-Austin-US,2026-02-28,2026-03-19,2026-03-23,4,2047,2047,1.244,1.217,DDP,Truck,False
PO0002779,V0036,Packaging,Plant-Brno-CZ,2026-04-06,2026-04-24,2026-04-24,0,79946,79946,3.705,3.358,EXW,Ocean,False
PO0002780,V0036,Packaging,Plant-Guadalajara-MX,2026-04-16,2026-05-05,2026-05-19,14,2553,2553,4.518,4.486,CIF,Ocean,False
PO0002781,V0036,Packaging,Plant-Guadalajara-MX,2026-04-19,2026-05-08,2026-05-10,2,3999,2945,2.113,1.874,CIF,Air,False
PO0002782,V0036,Packaging,Plant-Brno-CZ,2026-04-26,2026-05-16,2026-05-30,14,68896,68896,1.875,1.94,CIF,Truck,False
PO0002783,V0036,Packaging,Plant-Austin-US,2026-05-08,2026-05-29,2026-05-29,0,16580,16580,1.054,1.133,DDP,Truck,False
PO0002784,V0036,Packaging,Plant-Guadalajara-MX,2026-05-09,2026-05-28,2026-05-28,0,4758,4758,3.406,3.451,CIF,Air,False
PO0002785,V0036,Packaging,Plant-Austin-US,2026-05-30,2026-06-17,2026-07-01,14,207,207,4.018,4.082,CIF,Air,False
PO0002786,V0036,Packaging,Plant-Penang-MY,2026-06-20,2026-07-09,2026-07-09,0,2587,2587,1.659,1.637,DDP,Ocean,False
PO0002787,V0036,Packaging,Plant-Austin-US,2026-06-25,2026-07-16,2026-07-16,0,1488,1488,0.887,0.91,CIF,Ocean,False
PO0002788,V0037,PCB / PCBA,Plant-Penang-MY,2022-01-20,2022-03-08,2022-03-08,0,12967,12967,84.475,89.368,FOB,Ocean,False
PO0002789,V0037,PCB / PCBA,Plant-Austin-US,2022-01-21,2022-03-01,2022-03-01,0,4692,4692,13.663,13.885,EXW,Ocean,False
PO0002790,V0037,PCB / PCBA,Plant-Penang-MY,2022-02-11,2022-04-11,2022-04-12,1,10757,10757,8.216,8.171,FOB,Truck,False
PO0002791,V0037,PCB / PCBA,Plant-Guadalajara-MX,2022-02-27,2022-04-17,2022-05-06,19,200000,200000,26.593,26.438,DDP,Ocean,False
PO0002792,V0037,PCB / PCBA,Plant-Austin-US,2022-03-02,2022-04-16,2022-04-19,3,5944,4921,38.916,39.076,FOB,Ocean,False
PO0002793,V0037,PCB / PCBA,Plant-Penang-MY,2022-04-04,2022-05-19,2022-06-01,13,9134,9134,33.972,35.211,FOB,Truck,False
PO0002794,V0037,PCB / PCBA,Plant-Austin-US,2022-04-29,2022-06-14,2022-06-15,1,15550,15550,61.027,59.295,FOB,Air,False
PO0002795,V0037,PCB / PCBA,Plant-Austin-US,2022-05-07,2022-06-28,2022-08-02,35,14370,13103,10.75,11.073,DDP,Truck,False
PO0002796,V0037,PCB / PCBA,Plant-Penang-MY,2022-06-25,2022-08-17,2022-08-17,0,885,885,11.315,10.781,DDP,Ocean,False
PO0002797,V0037,PCB / PCBA,Plant-Penang-MY,2022-06-27,2022-08-17,2022-08-17,0,3728,3728,43.825,42.571,DDP,Ocean,False
PO0002798,V0037,PCB / PCBA,Plant-Penang-MY,2022-07-22,2022-09-02,2022-09-02,0,2461,2461,45.456,45.842,EXW,Ocean,False
PO0002799,V0037,PCB / PCBA,Plant-Guadalajara-MX,2022-08-21,2022-10-12,2022-10-12,0,4017,4017,49.498,49.818,EXW,Ocean,False
PO0002800,V0037,PCB / PCBA,Plant-Brno-CZ,2022-08-25,2022-10-11,2022-10-11,0,6318,6318,33.297,31.076,FOB,Ocean,False
PO0002801,V0037,PCB / PCBA,Plant-Penang-MY,2022-09-01,2022-10-19,2022-10-21,2,20406,20406,64.527,67.647,FOB,Ocean,False
PO0002802,V0037,PCB / PCBA,Plant-Brno-CZ,2022-09-05,2022-10-18,2022-10-18,0,14621,14621,45.857,50.595,DDP,Air,False
PO0002803,V0037,PCB / PCBA,Plant-Austin-US,2022-09-09,2022-10-31,2022-11-07,7,9545,9545,10.994,12.731,FOB,Truck,False
PO0002804,V0037,PCB / PCBA,Plant-Penang-MY,2022-09-10,2022-10-31,2022-10-31,0,7561,7561,13.438,15.149,CIF,Ocean,False
PO0002805,V0037,PCB / PCBA,Plant-Brno-CZ,2022-09-14,2022-11-03,2022-11-03,0,2321,2321,51.19,55.188,DDP,Truck,False
PO0002806,V0037,PCB / PCBA,Plant-Brno-CZ,2022-10-17,2022-11-24,2022-11-24,0,22049,22049,65.396,65.636,CIF,Ocean,False
PO0002807,V0037,PCB / PCBA,Plant-Penang-MY,2022-11-28,2023-01-11,2023-01-11,0,11656,11656,20.347,18.736,FOB,Ocean,False
PO0002808,V0037,PCB / PCBA,Plant-Austin-US,2022-12-05,2023-01-22,2023-01-22,0,594,469,64.53,64.138,EXW,Ocean,False
PO0002809,V0037,PCB / PCBA,Plant-Guadalajara-MX,2023-01-12,2023-02-18,2023-03-07,17,337,337,67.109,64.367,DDP,Ocean,False
PO0002810,V0037,PCB / PCBA,Plant-Austin-US,2023-01-22,2023-03-02,2023-03-02,0,2197,2197,29.72,31.523,EXW,Ocean,False
PO0002811,V0037,PCB / PCBA,Plant-Brno-CZ,2023-02-06,2023-03-15,2023-03-16,1,8788,8788,17.865,19.362,FOB,Ocean,False
PO0002812,V0037,PCB / PCBA,Plant-Penang-MY,2023-03-22,2023-05-14,2023-05-14,0,7817,7817,21.937,23.019,CIF,Air,True
PO0002813,V0037,PCB / PCBA,Plant-Austin-US,2023-06-17,2023-07-24,2023-07-24,0,11683,11683,83.098,88.658,CIF,Ocean,False
PO0002814,V0037,PCB / PCBA,Plant-Austin-US,2023-07-25,2023-09-01,2023-09-03,2,5560,5560,61.433,61.629,EXW,Truck,False
PO0002815,V0037,PCB / PCBA,Plant-Brno-CZ,2023-08-02,2023-09-20,2023-09-20,0,321,321,29.244,29.321,CIF,Ocean,False
PO0002816,V0037,PCB / PCBA,Plant-Austin-US,2023-09-19,2023-10-31,2023-10-31,0,3979,3979,81.416,97.412,DDP,Truck,False
PO0002817,V0037,PCB / PCBA,Plant-Guadalajara-MX,2023-09-25,2023-11-12,2023-11-15,3,6595,6595,88.602,95.365,CIF,Air,False
PO0002818,V0037,PCB / PCBA,Plant-Guadalajara-MX,2023-10-30,2023-12-11,2023-12-11,0,4470,4470,72.86,74.273,FOB,Ocean,False
PO0002819,V0037,PCB / PCBA,Plant-Brno-CZ,2023-11-13,2024-01-06,2024-01-06,0,935,935,44.213,46.373,FOB,Air,False
PO0002820,V0037,PCB / PCBA,Plant-Penang-MY,2023-11-15,2023-12-29,2023-12-30,1,3711,2931,85.416,99.54,DDP,Ocean,False
PO0002821,V0037,PCB / PCBA,Plant-Guadalajara-MX,2023-11-19,2024-01-02,2024-01-04,2,1436,1436,35.976,34.02,EXW,Ocean,False
PO0002822,V0037,PCB / PCBA,Plant-Austin-US,2023-12-13,2024-01-27,2024-01-27,0,30466,30466,29.326,27.527,CIF,Truck,False
PO0002823,V0037,PCB / PCBA,Plant-Brno-CZ,2024-01-01,2024-02-14,2024-02-16,2,237,237,89.775,86.586,FOB,Ocean,False
PO0002824,V0037,PCB / PCBA,Plant-Guadalajara-MX,2024-01-29,2024-03-20,2024-03-20,0,5615,5615,34.722,38.893,FOB,Ocean,False
PO0002825,V0037,PCB / PCBA,Plant-Brno-CZ,2024-02-10,2024-03-29,2024-03-29,0,3708,3708,23.836,24.955,DDP,Truck,False
PO0002826,V0037,PCB / PCBA,Plant-Brno-CZ,2024-03-09,2024-04-10,2024-04-10,0,17046,17046,11.264,11.008,CIF,Air,False
PO0002827,V0037,PCB / PCBA,Plant-Penang-MY,2024-03-28,2024-05-15,2024-05-15,0,3901,3698,42.966,42.892,FOB,Ocean,False
PO0002828,V0037,PCB / PCBA,Plant-Austin-US,2024-04-12,2024-06-03,2024-06-10,7,6147,6147,70.71,74.316,FOB,Ocean,False
PO0002829,V0037,PCB / PCBA,Plant-Penang-MY,2024-04-16,2024-06-04,2024-06-05,1,8191,8191,10.559,10.016,CIF,Ocean,False
PO0002830,V0037,PCB / PCBA,Plant-Penang-MY,2024-04-24,2024-06-06,2024-06-07,1,2262,2262,54.61,48.984,CIF,Ocean,False
PO0002831,V0037,PCB / PCBA,Plant-Brno-CZ,2024-05-02,2024-06-08,2024-06-09,1,14639,14639,54.876,58.857,FOB,Ocean,False
PO0002832,V0037,PCB / PCBA,Plant-Austin-US,2024-05-15,2024-07-02,2024-07-02,0,37063,37063,61.94,62.907,CIF,Ocean,False
PO0002833,V0037,PCB / PCBA,Plant-Brno-CZ,2024-05-25,2024-07-01,2024-07-01,0,2900,2900,47.001,45.547,EXW,Ocean,False
PO0002834,V0037,PCB / PCBA,Plant-Guadalajara-MX,2024-06-13,2024-07-23,2024-07-23,0,14084,14084,54.42,51.214,CIF,Ocean,False
PO0002835,V0037,PCB / PCBA,Plant-Brno-CZ,2024-07-14,2024-08-31,2024-08-31,0,19033,19033,71.38,75.938,FOB,Truck,False
PO0002836,V0037,PCB / PCBA,Plant-Brno-CZ,2024-08-10,2024-09-19,2024-09-23,4,1377,1377,70.826,65.48,EXW,Air,False
PO0002837,V0037,PCB / PCBA,Plant-Penang-MY,2024-08-28,2024-10-22,2024-10-22,0,6198,6198,85.537,86.672,CIF,Ocean,False
PO0002838,V0037,PCB / PCBA,Plant-Brno-CZ,2024-09-05,2024-10-22,2024-11-06,15,1869,1869,83.187,92.366,CIF,Truck,False
PO0002839,V0037,PCB / PCBA,Plant-Penang-MY,2024-10-10,2024-11-25,2024-11-25,0,6067,5324,53.689,54.276,CIF,Ocean,False
PO0002840,V0037,PCB / PCBA,Plant-Penang-MY,2024-10-23,2024-11-27,2024-11-27,0,6308,6308,61.06,64.957,EXW,Truck,False
PO0002841,V0037,PCB / PCBA,Plant-Austin-US,2024-11-15,2025-01-01,2025-01-01,0,23171,23171,74.712,75.316,EXW,Truck,False
PO0002842,V0037,PCB / PCBA,Plant-Brno-CZ,2024-11-18,2025-01-05,2025-01-05,0,8051,8051,67.126,62.917,CIF,Ocean,False
PO0002843,V0037,PCB / PCBA,Plant-Penang-MY,2024-12-16,2025-02-01,2025-02-02,1,6717,6717,17.434,18.815,DDP,Ocean,False
PO0002844,V0037,PCB / PCBA,Plant-Penang-MY,2025-02-07,2025-03-19,2025-03-26,7,1148,1148,7.239,7.481,CIF,Air,False
PO0002845,V0037,PCB / PCBA,Plant-Guadalajara-MX,2025-03-27,2025-05-14,2025-05-29,15,14228,14228,30.365,29.106,FOB,Air,False
PO0002846,V0037,PCB / PCBA,Plant-Brno-CZ,2025-04-03,2025-05-11,2025-05-11,0,3663,3129,65.194,60.638,DDP,Ocean,False
PO0002847,V0037,PCB / PCBA,Plant-Guadalajara-MX,2025-04-10,2025-05-25,2025-05-25,0,1892,1892,14.92,14.72,FOB,Truck,False
PO0002848,V0037,PCB / PCBA,Plant-Brno-CZ,2025-06-25,2025-08-05,2025-08-05,0,2160,2160,87.057,89.409,EXW,Ocean,False
PO0002849,V0037,PCB / PCBA,Plant-Brno-CZ,2025-07-10,2025-08-29,2025-09-22,24,962,962,16.832,16.388,EXW,Ocean,False
PO0002850,V0037,PCB / PCBA,Plant-Brno-CZ,2025-07-18,2025-09-06,2025-09-09,3,6178,6178,29.459,25.086,FOB,Truck,False
PO0002851,V0037,PCB / PCBA,Plant-Penang-MY,2025-08-15,2025-09-25,2025-09-25,0,5168,5168,25.398,23.323,EXW,Air,True
PO0002852,V0037,PCB / PCBA,Plant-Brno-CZ,2025-08-17,2025-10-04,2025-10-04,0,5953,5953,54.038,56.221,FOB,Air,False
PO0002853,V0037,PCB / PCBA,Plant-Penang-MY,2025-08-29,2025-10-12,2025-10-12,0,1512,1512,29.684,31.813,FOB,Ocean,False
PO0002854,V0037,PCB / PCBA,Plant-Brno-CZ,2025-10-19,2025-12-11,2025-12-12,1,5932,5932,72.253,72.957,CIF,Truck,False
PO0002855,V0037,PCB / PCBA,Plant-Guadalajara-MX,2025-11-01,2025-12-17,2025-12-17,0,2567,2567,55.863,50.391,DDP,Ocean,False
PO0002856,V0037,PCB / PCBA,Plant-Penang-MY,2025-11-09,2025-12-26,2025-12-26,0,5394,5394,54.351,52.13,CIF,Air,False
PO0002857,V0037,PCB / PCBA,Plant-Guadalajara-MX,2025-11-10,2026-01-01,2026-01-01,0,21327,21327,38.805,49.472,CIF,Ocean,False
PO0002858,V0037,PCB / PCBA,Plant-Penang-MY,2025-11-15,2026-01-06,2026-01-09,3,6744,6744,43.365,45.834,FOB,Air,False
PO0002859,V0037,PCB / PCBA,Plant-Brno-CZ,2025-11-16,2026-01-03,2026-01-03,0,4507,4507,69.229,62.636,DDP,Air,False
PO0002860,V0037,PCB / PCBA,Plant-Austin-US,2025-11-30,2026-01-17,2026-01-17,0,7454,7454,86.65,64.433,FOB,Ocean,False
PO0002861,V0037,PCB / PCBA,Plant-Brno-CZ,2026-02-26,2026-04-16,2026-04-16,0,17045,17045,15.483,16.36,CIF,Ocean,False
PO0002862,V0037,PCB / PCBA,Plant-Austin-US,2026-03-04,2026-04-18,2026-04-27,9,6051,6051,51.576,53.23,EXW,Truck,False
PO0002863,V0038,PCB / PCBA,Plant-Brno-CZ,2022-01-18,2022-03-06,2022-03-15,9,16898,15881,11.598,11.241,CIF,Ocean,False
PO0002864,V0038,PCB / PCBA,Plant-Guadalajara-MX,2022-01-31,2022-03-23,2022-03-23,0,5264,5264,30.5,27.722,FOB,Ocean,False
PO0002865,V0038,PCB / PCBA,Plant-Guadalajara-MX,2022-04-03,2022-05-16,2022-05-16,0,16473,16473,80.876,124.553,DDP,Ocean,False
PO0002866,V0038,PCB / PCBA,Plant-Penang-MY,2022-05-25,2022-07-10,2022-08-01,22,65747,65747,82.872,67.732,CIF,Ocean,False
PO0002867,V0038,PCB / PCBA,Plant-Austin-US,2022-07-02,2022-08-21,2022-08-21,0,4645,4645,44.767,41.741,DDP,Ocean,False
PO0002868,V0038,PCB / PCBA,Plant-Penang-MY,2022-07-17,2022-09-02,2022-09-03,1,3586,3586,58.109,57.732,DDP,Ocean,False
PO0002869,V0038,PCB / PCBA,Plant-Austin-US,2022-08-20,2022-09-30,2022-09-30,0,200000,200000,33.646,28.64,FOB,Ocean,False
PO0002870,V0038,PCB / PCBA,Plant-Austin-US,2022-09-04,2022-10-20,2022-10-20,0,10743,10743,75.558,73.504,FOB,Ocean,False
PO0002871,V0038,PCB / PCBA,Plant-Guadalajara-MX,2022-10-03,2022-11-17,2022-11-18,1,4231,4231,7.894,7.242,FOB,Truck,False
PO0002872,V0038,PCB / PCBA,Plant-Brno-CZ,2023-02-16,2023-04-01,2023-04-01,0,8342,7138,26.963,29.2,EXW,Ocean,False
PO0002873,V0038,PCB / PCBA,Plant-Guadalajara-MX,2023-07-02,2023-08-18,2023-08-18,0,1793,1536,48.259,49.212,DDP,Ocean,False
PO0002874,V0038,PCB / PCBA,Plant-Brno-CZ,2023-07-14,2023-08-20,2023-08-21,1,1735,1735,43.338,50.413,EXW,Truck,False
PO0002875,V0038,PCB / PCBA,Plant-Guadalajara-MX,2023-12-09,2024-01-23,2024-01-24,1,1811,1811,56.059,56.387,FOB,Ocean,False
PO0002876,V0038,PCB / PCBA,Plant-Austin-US,2023-12-21,2024-02-07,2024-02-07,0,7450,7054,50.399,56.899,CIF,Ocean,False
PO0002877,V0038,PCB / PCBA,Plant-Austin-US,2024-02-27,2024-04-18,2024-05-30,42,10303,10303,45.726,37.651,DDP,Truck,False
PO0002878,V0038,PCB / PCBA,Plant-Brno-CZ,2024-06-30,2024-08-19,2024-08-26,7,6070,6070,17.308,18.232,FOB,Truck,False
PO0002879,V0038,PCB / PCBA,Plant-Austin-US,2024-07-12,2024-08-24,2024-08-24,0,5108,5108,65.65,76.112,CIF,Ocean,False
PO0002880,V0038,PCB / PCBA,Plant-Guadalajara-MX,2024-09-06,2024-10-22,2024-11-29,38,3365,3365,57.86,53.422,CIF,Ocean,False
PO0002881,V0038,PCB / PCBA,Plant-Brno-CZ,2024-11-08,2024-12-24,2024-12-26,2,18974,18974,64.151,68.869,EXW,Ocean,False
PO0002882,V0038,PCB / PCBA,Plant-Austin-US,2024-12-22,2025-02-05,2025-02-08,3,1616,1616,62.839,53.073,CIF,Truck,False
PO0002883,V0038,PCB / PCBA,Plant-Guadalajara-MX,2025-04-06,2025-05-19,2025-05-19,0,24437,24437,9.778,8.842,CIF,Ocean,False
PO0002884,V0038,PCB / PCBA,Plant-Penang-MY,2025-08-06,2025-09-14,2025-09-17,3,93667,93667,62.94,68.678,FOB,Ocean,False
PO0002885,V0038,PCB / PCBA,Plant-Austin-US,2025-08-16,2025-10-05,2025-10-17,12,5630,5630,79.229,75.27,EXW,Ocean,False
PO0002886,V0038,PCB / PCBA,Plant-Guadalajara-MX,2025-10-29,2025-12-15,2025-12-25,10,2486,2486,10.965,10.514,DDP,Ocean,False
PO0002887,V0038,PCB / PCBA,Plant-Guadalajara-MX,2026-01-25,2026-02-28,2026-02-28,0,12418,12418,85.958,75.385,EXW,Ocean,False
PO0002888,V0038,PCB / PCBA,Plant-Penang-MY,2026-02-01,2026-03-12,2026-03-12,0,1872,1872,82.356,84.547,DDP,Air,False
PO0002889,V0038,PCB / PCBA,Plant-Brno-CZ,2026-02-15,2026-03-26,2026-03-26,0,2033,2033,44.463,37.708,EXW,Truck,False
PO0002890,V0039,Passive Components,Plant-Penang-MY,2022-01-17,2022-02-19,2022-02-20,1,12824,11169,2.979,3.06,CIF,Ocean,False
PO0002891,V0039,Passive Components,Plant-Austin-US,2022-01-25,2022-02-26,2022-02-26,0,12134,12134,2.287,1.86,CIF,Ocean,False
PO0002892,V0039,Passive Components,Plant-Guadalajara-MX,2022-03-01,2022-04-04,2022-04-04,0,5513,5513,0.821,0.736,CIF,Ocean,False
PO0002893,V0039,Passive Components,Plant-Guadalajara-MX,2022-03-11,2022-04-12,2022-05-07,25,4378,4378,1.124,1.137,CIF,Truck,False
PO0002894,V0039,Passive Components,Plant-Guadalajara-MX,2022-05-07,2022-06-05,2022-06-07,2,4052,4052,0.136,0.137,EXW,Ocean,False
PO0002895,V0039,Passive Components,Plant-Guadalajara-MX,2022-10-25,2022-11-19,2022-11-22,3,9156,8378,0.143,0.132,DDP,Ocean,False
PO0002896,V0039,Passive Components,Plant-Penang-MY,2022-11-01,2022-12-03,2022-12-03,0,2424,2424,0.288,0.307,EXW,Ocean,False
PO0002897,V0039,Passive Components,Plant-Guadalajara-MX,2023-01-08,2023-02-06,2023-02-06,0,59823,59823,1.187,1.417,DDP,Ocean,False
PO0002898,V0039,Passive Components,Plant-Austin-US,2023-01-18,2023-02-16,2023-02-16,0,1904,1904,1.736,1.902,EXW,Ocean,False
PO0002899,V0039,Passive Components,Plant-Guadalajara-MX,2023-01-29,2023-02-27,2023-03-14,15,1218,1218,1.192,1.084,CIF,Ocean,False
PO0002900,V0039,Passive Components,Plant-Penang-MY,2023-05-28,2023-06-23,2023-06-23,0,1860,1860,2.055,1.682,CIF,Ocean,False
PO0002901,V0039,Passive Components,Plant-Guadalajara-MX,2023-06-26,2023-07-31,2023-07-31,0,3626,3626,1.694,1.307,DDP,Air,False
PO0002902,V0039,Passive Components,Plant-Penang-MY,2023-06-27,2023-07-25,2023-07-31,6,21864,21864,0.793,0.837,DDP,Ocean,False
PO0002903,V0039,Passive Components,Plant-Austin-US,2023-07-28,2023-08-29,2023-08-29,0,3080,3080,0.726,0.644,CIF,Ocean,False
PO0002904,V0039,Passive Components,Plant-Penang-MY,2023-08-09,2023-09-12,2023-09-12,0,714,714,0.821,0.923,FOB,Truck,False
PO0002905,V0039,Passive Components,Plant-Austin-US,2023-11-20,2023-12-21,2023-12-21,0,785,586,1.234,1.397,DDP,Ocean,False
PO0002906,V0039,Passive Components,Plant-Penang-MY,2023-12-16,2024-01-15,2024-01-22,7,967,967,1.647,1.544,FOB,Ocean,False
PO0002907,V0039,Passive Components,Plant-Penang-MY,2023-12-23,2024-01-22,2024-01-22,0,53871,53871,1.958,1.888,EXW,Air,False
PO0002908,V0039,Passive Components,Plant-Guadalajara-MX,2024-03-03,2024-03-31,2024-04-17,17,3615,3615,0.774,0.752,EXW,Ocean,False
PO0002909,V0039,Passive Components,Plant-Austin-US,2024-04-10,2024-05-09,2024-05-09,0,1522,1239,1.135,1.06,DDP,Air,False
PO0002910,V0039,Passive Components,Plant-Brno-CZ,2024-06-01,2024-07-02,2024-07-02,0,11206,11206,1.717,1.559,FOB,Ocean,False
PO0002911,V0039,Passive Components,Plant-Guadalajara-MX,2025-01-17,2025-02-17,2025-02-17,0,2165,2165,1.476,1.272,EXW,Truck,False
PO0002912,V0039,Passive Components,Plant-Brno-CZ,2025-02-07,2025-03-04,2025-03-04,0,52192,50159,2.108,1.897,FOB,Truck,False
PO0002913,V0039,Passive Components,Plant-Penang-MY,2025-03-02,2025-03-31,2025-03-31,0,5569,5569,0.992,0.842,EXW,Truck,False
PO0002914,V0039,Passive Components,Plant-Penang-MY,2025-04-19,2025-05-19,2025-06-05,17,5010,5010,1.033,1.104,FOB,Ocean,False
PO0002915,V0039,Passive Components,Plant-Guadalajara-MX,2025-07-05,2025-08-02,2025-08-12,10,10440,9308,1.647,1.909,EXW,Ocean,False
PO0002916,V0039,Passive Components,Plant-Guadalajara-MX,2025-07-12,2025-08-14,2025-08-14,0,4388,3636,1.676,1.565,EXW,Truck,False
PO0002917,V0039,Passive Components,Plant-Brno-CZ,2025-08-22,2025-09-20,2025-09-24,4,19859,19859,0.23,0.204,DDP,Truck,False
PO0002918,V0039,Passive Components,Plant-Guadalajara-MX,2025-11-17,2025-12-14,2025-12-14,0,6222,6222,1.465,1.725,EXW,Ocean,False
PO0002919,V0039,Passive Components,Plant-Guadalajara-MX,2025-11-22,2025-12-16,2025-12-20,4,5908,5908,2.823,2.624,CIF,Air,False
PO0002920,V0039,Passive Components,Plant-Brno-CZ,2026-02-24,2026-03-26,2026-03-28,2,5937,5095,1.369,1.257,EXW,Ocean,False
PO0002921,V0039,Passive Components,Plant-Penang-MY,2026-03-24,2026-04-22,2026-05-03,11,5474,5474,0.077,0.082,CIF,Truck,False
PO0002922,V0039,Passive Components,Plant-Brno-CZ,2026-03-27,2026-04-24,2026-04-24,0,927,927,1.839,1.628,DDP,Air,True
PO0002923,V0039,Passive Components,Plant-Brno-CZ,2026-05-25,2026-06-23,2026-06-23,0,7730,7730,1.567,1.382,EXW,Ocean,False
PO0002924,V0039,Passive Components,Plant-Penang-MY,2026-06-26,2026-07-22,2026-07-22,0,39554,39554,0.548,0.554,EXW,Ocean,False
PO0002925,V0040,Displays,Plant-Guadalajara-MX,2022-01-21,2022-03-18,2022-03-27,9,7883,7883,168.703,170.577,EXW,Ocean,False
PO0002926,V0040,Displays,Plant-Penang-MY,2022-04-17,2022-06-17,2022-06-18,1,8666,8666,139.865,134.841,DDP,Ocean,False
PO0002927,V0040,Displays,Plant-Austin-US,2022-06-02,2022-07-22,2022-07-22,0,2179,2179,202.672,217.795,FOB,Ocean,False
PO0002928,V0040,Displays,Plant-Guadalajara-MX,2023-03-10,2023-05-05,2023-05-05,0,8784,8784,83.489,91.186,FOB,Air,False
PO0002929,V0040,Displays,Plant-Austin-US,2023-04-18,2023-06-26,2023-06-28,2,3590,3590,203.717,188.715,FOB,Ocean,False
PO0002930,V0040,Displays,Plant-Brno-CZ,2023-04-27,2023-07-10,2023-07-11,1,2295,1851,129.075,113.764,FOB,Ocean,False
PO0002931,V0040,Displays,Plant-Guadalajara-MX,2023-05-23,2023-07-18,2023-07-18,0,8376,7716,79.693,83.378,DDP,Ocean,False
PO0002932,V0040,Displays,Plant-Austin-US,2023-07-05,2023-09-09,2023-09-09,0,4159,4159,80.046,77.965,DDP,Ocean,False
PO0002933,V0040,Displays,Plant-Guadalajara-MX,2023-09-22,2023-11-19,2023-11-20,1,4405,4405,117.124,127.432,FOB,Ocean,False
PO0002934,V0040,Displays,Plant-Penang-MY,2023-10-07,2023-11-22,2023-11-25,3,36376,36376,50.295,53.797,CIF,Truck,False
PO0002935,V0040,Displays,Plant-Austin-US,2023-11-22,2024-01-25,2024-02-05,11,6423,6423,40.993,44.794,DDP,Air,False
PO0002936,V0040,Displays,Plant-Guadalajara-MX,2023-12-10,2024-02-05,2024-02-05,0,19244,19244,187.601,167.135,CIF,Ocean,False
PO0002937,V0040,Displays,Plant-Penang-MY,2024-01-22,2024-03-26,2024-03-31,5,44358,44358,167.686,158.116,CIF,Truck,False
PO0002938,V0040,Displays,Plant-Penang-MY,2024-03-11,2024-05-13,2024-05-21,8,630,630,145.776,116.799,FOB,Ocean,False
PO0002939,V0040,Displays,Plant-Brno-CZ,2024-06-25,2024-08-23,2024-08-24,1,6303,6303,129.872,122.195,DDP,Air,False
PO0002940,V0040,Displays,Plant-Penang-MY,2024-08-03,2024-09-25,2024-10-13,18,12396,12396,155.382,181.005,FOB,Ocean,False
PO0002941,V0040,Displays,Plant-Guadalajara-MX,2025-06-04,2025-07-21,2025-09-15,56,5416,5416,47.781,44.352,FOB,Ocean,False
PO0002942,V0040,Displays,Plant-Penang-MY,2025-08-01,2025-09-27,2025-09-27,0,43819,43819,155.564,177.945,DDP,Ocean,False
PO0002943,V0040,Displays,Plant-Penang-MY,2026-02-23,2026-04-29,2026-04-29,0,7782,7782,55.802,59.321,CIF,Ocean,False
PO0002944,V0040,Displays,Plant-Brno-CZ,2026-03-16,2026-05-18,2026-05-20,2,7873,7873,39.031,42.337,CIF,Ocean,False
PO0002945,V0040,Displays,Plant-Austin-US,2026-06-22,2026-08-19,2026-08-20,1,2617,2617,19.681,20.672,DDP,Truck,False
PO0002946,V0041,PCB / PCBA,Plant-Brno-CZ,2022-01-20,2022-03-06,2022-03-06,0,7804,7804,27.78,25.929,FOB,Ocean,False
PO0002947,V0041,PCB / PCBA,Plant-Austin-US,2022-01-30,2022-03-20,2022-03-20,0,11702,11702,65.928,63.223,DDP,Ocean,False
PO0002948,V0041,PCB / PCBA,Plant-Penang-MY,2022-03-09,2022-04-22,2022-04-24,2,12500,12500,59.878,63.978,EXW,Ocean,False
PO0002949,V0041,PCB / PCBA,Plant-Austin-US,2022-04-01,2022-05-13,2022-05-16,3,1520,1520,18.886,17.032,EXW,Air,False
PO0002950,V0041,PCB / PCBA,Plant-Brno-CZ,2022-04-02,2022-05-16,2022-05-17,1,475,439,65.294,66.644,EXW,Ocean,False
PO0002951,V0041,PCB / PCBA,Plant-Austin-US,2022-04-13,2022-06-01,2022-06-02,1,3488,3488,83.887,92.151,DDP,Ocean,False
PO0002952,V0041,PCB / PCBA,Plant-Guadalajara-MX,2022-04-26,2022-06-06,2022-06-06,0,51091,51091,83.903,89.723,FOB,Truck,False
PO0002953,V0041,PCB / PCBA,Plant-Guadalajara-MX,2022-05-20,2022-07-11,2022-07-11,0,2424,2424,73.108,75.836,DDP,Ocean,False
PO0002954,V0041,PCB / PCBA,Plant-Brno-CZ,2022-05-27,2022-07-05,2022-07-06,1,7215,7215,32.837,35.889,FOB,Air,False
PO0002955,V0041,PCB / PCBA,Plant-Penang-MY,2022-06-10,2022-07-09,2022-07-11,2,9246,9246,11.264,11.251,CIF,Ocean,False
PO0002956,V0041,PCB / PCBA,Plant-Brno-CZ,2022-06-14,2022-08-03,2022-08-03,0,11252,11252,29.019,30.497,EXW,Ocean,False
PO0002957,V0041,PCB / PCBA,Plant-Penang-MY,2022-06-18,2022-07-31,2022-07-31,0,27006,27006,18.3,18.075,DDP,Air,False
PO0002958,V0041,PCB / PCBA,Plant-Penang-MY,2022-07-11,2022-08-21,2022-08-22,1,2652,2652,67.507,77.564,FOB,Ocean,False
PO0002959,V0041,PCB / PCBA,Plant-Brno-CZ,2022-07-26,2022-09-06,2022-09-06,0,18607,18607,54.782,62.941,CIF,Air,True
PO0002960,V0041,PCB / PCBA,Plant-Penang-MY,2022-09-06,2022-10-22,2022-10-22,0,21272,21272,61.402,60.704,DDP,Ocean,False
PO0002961,V0041,PCB / PCBA,Plant-Penang-MY,2022-09-13,2022-11-02,2022-11-21,19,17878,17878,7.316,6.589,CIF,Ocean,False
PO0002962,V0041,PCB / PCBA,Plant-Guadalajara-MX,2022-09-29,2022-11-18,2022-11-18,0,6479,6479,53.5,61.158,EXW,Ocean,False
PO0002963,V0041,PCB / PCBA,Plant-Guadalajara-MX,2022-10-24,2022-12-03,2022-12-04,1,17028,17028,79.347,75.608,DDP,Ocean,False
PO0002964,V0041,PCB / PCBA,Plant-Penang-MY,2022-10-25,2022-12-11,2022-12-11,0,1870,1870,16.596,15.13,FOB,Air,True
PO0002965,V0041,PCB / PCBA,Plant-Guadalajara-MX,2022-11-15,2022-12-26,2022-12-26,0,41492,41492,64.346,68.068,DDP,Ocean,False
PO0002966,V0041,PCB / PCBA,Plant-Austin-US,2023-01-15,2023-03-04,2023-03-04,0,6528,6528,11.87,12.161,DDP,Ocean,False
PO0002967,V0041,PCB / PCBA,Plant-Brno-CZ,2023-01-21,2023-03-02,2023-03-14,12,2668,2668,73.01,72.704,CIF,Ocean,False
PO0002968,V0041,PCB / PCBA,Plant-Brno-CZ,2023-01-27,2023-03-12,2023-03-15,3,68372,68372,88.377,80.933,DDP,Air,False
PO0002969,V0041,PCB / PCBA,Plant-Austin-US,2023-02-06,2023-03-21,2023-03-21,0,35534,35534,22.845,24.603,FOB,Ocean,False
PO0002970,V0041,PCB / PCBA,Plant-Guadalajara-MX,2023-02-07,2023-03-29,2023-03-29,0,2673,2673,73.642,62.339,CIF,Ocean,False
PO0002971,V0041,PCB / PCBA,Plant-Austin-US,2023-02-16,2023-04-01,2023-04-01,0,555,555,84.91,82.755,CIF,Ocean,False
PO0002972,V0041,PCB / PCBA,Plant-Penang-MY,2023-02-24,2023-04-15,2023-04-15,0,12326,12326,34.758,32.145,DDP,Truck,False
PO0002973,V0041,PCB / PCBA,Plant-Austin-US,2023-03-18,2023-05-10,2023-05-10,0,17036,13917,21.668,20.241,DDP,Ocean,False
PO0002974,V0041,PCB / PCBA,Plant-Penang-MY,2023-03-21,2023-05-12,2023-05-14,2,2160,2160,61.439,58.215,EXW,Ocean,False
PO0002975,V0041,PCB / PCBA,Plant-Austin-US,2023-06-11,2023-07-28,2023-07-28,0,8329,7920,7.134,5.616,DDP,Air,False
PO0002976,V0041,PCB / PCBA,Plant-Guadalajara-MX,2023-06-15,2023-07-29,2023-07-30,1,1014,1014,38.037,38.53,CIF,Air,False
PO0002977,V0041,PCB / PCBA,Plant-Penang-MY,2023-06-21,2023-08-06,2023-08-06,0,3790,3790,58.29,58.066,FOB,Ocean,False
PO0002978,V0041,PCB / PCBA,Plant-Guadalajara-MX,2023-07-12,2023-08-22,2023-08-22,0,11347,11347,57.282,59.581,DDP,Air,True
PO0002979,V0041,PCB / PCBA,Plant-Brno-CZ,2023-07-17,2023-08-19,2023-08-23,4,53569,53569,44.184,43.584,FOB,Truck,False
PO0002980,V0041,PCB / PCBA,Plant-Guadalajara-MX,2023-07-18,2023-08-20,2023-08-20,0,12321,12321,43.469,43.481,CIF,Truck,False
PO0002981,V0041,PCB / PCBA,Plant-Guadalajara-MX,2023-08-05,2023-09-26,2023-10-05,9,15303,15303,35.292,33.61,CIF,Ocean,False
PO0002982,V0041,PCB / PCBA,Plant-Guadalajara-MX,2023-09-10,2023-10-29,2023-10-29,0,5147,5147,77.37,75.33,DDP,Ocean,False
PO0002983,V0041,PCB / PCBA,Plant-Penang-MY,2023-09-11,2023-10-27,2023-10-31,4,7729,7729,77.77,76.983,CIF,Air,False
PO0002984,V0041,PCB / PCBA,Plant-Brno-CZ,2023-09-19,2023-10-24,2023-10-24,0,7231,7231,42.176,43.775,FOB,Truck,False
PO0002985,V0041,PCB / PCBA,Plant-Guadalajara-MX,2023-09-26,2023-11-12,2023-11-29,17,919,919,46.101,52.374,FOB,Ocean,False
PO0002986,V0041,PCB / PCBA,Plant-Brno-CZ,2023-09-27,2023-11-10,2023-11-10,0,8496,8496,37.886,36.098,DDP,Truck,False
PO0002987,V0041,PCB / PCBA,Plant-Penang-MY,2023-09-30,2023-11-20,2023-11-20,0,10826,10826,74.286,77.138,CIF,Air,False
PO0002988,V0041,PCB / PCBA,Plant-Penang-MY,2023-10-07,2023-11-18,2023-11-20,2,24683,24683,64.621,69.699,DDP,Ocean,False
PO0002989,V0041,PCB / PCBA,Plant-Austin-US,2023-10-10,2023-11-21,2023-11-21,0,29662,29662,7.756,7.991,DDP,Ocean,False
PO0002990,V0041,PCB / PCBA,Plant-Penang-MY,2023-10-19,2023-12-02,2023-12-02,0,4888,4888,74.99,79.008,FOB,Ocean,False
PO0002991,V0041,PCB / PCBA,Plant-Penang-MY,2023-10-24,2023-11-28,2023-11-28,0,2083,2083,13.601,13.19,EXW,Ocean,False
PO0002992,V0041,PCB / PCBA,Plant-Brno-CZ,2023-11-11,2023-12-27,2023-12-27,0,12110,12110,77.824,74.264,CIF,Ocean,False
PO0002993,V0041,PCB / PCBA,Plant-Austin-US,2023-12-07,2024-01-22,2024-01-22,0,2321,2321,69.46,71.523,CIF,Ocean,False
PO0002994,V0041,PCB / PCBA,Plant-Austin-US,2023-12-21,2024-02-09,2024-02-09,0,24863,24863,53.688,61.368,FOB,Ocean,False
PO0002995,V0041,PCB / PCBA,Plant-Guadalajara-MX,2023-12-24,2024-02-15,2024-02-16,1,262,262,37.498,39.252,EXW,Ocean,False
PO0002996,V0041,PCB / PCBA,Plant-Penang-MY,2024-01-29,2024-03-09,2024-03-09,0,6818,6818,69.527,71.852,FOB,Ocean,False
PO0002997,V0041,PCB / PCBA,Plant-Guadalajara-MX,2024-01-31,2024-03-16,2024-03-16,0,2020,2020,26.674,28.183,EXW,Ocean,False
PO0002998,V0041,PCB / PCBA,Plant-Penang-MY,2024-02-25,2024-04-07,2024-04-07,0,4811,4811,80.087,65.098,EXW,Ocean,False
PO0002999,V0041,PCB / PCBA,Plant-Austin-US,2024-03-24,2024-05-07,2024-05-07,0,3039,3039,33.8,36.692,FOB,Ocean,False
PO0003000,V0041,PCB / PCBA,Plant-Guadalajara-MX,2024-05-08,2024-06-24,2024-06-24,0,921,667,68.024,67.075,EXW,Ocean,False
PO0003001,V0041,PCB / PCBA,Plant-Penang-MY,2024-05-10,2024-06-25,2024-06-25,0,559,559,57.788,60.081,EXW,Air,False
PO0003002,V0041,PCB / PCBA,Plant-Penang-MY,2024-06-09,2024-07-27,2024-07-27,0,45736,45736,27.642,30.073,CIF,Truck,False
PO0003003,V0041,PCB / PCBA,Plant-Brno-CZ,2024-06-10,2024-07-16,2024-07-16,0,850,850,7.495,7.478,FOB,Ocean,False
PO0003004,V0041,PCB / PCBA,Plant-Guadalajara-MX,2024-06-12,2024-07-24,2024-07-24,0,850,850,87.569,93.065,FOB,Ocean,False
PO0003005,V0041,PCB / PCBA,Plant-Guadalajara-MX,2024-06-14,2024-07-30,2024-07-30,0,6520,6520,11.257,11.299,CIF,Ocean,False
PO0003006,V0041,PCB / PCBA,Plant-Austin-US,2024-06-19,2024-08-07,2024-08-07,0,908,723,29.896,29.762,FOB,Truck,False
PO0003007,V0041,PCB / PCBA,Plant-Penang-MY,2024-07-22,2024-09-13,2024-09-13,0,8535,8535,63.749,60.345,EXW,Ocean,False
PO0003008,V0041,PCB / PCBA,Plant-Guadalajara-MX,2024-08-06,2024-09-25,2024-09-30,5,1082,1082,89.938,88.45,CIF,Ocean,False
PO0003009,V0041,PCB / PCBA,Plant-Guadalajara-MX,2024-08-18,2024-10-10,2024-10-19,9,4478,4478,5.399,5.247,CIF,Ocean,False
PO0003010,V0041,PCB / PCBA,Plant-Penang-MY,2024-09-07,2024-10-21,2024-10-21,0,9282,9282,75.873,65.715,EXW,Ocean,False
PO0003011,V0041,PCB / PCBA,Plant-Brno-CZ,2024-09-19,2024-11-01,2024-11-01,0,14226,14226,41.433,41.644,FOB,Ocean,False
PO0003012,V0041,PCB / PCBA,Plant-Austin-US,2024-10-16,2024-11-30,2024-11-30,0,32906,32906,77.942,83.085,DDP,Ocean,False
PO0003013,V0041,PCB / PCBA,Plant-Austin-US,2024-10-17,2024-11-30,2024-12-03,3,4194,4194,26.226,26.453,CIF,Truck,False
PO0003014,V0041,PCB / PCBA,Plant-Penang-MY,2024-11-01,2024-12-25,2024-12-25,0,22080,22080,16.776,17.84,CIF,Ocean,False
PO0003015,V0041,PCB / PCBA,Plant-Austin-US,2024-11-02,2024-12-20,2025-01-04,15,1236,1236,33.573,31.818,FOB,Air,False
PO0003016,V0041,PCB / PCBA,Plant-Brno-CZ,2024-11-06,2024-12-10,2024-12-13,3,17604,17604,36.738,35.575,DDP,Truck,False
PO0003017,V0041,PCB / PCBA,Plant-Austin-US,2024-11-10,2024-12-25,2024-12-25,0,13614,13614,28.005,27.423,CIF,Ocean,False
PO0003018,V0041,PCB / PCBA,Plant-Brno-CZ,2024-11-23,2024-12-31,2025-01-01,1,3362,3362,17.183,17.579,DDP,Ocean,False
PO0003019,V0041,PCB / PCBA,Plant-Penang-MY,2024-12-04,2025-01-25,2025-01-26,1,7365,7365,64.809,66.887,CIF,Air,False
PO0003020,V0041,PCB / PCBA,Plant-Austin-US,2024-12-05,2025-01-15,2025-01-24,9,8962,8962,15.055,15.119,CIF,Truck,False
PO0003021,V0041,PCB / PCBA,Plant-Guadalajara-MX,2024-12-14,2025-01-29,2025-01-31,2,9420,9420,63.008,54.252,FOB,Truck,False
PO0003022,V0041,PCB / PCBA,Plant-Brno-CZ,2024-12-25,2025-02-07,2025-02-07,0,7713,5662,34.666,33.273,EXW,Ocean,False
PO0003023,V0041,PCB / PCBA,Plant-Guadalajara-MX,2024-12-28,2025-02-09,2025-02-09,0,11784,11784,46.477,45.778,EXW,Ocean,False
PO0003024,V0041,PCB / PCBA,Plant-Austin-US,2025-02-02,2025-03-29,2025-03-29,0,8196,5952,64.243,59.876,CIF,Air,False
PO0003025,V0041,PCB / PCBA,Plant-Austin-US,2025-02-17,2025-03-25,2025-03-25,0,15428,15051,46.626,49.801,CIF,Ocean,False
PO0003026,V0041,PCB / PCBA,Plant-Austin-US,2025-02-26,2025-04-10,2025-05-26,46,4262,4262,24.558,24.212,CIF,Ocean,False
PO0003027,V0041,PCB / PCBA,Plant-Guadalajara-MX,2025-02-28,2025-04-12,2025-04-14,2,3088,3088,21.507,19.386,EXW,Ocean,False
PO0003028,V0041,PCB / PCBA,Plant-Guadalajara-MX,2025-03-02,2025-04-11,2025-05-17,36,864,864,12.872,11.656,CIF,Truck,False
PO0003029,V0041,PCB / PCBA,Plant-Austin-US,2025-03-10,2025-04-24,2025-05-21,27,39790,39790,16.078,16.405,FOB,Ocean,False
PO0003030,V0041,PCB / PCBA,Plant-Penang-MY,2025-03-12,2025-04-24,2025-04-24,0,7215,7215,31.551,35.277,EXW,Ocean,False
PO0003031,V0041,PCB / PCBA,Plant-Penang-MY,2025-03-17,2025-04-24,2025-05-22,28,4090,4090,19.516,21.23,CIF,Ocean,False
PO0003032,V0041,PCB / PCBA,Plant-Penang-MY,2025-03-23,2025-05-08,2025-05-10,2,278,278,38.336,37.75,EXW,Ocean,False
PO0003033,V0041,PCB / PCBA,Plant-Austin-US,2025-04-06,2025-05-22,2025-05-22,0,4955,4955,58.804,72.201,EXW,Air,True
PO0003034,V0041,PCB / PCBA,Plant-Penang-MY,2025-04-09,2025-05-24,2025-06-19,26,709,709,8.142,9.664,CIF,Ocean,False
PO0003035,V0041,PCB / PCBA,Plant-Austin-US,2025-04-13,2025-05-31,2025-06-01,1,4134,4134,65.808,78.515,FOB,Ocean,False
PO0003036,V0041,PCB / PCBA,Plant-Penang-MY,2025-05-03,2025-06-14,2025-07-20,36,4025,4025,33.265,30.696,CIF,Ocean,False
PO0003037,V0041,PCB / PCBA,Plant-Guadalajara-MX,2025-05-07,2025-06-21,2025-07-10,19,8883,8883,68.235,59.444,EXW,Ocean,False
PO0003038,V0041,PCB / PCBA,Plant-Guadalajara-MX,2025-05-14,2025-06-30,2025-06-30,0,2708,2708,85.559,85.013,DDP,Air,False
PO0003039,V0041,PCB / PCBA,Plant-Brno-CZ,2025-05-17,2025-07-05,2025-07-07,2,15998,15998,36.217,29.164,CIF,Ocean,False
PO0003040,V0041,PCB / PCBA,Plant-Penang-MY,2025-06-01,2025-07-20,2025-07-22,2,2602,2518,13.742,13.269,CIF,Ocean,False
PO0003041,V0041,PCB / PCBA,Plant-Austin-US,2025-06-16,2025-07-22,2025-07-30,8,8256,8256,85.622,85.077,DDP,Air,False
PO0003042,V0041,PCB / PCBA,Plant-Brno-CZ,2025-06-18,2025-08-02,2025-08-02,0,4546,4546,73.769,83.417,CIF,Air,False
PO0003043,V0041,PCB / PCBA,Plant-Guadalajara-MX,2025-06-20,2025-07-30,2025-08-13,14,8510,8510,81.927,83.917,DDP,Air,False
PO0003044,V0041,PCB / PCBA,Plant-Penang-MY,2025-07-03,2025-08-14,2025-08-14,0,3502,3502,19.364,19.778,FOB,Ocean,False
PO0003045,V0041,PCB / PCBA,Plant-Guadalajara-MX,2025-08-01,2025-09-14,2025-09-20,6,2262,2262,16.724,17.175,CIF,Ocean,False
PO0003046,V0041,PCB / PCBA,Plant-Guadalajara-MX,2025-08-06,2025-09-15,2025-09-15,0,3345,3345,83.307,83.925,FOB,Air,False
PO0003047,V0041,PCB / PCBA,Plant-Austin-US,2025-08-20,2025-10-08,2025-10-08,0,12686,12686,72.02,77.389,DDP,Air,False
PO0003048,V0041,PCB / PCBA,Plant-Brno-CZ,2025-09-11,2025-10-28,2025-10-28,0,4308,4308,56.621,59.517,DDP,Ocean,False
PO0003049,V0041,PCB / PCBA,Plant-Guadalajara-MX,2025-09-15,2025-10-31,2025-10-31,0,50007,50007,31.755,33.62,FOB,Truck,False
PO0003050,V0041,PCB / PCBA,Plant-Austin-US,2025-09-27,2025-11-06,2025-11-17,11,29947,29947,68.628,64.013,DDP,Ocean,False
PO0003051,V0041,PCB / PCBA,Plant-Austin-US,2025-09-28,2025-11-11,2025-11-11,0,10902,10902,13.633,13.632,FOB,Ocean,False
PO0003052,V0041,PCB / PCBA,Plant-Austin-US,2025-10-23,2025-12-03,2025-12-10,7,3619,3619,20.378,21.339,CIF,Air,False
PO0003053,V0041,PCB / PCBA,Plant-Austin-US,2025-10-31,2025-12-21,2025-12-21,0,3791,3791,69.345,57.102,EXW,Air,True
PO0003054,V0041,PCB / PCBA,Plant-Austin-US,2025-12-02,2026-01-10,2026-01-10,0,1403,1403,17.564,18.559,FOB,Ocean,False
PO0003055,V0041,PCB / PCBA,Plant-Penang-MY,2025-12-15,2026-02-02,2026-02-04,2,2394,2394,67.382,75.017,FOB,Air,False
PO0003056,V0041,PCB / PCBA,Plant-Guadalajara-MX,2026-01-05,2026-02-13,2026-02-13,0,3342,3342,38.563,36.821,DDP,Truck,False
PO0003057,V0041,PCB / PCBA,Plant-Brno-CZ,2026-01-17,2026-02-23,2026-02-23,0,140428,140428,51.956,52.538,CIF,Ocean,False
PO0003058,V0041,PCB / PCBA,Plant-Penang-MY,2026-01-31,2026-03-04,2026-03-04,0,5483,5483,54.451,53.213,DDP,Air,False
PO0003059,V0041,PCB / PCBA,Plant-Guadalajara-MX,2026-02-21,2026-04-05,2026-04-05,0,8264,8264,42.646,42.571,FOB,Truck,False
PO0003060,V0041,PCB / PCBA,Plant-Penang-MY,2026-03-28,2026-05-18,2026-05-18,0,49426,49426,71.52,67.632,FOB,Ocean,False
PO0003061,V0041,PCB / PCBA,Plant-Austin-US,2026-04-16,2026-05-28,2026-05-28,0,4460,4460,22.802,22.471,FOB,Truck,False
PO0003062,V0041,PCB / PCBA,Plant-Penang-MY,2026-04-28,2026-06-19,2026-06-19,0,3366,3366,20.886,19.969,FOB,Truck,False
PO0003063,V0041,PCB / PCBA,Plant-Brno-CZ,2026-05-06,2026-06-24,2026-06-24,0,31886,31151,25.286,24.31,CIF,Ocean,False
PO0003064,V0041,PCB / PCBA,Plant-Guadalajara-MX,2026-05-20,2026-07-02,2026-07-03,1,4933,4933,60.894,65.692,FOB,Air,False
PO0003065,V0041,PCB / PCBA,Plant-Brno-CZ,2026-05-26,2026-07-07,2026-07-07,0,4828,4828,78.795,71.941,DDP,Air,False
PO0003066,V0041,PCB / PCBA,Plant-Penang-MY,2026-05-28,2026-07-12,2026-07-12,0,2217,2217,74.903,75.811,EXW,Air,True
PO0003067,V0041,PCB / PCBA,Plant-Brno-CZ,2026-06-06,2026-07-20,2026-08-08,19,13227,9578,42.168,38.546,FOB,Ocean,False
PO0003068,V0041,PCB / PCBA,Plant-Guadalajara-MX,2026-06-24,2026-08-06,2026-08-06,0,10343,10343,13.793,13.459,FOB,Air,True
PO0003069,V0042,Passive Components,Plant-Austin-US,2022-01-13,2022-02-04,2022-02-04,0,10400,10400,0.243,0.235,EXW,Ocean,False
PO0003070,V0042,Passive Components,Plant-Austin-US,2022-01-17,2022-02-13,2022-02-13,0,633,633,2.768,2.74,EXW,Ocean,False
PO0003071,V0042,Passive Components,Plant-Penang-MY,2022-02-14,2022-03-15,2022-03-28,13,4795,4795,1.353,1.389,FOB,Ocean,False
PO0003072,V0042,Passive Components,Plant-Guadalajara-MX,2022-03-15,2022-04-21,2022-04-22,1,3271,3271,0.251,0.247,CIF,Ocean,False
PO0003073,V0042,Passive Components,Plant-Penang-MY,2022-03-27,2022-04-25,2022-04-25,0,1847,1847,0.423,0.374,CIF,Ocean,False
PO0003074,V0042,Passive Components,Plant-Guadalajara-MX,2022-04-16,2022-05-14,2022-05-15,1,6034,6034,1.251,1.284,EXW,Truck,False
PO0003075,V0042,Passive Components,Plant-Penang-MY,2022-04-28,2022-05-20,2022-05-20,0,2198,2198,1.362,1.419,EXW,Ocean,False
PO0003076,V0042,Passive Components,Plant-Penang-MY,2022-05-02,2022-05-31,2022-06-09,9,9145,9145,0.98,1.05,DDP,Ocean,False
PO0003077,V0042,Passive Components,Plant-Penang-MY,2022-05-07,2022-06-04,2022-06-04,0,6800,6800,0.021,0.021,FOB,Ocean,False
PO0003078,V0042,Passive Components,Plant-Guadalajara-MX,2022-05-16,2022-06-16,2022-06-16,0,2431,2431,1.911,1.948,CIF,Ocean,False
PO0003079,V0042,Passive Components,Plant-Guadalajara-MX,2022-05-17,2022-06-12,2022-06-12,0,1049,1049,1.052,1.094,DDP,Ocean,False
PO0003080,V0042,Passive Components,Plant-Brno-CZ,2022-06-03,2022-07-04,2022-07-08,4,9779,9779,0.56,0.553,FOB,Ocean,False
PO0003081,V0042,Passive Components,Plant-Brno-CZ,2022-06-04,2022-07-02,2022-07-19,17,11094,11094,1.567,1.65,EXW,Air,False
PO0003082,V0042,Passive Components,Plant-Austin-US,2022-06-30,2022-08-02,2022-10-06,65,7248,7248,1.525,1.595,EXW,Air,False
PO0003083,V0042,Passive Components,Plant-Guadalajara-MX,2022-07-02,2022-07-28,2022-07-28,0,1008,1008,1.95,1.919,DDP,Ocean,False
PO0003084,V0042,Passive Components,Plant-Penang-MY,2022-08-14,2022-09-11,2022-09-11,0,3163,3163,0.535,0.572,DDP,Ocean,False
PO0003085,V0042,Passive Components,Plant-Brno-CZ,2022-08-27,2022-09-28,2022-09-29,1,4480,4480,1.773,1.783,DDP,Truck,False
PO0003086,V0042,Passive Components,Plant-Penang-MY,2022-08-30,2022-09-30,2022-09-30,0,2635,2635,0.153,0.156,CIF,Air,False
PO0003087,V0042,Passive Components,Plant-Brno-CZ,2022-09-05,2022-10-03,2022-10-03,0,23643,23643,0.895,0.925,DDP,Truck,False
PO0003088,V0042,Passive Components,Plant-Brno-CZ,2022-09-08,2022-10-09,2022-10-09,0,20547,20547,1.707,1.686,DDP,Truck,False
PO0003089,V0042,Passive Components,Plant-Guadalajara-MX,2022-09-12,2022-10-13,2022-10-13,0,10137,10137,1.19,1.254,DDP,Ocean,False
PO0003090,V0042,Passive Components,Plant-Brno-CZ,2022-10-05,2022-11-03,2022-11-03,0,17552,17552,2.332,2.317,CIF,Ocean,False
PO0003091,V0042,Passive Components,Plant-Guadalajara-MX,2022-10-14,2022-11-16,2022-11-16,0,9227,9227,0.36,0.35,EXW,Ocean,False
PO0003092,V0042,Passive Components,Plant-Guadalajara-MX,2022-10-25,2022-11-23,2022-11-23,0,2242,2242,0.267,0.262,FOB,Ocean,False
PO0003093,V0042,Passive Components,Plant-Brno-CZ,2022-10-30,2022-12-02,2022-12-02,0,3521,3521,0.067,0.068,CIF,Ocean,False
PO0003094,V0042,Passive Components,Plant-Austin-US,2022-11-04,2022-12-01,2022-12-01,0,6814,6814,2.797,2.624,EXW,Ocean,False
PO0003095,V0042,Passive Components,Plant-Guadalajara-MX,2022-12-10,2023-01-03,2023-01-04,1,3579,3579,1.011,0.993,EXW,Ocean,False
PO0003096,V0042,Passive Components,Plant-Guadalajara-MX,2022-12-17,2023-01-14,2023-01-14,0,2321,2321,2.95,3.006,DDP,Air,False
PO0003097,V0042,Passive Components,Plant-Guadalajara-MX,2022-12-21,2023-01-17,2023-01-17,0,12761,12761,1.166,1.162,CIF,Ocean,False
PO0003098,V0042,Passive Components,Plant-Guadalajara-MX,2022-12-31,2023-01-25,2023-01-25,0,3280,3280,1.079,1.034,FOB,Air,False
PO0003099,V0042,Passive Components,Plant-Brno-CZ,2023-01-09,2023-02-09,2023-02-10,1,20912,20912,0.291,0.301,FOB,Ocean,False
PO0003100,V0042,Passive Components,Plant-Penang-MY,2023-02-03,2023-03-04,2023-03-04,0,3558,3558,0.808,0.808,FOB,Ocean,False
PO0003101,V0042,Passive Components,Plant-Austin-US,2023-02-25,2023-03-25,2023-03-25,0,2606,2606,2.529,2.543,DDP,Truck,False
PO0003102,V0042,Passive Components,Plant-Guadalajara-MX,2023-03-09,2023-04-06,2023-04-06,0,20067,20067,1.433,1.372,FOB,Air,False
PO0003103,V0042,Passive Components,Plant-Penang-MY,2023-03-13,2023-04-11,2023-04-13,2,3691,3691,1.535,1.561,CIF,Ocean,False
PO0003104,V0042,Passive Components,Plant-Guadalajara-MX,2023-03-22,2023-04-24,2023-04-24,0,11088,11088,1.951,2.057,FOB,Ocean,False
PO0003105,V0042,Passive Components,Plant-Brno-CZ,2023-05-16,2023-06-13,2023-06-13,0,1963,1963,0.467,0.458,CIF,Air,False
PO0003106,V0042,Passive Components,Plant-Brno-CZ,2023-06-22,2023-07-25,2023-07-25,0,7002,7002,1.319,1.366,CIF,Truck,False
PO0003107,V0042,Passive Components,Plant-Penang-MY,2023-06-25,2023-07-25,2023-07-26,1,1684,1684,2.743,2.76,DDP,Ocean,False
PO0003108,V0042,Passive Components,Plant-Penang-MY,2023-07-08,2023-08-09,2023-08-09,0,931,931,0.542,0.55,DDP,Ocean,False
PO0003109,V0042,Passive Components,Plant-Penang-MY,2023-07-17,2023-08-10,2023-08-10,0,3772,3772,1.158,1.108,FOB,Air,False
PO0003110,V0042,Passive Components,Plant-Austin-US,2023-08-03,2023-08-29,2023-08-29,0,14428,14428,1.804,1.796,FOB,Truck,False
PO0003111,V0042,Passive Components,Plant-Guadalajara-MX,2023-08-06,2023-08-31,2023-08-31,0,2432,2432,0.764,0.729,CIF,Ocean,False
PO0003112,V0042,Passive Components,Plant-Brno-CZ,2023-09-08,2023-10-07,2023-10-07,0,19033,19033,0.362,0.345,DDP,Ocean,False
PO0003113,V0042,Passive Components,Plant-Penang-MY,2023-09-20,2023-10-22,2023-10-22,0,2058,2058,1.726,1.734,EXW,Air,False
PO0003114,V0042,Passive Components,Plant-Brno-CZ,2023-10-01,2023-10-27,2023-10-29,2,4052,4052,0.551,0.544,CIF,Ocean,False
PO0003115,V0042,Passive Components,Plant-Austin-US,2023-10-17,2023-11-17,2023-11-17,0,5003,5003,2.894,3.035,DDP,Air,False
PO0003116,V0042,Passive Components,Plant-Guadalajara-MX,2023-10-24,2023-11-22,2023-11-23,1,9083,9083,1.973,1.99,DDP,Truck,False
PO0003117,V0042,Passive Components,Plant-Austin-US,2023-12-18,2024-01-11,2024-01-12,1,2944,2944,0.668,0.663,CIF,Ocean,False
PO0003118,V0042,Passive Components,Plant-Guadalajara-MX,2024-01-30,2024-03-04,2024-03-04,0,7747,7747,0.94,0.983,FOB,Ocean,False
PO0003119,V0042,Passive Components,Plant-Brno-CZ,2024-02-06,2024-03-13,2024-03-13,0,59271,59271,1.243,1.263,EXW,Ocean,False
PO0003120,V0042,Passive Components,Plant-Brno-CZ,2024-02-20,2024-03-18,2024-03-20,2,2966,2966,0.151,0.159,CIF,Ocean,False
PO0003121,V0042,Passive Components,Plant-Penang-MY,2024-03-03,2024-04-01,2024-04-01,0,7408,7408,1.452,1.398,DDP,Air,False
PO0003122,V0042,Passive Components,Plant-Penang-MY,2024-03-19,2024-04-16,2024-04-16,0,1997,1997,0.952,1.024,FOB,Ocean,False
PO0003123,V0042,Passive Components,Plant-Austin-US,2024-03-31,2024-04-30,2024-05-07,7,7442,7442,2.019,1.989,EXW,Truck,False
PO0003124,V0042,Passive Components,Plant-Penang-MY,2024-04-04,2024-04-28,2024-05-27,29,30692,30692,0.072,0.076,FOB,Air,False
PO0003125,V0042,Passive Components,Plant-Penang-MY,2024-05-01,2024-06-04,2024-06-08,4,1038,1038,1.403,1.407,CIF,Truck,False
PO0003126,V0042,Passive Components,Plant-Austin-US,2024-05-15,2024-06-13,2024-06-21,8,1503,1503,1.701,1.847,FOB,Air,False
PO0003127,V0042,Passive Components,Plant-Austin-US,2024-05-16,2024-06-15,2024-06-28,13,14971,10545,2.084,2.345,EXW,Air,False
PO0003128,V0042,Passive Components,Plant-Guadalajara-MX,2024-05-24,2024-06-21,2024-06-21,0,14676,14676,1.884,1.897,FOB,Air,False
PO0003129,V0042,Passive Components,Plant-Penang-MY,2024-05-29,2024-06-30,2024-07-01,1,45117,45117,2.223,2.333,FOB,Truck,False
PO0003130,V0042,Passive Components,Plant-Austin-US,2024-06-06,2024-07-05,2024-07-06,1,13965,13965,2.501,2.534,DDP,Ocean,False
PO0003131,V0042,Passive Components,Plant-Austin-US,2024-07-09,2024-08-06,2024-08-06,0,1059,1059,0.399,0.4,EXW,Ocean,False
PO0003132,V0042,Passive Components,Plant-Penang-MY,2024-07-12,2024-08-06,2024-08-06,0,8773,8773,2.544,2.632,FOB,Ocean,False
PO0003133,V0042,Passive Components,Plant-Penang-MY,2024-08-18,2024-09-17,2024-09-18,1,3236,3236,1.45,1.49,DDP,Truck,False
PO0003134,V0042,Passive Components,Plant-Guadalajara-MX,2024-08-24,2024-09-25,2024-09-25,0,9064,9064,2.224,2.27,EXW,Ocean,False
PO0003135,V0042,Passive Components,Plant-Penang-MY,2024-08-27,2024-09-24,2024-09-25,1,1854,1854,2.702,2.623,CIF,Ocean,False
PO0003136,V0042,Passive Components,Plant-Penang-MY,2024-09-08,2024-10-09,2024-10-09,0,1083,1083,2.685,2.844,DDP,Truck,False
PO0003137,V0042,Passive Components,Plant-Austin-US,2024-09-11,2024-10-12,2024-10-12,0,200000,200000,1.564,1.49,CIF,Ocean,False
PO0003138,V0042,Passive Components,Plant-Brno-CZ,2024-09-27,2024-10-24,2024-10-24,0,2428,2428,2.644,2.686,DDP,Truck,False
PO0003139,V0042,Passive Components,Plant-Austin-US,2024-10-07,2024-11-07,2024-11-07,0,8113,8113,0.809,0.787,EXW,Air,True
PO0003140,V0042,Passive Components,Plant-Guadalajara-MX,2024-10-08,2024-11-10,2024-11-10,0,10843,10843,2.133,2.078,DDP,Ocean,False
PO0003141,V0042,Passive Components,Plant-Austin-US,2024-10-15,2024-11-17,2024-11-17,0,1804,1804,0.415,0.393,CIF,Air,False
PO0003142,V0042,Passive Components,Plant-Guadalajara-MX,2024-10-27,2024-11-21,2024-11-21,0,18468,18468,2.536,2.433,CIF,Truck,False
PO0003143,V0042,Passive Components,Plant-Penang-MY,2024-11-02,2024-12-03,2024-12-03,0,1499,1499,0.57,0.572,DDP,Air,True
PO0003144,V0042,Passive Components,Plant-Penang-MY,2024-11-07,2024-12-04,2024-12-05,1,3836,3836,0.423,0.446,EXW,Ocean,False
PO0003145,V0042,Passive Components,Plant-Brno-CZ,2024-11-30,2024-12-27,2024-12-28,1,33086,33086,2.925,2.849,FOB,Ocean,False
PO0003146,V0042,Passive Components,Plant-Guadalajara-MX,2024-12-12,2025-01-06,2025-01-06,0,1636,1636,1.593,1.494,CIF,Truck,False
PO0003147,V0042,Passive Components,Plant-Austin-US,2025-01-03,2025-02-04,2025-02-09,5,5116,5116,1.694,1.623,CIF,Truck,False
PO0003148,V0042,Passive Components,Plant-Brno-CZ,2025-01-13,2025-02-10,2025-02-10,0,8193,6663,2.936,2.951,FOB,Ocean,False
PO0003149,V0042,Passive Components,Plant-Guadalajara-MX,2025-01-18,2025-02-16,2025-02-16,0,7562,7562,1.233,1.212,EXW,Truck,False
PO0003150,V0042,Passive Components,Plant-Austin-US,2025-01-19,2025-02-14,2025-03-01,15,4829,4829,1.734,1.675,DDP,Ocean,False
PO0003151,V0042,Passive Components,Plant-Brno-CZ,2025-02-12,2025-03-16,2025-03-16,0,8946,8946,1.017,1.075,EXW,Air,False
PO0003152,V0042,Passive Components,Plant-Penang-MY,2025-02-13,2025-03-11,2025-03-11,0,5094,5094,1.984,1.972,CIF,Ocean,False
PO0003153,V0042,Passive Components,Plant-Penang-MY,2025-02-22,2025-03-20,2025-03-22,2,10043,10043,0.462,0.472,EXW,Ocean,False
PO0003154,V0042,Passive Components,Plant-Austin-US,2025-02-25,2025-03-23,2025-04-21,29,51175,51175,2.2,2.398,FOB,Air,False
PO0003155,V0042,Passive Components,Plant-Brno-CZ,2025-03-01,2025-03-28,2025-03-28,0,9559,9559,2.311,2.135,EXW,Ocean,False
PO0003156,V0042,Passive Components,Plant-Penang-MY,2025-03-17,2025-04-15,2025-04-17,2,450,450,2.716,2.785,DDP,Air,False
PO0003157,V0042,Passive Components,Plant-Austin-US,2025-03-19,2025-04-18,2025-04-19,1,41562,41562,2.049,2.133,DDP,Ocean,False
PO0003158,V0042,Passive Components,Plant-Penang-MY,2025-03-20,2025-04-16,2025-04-23,7,4726,4726,0.302,0.283,EXW,Ocean,False
PO0003159,V0042,Passive Components,Plant-Brno-CZ,2025-03-22,2025-04-17,2025-05-28,41,727,727,2.16,2.037,CIF,Ocean,False
PO0003160,V0042,Passive Components,Plant-Penang-MY,2025-03-28,2025-04-26,2025-04-26,0,10478,8433,2.687,2.805,EXW,Ocean,False
PO0003161,V0042,Passive Components,Plant-Austin-US,2025-04-19,2025-05-14,2025-05-16,2,26964,26964,2.127,2.312,DDP,Truck,False
PO0003162,V0042,Passive Components,Plant-Brno-CZ,2025-04-21,2025-05-20,2025-06-02,13,23982,23982,0.213,0.222,EXW,Ocean,False
PO0003163,V0042,Passive Components,Plant-Austin-US,2025-04-24,2025-05-25,2025-05-25,0,6504,6504,1.763,1.846,CIF,Truck,False
PO0003164,V0042,Passive Components,Plant-Austin-US,2025-05-15,2025-06-11,2025-06-11,0,4539,4539,1.503,1.468,CIF,Ocean,False
PO0003165,V0042,Passive Components,Plant-Penang-MY,2025-06-01,2025-07-04,2025-07-12,8,2408,2408,1.343,1.272,DDP,Air,False
PO0003166,V0042,Passive Components,Plant-Brno-CZ,2025-06-25,2025-07-24,2025-07-24,0,3685,3685,2.857,2.669,FOB,Air,False
PO0003167,V0042,Passive Components,Plant-Brno-CZ,2025-07-06,2025-07-31,2025-07-31,0,14812,14812,0.16,0.162,DDP,Ocean,False
PO0003168,V0042,Passive Components,Plant-Penang-MY,2025-07-12,2025-08-05,2025-08-05,0,1731,1731,1.314,1.326,DDP,Ocean,False
PO0003169,V0042,Passive Components,Plant-Brno-CZ,2025-07-25,2025-08-21,2025-08-23,2,14350,14350,1.419,1.506,FOB,Ocean,False
PO0003170,V0042,Passive Components,Plant-Guadalajara-MX,2025-08-03,2025-08-30,2025-08-30,0,1996,1996,0.517,0.535,FOB,Ocean,False
PO0003171,V0042,Passive Components,Plant-Brno-CZ,2025-08-13,2025-09-13,2025-09-13,0,29542,29542,2.587,2.514,CIF,Ocean,False
PO0003172,V0042,Passive Components,Plant-Penang-MY,2025-08-19,2025-09-21,2025-09-21,0,5223,5223,2.536,2.589,FOB,Ocean,False
PO0003173,V0042,Passive Components,Plant-Penang-MY,2025-08-28,2025-09-29,2025-09-29,0,21042,21042,2.612,2.515,DDP,Air,False
PO0003174,V0042,Passive Components,Plant-Brno-CZ,2025-09-20,2025-10-18,2025-10-18,0,13177,13177,2.332,2.404,FOB,Ocean,False
PO0003175,V0042,Passive Components,Plant-Brno-CZ,2025-09-26,2025-11-02,2025-11-02,0,11336,11336,0.491,0.475,FOB,Truck,False
PO0003176,V0042,Passive Components,Plant-Guadalajara-MX,2025-10-01,2025-11-02,2025-11-03,1,3602,3602,2.617,2.644,DDP,Air,False
PO0003177,V0042,Passive Components,Plant-Guadalajara-MX,2025-10-16,2025-11-13,2025-11-13,0,5524,5524,1.221,1.243,EXW,Truck,False
PO0003178,V0042,Passive Components,Plant-Austin-US,2025-12-03,2026-01-02,2026-01-17,15,12286,12286,1.475,1.534,DDP,Ocean,False
PO0003179,V0042,Passive Components,Plant-Penang-MY,2025-12-09,2026-01-14,2026-01-25,11,10183,8630,0.412,0.432,DDP,Ocean,False
PO0003180,V0042,Passive Components,Plant-Guadalajara-MX,2026-01-21,2026-02-22,2026-02-24,2,84283,84283,1.673,1.702,FOB,Air,False
PO0003181,V0042,Passive Components,Plant-Austin-US,2026-01-31,2026-03-02,2026-03-02,0,289,289,1.369,1.348,DDP,Ocean,False
PO0003182,V0042,Passive Components,Plant-Penang-MY,2026-02-16,2026-03-16,2026-03-16,0,996,996,0.628,0.595,CIF,Ocean,False
PO0003183,V0042,Passive Components,Plant-Guadalajara-MX,2026-03-06,2026-04-08,2026-04-10,2,12195,12195,1.055,1.034,FOB,Ocean,False
PO0003184,V0042,Passive Components,Plant-Brno-CZ,2026-03-16,2026-04-14,2026-04-17,3,8461,8461,2.95,3.052,FOB,Ocean,False
PO0003185,V0042,Passive Components,Plant-Brno-CZ,2026-05-26,2026-06-25,2026-06-25,0,12662,12662,0.021,0.019,DDP,Truck,False
PO0003186,V0042,Passive Components,Plant-Guadalajara-MX,2026-06-05,2026-07-03,2026-07-03,0,15013,15013,1.505,1.433,EXW,Air,False
PO0003187,V0042,Passive Components,Plant-Austin-US,2026-06-14,2026-07-11,2026-07-11,0,10826,10826,0.975,1.032,FOB,Ocean,False
PO0003188,V0042,Passive Components,Plant-Penang-MY,2026-06-28,2026-07-30,2026-07-31,1,26482,26482,0.178,0.182,EXW,Air,False
PO0003189,V0043,Batteries,Plant-Guadalajara-MX,2022-03-02,2022-04-13,2022-04-13,0,4211,4211,37.994,36.813,EXW,Ocean,False
PO0003190,V0043,Batteries,Plant-Brno-CZ,2022-10-20,2022-12-16,2022-12-16,0,2183,2183,12.4,11.934,DDP,Truck,False
PO0003191,V0043,Batteries,Plant-Guadalajara-MX,2022-10-28,2022-12-21,2022-12-21,0,3197,3197,7.57,7.333,DDP,Ocean,False
PO0003192,V0043,Batteries,Plant-Brno-CZ,2022-12-14,2023-01-30,2023-01-30,0,1982,1982,56.885,56.498,FOB,Truck,False
PO0003193,V0043,Batteries,Plant-Guadalajara-MX,2023-01-17,2023-02-27,2023-02-28,1,3170,3170,26.9,25.942,FOB,Truck,False
PO0003194,V0043,Batteries,Plant-Guadalajara-MX,2023-03-09,2023-04-27,2023-04-27,0,2390,2390,54.937,56.696,EXW,Ocean,False
PO0003195,V0043,Batteries,Plant-Austin-US,2023-03-23,2023-04-28,2023-04-28,0,3374,3374,54.272,53.654,CIF,Ocean,False
PO0003196,V0043,Batteries,Plant-Guadalajara-MX,2023-06-30,2023-08-19,2023-08-20,1,2812,2812,30.613,31.006,DDP,Ocean,False
PO0003197,V0043,Batteries,Plant-Austin-US,2024-03-16,2024-04-30,2024-05-12,12,11989,11989,28.561,28.367,DDP,Ocean,False
PO0003198,V0043,Batteries,Plant-Austin-US,2024-08-03,2024-09-28,2024-09-28,0,1994,1994,57.982,57.823,DDP,Air,False
PO0003199,V0043,Batteries,Plant-Brno-CZ,2024-09-20,2024-11-13,2024-11-15,2,3251,3251,58.486,58.51,FOB,Ocean,False
PO0003200,V0043,Batteries,Plant-Guadalajara-MX,2025-05-08,2025-06-21,2025-06-21,0,2894,2894,54.151,52.055,CIF,Ocean,False
PO0003201,V0043,Batteries,Plant-Guadalajara-MX,2025-05-25,2025-07-09,2025-07-22,13,468,468,35.875,34.952,DDP,Air,False
PO0003202,V0043,Batteries,Plant-Penang-MY,2025-07-10,2025-08-27,2025-08-29,2,2880,2880,40.088,40.542,CIF,Air,False
PO0003203,V0043,Batteries,Plant-Austin-US,2025-08-29,2025-10-19,2025-10-19,0,41492,41492,26.855,26.738,EXW,Ocean,False
PO0003204,V0043,Batteries,Plant-Austin-US,2025-12-14,2026-02-03,2026-02-16,13,1894,1894,30.498,29.824,EXW,Ocean,False
PO0003205,V0043,Batteries,Plant-Austin-US,2025-12-26,2026-02-17,2026-02-19,2,4950,4950,48.26,49.05,DDP,Ocean,False
PO0003206,V0043,Batteries,Plant-Brno-CZ,2025-12-29,2026-02-18,2026-02-18,0,3496,3496,59.004,57.285,DDP,Ocean,False
PO0003207,V0043,Batteries,Plant-Penang-MY,2026-01-17,2026-03-07,2026-03-07,0,3600,3600,48.533,47.987,DDP,Truck,False
PO0003208,V0043,Batteries,Plant-Penang-MY,2026-02-07,2026-03-27,2026-03-28,1,3790,3790,55.314,55.172,FOB,Air,False
PO0003209,V0043,Batteries,Plant-Brno-CZ,2026-02-19,2026-04-08,2026-04-08,0,4952,4952,28.443,28.617,DDP,Ocean,False
PO0003210,V0043,Batteries,Plant-Guadalajara-MX,2026-02-20,2026-04-10,2026-04-10,0,6216,6216,18.156,18.616,CIF,Truck,False
PO0003211,V0043,Batteries,Plant-Brno-CZ,2026-05-21,2026-07-01,2026-07-01,0,5842,5842,52.994,52.81,DDP,Ocean,False
PO0003212,V0043,Batteries,Plant-Brno-CZ,2026-06-28,2026-08-22,2026-08-24,2,5283,5283,41.02,41.049,EXW,Truck,False
PO0003213,V0044,Batteries,Plant-Austin-US,2022-05-02,2022-06-20,2022-06-20,0,18324,18324,3.578,3.461,FOB,Ocean,False
PO0003214,V0044,Batteries,Plant-Austin-US,2022-06-06,2022-07-19,2022-07-19,0,9734,9734,40.108,39.19,FOB,Truck,False
PO0003215,V0044,Batteries,Plant-Brno-CZ,2022-06-07,2022-08-02,2022-08-02,0,2971,2971,9.741,9.348,FOB,Ocean,False
PO0003216,V0044,Batteries,Plant-Austin-US,2023-02-09,2023-04-07,2023-04-14,7,8756,8756,46.515,47.597,DDP,Truck,False
PO0003217,V0044,Batteries,Plant-Austin-US,2023-03-08,2023-04-18,2023-04-19,1,5715,5715,51.737,47.9,EXW,Ocean,False
PO0003218,V0044,Batteries,Plant-Guadalajara-MX,2023-06-18,2023-08-03,2023-08-03,0,5776,5776,16.574,17.501,CIF,Ocean,False
PO0003219,V0044,Batteries,Plant-Brno-CZ,2023-07-18,2023-09-17,2023-09-17,0,7447,7447,14.826,15.631,FOB,Air,True
PO0003220,V0044,Batteries,Plant-Brno-CZ,2023-11-17,2024-01-13,2024-01-13,0,46402,46402,21.057,22.155,FOB,Ocean,False
PO0003221,V0044,Batteries,Plant-Brno-CZ,2024-01-05,2024-02-20,2024-02-20,0,6457,6457,34.674,35.245,DDP,Ocean,False
PO0003222,V0044,Batteries,Plant-Austin-US,2024-10-23,2024-12-06,2024-12-06,0,959,959,53.857,54.503,EXW,Air,False
PO0003223,V0044,Batteries,Plant-Penang-MY,2024-12-17,2025-02-06,2025-02-06,0,5492,5492,19.641,20.044,EXW,Ocean,False
PO0003224,V0044,Batteries,Plant-Penang-MY,2025-01-06,2025-02-19,2025-02-19,0,2696,2696,36.533,36.148,DDP,Air,False
PO0003225,V0044,Batteries,Plant-Austin-US,2025-01-10,2025-02-28,2025-02-28,0,1352,1352,32.57,34.486,DDP,Ocean,False
PO0003226,V0044,Batteries,Plant-Austin-US,2025-01-12,2025-03-11,2025-03-11,0,10267,10267,28.636,27.182,FOB,Air,True
PO0003227,V0044,Batteries,Plant-Penang-MY,2025-03-23,2025-05-13,2025-05-13,0,22201,22201,53.749,48.104,EXW,Ocean,False
PO0003228,V0044,Batteries,Plant-Guadalajara-MX,2025-03-31,2025-05-25,2025-06-08,14,2416,2416,26.324,28.795,DDP,Air,False
PO0003229,V0044,Batteries,Plant-Brno-CZ,2025-04-25,2025-06-18,2025-06-22,4,737,737,47.274,41.49,CIF,Truck,False
PO0003230,V0044,Batteries,Plant-Brno-CZ,2025-06-23,2025-08-13,2025-08-13,0,20004,20004,55.837,54.354,FOB,Truck,False
PO0003231,V0044,Batteries,Plant-Brno-CZ,2025-07-24,2025-09-10,2025-09-20,10,20194,20194,7.798,6.758,CIF,Ocean,False
PO0003232,V0044,Batteries,Plant-Guadalajara-MX,2025-08-13,2025-10-06,2025-11-09,34,9898,9898,6.211,6.567,DDP,Ocean,False
PO0003233,V0044,Batteries,Plant-Guadalajara-MX,2025-08-17,2025-10-08,2025-10-08,0,866,866,43.72,47.332,DDP,Air,False
PO0003234,V0044,Batteries,Plant-Austin-US,2025-09-01,2025-10-25,2025-10-25,0,8275,8275,25.964,26.608,CIF,Truck,False
PO0003235,V0044,Batteries,Plant-Austin-US,2025-11-08,2026-01-03,2026-01-03,0,2362,2362,58.949,57.611,DDP,Ocean,False
PO0003236,V0044,Batteries,Plant-Guadalajara-MX,2025-11-23,2026-01-08,2026-01-31,23,26971,20097,13.82,13.933,EXW,Air,False
PO0003237,V0044,Batteries,Plant-Austin-US,2026-02-11,2026-03-29,2026-03-31,2,3934,3934,19.538,18.152,FOB,Ocean,False
PO0003238,V0044,Batteries,Plant-Brno-CZ,2026-02-20,2026-04-05,2026-04-05,0,4245,4245,14.268,13.546,FOB,Truck,False
PO0003239,V0044,Batteries,Plant-Guadalajara-MX,2026-02-25,2026-04-09,2026-04-09,0,10369,10369,34.678,31.871,FOB,Truck,False
PO0003240,V0044,Batteries,Plant-Austin-US,2026-05-22,2026-07-07,2026-07-07,0,10082,10082,49.34,49.509,DDP,Ocean,False
PO0003241,V0045,Displays,Plant-Guadalajara-MX,2022-01-01,2022-02-20,2022-02-21,1,13656,13656,128.11,117.157,DDP,Ocean,False
PO0003242,V0045,Displays,Plant-Guadalajara-MX,2022-01-15,2022-03-16,2022-03-16,0,2906,2906,133.342,147.475,CIF,Air,False
PO0003243,V0045,Displays,Plant-Penang-MY,2022-01-17,2022-03-15,2022-03-15,0,1149,1149,117.782,90.029,CIF,Truck,False
PO0003244,V0045,Displays,Plant-Guadalajara-MX,2022-01-18,2022-03-25,2022-04-02,8,960,960,124.132,126.07,DDP,Ocean,False
PO0003245,V0045,Displays,Plant-Austin-US,2022-01-28,2022-03-28,2022-03-28,0,1914,1914,51.15,55.065,EXW,Ocean,False
PO0003246,V0045,Displays,Plant-Guadalajara-MX,2022-02-04,2022-03-28,2022-04-09,12,46243,46243,83.644,94.78,FOB,Truck,False
PO0003247,V0045,Displays,Plant-Austin-US,2022-02-07,2022-04-14,2022-04-14,0,10843,10843,218.357,179.449,FOB,Ocean,False
PO0003248,V0045,Displays,Plant-Austin-US,2022-02-10,2022-04-12,2022-04-12,0,15037,15037,29.806,31.698,FOB,Air,True
PO0003249,V0045,Displays,Plant-Penang-MY,2022-02-12,2022-04-16,2022-04-18,2,8686,8686,120.193,107.597,EXW,Air,False
PO0003250,V0045,Displays,Plant-Austin-US,2022-02-14,2022-04-15,2022-04-18,3,2226,2157,85.544,77.366,FOB,Ocean,False
PO0003251,V0045,Displays,Plant-Penang-MY,2022-03-24,2022-05-20,2022-05-20,0,1686,1686,76.977,81.645,CIF,Ocean,False
PO0003252,V0045,Displays,Plant-Austin-US,2022-04-10,2022-06-12,2022-06-12,0,26563,25479,114.064,121.888,DDP,Ocean,False
PO0003253,V0045,Displays,Plant-Brno-CZ,2022-04-16,2022-06-17,2022-06-28,11,9670,9670,74.601,61.615,FOB,Ocean,False
PO0003254,V0045,Displays,Plant-Austin-US,2022-04-21,2022-06-23,2022-06-23,0,2174,2174,161.458,193.577,CIF,Ocean,False
PO0003255,V0045,Displays,Plant-Brno-CZ,2022-04-26,2022-06-22,2022-06-22,0,5503,5000,196.808,220.452,EXW,Ocean,False
PO0003256,V0045,Displays,Plant-Guadalajara-MX,2022-05-05,2022-07-01,2022-07-01,0,33065,25382,141.347,148.341,CIF,Ocean,False
PO0003257,V0045,Displays,Plant-Austin-US,2022-05-08,2022-06-28,2022-06-29,1,1385,1385,217.31,178.881,CIF,Truck,False
PO0003258,V0045,Displays,Plant-Austin-US,2022-05-10,2022-07-13,2022-07-13,0,7008,7008,9.902,11.678,FOB,Ocean,False
PO0003259,V0045,Displays,Plant-Penang-MY,2022-05-17,2022-07-16,2022-07-17,1,2679,2679,154.221,156.108,DDP,Truck,False
PO0003260,V0045,Displays,Plant-Austin-US,2022-06-02,2022-08-01,2022-08-01,0,7629,7629,116.954,129.947,CIF,Truck,False
PO0003261,V0045,Displays,Plant-Penang-MY,2022-06-17,2022-08-17,2022-08-17,0,10827,10827,173.696,138.095,FOB,Air,False
PO0003262,V0045,Displays,Plant-Austin-US,2022-07-01,2022-08-27,2022-09-12,16,777,777,23.925,28.361,FOB,Truck,False
PO0003263,V0045,Displays,Plant-Guadalajara-MX,2022-07-11,2022-09-01,2022-09-16,15,16745,16314,81.312,73.02,CIF,Ocean,False
PO0003264,V0045,Displays,Plant-Austin-US,2022-07-16,2022-09-19,2022-09-19,0,17125,17125,124.391,122.896,CIF,Ocean,False
PO0003265,V0045,Displays,Plant-Penang-MY,2022-07-25,2022-09-12,2022-09-14,2,4294,3286,97.558,106.925,CIF,Air,False
PO0003266,V0045,Displays,Plant-Austin-US,2022-07-26,2022-09-28,2022-10-06,8,4078,4078,95.733,76.647,CIF,Ocean,False
PO0003267,V0045,Displays,Plant-Penang-MY,2022-08-01,2022-10-01,2022-10-02,1,1461,1461,118.866,108.267,DDP,Air,False
PO0003268,V0045,Displays,Plant-Austin-US,2022-08-12,2022-10-18,2022-10-22,4,211,211,115.109,114.623,EXW,Truck,False
PO0003269,V0045,Displays,Plant-Penang-MY,2022-08-27,2022-10-23,2022-10-23,0,2126,2126,216.11,229.017,DDP,Ocean,False
PO0003270,V0045,Displays,Plant-Brno-CZ,2022-09-13,2022-11-11,2022-11-12,1,1414,1414,130.807,142.775,DDP,Air,False
PO0003271,V0045,Displays,Plant-Penang-MY,2022-09-24,2022-11-23,2022-11-23,0,4312,4312,24.29,23.789,CIF,Air,False
PO0003272,V0045,Displays,Plant-Penang-MY,2022-10-09,2022-12-10,2022-12-11,1,463,463,170.807,191.824,DDP,Ocean,False
PO0003273,V0045,Displays,Plant-Penang-MY,2022-10-11,2022-12-10,2022-12-12,2,16317,16317,137.769,123.378,CIF,Air,False
PO0003274,V0045,Displays,Plant-Brno-CZ,2022-10-26,2022-12-24,2022-12-24,0,3363,3158,39.246,39.156,DDP,Ocean,False
PO0003275,V0045,Displays,Plant-Brno-CZ,2022-10-27,2022-12-22,2022-12-22,0,9688,9688,205.583,192.748,EXW,Ocean,False
PO0003276,V0045,Displays,Plant-Austin-US,2022-11-30,2023-01-22,2023-01-23,1,10070,10070,139.089,155.254,DDP,Ocean,False
PO0003277,V0045,Displays,Plant-Guadalajara-MX,2022-12-13,2023-02-18,2023-02-18,0,29932,29932,205.819,224.617,EXW,Ocean,False
PO0003278,V0045,Displays,Plant-Austin-US,2022-12-18,2023-02-14,2023-02-14,0,4374,4374,197.36,155.094,DDP,Air,False
PO0003279,V0045,Displays,Plant-Austin-US,2023-01-29,2023-04-08,2023-04-08,0,2430,2430,14.321,13.294,EXW,Truck,False
PO0003280,V0045,Displays,Plant-Brno-CZ,2023-02-10,2023-04-22,2023-05-16,24,15658,15658,205.736,204.836,EXW,Truck,False
PO0003281,V0045,Displays,Plant-Penang-MY,2023-03-19,2023-05-23,2023-06-13,21,51341,51341,34.839,32.924,DDP,Ocean,False
PO0003282,V0045,Displays,Plant-Austin-US,2023-04-07,2023-06-06,2023-06-07,1,11132,11132,24.242,23.126,CIF,Ocean,False
PO0003283,V0045,Displays,Plant-Brno-CZ,2023-04-12,2023-06-03,2023-06-06,3,8433,8433,123.303,147.22,CIF,Ocean,False
PO0003284,V0045,Displays,Plant-Guadalajara-MX,2023-04-21,2023-06-12,2023-06-12,0,2764,2764,106.232,95.644,FOB,Air,True
PO0003285,V0045,Displays,Plant-Penang-MY,2023-04-26,2023-06-25,2023-06-26,1,925,925,183.626,186.603,EXW,Air,False
PO0003286,V0045,Displays,Plant-Penang-MY,2023-04-30,2023-07-06,2023-07-14,8,2696,2696,70.809,69.648,FOB,Ocean,False
PO0003287,V0045,Displays,Plant-Penang-MY,2023-05-16,2023-07-11,2023-07-11,0,1387,1387,202.597,219.277,FOB,Ocean,False
PO0003288,V0045,Displays,Plant-Guadalajara-MX,2023-07-03,2023-09-05,2023-09-05,0,1662,1662,162.272,132.121,DDP,Truck,False
PO0003289,V0045,Displays,Plant-Penang-MY,2023-07-07,2023-09-03,2023-09-03,0,83799,83799,124.153,112.738,CIF,Truck,False
PO0003290,V0045,Displays,Plant-Austin-US,2023-07-10,2023-08-29,2023-09-04,6,1303,1303,32.362,35.086,DDP,Ocean,False
PO0003291,V0045,Displays,Plant-Guadalajara-MX,2023-07-15,2023-09-19,2023-09-20,1,2704,2704,213.227,171.902,CIF,Ocean,False
PO0003292,V0045,Displays,Plant-Penang-MY,2023-07-26,2023-09-08,2023-09-19,11,4542,4542,196.031,170.861,FOB,Truck,False
PO0003293,V0045,Displays,Plant-Brno-CZ,2023-07-27,2023-09-16,2023-10-01,15,4515,4515,89.142,98.92,DDP,Ocean,False
PO0003294,V0045,Displays,Plant-Penang-MY,2023-07-31,2023-09-29,2023-10-01,2,4940,4940,166.249,195.882,CIF,Air,False
PO0003295,V0045,Displays,Plant-Austin-US,2023-08-04,2023-10-06,2023-10-25,19,11727,11727,182.537,194.642,DDP,Ocean,False
PO0003296,V0045,Displays,Plant-Austin-US,2023-08-10,2023-10-21,2023-10-21,0,12415,12415,106.345,117.417,EXW,Ocean,False
PO0003297,V0045,Displays,Plant-Austin-US,2023-09-01,2023-11-01,2023-12-06,35,6241,6241,59.714,55.967,FOB,Ocean,False
PO0003298,V0045,Displays,Plant-Guadalajara-MX,2023-09-06,2023-10-26,2023-10-26,0,3197,3197,173.831,162.328,EXW,Truck,False
PO0003299,V0045,Displays,Plant-Brno-CZ,2023-10-08,2023-12-02,2023-12-02,0,6054,6054,39.769,39.873,CIF,Truck,False
PO0003300,V0045,Displays,Plant-Austin-US,2023-12-02,2024-01-29,2024-01-29,0,1929,1929,95.213,93.972,EXW,Ocean,False
PO0003301,V0045,Displays,Plant-Austin-US,2023-12-05,2024-01-28,2024-01-28,0,5311,5311,102.355,93.472,DDP,Ocean,False
PO0003302,V0045,Displays,Plant-Guadalajara-MX,2023-12-17,2024-02-07,2024-02-18,11,506,506,208.769,206.211,DDP,Ocean,False
PO0003303,V0045,Displays,Plant-Austin-US,2023-12-20,2024-02-10,2024-02-29,19,37061,27986,77.525,84.308,EXW,Ocean,False
PO0003304,V0045,Displays,Plant-Austin-US,2023-12-25,2024-02-24,2024-03-20,25,33987,33987,179.276,152.803,DDP,Ocean,False
PO0003305,V0045,Displays,Plant-Brno-CZ,2023-12-30,2024-02-19,2024-02-19,0,41723,41723,14.181,17.949,EXW,Ocean,False
PO0003306,V0045,Displays,Plant-Penang-MY,2024-02-02,2024-03-27,2024-03-27,0,4913,4913,206.896,260.246,EXW,Ocean,False
PO0003307,V0045,Displays,Plant-Austin-US,2024-03-15,2024-05-17,2024-05-17,0,2411,2411,62.763,82.581,EXW,Ocean,False
PO0003308,V0045,Displays,Plant-Austin-US,2024-03-19,2024-05-21,2024-06-21,31,1322,1322,52.854,51.947,DDP,Ocean,False
PO0003309,V0045,Displays,Plant-Brno-CZ,2024-05-01,2024-07-01,2024-07-01,0,5261,5261,180.291,166.438,DDP,Ocean,False
PO0003310,V0045,Displays,Plant-Penang-MY,2024-05-17,2024-07-18,2024-07-31,13,26936,26936,179.076,147.882,FOB,Ocean,False
PO0003311,V0045,Displays,Plant-Guadalajara-MX,2024-05-28,2024-08-07,2024-08-15,8,5174,5174,179.189,185.87,FOB,Ocean,False
PO0003312,V0045,Displays,Plant-Guadalajara-MX,2024-07-24,2024-09-19,2024-09-19,0,5982,5982,152.352,125.476,FOB,Ocean,False
PO0003313,V0045,Displays,Plant-Brno-CZ,2024-08-29,2024-10-25,2024-10-26,1,590,590,37.185,37.142,CIF,Air,False
PO0003314,V0045,Displays,Plant-Austin-US,2024-09-13,2024-11-08,2024-11-08,0,6884,6884,206.414,219.876,CIF,Ocean,False
PO0003315,V0045,Displays,Plant-Austin-US,2024-09-26,2024-11-26,2024-11-28,2,9570,9570,77.613,61.301,FOB,Ocean,False
PO0003316,V0045,Displays,Plant-Austin-US,2024-10-24,2025-01-01,2025-01-02,1,4987,4987,91.721,99.854,FOB,Ocean,False
PO0003317,V0045,Displays,Plant-Penang-MY,2024-10-30,2024-12-26,2025-01-05,10,3079,3079,120.47,124.889,FOB,Ocean,False
PO0003318,V0045,Displays,Plant-Penang-MY,2024-11-07,2025-01-06,2025-01-06,0,9543,9543,210.653,179.06,DDP,Ocean,False
PO0003319,V0045,Displays,Plant-Guadalajara-MX,2024-11-09,2025-01-16,2025-01-16,0,1785,1785,188.147,205.279,CIF,Truck,False
PO0003320,V0045,Displays,Plant-Brno-CZ,2024-11-16,2025-01-18,2025-01-18,0,2715,2715,150.48,157.687,FOB,Air,True
PO0003321,V0045,Displays,Plant-Penang-MY,2024-11-22,2025-01-20,2025-01-20,0,3829,3829,129.563,121.873,CIF,Truck,False
PO0003322,V0045,Displays,Plant-Brno-CZ,2024-11-23,2025-01-18,2025-01-18,0,18029,18029,140.689,103.811,DDP,Ocean,False
PO0003323,V0045,Displays,Plant-Guadalajara-MX,2024-12-01,2025-02-08,2025-02-08,0,1967,1967,50.03,61.572,DDP,Ocean,False
PO0003324,V0045,Displays,Plant-Penang-MY,2024-12-10,2025-02-13,2025-02-13,0,4404,4404,106.594,119.755,EXW,Ocean,False
PO0003325,V0045,Displays,Plant-Guadalajara-MX,2024-12-16,2025-02-19,2025-02-19,0,6994,6994,169.665,156.066,FOB,Ocean,False
PO0003326,V0045,Displays,Plant-Penang-MY,2025-01-06,2025-03-10,2025-03-10,0,94,94,89.617,110.94,FOB,Ocean,False
PO0003327,V0045,Displays,Plant-Guadalajara-MX,2025-01-12,2025-03-14,2025-03-15,1,31340,31340,95.954,102.669,CIF,Ocean,False
PO0003328,V0045,Displays,Plant-Austin-US,2025-01-18,2025-03-18,2025-03-29,11,2743,2743,203.175,216.439,DDP,Ocean,False
PO0003329,V0045,Displays,Plant-Guadalajara-MX,2025-02-22,2025-04-15,2025-04-15,0,7804,7804,114.731,118.623,FOB,Air,False
PO0003330,V0045,Displays,Plant-Brno-CZ,2025-03-04,2025-05-03,2025-05-03,0,9262,9262,66.53,58.519,DDP,Air,False
PO0003331,V0045,Displays,Plant-Brno-CZ,2025-03-18,2025-05-14,2025-05-14,0,1663,1663,154.289,141.958,FOB,Ocean,False
PO0003332,V0045,Displays,Plant-Guadalajara-MX,2025-04-08,2025-06-14,2025-06-14,0,7089,6311,50.461,39.847,EXW,Ocean,False
PO0003333,V0045,Displays,Plant-Brno-CZ,2025-04-21,2025-06-28,2025-06-30,2,22477,22477,81.961,85.225,CIF,Truck,False
PO0003334,V0045,Displays,Plant-Austin-US,2025-04-25,2025-06-27,2025-06-28,1,4531,4531,126.136,125.889,CIF,Air,False
PO0003335,V0045,Displays,Plant-Penang-MY,2025-04-26,2025-06-21,2025-06-29,8,15245,12171,71.378,74.158,DDP,Ocean,False
PO0003336,V0045,Displays,Plant-Guadalajara-MX,2025-05-25,2025-07-20,2025-07-20,0,3049,3049,37.42,37.77,DDP,Air,True
PO0003337,V0045,Displays,Plant-Austin-US,2025-05-30,2025-08-04,2025-08-05,1,9504,9504,53.548,48.118,EXW,Ocean,False
PO0003338,V0045,Displays,Plant-Guadalajara-MX,2025-06-07,2025-07-28,2025-07-28,0,17937,12659,86.888,78.271,EXW,Truck,False
PO0003339,V0045,Displays,Plant-Austin-US,2025-06-08,2025-08-13,2025-08-13,0,10728,10728,126.897,136.06,CIF,Ocean,False
PO0003340,V0045,Displays,Plant-Austin-US,2025-07-02,2025-08-31,2025-09-02,2,5479,5479,127.629,165.285,FOB,Air,False
PO0003341,V0045,Displays,Plant-Austin-US,2025-07-11,2025-09-06,2025-09-06,0,10267,10267,15.498,17.214,DDP,Air,True
PO0003342,V0045,Displays,Plant-Penang-MY,2025-07-18,2025-09-21,2025-09-21,0,1761,1761,61.708,64.554,FOB,Ocean,False
PO0003343,V0045,Displays,Plant-Brno-CZ,2025-08-09,2025-10-09,2025-10-09,0,1418,1418,17.671,19.832,EXW,Ocean,False
PO0003344,V0045,Displays,Plant-Austin-US,2025-08-10,2025-10-09,2025-10-09,0,4334,4334,36.916,25.956,FOB,Ocean,False
PO0003345,V0045,Displays,Plant-Brno-CZ,2025-08-20,2025-10-16,2025-10-16,0,2024,2024,182.594,209.269,CIF,Air,False
PO0003346,V0045,Displays,Plant-Brno-CZ,2025-08-29,2025-10-28,2025-10-28,0,10569,9526,61.378,63.943,DDP,Truck,False
PO0003347,V0045,Displays,Plant-Penang-MY,2025-09-04,2025-10-24,2025-11-04,11,9915,9915,106.881,121.478,FOB,Ocean,False
PO0003348,V0045,Displays,Plant-Penang-MY,2025-09-08,2025-11-15,2025-12-07,22,4971,4971,76.201,76.92,EXW,Ocean,False
PO0003349,V0045,Displays,Plant-Austin-US,2025-10-07,2025-12-02,2025-12-02,0,22766,22766,20.81,16.791,DDP,Ocean,False
PO0003350,V0045,Displays,Plant-Guadalajara-MX,2025-10-19,2025-12-19,2025-12-19,0,1885,1885,169.53,171.174,EXW,Air,False
PO0003351,V0045,Displays,Plant-Brno-CZ,2025-10-21,2025-12-10,2026-01-02,23,4123,4123,186.103,173.181,CIF,Truck,False
PO0003352,V0045,Displays,Plant-Penang-MY,2025-10-25,2025-12-20,2026-02-16,58,3013,3013,26.909,26.227,DDP,Truck,False
PO0003353,V0045,Displays,Plant-Brno-CZ,2025-10-26,2025-12-13,2025-12-13,0,3470,3470,37.531,50.488,FOB,Ocean,False
PO0003354,V0045,Displays,Plant-Guadalajara-MX,2025-10-28,2025-12-28,2025-12-28,0,21232,21232,119.24,112.593,FOB,Air,False
PO0003355,V0045,Displays,Plant-Austin-US,2025-11-05,2026-01-03,2026-01-03,0,8303,8303,163.695,161.443,FOB,Ocean,False
PO0003356,V0045,Displays,Plant-Penang-MY,2025-11-15,2026-01-16,2026-01-16,0,7039,7039,94.015,100.083,CIF,Ocean,False
PO0003357,V0045,Displays,Plant-Austin-US,2025-12-18,2026-02-10,2026-02-10,0,2977,2250,150.857,156.216,EXW,Air,False
PO0003358,V0045,Displays,Plant-Brno-CZ,2025-12-21,2026-02-16,2026-02-24,8,1416,1416,80.177,85.242,DDP,Ocean,False
PO0003359,V0045,Displays,Plant-Austin-US,2026-01-05,2026-02-23,2026-02-23,0,21464,21464,130.359,149.322,CIF,Ocean,False
PO0003360,V0045,Displays,Plant-Brno-CZ,2026-01-25,2026-03-26,2026-03-26,0,14400,14400,63.814,59.849,CIF,Air,False
PO0003361,V0045,Displays,Plant-Guadalajara-MX,2026-01-29,2026-04-01,2026-04-01,0,17608,17608,219.709,205.512,EXW,Ocean,False
PO0003362,V0045,Displays,Plant-Penang-MY,2026-02-10,2026-04-15,2026-04-15,0,4237,4237,122.65,132.724,FOB,Ocean,False
PO0003363,V0045,Displays,Plant-Guadalajara-MX,2026-02-21,2026-04-19,2026-04-20,1,1894,1894,79.789,67.449,DDP,Ocean,False
PO0003364,V0045,Displays,Plant-Guadalajara-MX,2026-03-06,2026-05-05,2026-05-07,2,10127,10127,82.865,71.043,CIF,Ocean,False
PO0003365,V0045,Displays,Plant-Austin-US,2026-03-10,2026-05-07,2026-05-15,8,26174,26174,38.073,35.501,CIF,Air,False
PO0003366,V0045,Displays,Plant-Penang-MY,2026-03-28,2026-05-31,2026-06-07,7,20465,20465,49.833,47.012,DDP,Air,False
PO0003367,V0045,Displays,Plant-Austin-US,2026-04-07,2026-05-23,2026-06-06,14,5620,5620,163.472,190.402,DDP,Ocean,False
PO0003368,V0045,Displays,Plant-Penang-MY,2026-04-13,2026-06-21,2026-06-21,0,9690,9690,197.175,227.537,FOB,Air,False
PO0003369,V0045,Displays,Plant-Penang-MY,2026-04-20,2026-06-12,2026-06-12,0,15210,15210,182.096,181.457,FOB,Air,False
PO0003370,V0045,Displays,Plant-Austin-US,2026-04-21,2026-06-22,2026-06-22,0,691,691,137.411,125.961,EXW,Ocean,False
PO0003371,V0045,Displays,Plant-Austin-US,2026-04-29,2026-06-22,2026-06-22,0,1107,1107,107.053,99.98,DDP,Air,False
PO0003372,V0045,Displays,Plant-Brno-CZ,2026-05-29,2026-07-24,2026-07-25,1,15448,15448,49.377,50.973,FOB,Ocean,False
PO0003373,V0045,Displays,Plant-Austin-US,2026-06-17,2026-08-09,2026-08-10,1,1506,1506,180.669,166.087,EXW,Air,False
PO0003374,V0046,Connectors,Plant-Guadalajara-MX,2022-01-03,2022-02-05,2022-02-05,0,38102,38102,11.36,12.054,CIF,Ocean,False
PO0003375,V0046,Connectors,Plant-Austin-US,2022-01-16,2022-02-26,2022-02-26,0,5543,5543,5.047,4.962,EXW,Ocean,False
PO0003376,V0046,Connectors,Plant-Brno-CZ,2022-02-09,2022-03-11,2022-03-12,1,26531,26531,4.452,4.991,DDP,Ocean,False
PO0003377,V0046,Connectors,Plant-Penang-MY,2022-02-18,2022-03-23,2022-03-26,3,31425,31425,3.613,3.367,DDP,Ocean,False
PO0003378,V0046,Connectors,Plant-Penang-MY,2022-03-16,2022-04-13,2022-05-06,23,3082,2984,8.407,9.446,DDP,Ocean,False
PO0003379,V0046,Connectors,Plant-Penang-MY,2022-04-26,2022-05-27,2022-05-27,0,596,596,1.682,1.612,EXW,Ocean,False
PO0003380,V0046,Connectors,Plant-Brno-CZ,2022-05-03,2022-06-09,2022-06-09,0,11666,11666,9.453,8.868,FOB,Ocean,False
PO0003381,V0046,Connectors,Plant-Austin-US,2022-07-05,2022-08-12,2022-08-12,0,11332,11332,9.63,9.344,CIF,Ocean,False
PO0003382,V0046,Connectors,Plant-Guadalajara-MX,2022-07-12,2022-08-05,2022-08-05,0,4899,4899,11.387,10.938,CIF,Ocean,False
PO0003383,V0046,Connectors,Plant-Brno-CZ,2022-07-27,2022-09-03,2022-09-11,8,10811,10811,11.909,12.656,FOB,Air,False
PO0003384,V0046,Connectors,Plant-Brno-CZ,2022-08-19,2022-09-24,2022-10-04,10,993,993,3.673,3.588,EXW,Air,False
PO0003385,V0046,Connectors,Plant-Austin-US,2022-08-26,2022-10-04,2022-10-04,0,579,579,2.473,2.567,CIF,Ocean,False
PO0003386,V0046,Connectors,Plant-Austin-US,2022-08-30,2022-10-05,2022-10-05,0,1877,1877,14.842,14.14,EXW,Truck,False
PO0003387,V0046,Connectors,Plant-Brno-CZ,2022-09-22,2022-10-20,2022-10-20,0,7396,7396,8.56,8.067,CIF,Ocean,False
PO0003388,V0046,Connectors,Plant-Penang-MY,2022-10-18,2022-11-13,2022-11-14,1,4460,4460,2.306,2.233,EXW,Ocean,False
PO0003389,V0046,Connectors,Plant-Brno-CZ,2022-10-21,2022-11-25,2022-11-25,0,6097,6097,10.004,10.268,EXW,Ocean,False
PO0003390,V0046,Connectors,Plant-Guadalajara-MX,2023-01-11,2023-02-12,2023-02-12,0,6777,6777,1.808,1.887,FOB,Truck,False
PO0003391,V0046,Connectors,Plant-Penang-MY,2023-03-06,2023-04-10,2023-04-10,0,354,354,5.335,4.89,FOB,Ocean,False
PO0003392,V0046,Connectors,Plant-Brno-CZ,2023-03-17,2023-04-30,2023-04-30,0,43104,43104,11.926,11.699,EXW,Ocean,False
PO0003393,V0046,Connectors,Plant-Austin-US,2023-05-12,2023-06-17,2023-06-17,0,47596,47596,12.585,13.178,FOB,Ocean,False
PO0003394,V0046,Connectors,Plant-Guadalajara-MX,2023-05-20,2023-06-17,2023-06-17,0,1821,1821,2.175,2.01,DDP,Air,False
PO0003395,V0046,Connectors,Plant-Penang-MY,2023-05-26,2023-07-01,2023-07-01,0,662,662,11.983,12.668,CIF,Ocean,False
PO0003396,V0046,Connectors,Plant-Brno-CZ,2023-07-24,2023-08-27,2023-08-27,0,7415,7415,5.4,5.167,EXW,Ocean,False
PO0003397,V0046,Connectors,Plant-Penang-MY,2023-07-27,2023-09-02,2023-09-02,0,5008,5008,6.896,7.525,FOB,Ocean,False
PO0003398,V0046,Connectors,Plant-Austin-US,2023-08-23,2023-09-24,2023-09-24,0,4781,4781,5.73,5.907,CIF,Ocean,False
PO0003399,V0046,Connectors,Plant-Austin-US,2023-09-08,2023-10-11,2023-10-12,1,2898,2898,8.684,7.74,FOB,Ocean,False
PO0003400,V0046,Connectors,Plant-Penang-MY,2023-10-21,2023-12-01,2023-12-01,0,7243,7243,4.858,4.429,FOB,Ocean,False
PO0003401,V0046,Connectors,Plant-Penang-MY,2023-11-04,2023-12-12,2023-12-13,1,4427,4427,8.414,9.922,FOB,Ocean,False
PO0003402,V0046,Connectors,Plant-Penang-MY,2023-11-22,2023-12-30,2023-12-31,1,5500,5500,14.57,10.862,CIF,Ocean,False
PO0003403,V0046,Connectors,Plant-Penang-MY,2024-01-09,2024-02-12,2024-02-15,3,1925,1925,10.335,10.097,CIF,Ocean,False
PO0003404,V0046,Connectors,Plant-Penang-MY,2024-02-05,2024-03-10,2024-03-11,1,3863,3863,7.9,7.331,CIF,Air,False
PO0003405,V0046,Connectors,Plant-Brno-CZ,2024-02-09,2024-03-11,2024-03-27,16,3080,3080,13.238,13.052,FOB,Ocean,False
PO0003406,V0046,Connectors,Plant-Guadalajara-MX,2024-02-13,2024-03-13,2024-03-18,5,6286,6286,9.481,10.419,FOB,Ocean,False
PO0003407,V0046,Connectors,Plant-Penang-MY,2024-02-14,2024-04-01,2024-04-02,1,29410,29410,1.894,1.874,CIF,Ocean,False
PO0003408,V0046,Connectors,Plant-Brno-CZ,2024-03-09,2024-04-16,2024-05-02,16,490,490,12.814,12.298,DDP,Ocean,False
PO0003409,V0046,Connectors,Plant-Penang-MY,2024-05-10,2024-06-10,2024-06-10,0,9607,9607,3.18,3.755,EXW,Truck,False
PO0003410,V0046,Connectors,Plant-Penang-MY,2024-05-30,2024-07-07,2024-08-15,39,1789,1789,12.142,14.63,CIF,Truck,False
PO0003411,V0046,Connectors,Plant-Brno-CZ,2024-06-14,2024-07-17,2024-07-18,1,4603,4603,9.514,10.019,EXW,Truck,False
PO0003412,V0046,Connectors,Plant-Guadalajara-MX,2024-06-17,2024-07-25,2024-07-28,3,60711,60711,0.535,0.488,CIF,Ocean,False
PO0003413,V0046,Connectors,Plant-Guadalajara-MX,2024-07-21,2024-08-22,2024-08-22,0,7244,7244,10.025,9.913,DDP,Truck,False
PO0003414,V0046,Connectors,Plant-Guadalajara-MX,2024-09-15,2024-10-21,2024-11-03,13,718,699,13.067,13.0,EXW,Ocean,False
PO0003415,V0046,Connectors,Plant-Austin-US,2024-10-02,2024-11-10,2024-11-10,0,11287,11287,9.056,7.896,EXW,Truck,False
PO0003416,V0046,Connectors,Plant-Brno-CZ,2024-10-07,2024-11-11,2024-11-11,0,2373,2373,1.115,1.118,CIF,Ocean,False
PO0003417,V0046,Connectors,Plant-Brno-CZ,2024-10-10,2024-11-13,2024-11-13,0,13024,13024,7.006,6.93,FOB,Air,False
PO0003418,V0046,Connectors,Plant-Brno-CZ,2024-12-05,2025-01-13,2025-01-13,0,17989,17989,7.327,7.537,EXW,Truck,False
PO0003419,V0046,Connectors,Plant-Penang-MY,2024-12-09,2025-01-10,2025-01-10,0,1901,1600,13.651,13.578,DDP,Ocean,False
PO0003420,V0046,Connectors,Plant-Brno-CZ,2025-02-03,2025-03-09,2025-03-09,0,981,981,9.06,7.812,DDP,Ocean,False
PO0003421,V0046,Connectors,Plant-Brno-CZ,2025-03-26,2025-04-28,2025-04-28,0,4878,4878,12.221,12.528,DDP,Ocean,False
PO0003422,V0046,Connectors,Plant-Austin-US,2025-04-23,2025-05-26,2025-06-07,12,6502,6502,1.118,1.148,DDP,Ocean,False
PO0003423,V0046,Connectors,Plant-Guadalajara-MX,2025-05-12,2025-06-17,2025-06-17,0,1400,1400,12.496,12.519,EXW,Air,False
PO0003424,V0046,Connectors,Plant-Penang-MY,2025-05-17,2025-06-26,2025-07-27,31,1101,1101,8.562,9.341,CIF,Truck,False
PO0003425,V0046,Connectors,Plant-Penang-MY,2025-06-30,2025-08-05,2025-08-05,0,19722,19722,7.419,7.456,FOB,Ocean,False
PO0003426,V0046,Connectors,Plant-Guadalajara-MX,2025-08-10,2025-09-13,2025-09-13,0,17397,17397,12.464,14.129,DDP,Ocean,False
PO0003427,V0046,Connectors,Plant-Brno-CZ,2025-08-14,2025-09-23,2025-09-23,0,22807,22807,9.32,10.313,DDP,Ocean,False
PO0003428,V0046,Connectors,Plant-Austin-US,2025-09-21,2025-10-25,2025-11-20,26,56148,56148,3.547,3.087,FOB,Ocean,False
PO0003429,V0046,Connectors,Plant-Austin-US,2025-09-24,2025-10-31,2025-10-31,0,22050,22050,11.776,14.517,EXW,Truck,False
PO0003430,V0046,Connectors,Plant-Austin-US,2025-10-22,2025-11-22,2025-12-27,35,5757,5757,6.284,5.328,EXW,Truck,False
PO0003431,V0046,Connectors,Plant-Brno-CZ,2025-11-04,2025-12-06,2025-12-29,23,1625,1625,12.141,11.282,EXW,Ocean,False
PO0003432,V0046,Connectors,Plant-Austin-US,2025-12-10,2026-01-17,2026-01-19,2,56193,56193,7.366,8.18,FOB,Air,False
PO0003433,V0046,Connectors,Plant-Guadalajara-MX,2025-12-16,2026-01-20,2026-01-21,1,523,523,13.322,13.748,DDP,Air,False
PO0003434,V0046,Connectors,Plant-Guadalajara-MX,2025-12-21,2026-01-22,2026-01-24,2,5975,5975,6.041,5.843,CIF,Ocean,False
PO0003435,V0046,Connectors,Plant-Penang-MY,2025-12-28,2026-02-02,2026-02-02,0,26445,26445,4.135,3.816,FOB,Ocean,False
PO0003436,V0046,Connectors,Plant-Guadalajara-MX,2026-01-04,2026-02-06,2026-02-11,5,18533,18533,13.102,12.445,FOB,Ocean,False
PO0003437,V0046,Connectors,Plant-Austin-US,2026-01-05,2026-02-08,2026-02-08,0,17171,17171,5.738,4.865,CIF,Truck,False
PO0003438,V0046,Connectors,Plant-Austin-US,2026-02-16,2026-03-28,2026-04-11,14,4706,4706,9.517,11.061,FOB,Air,False
PO0003439,V0046,Connectors,Plant-Guadalajara-MX,2026-04-05,2026-05-05,2026-05-08,3,20275,20275,12.991,12.74,FOB,Ocean,False
PO0003440,V0046,Connectors,Plant-Austin-US,2026-04-20,2026-05-25,2026-05-25,0,8519,8519,0.758,0.755,DDP,Ocean,False
PO0003441,V0046,Connectors,Plant-Austin-US,2026-05-03,2026-06-07,2026-06-08,1,1282,1282,3.616,3.745,FOB,Ocean,False
PO0003442,V0046,Connectors,Plant-Brno-CZ,2026-06-15,2026-07-20,2026-07-20,0,9102,9102,3.439,3.147,DDP,Air,False
PO0003443,V0046,Connectors,Plant-Guadalajara-MX,2026-06-27,2026-08-08,2026-09-03,26,4645,4645,11.626,10.452,EXW,Truck,False
PO0003444,V0047,Connectors,Plant-Brno-CZ,2022-01-03,2022-02-07,2022-02-07,0,32468,30632,11.037,11.697,FOB,Ocean,False
PO0003445,V0047,Connectors,Plant-Guadalajara-MX,2022-01-10,2022-02-19,2022-02-19,0,3326,3326,13.204,14.292,FOB,Air,False
PO0003446,V0047,Connectors,Plant-Guadalajara-MX,2022-01-11,2022-02-12,2022-02-12,0,4127,4127,7.116,7.109,CIF,Air,False
PO0003447,V0047,Connectors,Plant-Guadalajara-MX,2022-01-18,2022-02-20,2022-03-07,15,3218,3218,7.367,6.684,DDP,Ocean,False
PO0003448,V0047,Connectors,Plant-Penang-MY,2022-02-02,2022-03-09,2022-03-11,2,1206,1206,5.477,5.953,EXW,Ocean,False
PO0003449,V0047,Connectors,Plant-Brno-CZ,2022-02-26,2022-04-06,2022-04-06,0,15450,15450,4.843,4.488,EXW,Ocean,False
PO0003450,V0047,Connectors,Plant-Brno-CZ,2022-03-18,2022-04-26,2022-06-04,39,2097,2097,13.912,12.15,DDP,Ocean,False
PO0003451,V0047,Connectors,Plant-Brno-CZ,2022-04-10,2022-05-18,2022-07-01,44,3010,3010,12.179,11.681,DDP,Ocean,False
PO0003452,V0047,Connectors,Plant-Guadalajara-MX,2022-04-11,2022-05-18,2022-05-18,0,2169,2169,2.955,2.92,FOB,Ocean,False
PO0003453,V0047,Connectors,Plant-Brno-CZ,2022-04-30,2022-06-04,2022-06-11,7,11519,11519,9.505,9.598,FOB,Truck,False
PO0003454,V0047,Connectors,Plant-Brno-CZ,2022-05-06,2022-06-14,2022-06-17,3,7766,7766,6.175,7.191,FOB,Truck,False
PO0003455,V0047,Connectors,Plant-Penang-MY,2022-05-26,2022-06-28,2022-06-28,0,3185,3185,9.46,8.36,FOB,Truck,False
PO0003456,V0047,Connectors,Plant-Brno-CZ,2022-06-10,2022-07-15,2022-08-12,28,100054,100054,4.987,5.351,FOB,Ocean,False
PO0003457,V0047,Connectors,Plant-Guadalajara-MX,2022-07-02,2022-08-06,2022-08-06,0,2739,2739,11.938,12.299,DDP,Ocean,False
PO0003458,V0047,Connectors,Plant-Penang-MY,2022-07-10,2022-08-17,2022-08-17,0,16080,16080,7.573,8.002,FOB,Air,False
PO0003459,V0047,Connectors,Plant-Penang-MY,2022-07-16,2022-08-20,2022-08-20,0,10176,10176,0.93,0.988,CIF,Ocean,False
PO0003460,V0047,Connectors,Plant-Brno-CZ,2022-07-17,2022-08-21,2022-08-21,0,4773,4773,12.346,13.44,FOB,Air,False
PO0003461,V0047,Connectors,Plant-Guadalajara-MX,2022-08-27,2022-09-28,2022-09-28,0,3012,3012,4.864,4.609,EXW,Truck,False
PO0003462,V0047,Connectors,Plant-Penang-MY,2022-09-03,2022-10-03,2022-10-03,0,2536,2536,5.677,6.305,DDP,Air,False
PO0003463,V0047,Connectors,Plant-Penang-MY,2022-09-06,2022-10-12,2022-10-12,0,2802,2203,7.692,6.975,EXW,Ocean,False
PO0003464,V0047,Connectors,Plant-Austin-US,2022-10-12,2022-11-15,2022-11-15,0,11987,10412,9.067,9.525,DDP,Ocean,False
PO0003465,V0047,Connectors,Plant-Brno-CZ,2022-10-24,2022-11-23,2022-11-25,2,12588,12588,2.681,2.644,CIF,Truck,False
PO0003466,V0047,Connectors,Plant-Penang-MY,2022-10-25,2022-12-04,2022-12-04,0,3850,3850,7.976,8.843,CIF,Ocean,False
PO0003467,V0047,Connectors,Plant-Penang-MY,2022-10-29,2022-11-29,2022-11-30,1,3601,3601,9.438,10.793,DDP,Ocean,False
PO0003468,V0047,Connectors,Plant-Austin-US,2022-11-05,2022-12-10,2022-12-11,1,27085,27085,3.59,3.704,FOB,Air,False
PO0003469,V0047,Connectors,Plant-Guadalajara-MX,2022-11-22,2022-12-19,2022-12-19,0,8762,8762,5.198,5.354,FOB,Ocean,False
PO0003470,V0047,Connectors,Plant-Brno-CZ,2022-12-22,2023-01-26,2023-01-26,0,4816,4816,11.339,12.143,DDP,Ocean,False
PO0003471,V0047,Connectors,Plant-Guadalajara-MX,2022-12-24,2023-01-29,2023-01-30,1,6895,6895,13.538,13.354,CIF,Ocean,False
PO0003472,V0047,Connectors,Plant-Guadalajara-MX,2023-02-06,2023-03-10,2023-03-10,0,4213,4213,9.73,10.779,DDP,Ocean,False
PO0003473,V0047,Connectors,Plant-Austin-US,2023-02-22,2023-04-06,2023-04-07,1,3396,3396,5.063,4.508,FOB,Truck,False
PO0003474,V0047,Connectors,Plant-Penang-MY,2023-05-19,2023-06-28,2023-06-28,0,12107,12107,5.006,5.054,FOB,Ocean,False
PO0003475,V0047,Connectors,Plant-Austin-US,2023-07-31,2023-09-08,2023-09-08,0,10493,10493,9.807,9.774,DDP,Ocean,False
PO0003476,V0047,Connectors,Plant-Austin-US,2023-08-01,2023-09-10,2023-09-24,14,7402,7402,11.24,11.995,CIF,Ocean,False
PO0003477,V0047,Connectors,Plant-Austin-US,2023-09-25,2023-10-31,2023-10-31,0,9207,9207,6.385,6.259,DDP,Ocean,False
PO0003478,V0047,Connectors,Plant-Guadalajara-MX,2023-10-05,2023-11-01,2023-11-01,0,3599,3599,2.765,2.948,CIF,Air,False
PO0003479,V0047,Connectors,Plant-Penang-MY,2023-10-25,2023-11-29,2023-11-29,0,18602,18602,6.643,7.51,DDP,Ocean,False
PO0003480,V0047,Connectors,Plant-Penang-MY,2023-10-31,2023-12-04,2023-12-04,0,2220,2220,6.722,6.757,CIF,Air,False
PO0003481,V0047,Connectors,Plant-Guadalajara-MX,2023-11-03,2023-12-05,2023-12-14,9,1987,1987,4.303,4.592,DDP,Truck,False
PO0003482,V0047,Connectors,Plant-Guadalajara-MX,2023-11-21,2023-12-30,2023-12-30,0,10014,10014,14.36,13.726,FOB,Truck,False
PO0003483,V0047,Connectors,Plant-Austin-US,2023-12-08,2024-01-13,2024-01-13,0,2034,2034,9.551,10.229,FOB,Air,False
PO0003484,V0047,Connectors,Plant-Austin-US,2024-01-12,2024-02-20,2024-03-12,21,824,824,14.949,14.919,CIF,Ocean,False
PO0003485,V0047,Connectors,Plant-Penang-MY,2024-02-01,2024-03-06,2024-03-24,18,1683,1683,11.927,12.968,DDP,Truck,False
PO0003486,V0047,Connectors,Plant-Austin-US,2024-02-16,2024-03-20,2024-03-20,0,3646,3646,13.685,13.339,EXW,Air,False
PO0003487,V0047,Connectors,Plant-Brno-CZ,2024-05-10,2024-06-12,2024-06-26,14,1603,1603,8.005,8.537,CIF,Air,False
PO0003488,V0047,Connectors,Plant-Brno-CZ,2024-05-22,2024-06-21,2024-06-21,0,8613,8613,8.096,7.94,EXW,Ocean,False
PO0003489,V0047,Connectors,Plant-Guadalajara-MX,2024-05-28,2024-06-25,2024-07-20,25,8430,8430,8.146,6.142,FOB,Ocean,False
PO0003490,V0047,Connectors,Plant-Brno-CZ,2024-06-29,2024-08-07,2024-08-07,0,3295,3295,10.749,9.766,DDP,Ocean,False
PO0003491,V0047,Connectors,Plant-Austin-US,2024-07-19,2024-08-16,2024-08-19,3,1391,1391,12.827,11.641,CIF,Truck,False
PO0003492,V0047,Connectors,Plant-Penang-MY,2024-11-17,2024-12-20,2024-12-20,0,1762,1762,9.801,8.664,FOB,Ocean,False
PO0003493,V0047,Connectors,Plant-Brno-CZ,2025-02-15,2025-03-24,2025-03-26,2,2884,2884,0.82,0.752,CIF,Ocean,False
PO0003494,V0047,Connectors,Plant-Penang-MY,2025-02-19,2025-03-21,2025-03-21,0,10986,10986,9.613,8.959,FOB,Air,True
PO0003495,V0047,Connectors,Plant-Penang-MY,2025-03-09,2025-04-08,2025-04-08,0,1221,1221,12.96,12.49,EXW,Ocean,False
PO0003496,V0047,Connectors,Plant-Penang-MY,2025-03-17,2025-04-25,2025-04-25,0,5219,5219,1.512,1.402,FOB,Air,False
PO0003497,V0047,Connectors,Plant-Penang-MY,2025-05-05,2025-06-09,2025-06-10,1,942,942,7.739,7.262,FOB,Truck,False
PO0003498,V0047,Connectors,Plant-Guadalajara-MX,2025-05-13,2025-06-15,2025-07-18,33,1655,1655,8.606,7.123,EXW,Ocean,False
PO0003499,V0047,Connectors,Plant-Austin-US,2025-06-07,2025-07-12,2025-07-18,6,26070,26070,14.289,15.479,FOB,Truck,False
PO0003500,V0047,Connectors,Plant-Brno-CZ,2025-07-13,2025-08-18,2025-08-19,1,19383,19383,14.792,13.725,EXW,Ocean,False
PO0003501,V0047,Connectors,Plant-Austin-US,2025-07-20,2025-08-26,2025-08-28,2,3322,3322,2.168,2.05,EXW,Ocean,False
PO0003502,V0047,Connectors,Plant-Penang-MY,2025-07-25,2025-08-24,2025-08-24,0,3642,3642,4.484,5.284,CIF,Ocean,False
PO0003503,V0047,Connectors,Plant-Austin-US,2025-08-20,2025-09-28,2025-09-29,1,13662,13662,12.769,12.06,CIF,Air,False
PO0003504,V0047,Connectors,Plant-Penang-MY,2025-09-01,2025-09-30,2025-10-07,7,9109,9109,7.545,6.752,FOB,Air,False
PO0003505,V0047,Connectors,Plant-Brno-CZ,2025-12-04,2026-01-13,2026-01-28,15,2462,2462,10.101,10.338,FOB,Truck,False
PO0003506,V0047,Connectors,Plant-Austin-US,2026-01-01,2026-02-08,2026-02-08,0,592,592,8.802,9.123,EXW,Ocean,False
PO0003507,V0047,Connectors,Plant-Brno-CZ,2026-01-23,2026-03-05,2026-03-13,8,18117,18117,12.208,12.339,FOB,Truck,False
PO0003508,V0047,Connectors,Plant-Brno-CZ,2026-03-02,2026-04-04,2026-04-05,1,1487,1487,12.516,12.889,CIF,Ocean,False
PO0003509,V0047,Connectors,Plant-Austin-US,2026-03-11,2026-04-09,2026-04-09,0,3106,3106,6.544,6.928,FOB,Ocean,False
PO0003510,V0047,Connectors,Plant-Brno-CZ,2026-03-12,2026-04-18,2026-04-18,0,2835,2835,11.266,10.619,CIF,Ocean,False
PO0003511,V0047,Connectors,Plant-Brno-CZ,2026-03-22,2026-04-29,2026-04-30,1,486,486,4.138,4.335,DDP,Ocean,False
PO0003512,V0047,Connectors,Plant-Guadalajara-MX,2026-04-05,2026-05-09,2026-05-09,0,7128,7128,5.961,5.939,FOB,Ocean,False
PO0003513,V0047,Connectors,Plant-Austin-US,2026-04-30,2026-06-01,2026-06-01,0,39045,39045,2.926,3.133,CIF,Truck,False
PO0003514,V0047,Connectors,Plant-Brno-CZ,2026-05-07,2026-06-08,2026-06-09,1,11464,11464,9.414,9.151,FOB,Truck,False
PO0003515,V0047,Connectors,Plant-Brno-CZ,2026-05-23,2026-06-24,2026-06-24,0,5262,5262,9.509,9.28,FOB,Ocean,False
PO0003516,V0047,Connectors,Plant-Brno-CZ,2026-06-05,2026-07-10,2026-07-10,0,5348,5348,13.762,14.247,CIF,Ocean,False
PO0003517,V0047,Connectors,Plant-Brno-CZ,2026-06-11,2026-07-19,2026-07-19,0,20556,20556,7.96,7.076,CIF,Ocean,False
PO0003518,V0048,PCB / PCBA,Plant-Brno-CZ,2022-01-22,2022-03-08,2022-03-09,1,1751,1751,58.203,59.248,FOB,Truck,False
PO0003519,V0048,PCB / PCBA,Plant-Penang-MY,2022-02-14,2022-03-31,2022-03-31,0,4416,4416,32.695,31.625,EXW,Air,False
PO0003520,V0048,PCB / PCBA,Plant-Penang-MY,2022-03-08,2022-04-08,2022-04-16,8,5579,5579,69.673,70.717,DDP,Ocean,False
PO0003521,V0048,PCB / PCBA,Plant-Guadalajara-MX,2022-03-28,2022-05-10,2022-05-15,5,974,974,63.66,60.423,CIF,Ocean,False
PO0003522,V0048,PCB / PCBA,Plant-Austin-US,2022-03-31,2022-05-19,2022-06-01,13,2709,2709,80.276,80.921,CIF,Ocean,False
PO0003523,V0048,PCB / PCBA,Plant-Austin-US,2022-05-04,2022-06-14,2022-06-14,0,12066,12066,68.631,65.425,FOB,Air,False
PO0003524,V0048,PCB / PCBA,Plant-Austin-US,2022-05-07,2022-06-30,2022-07-20,20,8249,8249,59.489,58.07,FOB,Ocean,False
PO0003525,V0048,PCB / PCBA,Plant-Guadalajara-MX,2022-05-09,2022-06-22,2022-06-22,0,19979,19979,75.268,73.944,DDP,Air,False
PO0003526,V0048,PCB / PCBA,Plant-Penang-MY,2022-05-15,2022-06-26,2022-07-09,13,10571,10571,37.622,35.354,FOB,Ocean,False
PO0003527,V0048,PCB / PCBA,Plant-Penang-MY,2022-05-19,2022-06-25,2022-06-25,0,37452,37452,70.342,70.969,CIF,Ocean,False
PO0003528,V0048,PCB / PCBA,Plant-Guadalajara-MX,2022-06-09,2022-07-26,2022-07-26,0,12738,10291,44.971,45.292,DDP,Ocean,False
PO0003529,V0048,PCB / PCBA,Plant-Austin-US,2022-06-13,2022-07-31,2022-07-31,0,6831,6831,68.282,72.97,FOB,Ocean,False
PO0003530,V0048,PCB / PCBA,Plant-Penang-MY,2022-06-14,2022-07-28,2022-08-05,8,605,605,21.8,20.837,CIF,Ocean,False
PO0003531,V0048,PCB / PCBA,Plant-Penang-MY,2022-06-22,2022-08-02,2022-08-02,0,60216,60216,58.24,57.003,CIF,Ocean,False
PO0003532,V0048,PCB / PCBA,Plant-Penang-MY,2022-06-27,2022-08-09,2022-08-18,9,1394,1394,50.716,50.431,EXW,Truck,False
PO0003533,V0048,PCB / PCBA,Plant-Penang-MY,2022-07-09,2022-08-18,2022-08-19,1,12072,12072,13.296,13.263,CIF,Truck,False
PO0003534,V0048,PCB / PCBA,Plant-Penang-MY,2022-07-11,2022-08-18,2022-08-18,0,11192,11192,40.389,41.267,EXW,Truck,False
PO0003535,V0048,PCB / PCBA,Plant-Austin-US,2022-07-24,2022-09-05,2022-09-07,2,2489,2489,35.395,36.24,FOB,Ocean,False
PO0003536,V0048,PCB / PCBA,Plant-Brno-CZ,2022-07-26,2022-09-05,2022-09-05,0,739,739,20.952,20.533,DDP,Ocean,False
PO0003537,V0048,PCB / PCBA,Plant-Austin-US,2022-07-31,2022-09-24,2022-09-24,0,8442,8442,75.558,75.745,CIF,Air,False
PO0003538,V0048,PCB / PCBA,Plant-Guadalajara-MX,2022-08-01,2022-09-21,2022-09-23,2,3374,3374,5.171,4.974,EXW,Truck,False
PO0003539,V0048,PCB / PCBA,Plant-Guadalajara-MX,2022-08-06,2022-09-26,2022-09-26,0,14762,14762,46.135,46.697,FOB,Ocean,False
PO0003540,V0048,PCB / PCBA,Plant-Guadalajara-MX,2022-09-18,2022-11-04,2022-11-04,0,3749,3749,58.953,58.289,FOB,Air,False
PO0003541,V0048,PCB / PCBA,Plant-Brno-CZ,2022-10-17,2022-11-23,2022-11-23,0,6810,6810,50.561,51.796,DDP,Ocean,False
PO0003542,V0048,PCB / PCBA,Plant-Austin-US,2022-10-21,2022-12-04,2022-12-05,1,21038,21038,24.105,24.314,DDP,Ocean,False
PO0003543,V0048,PCB / PCBA,Plant-Penang-MY,2022-11-19,2023-01-09,2023-01-10,1,2304,2304,56.998,56.958,EXW,Truck,False
PO0003544,V0048,PCB / PCBA,Plant-Brno-CZ,2023-01-04,2023-02-16,2023-02-16,0,12593,12593,83.744,84.877,EXW,Ocean,False
PO0003545,V0048,PCB / PCBA,Plant-Austin-US,2023-01-14,2023-02-25,2023-02-25,0,2694,2694,81.577,81.791,EXW,Truck,False
PO0003546,V0048,PCB / PCBA,Plant-Brno-CZ,2023-03-03,2023-04-17,2023-04-18,1,13578,13578,32.983,34.312,DDP,Ocean,False
PO0003547,V0048,PCB / PCBA,Plant-Brno-CZ,2023-03-07,2023-04-18,2023-04-19,1,440,440,11.166,11.174,DDP,Ocean,False
PO0003548,V0048,PCB / PCBA,Plant-Austin-US,2023-03-15,2023-04-26,2023-04-26,0,20786,20786,57.254,57.93,CIF,Air,True
PO0003549,V0048,PCB / PCBA,Plant-Brno-CZ,2023-03-21,2023-04-28,2023-04-28,0,16978,16978,66.77,65.248,CIF,Ocean,False
PO0003550,V0048,PCB / PCBA,Plant-Austin-US,2023-04-11,2023-05-26,2023-05-26,0,61960,61960,36.013,35.773,EXW,Ocean,False
PO0003551,V0048,PCB / PCBA,Plant-Penang-MY,2023-04-19,2023-06-05,2023-06-05,0,23242,23242,41.907,43.441,FOB,Truck,False
PO0003552,V0048,PCB / PCBA,Plant-Penang-MY,2023-04-20,2023-06-08,2023-06-08,0,23511,23511,24.358,24.168,EXW,Truck,False
PO0003553,V0048,PCB / PCBA,Plant-Guadalajara-MX,2023-05-17,2023-07-11,2023-07-12,1,16412,16412,47.893,47.136,FOB,Ocean,False
PO0003554,V0048,PCB / PCBA,Plant-Brno-CZ,2023-06-09,2023-07-27,2023-07-27,0,5519,5519,31.344,32.214,DDP,Ocean,False
PO0003555,V0048,PCB / PCBA,Plant-Austin-US,2023-07-04,2023-08-22,2023-08-22,0,15336,15336,51.637,51.394,DDP,Ocean,False
PO0003556,V0048,PCB / PCBA,Plant-Brno-CZ,2023-07-17,2023-08-30,2023-09-03,4,27670,27670,85.451,89.19,DDP,Truck,False
PO0003557,V0048,PCB / PCBA,Plant-Penang-MY,2023-08-16,2023-09-27,2023-09-28,1,320,320,19.567,19.505,CIF,Ocean,False
PO0003558,V0048,PCB / PCBA,Plant-Brno-CZ,2023-08-30,2023-10-07,2023-10-08,1,1589,1589,14.939,14.899,CIF,Air,False
PO0003559,V0048,PCB / PCBA,Plant-Austin-US,2023-09-12,2023-10-23,2023-10-23,0,4143,4143,13.578,13.685,EXW,Ocean,False
PO0003560,V0048,PCB / PCBA,Plant-Austin-US,2023-09-27,2023-11-14,2023-11-14,0,16203,16203,18.666,18.518,CIF,Truck,False
PO0003561,V0048,PCB / PCBA,Plant-Penang-MY,2023-09-30,2023-11-14,2023-11-14,0,1798,1798,15.888,15.598,EXW,Truck,False
PO0003562,V0048,PCB / PCBA,Plant-Brno-CZ,2023-11-04,2023-12-16,2024-01-01,16,1207,1207,19.226,19.633,FOB,Truck,False
PO0003563,V0048,PCB / PCBA,Plant-Penang-MY,2023-11-08,2023-12-29,2023-12-29,0,1431,1431,57.625,59.23,EXW,Ocean,False
PO0003564,V0048,PCB / PCBA,Plant-Penang-MY,2023-11-15,2023-12-26,2023-12-27,1,386,386,79.104,77.199,FOB,Ocean,False
PO0003565,V0048,PCB / PCBA,Plant-Penang-MY,2023-11-21,2024-01-01,2024-01-02,1,3696,3296,23.705,23.456,EXW,Ocean,False
PO0003566,V0048,PCB / PCBA,Plant-Guadalajara-MX,2023-12-24,2024-02-10,2024-02-10,0,553,553,68.541,67.864,DDP,Ocean,False
PO0003567,V0048,PCB / PCBA,Plant-Austin-US,2023-12-27,2024-02-05,2024-02-07,2,8319,8319,12.996,12.605,DDP,Ocean,False
PO0003568,V0048,PCB / PCBA,Plant-Brno-CZ,2024-01-14,2024-03-03,2024-03-03,0,7694,7694,87.967,87.316,FOB,Ocean,False
PO0003569,V0048,PCB / PCBA,Plant-Brno-CZ,2024-01-16,2024-03-06,2024-03-12,6,2323,2323,25.993,26.481,CIF,Ocean,False
PO0003570,V0048,PCB / PCBA,Plant-Austin-US,2024-01-25,2024-03-07,2024-03-07,0,1029,1029,20.629,20.831,FOB,Ocean,False
PO0003571,V0048,PCB / PCBA,Plant-Penang-MY,2024-02-08,2024-03-26,2024-03-26,0,47177,47177,72.667,73.319,FOB,Ocean,False
PO0003572,V0048,PCB / PCBA,Plant-Guadalajara-MX,2024-02-24,2024-04-15,2024-04-24,9,17108,17108,13.339,13.758,EXW,Ocean,False
PO0003573,V0048,PCB / PCBA,Plant-Penang-MY,2024-03-25,2024-05-17,2024-05-17,0,4170,4170,10.413,10.004,DDP,Air,True
PO0003574,V0048,PCB / PCBA,Plant-Guadalajara-MX,2024-03-30,2024-05-13,2024-05-31,18,18819,18819,23.829,24.694,CIF,Air,False
PO0003575,V0048,PCB / PCBA,Plant-Austin-US,2024-04-16,2024-06-03,2024-06-03,0,20257,20257,63.276,66.655,CIF,Ocean,False
PO0003576,V0048,PCB / PCBA,Plant-Austin-US,2024-04-20,2024-06-10,2024-06-10,0,3734,3734,23.299,23.128,CIF,Truck,False
PO0003577,V0048,PCB / PCBA,Plant-Brno-CZ,2024-05-11,2024-06-22,2024-06-22,0,3626,3626,24.42,24.794,EXW,Ocean,False
PO0003578,V0048,PCB / PCBA,Plant-Guadalajara-MX,2024-05-19,2024-07-04,2024-08-03,30,19187,19187,71.421,68.708,FOB,Ocean,False
PO0003579,V0048,PCB / PCBA,Plant-Penang-MY,2024-06-08,2024-07-24,2024-07-24,0,67874,67874,86.029,86.515,FOB,Ocean,False
PO0003580,V0048,PCB / PCBA,Plant-Austin-US,2024-06-24,2024-07-27,2024-07-27,0,14070,14070,8.028,8.003,CIF,Ocean,False
PO0003581,V0048,PCB / PCBA,Plant-Austin-US,2024-07-17,2024-08-19,2024-08-20,1,8532,8532,46.866,46.703,FOB,Truck,False
PO0003582,V0048,PCB / PCBA,Plant-Brno-CZ,2024-08-28,2024-10-17,2024-10-19,2,15613,15613,33.231,33.604,FOB,Truck,False
PO0003583,V0048,PCB / PCBA,Plant-Austin-US,2024-09-06,2024-10-20,2024-10-22,2,1936,1936,29.669,30.094,CIF,Air,False
PO0003584,V0048,PCB / PCBA,Plant-Penang-MY,2024-10-01,2024-11-09,2024-11-09,0,30194,30194,20.54,19.958,EXW,Ocean,False
PO0003585,V0048,PCB / PCBA,Plant-Austin-US,2024-10-14,2024-11-30,2024-11-30,0,380,380,25.552,26.014,DDP,Ocean,False
PO0003586,V0048,PCB / PCBA,Plant-Guadalajara-MX,2024-10-18,2024-12-08,2024-12-08,0,2747,2747,34.41,35.551,FOB,Ocean,False
PO0003587,V0048,PCB / PCBA,Plant-Penang-MY,2024-10-21,2024-11-23,2024-11-23,0,910,910,87.379,86.528,EXW,Ocean,False
PO0003588,V0048,PCB / PCBA,Plant-Penang-MY,2024-11-18,2025-01-01,2025-01-01,0,3967,3967,82.908,85.718,DDP,Ocean,False
PO0003589,V0048,PCB / PCBA,Plant-Austin-US,2024-12-30,2025-02-10,2025-02-10,0,6847,6847,34.519,34.105,CIF,Ocean,False
PO0003590,V0048,PCB / PCBA,Plant-Austin-US,2024-12-31,2025-02-05,2025-02-05,0,3989,3989,43.307,43.412,EXW,Air,False
PO0003591,V0048,PCB / PCBA,Plant-Austin-US,2025-01-14,2025-02-24,2025-02-24,0,7345,7345,63.08,62.604,FOB,Truck,False
PO0003592,V0048,PCB / PCBA,Plant-Guadalajara-MX,2025-02-02,2025-03-23,2025-03-23,0,6779,6779,82.699,82.973,EXW,Truck,False
PO0003593,V0048,PCB / PCBA,Plant-Penang-MY,2025-02-03,2025-03-13,2025-03-28,15,3967,3967,39.195,38.318,CIF,Ocean,False
PO0003594,V0048,PCB / PCBA,Plant-Austin-US,2025-02-05,2025-03-26,2025-03-26,0,35486,31152,70.655,69.258,CIF,Ocean,False
PO0003595,V0048,PCB / PCBA,Plant-Austin-US,2025-02-07,2025-03-26,2025-03-29,3,10907,10907,64.35,61.482,FOB,Air,False
PO0003596,V0048,PCB / PCBA,Plant-Brno-CZ,2025-02-14,2025-03-28,2025-03-28,0,2016,2016,89.558,95.007,FOB,Truck,False
PO0003597,V0048,PCB / PCBA,Plant-Austin-US,2025-02-17,2025-04-01,2025-04-01,0,12912,12912,71.288,69.377,DDP,Truck,False
PO0003598,V0048,PCB / PCBA,Plant-Brno-CZ,2025-02-19,2025-04-05,2025-04-05,0,17097,17097,77.246,75.968,EXW,Ocean,False
PO0003599,V0048,PCB / PCBA,Plant-Guadalajara-MX,2025-02-24,2025-04-10,2025-04-12,2,2378,2378,56.49,58.377,EXW,Air,False
PO0003600,V0048,PCB / PCBA,Plant-Penang-MY,2025-03-09,2025-05-05,2025-05-09,4,2419,2419,44.173,45.273,CIF,Ocean,False
PO0003601,V0048,PCB / PCBA,Plant-Guadalajara-MX,2025-03-29,2025-05-22,2025-05-22,0,1953,1953,81.163,80.592,DDP,Ocean,False
PO0003602,V0048,PCB / PCBA,Plant-Austin-US,2025-04-11,2025-05-28,2025-05-28,0,3888,3888,17.425,17.316,CIF,Ocean,False
PO0003603,V0048,PCB / PCBA,Plant-Brno-CZ,2025-05-07,2025-06-25,2025-06-28,3,5131,5131,33.745,33.704,EXW,Ocean,False
PO0003604,V0048,PCB / PCBA,Plant-Penang-MY,2025-07-11,2025-08-26,2025-10-11,46,12233,12233,84.239,82.369,FOB,Ocean,False
PO0003605,V0048,PCB / PCBA,Plant-Brno-CZ,2025-07-16,2025-08-28,2025-08-28,0,6165,6165,52.785,53.673,CIF,Ocean,False
PO0003606,V0048,PCB / PCBA,Plant-Brno-CZ,2025-07-23,2025-09-06,2025-09-06,0,3506,3506,21.031,21.241,CIF,Truck,False
PO0003607,V0048,PCB / PCBA,Plant-Guadalajara-MX,2025-07-24,2025-09-05,2025-09-06,1,9149,9149,30.939,31.26,CIF,Ocean,False
PO0003608,V0048,PCB / PCBA,Plant-Guadalajara-MX,2025-08-23,2025-10-19,2025-10-27,8,5231,5231,85.24,86.376,EXW,Ocean,False
PO0003609,V0048,PCB / PCBA,Plant-Penang-MY,2025-09-05,2025-10-19,2025-10-19,0,6127,6127,47.348,44.939,EXW,Ocean,False
PO0003610,V0048,PCB / PCBA,Plant-Austin-US,2025-09-06,2025-10-25,2025-10-26,1,12160,12160,9.186,9.19,DDP,Ocean,False
PO0003611,V0048,PCB / PCBA,Plant-Guadalajara-MX,2025-09-13,2025-10-26,2025-10-26,0,1915,1915,62.444,63.278,DDP,Air,True
PO0003612,V0048,PCB / PCBA,Plant-Guadalajara-MX,2025-09-17,2025-11-06,2025-11-06,0,1791,1791,29.339,27.537,DDP,Ocean,False
PO0003613,V0048,PCB / PCBA,Plant-Guadalajara-MX,2025-09-20,2025-11-02,2025-11-10,8,3150,3150,7.74,7.977,FOB,Ocean,False
PO0003614,V0048,PCB / PCBA,Plant-Penang-MY,2025-10-06,2025-11-17,2025-11-17,0,4678,4678,34.215,33.67,DDP,Ocean,False
PO0003615,V0048,PCB / PCBA,Plant-Guadalajara-MX,2025-10-10,2025-12-01,2025-12-01,0,7787,7787,54.773,53.641,FOB,Ocean,False
PO0003616,V0048,PCB / PCBA,Plant-Austin-US,2025-10-23,2025-12-07,2025-12-12,5,3964,3964,60.831,61.533,CIF,Ocean,False
PO0003617,V0048,PCB / PCBA,Plant-Guadalajara-MX,2025-10-24,2025-12-04,2025-12-25,21,19772,19772,39.148,40.359,DDP,Ocean,False
PO0003618,V0048,PCB / PCBA,Plant-Penang-MY,2025-11-28,2026-01-08,2026-01-26,18,766,667,76.417,76.875,CIF,Ocean,False
PO0003619,V0048,PCB / PCBA,Plant-Guadalajara-MX,2025-12-20,2026-02-06,2026-03-03,25,3641,3641,55.763,55.182,EXW,Ocean,False
PO0003620,V0048,PCB / PCBA,Plant-Penang-MY,2025-12-22,2026-02-03,2026-02-03,0,3547,3547,80.065,77.248,EXW,Truck,False
PO0003621,V0048,PCB / PCBA,Plant-Austin-US,2025-12-25,2026-02-17,2026-02-17,0,10410,10410,12.27,12.48,FOB,Ocean,False
PO0003622,V0048,PCB / PCBA,Plant-Penang-MY,2025-12-29,2026-02-09,2026-02-12,3,2656,2656,8.009,7.722,DDP,Ocean,False
PO0003623,V0048,PCB / PCBA,Plant-Brno-CZ,2026-01-03,2026-02-19,2026-02-20,1,8802,8802,10.383,10.454,DDP,Ocean,False
PO0003624,V0048,PCB / PCBA,Plant-Brno-CZ,2026-01-08,2026-02-20,2026-02-20,0,325,325,29.61,28.557,CIF,Air,True
PO0003625,V0048,PCB / PCBA,Plant-Austin-US,2026-02-15,2026-04-05,2026-04-05,0,1035,1035,42.171,42.13,CIF,Ocean,False
PO0003626,V0048,PCB / PCBA,Plant-Penang-MY,2026-02-22,2026-04-04,2026-04-04,0,1031,1031,23.702,23.385,DDP,Ocean,False
PO0003627,V0048,PCB / PCBA,Plant-Penang-MY,2026-03-13,2026-05-02,2026-05-05,3,5932,5932,81.382,84.203,DDP,Air,False
PO0003628,V0048,PCB / PCBA,Plant-Penang-MY,2026-03-28,2026-05-16,2026-05-16,0,1707,1707,12.933,13.232,FOB,Air,False
PO0003629,V0048,PCB / PCBA,Plant-Penang-MY,2026-04-15,2026-06-05,2026-06-05,0,4568,4568,46.263,45.424,DDP,Ocean,False
PO0003630,V0048,PCB / PCBA,Plant-Austin-US,2026-05-04,2026-06-19,2026-06-19,0,200000,200000,41.284,40.841,DDP,Ocean,False
PO0003631,V0048,PCB / PCBA,Plant-Penang-MY,2026-05-15,2026-06-25,2026-06-25,0,2559,2559,19.845,19.688,DDP,Ocean,False
PO0003632,V0048,PCB / PCBA,Plant-Guadalajara-MX,2026-05-28,2026-07-06,2026-07-06,0,15558,15558,22.943,23.019,CIF,Ocean,False
PO0003633,V0048,PCB / PCBA,Plant-Guadalajara-MX,2026-06-10,2026-07-25,2026-07-25,0,9913,9913,78.994,79.221,DDP,Truck,False
PO0003634,V0049,PCB / PCBA,Plant-Penang-MY,2022-03-20,2022-05-05,2022-05-05,0,55628,49325,64.982,65.201,EXW,Ocean,False
PO0003635,V0049,PCB / PCBA,Plant-Penang-MY,2022-03-25,2022-05-10,2022-05-10,0,743,743,47.159,48.977,EXW,Air,False
PO0003636,V0049,PCB / PCBA,Plant-Austin-US,2022-04-10,2022-05-22,2022-05-24,2,3961,3961,87.366,87.322,EXW,Ocean,False
PO0003637,V0049,PCB / PCBA,Plant-Brno-CZ,2022-06-15,2022-07-28,2022-07-28,0,15011,15011,26.008,23.58,DDP,Air,False
PO0003638,V0049,PCB / PCBA,Plant-Guadalajara-MX,2022-06-23,2022-08-10,2022-08-10,0,754,754,63.743,62.107,EXW,Ocean,False
PO0003639,V0049,PCB / PCBA,Plant-Austin-US,2022-09-09,2022-10-23,2022-10-23,0,4004,4004,70.627,67.932,CIF,Ocean,False
PO0003640,V0049,PCB / PCBA,Plant-Guadalajara-MX,2022-11-04,2022-12-23,2022-12-23,0,344,344,7.09,7.562,FOB,Air,False
PO0003641,V0049,PCB / PCBA,Plant-Guadalajara-MX,2022-12-02,2023-01-22,2023-01-23,1,2464,2464,10.136,9.641,FOB,Truck,False
PO0003642,V0049,PCB / PCBA,Plant-Austin-US,2023-01-23,2023-03-16,2023-03-23,7,4220,4220,88.245,92.783,CIF,Ocean,False
PO0003643,V0049,PCB / PCBA,Plant-Brno-CZ,2023-02-08,2023-03-29,2023-03-29,0,4465,4465,73.894,72.312,FOB,Ocean,False
PO0003644,V0049,PCB / PCBA,Plant-Guadalajara-MX,2023-02-16,2023-04-05,2023-04-05,0,1671,1671,65.067,68.175,EXW,Truck,False
PO0003645,V0049,PCB / PCBA,Plant-Brno-CZ,2023-02-24,2023-04-12,2023-04-12,0,9139,9139,35.076,36.259,DDP,Truck,False
PO0003646,V0049,PCB / PCBA,Plant-Guadalajara-MX,2023-09-23,2023-11-10,2023-11-13,3,12951,12951,80.096,75.401,DDP,Ocean,False
PO0003647,V0049,PCB / PCBA,Plant-Austin-US,2023-10-20,2023-12-06,2023-12-07,1,1939,1939,24.841,25.808,FOB,Ocean,False
PO0003648,V0049,PCB / PCBA,Plant-Brno-CZ,2024-02-23,2024-04-05,2024-04-06,1,2006,2006,44.798,42.998,DDP,Ocean,False
PO0003649,V0049,PCB / PCBA,Plant-Austin-US,2024-04-20,2024-06-04,2024-06-04,0,1841,1841,27.284,26.652,CIF,Ocean,False
PO0003650,V0049,PCB / PCBA,Plant-Austin-US,2024-05-20,2024-07-07,2024-07-07,0,984,984,13.78,14.277,EXW,Ocean,False
PO0003651,V0049,PCB / PCBA,Plant-Guadalajara-MX,2024-05-21,2024-07-03,2024-07-03,0,3598,3598,70.815,68.958,FOB,Ocean,False
PO0003652,V0049,PCB / PCBA,Plant-Guadalajara-MX,2024-07-05,2024-08-19,2024-08-19,0,2214,2214,87.315,87.708,EXW,Ocean,False
PO0003653,V0049,PCB / PCBA,Plant-Brno-CZ,2024-07-15,2024-09-06,2024-09-07,1,9450,9450,22.272,21.263,FOB,Ocean,False
PO0003654,V0049,PCB / PCBA,Plant-Austin-US,2024-08-25,2024-10-05,2024-10-07,2,17732,17732,42.282,42.741,DDP,Ocean,False
PO0003655,V0049,PCB / PCBA,Plant-Penang-MY,2024-10-26,2024-12-08,2024-12-08,0,13876,13876,69.088,73.573,CIF,Truck,False
PO0003656,V0049,PCB / PCBA,Plant-Austin-US,2025-01-26,2025-03-15,2025-03-15,0,4642,4642,76.222,71.53,FOB,Air,True
PO0003657,V0049,PCB / PCBA,Plant-Guadalajara-MX,2025-03-28,2025-05-15,2025-05-18,3,1476,1476,61.158,59.946,DDP,Air,False
PO0003658,V0049,PCB / PCBA,Plant-Guadalajara-MX,2025-08-06,2025-09-17,2025-09-17,0,17228,17228,39.027,41.903,EXW,Ocean,False
PO0003659,V0049,PCB / PCBA,Plant-Guadalajara-MX,2025-10-07,2025-11-13,2025-11-13,0,4231,3124,66.767,61.89,DDP,Air,True
PO0003660,V0049,PCB / PCBA,Plant-Brno-CZ,2025-10-28,2025-12-16,2025-12-16,0,1100,1100,6.16,5.846,EXW,Air,True
PO0003661,V0049,PCB / PCBA,Plant-Guadalajara-MX,2025-11-15,2025-12-29,2025-12-29,0,11969,11969,55.835,54.889,FOB,Truck,False
PO0003662,V0049,PCB / PCBA,Plant-Guadalajara-MX,2026-01-09,2026-02-26,2026-02-26,0,3358,3358,53.554,51.323,FOB,Ocean,False
PO0003663,V0049,PCB / PCBA,Plant-Austin-US,2026-01-14,2026-02-28,2026-02-28,0,1965,1965,54.6,56.166,DDP,Truck,False
PO0003664,V0049,PCB / PCBA,Plant-Guadalajara-MX,2026-02-02,2026-03-16,2026-03-17,1,24268,24268,68.653,73.798,CIF,Ocean,False
PO0003665,V0049,PCB / PCBA,Plant-Brno-CZ,2026-02-08,2026-03-19,2026-03-19,0,12276,12276,55.698,55.031,EXW,Truck,False
PO0003666,V0049,PCB / PCBA,Plant-Brno-CZ,2026-04-14,2026-05-26,2026-05-26,0,2669,2669,75.989,80.322,CIF,Ocean,False
PO0003667,V0049,PCB / PCBA,Plant-Brno-CZ,2026-05-03,2026-06-21,2026-06-21,0,6062,6062,79.541,78.169,CIF,Ocean,False
PO0003668,V0049,PCB / PCBA,Plant-Guadalajara-MX,2026-05-20,2026-06-29,2026-06-29,0,3971,3971,55.163,54.757,EXW,Ocean,False
PO0003669,V0050,Passive Components,Plant-Brno-CZ,2022-01-11,2022-02-07,2022-02-07,0,27960,27960,2.403,2.611,DDP,Truck,False
PO0003670,V0050,Passive Components,Plant-Penang-MY,2022-01-15,2022-02-15,2022-02-15,0,7428,7428,2.367,2.581,DDP,Ocean,False
PO0003671,V0050,Passive Components,Plant-Austin-US,2022-01-31,2022-03-04,2022-03-05,1,7974,7974,1.741,1.739,CIF,Ocean,False
PO0003672,V0050,Passive Components,Plant-Penang-MY,2022-02-21,2022-03-28,2022-03-29,1,2918,2918,0.769,0.804,DDP,Ocean,False
PO0003673,V0050,Passive Components,Plant-Penang-MY,2022-02-26,2022-03-24,2022-03-24,0,12052,12052,0.44,0.419,CIF,Ocean,False
PO0003674,V0050,Passive Components,Plant-Austin-US,2022-02-28,2022-03-30,2022-03-30,0,19454,18429,2.131,2.123,CIF,Ocean,False
PO0003675,V0050,Passive Components,Plant-Penang-MY,2022-04-02,2022-05-01,2022-05-01,0,4534,4534,0.398,0.371,FOB,Ocean,False
PO0003676,V0050,Passive Components,Plant-Brno-CZ,2022-04-08,2022-05-11,2022-05-24,13,11604,11604,0.277,0.297,CIF,Ocean,False
PO0003677,V0050,Passive Components,Plant-Brno-CZ,2022-05-05,2022-05-25,2022-06-05,11,8581,8581,1.779,2.064,DDP,Air,False
PO0003678,V0050,Passive Components,Plant-Austin-US,2022-06-12,2022-07-12,2022-07-12,0,17852,17852,0.701,0.602,EXW,Ocean,False
PO0003679,V0050,Passive Components,Plant-Guadalajara-MX,2022-06-15,2022-07-14,2022-07-31,17,2631,2631,2.457,2.525,DDP,Ocean,False
PO0003680,V0050,Passive Components,Plant-Penang-MY,2022-07-24,2022-08-25,2022-08-25,0,79094,79094,0.051,0.053,EXW,Ocean,False
PO0003681,V0050,Passive Components,Plant-Brno-CZ,2022-08-03,2022-09-01,2022-09-01,0,339,339,2.931,3.014,DDP,Ocean,False
PO0003682,V0050,Passive Components,Plant-Brno-CZ,2022-10-01,2022-10-28,2022-10-28,0,1283,1283,0.556,0.592,DDP,Ocean,False
PO0003683,V0050,Passive Components,Plant-Austin-US,2022-11-04,2022-12-03,2022-12-04,1,56300,49189,2.394,2.394,EXW,Ocean,False
PO0003684,V0050,Passive Components,Plant-Guadalajara-MX,2022-11-06,2022-12-03,2022-12-03,0,8930,8930,1.997,1.861,EXW,Ocean,False
PO0003685,V0050,Passive Components,Plant-Penang-MY,2022-11-19,2022-12-22,2023-01-04,13,6459,6459,0.792,0.698,DDP,Ocean,False
PO0003686,V0050,Passive Components,Plant-Guadalajara-MX,2023-03-18,2023-04-11,2023-04-11,0,5919,5919,2.563,2.49,CIF,Truck,False
PO0003687,V0050,Passive Components,Plant-Guadalajara-MX,2023-04-14,2023-05-15,2023-05-15,0,30732,30732,1.799,1.897,FOB,Truck,False
PO0003688,V0050,Passive Components,Plant-Penang-MY,2023-04-17,2023-05-21,2023-05-21,0,3396,3396,0.77,0.727,CIF,Truck,False
PO0003689,V0050,Passive Components,Plant-Austin-US,2023-06-06,2023-07-06,2023-07-08,2,6864,6864,1.291,1.142,FOB,Ocean,False
PO0003690,V0050,Passive Components,Plant-Austin-US,2023-06-09,2023-07-04,2023-07-04,0,19138,19138,1.697,1.767,EXW,Ocean,False
PO0003691,V0050,Passive Components,Plant-Austin-US,2023-07-18,2023-08-17,2023-08-17,0,6063,6063,1.074,0.993,FOB,Truck,False
PO0003692,V0050,Passive Components,Plant-Guadalajara-MX,2023-08-01,2023-09-01,2023-09-01,0,8423,8423,0.467,0.432,EXW,Truck,False
PO0003693,V0050,Passive Components,Plant-Guadalajara-MX,2023-08-08,2023-09-11,2023-09-15,4,1446,1446,1.432,1.412,CIF,Truck,False
PO0003694,V0050,Passive Components,Plant-Brno-CZ,2023-08-11,2023-09-09,2023-09-09,0,6573,6573,2.915,2.827,CIF,Ocean,False
PO0003695,V0050,Passive Components,Plant-Guadalajara-MX,2023-08-16,2023-09-11,2023-09-12,1,5964,4279,0.505,0.484,EXW,Ocean,False
PO0003696,V0050,Passive Components,Plant-Brno-CZ,2023-11-13,2023-12-12,2023-12-15,3,7907,7907,0.886,0.775,CIF,Truck,False
PO0003697,V0050,Passive Components,Plant-Guadalajara-MX,2023-11-18,2023-12-20,2023-12-22,2,8575,7489,2.45,2.244,FOB,Ocean,False
PO0003698,V0050,Passive Components,Plant-Austin-US,2023-11-28,2024-01-02,2024-01-06,4,3236,3236,0.481,0.547,FOB,Truck,False
PO0003699,V0050,Passive Components,Plant-Brno-CZ,2023-12-12,2024-01-08,2024-01-13,5,2478,2478,2.968,2.759,DDP,Ocean,False
PO0003700,V0050,Passive Components,Plant-Guadalajara-MX,2024-01-03,2024-02-02,2024-02-02,0,2013,2013,0.161,0.171,EXW,Ocean,False
PO0003701,V0050,Passive Components,Plant-Austin-US,2024-01-20,2024-02-19,2024-02-19,0,9876,9876,0.328,0.296,CIF,Air,False
PO0003702,V0050,Passive Components,Plant-Austin-US,2024-01-28,2024-02-27,2024-03-23,25,7667,7667,1.159,1.194,EXW,Ocean,False
PO0003703,V0050,Passive Components,Plant-Brno-CZ,2024-02-05,2024-03-06,2024-03-11,5,257,257,0.163,0.162,DDP,Air,False
PO0003704,V0050,Passive Components,Plant-Penang-MY,2024-02-07,2024-03-10,2024-03-10,0,3779,3779,1.184,1.191,FOB,Ocean,False
PO0003705,V0050,Passive Components,Plant-Austin-US,2024-03-03,2024-03-25,2024-04-16,22,1191,1191,1.252,1.059,DDP,Ocean,False
PO0003706,V0050,Passive Components,Plant-Austin-US,2024-03-21,2024-04-18,2024-04-18,0,2487,2487,2.803,2.86,CIF,Ocean,False
PO0003707,V0050,Passive Components,Plant-Brno-CZ,2024-04-09,2024-05-09,2024-05-10,1,6351,6351,1.409,1.569,CIF,Truck,False
PO0003708,V0050,Passive Components,Plant-Penang-MY,2024-05-03,2024-06-01,2024-06-22,21,21855,21855,2.86,2.807,EXW,Ocean,False
PO0003709,V0050,Passive Components,Plant-Austin-US,2024-05-05,2024-05-31,2024-05-31,0,10218,10218,0.617,0.604,EXW,Ocean,False
PO0003710,V0050,Passive Components,Plant-Brno-CZ,2024-05-14,2024-06-13,2024-06-13,0,601,601,2.036,2.069,CIF,Ocean,False
PO0003711,V0050,Passive Components,Plant-Penang-MY,2024-06-27,2024-07-27,2024-07-27,0,32315,32315,0.178,0.184,DDP,Ocean,False
PO0003712,V0050,Passive Components,Plant-Penang-MY,2024-08-07,2024-09-03,2024-09-05,2,4850,4384,2.43,2.406,DDP,Ocean,False
PO0003713,V0050,Passive Components,Plant-Guadalajara-MX,2024-08-19,2024-09-15,2024-09-15,0,8364,8364,0.414,0.431,DDP,Truck,False
PO0003714,V0050,Passive Components,Plant-Penang-MY,2024-09-18,2024-10-19,2024-10-20,1,1539,1539,1.347,1.312,DDP,Ocean,False
PO0003715,V0050,Passive Components,Plant-Guadalajara-MX,2024-10-10,2024-11-14,2024-11-14,0,5594,5594,1.982,1.931,DDP,Ocean,False
PO0003716,V0050,Passive Components,Plant-Brno-CZ,2024-10-16,2024-11-22,2024-11-26,4,3471,3471,0.645,0.646,DDP,Ocean,False
PO0003717,V0050,Passive Components,Plant-Austin-US,2024-10-21,2024-11-20,2024-11-20,0,2002,2002,1.059,1.03,DDP,Air,False
PO0003718,V0050,Passive Components,Plant-Austin-US,2024-11-01,2024-12-09,2024-12-10,1,5519,5519,1.575,1.518,DDP,Air,False
PO0003719,V0050,Passive Components,Plant-Brno-CZ,2024-11-04,2024-12-02,2024-12-03,1,1226,1226,0.767,0.85,EXW,Ocean,False
PO0003720,V0050,Passive Components,Plant-Austin-US,2024-12-24,2025-01-25,2025-01-27,2,7228,7228,1.188,1.266,EXW,Ocean,False
PO0003721,V0050,Passive Components,Plant-Guadalajara-MX,2025-01-15,2025-02-09,2025-02-09,0,9423,9423,1.581,1.451,FOB,Ocean,False
PO0003722,V0050,Passive Components,Plant-Guadalajara-MX,2025-01-17,2025-02-14,2025-03-17,31,18107,18107,0.982,0.97,CIF,Ocean,False
PO0003723,V0050,Passive Components,Plant-Guadalajara-MX,2025-02-25,2025-03-30,2025-03-30,0,3200,3200,1.546,1.456,FOB,Air,True
PO0003724,V0050,Passive Components,Plant-Brno-CZ,2025-03-03,2025-04-02,2025-04-02,0,2651,2651,1.883,2.046,DDP,Truck,False
PO0003725,V0050,Passive Components,Plant-Guadalajara-MX,2025-03-04,2025-03-29,2025-04-15,17,134000,129484,2.151,1.782,FOB,Ocean,False
PO0003726,V0050,Passive Components,Plant-Penang-MY,2025-03-06,2025-04-08,2025-04-08,0,3351,3351,2.585,2.519,DDP,Ocean,False
PO0003727,V0050,Passive Components,Plant-Penang-MY,2025-03-15,2025-04-15,2025-04-25,10,1479,1479,1.947,2.079,CIF,Ocean,False
PO0003728,V0050,Passive Components,Plant-Penang-MY,2025-03-31,2025-04-27,2025-04-27,0,4305,4305,0.702,0.737,DDP,Ocean,False
PO0003729,V0050,Passive Components,Plant-Penang-MY,2025-04-06,2025-05-06,2025-05-06,0,9249,9249,0.844,0.754,CIF,Truck,False
PO0003730,V0050,Passive Components,Plant-Brno-CZ,2025-04-20,2025-05-17,2025-06-09,23,3153,3153,2.744,2.692,DDP,Ocean,False
PO0003731,V0050,Passive Components,Plant-Guadalajara-MX,2025-04-29,2025-05-24,2025-06-07,14,19994,19994,2.51,2.533,EXW,Ocean,False
PO0003732,V0050,Passive Components,Plant-Brno-CZ,2025-06-17,2025-07-23,2025-07-23,0,15331,12361,0.621,0.557,FOB,Ocean,False
PO0003733,V0050,Passive Components,Plant-Brno-CZ,2025-06-20,2025-07-17,2025-07-17,0,4892,4892,1.475,1.665,FOB,Ocean,False
PO0003734,V0050,Passive Components,Plant-Guadalajara-MX,2025-06-23,2025-07-26,2025-07-26,0,96029,96029,1.803,1.742,FOB,Air,False
PO0003735,V0050,Passive Components,Plant-Austin-US,2025-06-27,2025-07-22,2025-07-26,4,8452,8452,1.295,1.154,CIF,Air,False
PO0003736,V0050,Passive Components,Plant-Brno-CZ,2025-08-05,2025-09-05,2025-09-05,0,794,794,0.477,0.53,FOB,Ocean,False
PO0003737,V0050,Passive Components,Plant-Brno-CZ,2025-08-19,2025-09-19,2025-09-19,0,65296,65296,1.602,1.756,DDP,Air,False
PO0003738,V0050,Passive Components,Plant-Brno-CZ,2025-08-21,2025-09-18,2025-09-19,1,4843,4843,1.923,1.92,CIF,Truck,False
PO0003739,V0050,Passive Components,Plant-Brno-CZ,2025-08-23,2025-09-19,2025-09-19,0,12593,12593,0.253,0.23,DDP,Ocean,False
PO0003740,V0050,Passive Components,Plant-Penang-MY,2025-10-31,2025-11-30,2025-12-02,2,9430,9430,2.343,2.643,FOB,Ocean,False
PO0003741,V0050,Passive Components,Plant-Penang-MY,2025-11-07,2025-12-07,2025-12-07,0,8117,8117,1.618,1.766,EXW,Truck,False
PO0003742,V0050,Passive Components,Plant-Penang-MY,2025-11-14,2025-12-18,2025-12-31,13,47493,47493,1.07,1.128,EXW,Truck,False
PO0003743,V0050,Passive Components,Plant-Guadalajara-MX,2025-12-05,2026-01-08,2026-01-20,12,9016,9016,0.65,0.567,CIF,Ocean,False
PO0003744,V0050,Passive Components,Plant-Guadalajara-MX,2025-12-16,2026-01-16,2026-01-16,0,1349,1349,0.282,0.271,EXW,Truck,False
PO0003745,V0050,Passive Components,Plant-Penang-MY,2025-12-28,2026-01-26,2026-01-28,2,3659,3659,0.335,0.318,DDP,Ocean,False
PO0003746,V0050,Passive Components,Plant-Guadalajara-MX,2025-12-31,2026-02-02,2026-02-02,0,25752,21027,2.662,2.75,EXW,Air,False
PO0003747,V0050,Passive Components,Plant-Guadalajara-MX,2026-01-04,2026-01-31,2026-01-31,0,9584,9584,0.521,0.552,DDP,Ocean,False
PO0003748,V0050,Passive Components,Plant-Penang-MY,2026-01-25,2026-02-21,2026-02-21,0,23424,23424,1.113,1.12,DDP,Air,True
PO0003749,V0050,Passive Components,Plant-Guadalajara-MX,2026-02-14,2026-03-10,2026-03-10,0,36953,36953,1.092,1.046,DDP,Ocean,False
PO0003750,V0050,Passive Components,Plant-Austin-US,2026-02-19,2026-03-23,2026-03-23,0,41600,41600,2.267,2.565,EXW,Air,False
PO0003751,V0050,Passive Components,Plant-Guadalajara-MX,2026-02-22,2026-03-21,2026-03-21,0,19871,19871,2.855,3.023,FOB,Truck,False
PO0003752,V0050,Passive Components,Plant-Brno-CZ,2026-03-07,2026-04-11,2026-04-11,0,1462,1462,2.113,2.028,EXW,Ocean,False
PO0003753,V0050,Passive Components,Plant-Austin-US,2026-03-18,2026-04-20,2026-04-20,0,7489,7489,2.126,2.205,DDP,Truck,False
PO0003754,V0050,Passive Components,Plant-Guadalajara-MX,2026-03-28,2026-04-27,2026-04-27,0,4002,4002,1.784,1.923,FOB,Ocean,False
PO0003755,V0050,Passive Components,Plant-Guadalajara-MX,2026-04-03,2026-05-05,2026-05-06,1,2610,2610,2.585,2.526,EXW,Ocean,False
PO0003756,V0050,Passive Components,Plant-Guadalajara-MX,2026-04-08,2026-05-02,2026-05-02,0,2412,2412,0.989,1.009,EXW,Ocean,False
PO0003757,V0050,Passive Components,Plant-Brno-CZ,2026-06-18,2026-07-20,2026-07-22,2,41067,41067,1.716,1.935,EXW,Ocean,False
PO0003758,V0050,Passive Components,Plant-Brno-CZ,2026-06-29,2026-08-02,2026-08-02,0,22997,22997,2.185,1.952,EXW,Truck,False
PO0003759,V0051,Packaging,Plant-Guadalajara-MX,2022-06-14,2022-07-04,2022-07-05,1,4482,4482,0.412,0.408,FOB,Truck,False
PO0003760,V0051,Packaging,Plant-Guadalajara-MX,2022-08-02,2022-08-20,2022-08-20,0,1799,1799,3.342,3.233,FOB,Air,False
PO0003761,V0051,Packaging,Plant-Penang-MY,2022-08-17,2022-09-04,2022-09-04,0,1910,1910,4.399,4.45,CIF,Ocean,False
PO0003762,V0051,Packaging,Plant-Austin-US,2022-09-24,2022-10-13,2022-10-14,1,927,927,4.401,4.38,CIF,Truck,False
PO0003763,V0051,Packaging,Plant-Brno-CZ,2023-01-21,2023-02-15,2023-02-15,0,7800,7800,2.56,2.601,EXW,Truck,False
PO0003764,V0051,Packaging,Plant-Penang-MY,2023-03-25,2023-04-17,2023-04-18,1,5410,5410,4.777,4.768,DDP,Air,False
PO0003765,V0051,Packaging,Plant-Guadalajara-MX,2023-07-03,2023-07-26,2023-07-26,0,3473,3473,1.834,1.851,FOB,Air,False
PO0003766,V0051,Packaging,Plant-Guadalajara-MX,2023-09-09,2023-09-27,2023-09-28,1,54155,54155,1.48,1.437,FOB,Truck,False
PO0003767,V0051,Packaging,Plant-Guadalajara-MX,2023-12-18,2024-01-11,2024-01-11,0,2611,2611,4.694,4.381,CIF,Air,False
PO0003768,V0051,Packaging,Plant-Brno-CZ,2024-02-11,2024-03-01,2024-03-01,0,4767,4767,0.589,0.597,FOB,Ocean,False
PO0003769,V0051,Packaging,Plant-Austin-US,2024-03-12,2024-03-31,2024-03-31,0,5093,5093,3.899,4.005,FOB,Air,True
PO0003770,V0051,Packaging,Plant-Brno-CZ,2024-03-29,2024-04-19,2024-04-20,1,10910,10910,2.898,2.958,DDP,Ocean,False
PO0003771,V0051,Packaging,Plant-Penang-MY,2024-03-30,2024-04-18,2024-04-18,0,3939,3939,4.38,4.465,EXW,Truck,False
PO0003772,V0051,Packaging,Plant-Austin-US,2024-04-02,2024-04-22,2024-05-21,29,937,937,3.698,3.659,CIF,Truck,False
PO0003773,V0051,Packaging,Plant-Brno-CZ,2024-04-03,2024-04-21,2024-05-08,17,702,702,0.468,0.455,DDP,Ocean,False
PO0003774,V0051,Packaging,Plant-Brno-CZ,2024-04-09,2024-05-01,2024-05-01,0,4490,4490,0.101,0.098,EXW,Ocean,False
PO0003775,V0051,Packaging,Plant-Penang-MY,2024-06-21,2024-07-10,2024-07-10,0,1815,1815,2.814,2.814,FOB,Truck,False
PO0003776,V0051,Packaging,Plant-Guadalajara-MX,2024-07-11,2024-07-30,2024-07-30,0,954,954,3.813,3.855,CIF,Ocean,False
PO0003777,V0051,Packaging,Plant-Guadalajara-MX,2024-07-19,2024-08-07,2024-08-07,0,3853,3853,3.107,3.042,DDP,Truck,False
PO0003778,V0051,Packaging,Plant-Brno-CZ,2024-08-10,2024-08-29,2024-08-31,2,1444,1444,0.202,0.197,DDP,Ocean,False
PO0003779,V0051,Packaging,Plant-Austin-US,2025-01-03,2025-01-22,2025-01-22,0,13616,13616,2.622,2.538,DDP,Ocean,False
PO0003780,V0051,Packaging,Plant-Guadalajara-MX,2025-02-27,2025-03-21,2025-03-21,0,1854,1854,2.514,2.556,FOB,Ocean,False
PO0003781,V0051,Packaging,Plant-Brno-CZ,2025-03-13,2025-04-03,2025-04-04,1,6622,6622,0.159,0.151,EXW,Ocean,False
PO0003782,V0051,Packaging,Plant-Guadalajara-MX,2025-04-29,2025-05-18,2025-05-18,0,2231,2231,1.663,1.677,CIF,Ocean,False
PO0003783,V0051,Packaging,Plant-Penang-MY,2025-05-14,2025-05-31,2025-05-31,0,7391,5538,4.092,4.097,CIF,Ocean,False
PO0003784,V0051,Packaging,Plant-Guadalajara-MX,2025-06-11,2025-06-30,2025-06-30,0,4960,4960,1.904,1.897,DDP,Ocean,False
PO0003785,V0051,Packaging,Plant-Guadalajara-MX,2025-07-07,2025-07-27,2025-07-31,4,15996,15996,3.25,3.238,FOB,Truck,False
PO0003786,V0051,Packaging,Plant-Penang-MY,2025-07-18,2025-08-10,2025-08-10,0,6954,6954,3.722,3.825,EXW,Ocean,False
PO0003787,V0051,Packaging,Plant-Penang-MY,2025-10-11,2025-11-01,2025-11-01,0,1331,1331,1.813,1.806,EXW,Truck,False
PO0003788,V0051,Packaging,Plant-Austin-US,2025-10-12,2025-11-01,2025-11-18,17,35930,35930,3.784,3.863,EXW,Ocean,False
PO0003789,V0051,Packaging,Plant-Penang-MY,2025-10-13,2025-11-02,2025-11-02,0,5310,5310,3.779,3.715,DDP,Ocean,False
PO0003790,V0051,Packaging,Plant-Austin-US,2025-10-20,2025-11-03,2025-11-03,0,2994,2994,0.644,0.682,EXW,Ocean,False
PO0003791,V0051,Packaging,Plant-Austin-US,2026-02-04,2026-02-27,2026-02-27,0,8884,8884,4.184,4.276,FOB,Ocean,False
PO0003792,V0051,Packaging,Plant-Brno-CZ,2026-04-14,2026-05-01,2026-05-03,2,16945,16945,0.946,0.921,DDP,Air,False
PO0003793,V0051,Packaging,Plant-Brno-CZ,2026-04-23,2026-05-13,2026-05-13,0,25261,25261,2.898,2.88,FOB,Ocean,False
PO0003794,V0051,Packaging,Plant-Penang-MY,2026-06-07,2026-06-24,2026-06-24,0,1740,1740,0.747,0.76,FOB,Truck,False
PO0003795,V0051,Packaging,Plant-Guadalajara-MX,2026-06-09,2026-06-26,2026-06-26,0,8700,8700,1.752,1.749,CIF,Air,False
PO0003796,V0052,Passive Components,Plant-Austin-US,2022-03-16,2022-04-15,2022-04-24,9,3311,3311,2.101,1.748,DDP,Ocean,False
PO0003797,V0052,Passive Components,Plant-Austin-US,2022-04-05,2022-05-04,2022-05-04,0,6290,6290,0.242,0.23,DDP,Ocean,False
PO0003798,V0052,Passive Components,Plant-Penang-MY,2022-10-10,2022-11-08,2022-11-09,1,408,408,1.19,1.093,FOB,Truck,False
PO0003799,V0052,Passive Components,Plant-Penang-MY,2022-10-30,2022-11-25,2022-11-25,0,4737,4737,0.501,0.49,CIF,Truck,False
PO0003800,V0052,Passive Components,Plant-Austin-US,2023-05-04,2023-06-03,2023-06-03,0,4673,4673,2.26,2.469,EXW,Ocean,False
PO0003801,V0052,Passive Components,Plant-Guadalajara-MX,2023-10-11,2023-11-09,2023-11-09,0,2500,2500,1.514,1.833,EXW,Truck,False
PO0003802,V0052,Passive Components,Plant-Austin-US,2024-03-14,2024-04-11,2024-04-12,1,1566,1566,1.091,1.343,DDP,Ocean,False
PO0003803,V0052,Passive Components,Plant-Austin-US,2024-06-09,2024-07-12,2024-07-15,3,16768,16768,0.723,0.738,FOB,Air,False
PO0003804,V0052,Passive Components,Plant-Guadalajara-MX,2024-07-08,2024-08-09,2024-08-11,2,8319,7965,2.157,2.257,EXW,Ocean,False
PO0003805,V0052,Passive Components,Plant-Guadalajara-MX,2024-10-29,2024-11-27,2024-11-27,0,34747,34747,1.425,1.38,DDP,Ocean,False
PO0003806,V0052,Passive Components,Plant-Penang-MY,2024-11-17,2024-12-14,2024-12-14,0,26072,26072,0.383,0.372,CIF,Truck,False
PO0003807,V0052,Passive Components,Plant-Brno-CZ,2025-08-05,2025-09-10,2025-10-18,38,1390,1390,2.611,2.505,CIF,Ocean,False
PO0003808,V0052,Passive Components,Plant-Penang-MY,2025-09-26,2025-10-30,2025-11-22,23,1115,1115,2.076,2.026,EXW,Truck,False
PO0003809,V0052,Passive Components,Plant-Penang-MY,2025-11-16,2025-12-14,2025-12-16,2,16363,16363,1.556,1.772,FOB,Ocean,False
PO0003810,V0052,Passive Components,Plant-Brno-CZ,2026-06-24,2026-07-25,2026-07-25,0,5776,5776,2.011,1.947,FOB,Truck,False
PO0003811,V0053,Connectors,Plant-Brno-CZ,2022-01-01,2022-02-05,2022-02-06,1,7132,7132,5.509,5.557,FOB,Ocean,False
PO0003812,V0053,Connectors,Plant-Austin-US,2022-01-12,2022-02-21,2022-02-21,0,7727,7727,11.565,11.453,CIF,Ocean,False
PO0003813,V0053,Connectors,Plant-Guadalajara-MX,2022-01-21,2022-02-26,2022-02-26,0,7833,7833,3.493,3.573,EXW,Truck,False
PO0003814,V0053,Connectors,Plant-Austin-US,2022-01-24,2022-02-22,2022-02-22,0,33311,33311,0.555,0.563,CIF,Ocean,False
PO0003815,V0053,Connectors,Plant-Guadalajara-MX,2022-02-23,2022-03-31,2022-04-01,1,3373,3373,7.509,7.542,EXW,Ocean,False
PO0003816,V0053,Connectors,Plant-Austin-US,2022-02-28,2022-04-02,2022-04-02,0,5756,5756,1.249,1.254,CIF,Ocean,False
PO0003817,V0053,Connectors,Plant-Guadalajara-MX,2022-03-08,2022-04-12,2022-04-12,0,18218,18218,7.52,7.749,CIF,Ocean,False
PO0003818,V0053,Connectors,Plant-Austin-US,2022-04-27,2022-06-02,2022-06-04,2,6120,6120,13.638,13.441,DDP,Ocean,False
PO0003819,V0053,Connectors,Plant-Guadalajara-MX,2022-05-07,2022-06-10,2022-06-10,0,282,282,4.155,4.079,EXW,Air,False
PO0003820,V0053,Connectors,Plant-Penang-MY,2022-05-25,2022-06-23,2022-07-16,23,730,730,14.065,14.216,DDP,Air,False
PO0003821,V0053,Connectors,Plant-Guadalajara-MX,2022-06-01,2022-07-01,2022-07-01,0,3367,3367,4.239,4.266,EXW,Air,False
PO0003822,V0053,Connectors,Plant-Guadalajara-MX,2022-06-20,2022-07-24,2022-07-25,1,7309,7309,4.222,4.145,EXW,Ocean,False
PO0003823,V0053,Connectors,Plant-Brno-CZ,2022-07-01,2022-08-05,2022-08-07,2,39332,39332,6.609,6.68,EXW,Ocean,False
PO0003824,V0053,Connectors,Plant-Brno-CZ,2022-07-21,2022-08-22,2022-08-24,2,1197,1197,11.955,11.824,EXW,Truck,False
PO0003825,V0053,Connectors,Plant-Penang-MY,2022-07-23,2022-08-23,2022-08-23,0,13344,13344,5.015,4.922,EXW,Truck,False
PO0003826,V0053,Connectors,Plant-Brno-CZ,2022-08-10,2022-09-08,2022-09-08,0,2491,2491,14.598,14.656,CIF,Ocean,False
PO0003827,V0053,Connectors,Plant-Brno-CZ,2022-09-20,2022-10-28,2022-10-28,0,2606,2606,7.091,7.215,CIF,Truck,False
PO0003828,V0053,Connectors,Plant-Guadalajara-MX,2022-09-29,2022-11-05,2022-11-05,0,14700,14700,10.499,10.603,DDP,Ocean,False
PO0003829,V0053,Connectors,Plant-Penang-MY,2022-09-30,2022-11-06,2022-11-06,0,596,596,13.125,12.818,CIF,Ocean,False
PO0003830,V0053,Connectors,Plant-Penang-MY,2022-10-13,2022-11-16,2022-11-16,0,6901,6901,13.535,13.907,FOB,Truck,False
PO0003831,V0053,Connectors,Plant-Guadalajara-MX,2022-10-17,2022-11-16,2022-11-16,0,393,393,0.924,0.958,EXW,Air,False
PO0003832,V0053,Connectors,Plant-Brno-CZ,2022-10-28,2022-11-26,2022-11-26,0,1782,1782,9.959,10.43,EXW,Ocean,False
PO0003833,V0053,Connectors,Plant-Austin-US,2022-11-03,2022-12-11,2022-12-11,0,8197,8197,11.981,11.971,CIF,Ocean,False
PO0003834,V0053,Connectors,Plant-Guadalajara-MX,2022-11-15,2022-12-24,2022-12-24,0,1242,1242,13.503,13.617,DDP,Truck,False
PO0003835,V0053,Connectors,Plant-Penang-MY,2022-12-05,2023-01-11,2023-01-11,0,21244,21244,14.106,14.567,EXW,Truck,False
PO0003836,V0053,Connectors,Plant-Brno-CZ,2022-12-13,2023-01-15,2023-01-29,14,2991,2991,12.782,12.904,FOB,Ocean,False
PO0003837,V0053,Connectors,Plant-Austin-US,2022-12-31,2023-02-07,2023-02-07,0,1253,1253,6.037,6.172,EXW,Ocean,False
PO0003838,V0053,Connectors,Plant-Guadalajara-MX,2023-01-02,2023-02-02,2023-02-02,0,13031,13031,10.733,10.741,DDP,Ocean,False
PO0003839,V0053,Connectors,Plant-Penang-MY,2023-01-11,2023-02-18,2023-02-18,0,5685,5685,10.172,9.869,EXW,Ocean,False
PO0003840,V0053,Connectors,Plant-Guadalajara-MX,2023-01-20,2023-02-20,2023-02-20,0,19137,19137,2.791,2.773,EXW,Ocean,False
PO0003841,V0053,Connectors,Plant-Guadalajara-MX,2023-01-21,2023-02-24,2023-02-25,1,2905,2905,2.715,2.622,DDP,Truck,False
PO0003842,V0053,Connectors,Plant-Guadalajara-MX,2023-02-05,2023-03-12,2023-03-12,0,1016,1016,2.351,2.386,FOB,Ocean,False
PO0003843,V0053,Connectors,Plant-Brno-CZ,2023-02-19,2023-03-20,2023-03-20,0,1717,1717,14.726,15.118,DDP,Ocean,False
PO0003844,V0053,Connectors,Plant-Brno-CZ,2023-02-28,2023-04-04,2023-04-04,0,72776,72776,5.124,5.121,CIF,Ocean,False
PO0003845,V0053,Connectors,Plant-Penang-MY,2023-03-03,2023-04-08,2023-04-08,0,11024,11024,5.573,5.526,EXW,Ocean,False
PO0003846,V0053,Connectors,Plant-Brno-CZ,2023-03-10,2023-04-16,2023-04-19,3,2784,2784,14.198,13.68,EXW,Ocean,False
PO0003847,V0053,Connectors,Plant-Guadalajara-MX,2023-03-12,2023-04-10,2023-04-12,2,737,737,11.738,11.707,FOB,Ocean,False
PO0003848,V0053,Connectors,Plant-Brno-CZ,2023-03-26,2023-04-25,2023-04-25,0,1956,1956,2.713,2.751,EXW,Truck,False
PO0003849,V0053,Connectors,Plant-Brno-CZ,2023-03-28,2023-04-30,2023-05-02,2,3047,3047,8.144,8.09,FOB,Air,False
PO0003850,V0053,Connectors,Plant-Guadalajara-MX,2023-03-30,2023-05-01,2023-05-01,0,8583,8583,8.846,8.984,EXW,Truck,False
PO0003851,V0053,Connectors,Plant-Guadalajara-MX,2023-04-03,2023-05-09,2023-05-10,1,10419,10419,5.126,5.242,CIF,Air,False
PO0003852,V0053,Connectors,Plant-Penang-MY,2023-04-07,2023-05-10,2023-05-10,0,5798,5798,14.002,13.995,FOB,Ocean,False
PO0003853,V0053,Connectors,Plant-Penang-MY,2023-04-09,2023-05-08,2023-05-09,1,8056,8056,0.546,0.546,CIF,Ocean,False
PO0003854,V0053,Connectors,Plant-Brno-CZ,2023-04-12,2023-05-17,2023-05-19,2,9181,9181,8.755,8.709,DDP,Air,False
PO0003855,V0053,Connectors,Plant-Brno-CZ,2023-04-17,2023-05-29,2023-05-30,1,43638,43638,5.202,5.225,FOB,Air,False
PO0003856,V0053,Connectors,Plant-Guadalajara-MX,2023-04-19,2023-05-26,2023-05-26,0,7469,7469,8.074,7.764,CIF,Ocean,False
PO0003857,V0053,Connectors,Plant-Penang-MY,2023-05-16,2023-06-22,2023-06-24,2,10761,10761,14.059,14.566,FOB,Air,False
PO0003858,V0053,Connectors,Plant-Guadalajara-MX,2023-06-22,2023-07-22,2023-07-24,2,12124,12124,4.097,4.094,CIF,Ocean,False
PO0003859,V0053,Connectors,Plant-Austin-US,2023-06-30,2023-08-06,2023-08-07,1,6210,6210,5.726,5.777,CIF,Air,False
PO0003860,V0053,Connectors,Plant-Penang-MY,2023-07-03,2023-08-05,2023-08-07,2,200000,200000,10.421,10.06,FOB,Ocean,False
PO0003861,V0053,Connectors,Plant-Guadalajara-MX,2023-07-21,2023-08-17,2023-08-18,1,1554,1554,1.24,1.255,EXW,Ocean,False
PO0003862,V0053,Connectors,Plant-Brno-CZ,2023-07-23,2023-08-27,2023-08-27,0,2073,2073,0.887,0.877,DDP,Air,True
PO0003863,V0053,Connectors,Plant-Brno-CZ,2023-07-28,2023-08-31,2023-08-31,0,1752,1752,9.482,9.83,DDP,Ocean,False
PO0003864,V0053,Connectors,Plant-Guadalajara-MX,2023-08-01,2023-09-08,2023-09-08,0,3359,3359,10.158,10.368,FOB,Ocean,False
PO0003865,V0053,Connectors,Plant-Guadalajara-MX,2023-08-21,2023-09-29,2023-09-29,0,2846,2846,4.449,4.556,EXW,Air,False
PO0003866,V0053,Connectors,Plant-Brno-CZ,2023-09-28,2023-11-01,2023-11-01,0,3478,3478,2.598,2.552,EXW,Ocean,False
PO0003867,V0053,Connectors,Plant-Brno-CZ,2023-10-01,2023-11-06,2023-11-06,0,12470,12470,3.445,3.389,DDP,Truck,False
PO0003868,V0053,Connectors,Plant-Austin-US,2023-10-03,2023-11-11,2023-11-16,5,5338,5338,4.101,4.177,EXW,Ocean,False
PO0003869,V0053,Connectors,Plant-Austin-US,2023-10-10,2023-11-11,2023-11-11,0,5021,5021,9.432,9.727,CIF,Truck,False
PO0003870,V0053,Connectors,Plant-Guadalajara-MX,2023-10-11,2023-11-21,2023-11-21,0,438,438,9.726,9.691,CIF,Ocean,False
PO0003871,V0053,Connectors,Plant-Penang-MY,2023-11-14,2023-12-19,2023-12-19,0,1705,1705,4.854,4.805,EXW,Truck,False
PO0003872,V0053,Connectors,Plant-Austin-US,2023-11-21,2023-12-23,2023-12-25,2,78240,78240,7.638,7.642,DDP,Ocean,False
PO0003873,V0053,Connectors,Plant-Guadalajara-MX,2023-12-02,2024-01-10,2024-01-10,0,7779,7779,8.663,8.542,CIF,Ocean,False
PO0003874,V0053,Connectors,Plant-Guadalajara-MX,2023-12-05,2024-01-10,2024-01-10,0,4716,4716,14.351,14.488,FOB,Air,False
PO0003875,V0053,Connectors,Plant-Penang-MY,2023-12-11,2024-01-14,2024-01-14,0,1457,1457,9.924,9.983,DDP,Ocean,False
PO0003876,V0053,Connectors,Plant-Penang-MY,2024-01-12,2024-02-14,2024-02-14,0,2834,2834,10.818,10.886,DDP,Air,False
PO0003877,V0053,Connectors,Plant-Brno-CZ,2024-02-11,2024-03-14,2024-03-14,0,2136,2136,2.049,2.022,CIF,Ocean,False
PO0003878,V0053,Connectors,Plant-Penang-MY,2024-03-13,2024-04-18,2024-04-20,2,43826,33868,11.176,11.339,DDP,Ocean,False
PO0003879,V0053,Connectors,Plant-Austin-US,2024-03-21,2024-04-26,2024-04-26,0,17747,17747,5.858,5.939,EXW,Ocean,False
PO0003880,V0053,Connectors,Plant-Guadalajara-MX,2024-04-01,2024-05-08,2024-05-08,0,17319,17319,8.488,8.709,CIF,Ocean,False
PO0003881,V0053,Connectors,Plant-Austin-US,2024-04-20,2024-05-25,2024-05-26,1,427,427,7.596,7.652,DDP,Ocean,False
PO0003882,V0053,Connectors,Plant-Penang-MY,2024-04-29,2024-05-30,2024-05-30,0,5706,5706,1.158,1.172,FOB,Ocean,False
PO0003883,V0053,Connectors,Plant-Austin-US,2024-05-08,2024-06-16,2024-06-16,0,5161,5161,5.206,5.087,CIF,Ocean,False
PO0003884,V0053,Connectors,Plant-Guadalajara-MX,2024-05-19,2024-06-18,2024-06-18,0,7033,7033,14.644,14.775,DDP,Ocean,False
PO0003885,V0053,Connectors,Plant-Austin-US,2024-05-25,2024-06-27,2024-06-27,0,4057,4057,8.891,8.863,DDP,Ocean,False
PO0003886,V0053,Connectors,Plant-Brno-CZ,2024-05-28,2024-06-25,2024-06-25,0,6850,6850,11.664,11.736,FOB,Ocean,False
PO0003887,V0053,Connectors,Plant-Brno-CZ,2024-05-29,2024-06-23,2024-06-23,0,5191,5191,1.327,1.352,EXW,Ocean,False
PO0003888,V0053,Connectors,Plant-Brno-CZ,2024-07-06,2024-08-13,2024-08-13,0,12427,12427,10.239,10.004,EXW,Ocean,False
PO0003889,V0053,Connectors,Plant-Penang-MY,2024-08-11,2024-09-09,2024-09-10,1,1319,1319,14.789,14.739,EXW,Ocean,False
PO0003890,V0053,Connectors,Plant-Guadalajara-MX,2024-09-17,2024-10-16,2024-10-16,0,5693,5693,12.009,12.475,DDP,Truck,False
PO0003891,V0053,Connectors,Plant-Brno-CZ,2024-09-25,2024-10-29,2024-10-29,0,369,369,4.545,4.417,FOB,Air,True
PO0003892,V0053,Connectors,Plant-Austin-US,2024-10-17,2024-11-23,2024-11-23,0,552,552,10.299,10.257,EXW,Truck,False
PO0003893,V0053,Connectors,Plant-Penang-MY,2024-10-21,2024-11-29,2024-11-30,1,1063,1063,10.44,10.111,CIF,Truck,False
PO0003894,V0053,Connectors,Plant-Brno-CZ,2024-10-30,2024-12-05,2024-12-05,0,5367,5367,7.775,7.771,DDP,Ocean,False
PO0003895,V0053,Connectors,Plant-Brno-CZ,2024-11-09,2024-12-17,2024-12-17,0,10291,10291,3.27,3.184,EXW,Ocean,False
PO0003896,V0053,Connectors,Plant-Austin-US,2024-11-27,2025-01-09,2025-01-09,0,5187,5187,1.504,1.539,DDP,Ocean,False
PO0003897,V0053,Connectors,Plant-Penang-MY,2024-12-15,2025-01-14,2025-01-17,3,46316,46316,9.289,9.341,FOB,Truck,False
PO0003898,V0053,Connectors,Plant-Penang-MY,2025-01-26,2025-03-04,2025-03-06,2,10509,10509,7.219,7.228,EXW,Ocean,False
PO0003899,V0053,Connectors,Plant-Penang-MY,2025-02-15,2025-03-24,2025-03-25,1,54917,54917,7.359,7.545,EXW,Ocean,False
PO0003900,V0053,Connectors,Plant-Penang-MY,2025-02-21,2025-04-01,2025-04-01,0,2254,2254,8.877,8.81,CIF,Ocean,False
PO0003901,V0053,Connectors,Plant-Penang-MY,2025-02-24,2025-04-03,2025-04-04,1,3668,3668,14.779,15.27,DDP,Ocean,False
PO0003902,V0053,Connectors,Plant-Brno-CZ,2025-02-25,2025-03-26,2025-03-26,0,77974,77974,11.639,11.829,EXW,Ocean,False
PO0003903,V0053,Connectors,Plant-Austin-US,2025-03-20,2025-04-19,2025-05-31,42,14160,14160,14.051,13.82,FOB,Ocean,False
PO0003904,V0053,Connectors,Plant-Austin-US,2025-03-23,2025-05-01,2025-05-01,0,12241,12241,11.736,11.3,DDP,Air,True
PO0003905,V0053,Connectors,Plant-Guadalajara-MX,2025-03-25,2025-04-30,2025-04-30,0,5726,5726,12.429,12.355,FOB,Truck,False
PO0003906,V0053,Connectors,Plant-Austin-US,2025-03-27,2025-04-29,2025-04-30,1,5150,5150,10.376,10.611,CIF,Air,False
PO0003907,V0053,Connectors,Plant-Brno-CZ,2025-03-30,2025-04-28,2025-04-28,0,12483,10568,4.821,4.991,DDP,Ocean,False
PO0003908,V0053,Connectors,Plant-Penang-MY,2025-04-04,2025-05-11,2025-05-24,13,7485,7485,11.329,10.726,DDP,Truck,False
PO0003909,V0053,Connectors,Plant-Guadalajara-MX,2025-05-10,2025-06-13,2025-06-13,0,4637,4637,6.511,6.359,DDP,Ocean,False
PO0003910,V0053,Connectors,Plant-Austin-US,2025-05-11,2025-06-12,2025-06-15,3,3928,3928,11.704,11.641,EXW,Ocean,False
PO0003911,V0053,Connectors,Plant-Austin-US,2025-05-12,2025-06-14,2025-06-14,0,10798,10798,1.88,1.965,CIF,Truck,False
PO0003912,V0053,Connectors,Plant-Austin-US,2025-05-17,2025-06-22,2025-06-22,0,9254,9254,1.853,1.909,DDP,Truck,False
PO0003913,V0053,Connectors,Plant-Austin-US,2025-05-25,2025-06-29,2025-06-29,0,4809,4809,9.234,8.86,EXW,Ocean,False
PO0003914,V0053,Connectors,Plant-Brno-CZ,2025-05-27,2025-06-30,2025-06-30,0,11828,11828,4.813,4.658,DDP,Ocean,False
PO0003915,V0053,Connectors,Plant-Guadalajara-MX,2025-06-26,2025-07-29,2025-07-29,0,14826,14826,12.359,13.02,EXW,Ocean,False
PO0003916,V0053,Connectors,Plant-Brno-CZ,2025-06-30,2025-08-10,2025-08-10,0,1679,1679,0.504,0.505,FOB,Air,False
PO0003917,V0053,Connectors,Plant-Penang-MY,2025-07-08,2025-08-08,2025-08-09,1,4336,4336,2.504,2.459,EXW,Truck,False
PO0003918,V0053,Connectors,Plant-Guadalajara-MX,2025-07-09,2025-08-14,2025-08-14,0,7774,7774,6.253,6.202,FOB,Ocean,False
PO0003919,V0053,Connectors,Plant-Brno-CZ,2025-07-18,2025-08-18,2025-08-18,0,7778,7778,9.287,9.061,CIF,Ocean,False
PO0003920,V0053,Connectors,Plant-Penang-MY,2025-07-26,2025-08-31,2025-09-06,6,100210,100210,12.661,12.969,CIF,Ocean,False
PO0003921,V0053,Connectors,Plant-Austin-US,2025-07-30,2025-08-30,2025-08-30,0,222,222,7.237,7.12,DDP,Air,False
PO0003922,V0053,Connectors,Plant-Penang-MY,2025-08-16,2025-09-22,2025-09-22,0,7868,7868,13.199,13.314,EXW,Ocean,False
PO0003923,V0053,Connectors,Plant-Brno-CZ,2025-08-27,2025-09-28,2025-09-28,0,2248,2248,9.249,9.208,CIF,Ocean,False
PO0003924,V0053,Connectors,Plant-Brno-CZ,2025-08-29,2025-10-02,2025-10-02,0,2161,2161,14.214,14.137,CIF,Ocean,False
PO0003925,V0053,Connectors,Plant-Penang-MY,2025-09-12,2025-10-12,2025-10-12,0,806,806,0.724,0.715,DDP,Truck,False
PO0003926,V0053,Connectors,Plant-Penang-MY,2025-09-14,2025-10-15,2025-10-15,0,18047,18047,3.815,3.803,FOB,Air,False
PO0003927,V0053,Connectors,Plant-Guadalajara-MX,2025-09-21,2025-10-26,2025-10-26,0,4410,4410,9.399,8.987,FOB,Ocean,False
PO0003928,V0053,Connectors,Plant-Guadalajara-MX,2025-10-10,2025-11-10,2025-11-12,2,30256,30256,10.6,10.461,FOB,Truck,False
PO0003929,V0053,Connectors,Plant-Penang-MY,2025-10-13,2025-11-17,2025-11-17,0,7265,7265,11.526,10.966,DDP,Truck,False
PO0003930,V0053,Connectors,Plant-Brno-CZ,2025-11-01,2025-12-14,2025-12-15,1,7964,7964,11.928,11.636,EXW,Truck,False
PO0003931,V0053,Connectors,Plant-Brno-CZ,2025-11-04,2025-12-08,2026-01-01,24,8715,8715,8.354,8.06,DDP,Truck,False
PO0003932,V0053,Connectors,Plant-Austin-US,2025-11-27,2026-01-04,2026-01-04,0,5227,5227,8.241,8.001,EXW,Ocean,False
PO0003933,V0053,Connectors,Plant-Penang-MY,2025-11-28,2026-01-03,2026-01-09,6,5325,5325,5.353,5.359,EXW,Ocean,False
PO0003934,V0053,Connectors,Plant-Guadalajara-MX,2025-12-21,2026-01-24,2026-01-24,0,2858,2858,3.083,3.05,DDP,Ocean,False
PO0003935,V0053,Connectors,Plant-Guadalajara-MX,2026-01-21,2026-02-23,2026-02-23,0,4886,4886,1.777,1.747,CIF,Ocean,False
PO0003936,V0053,Connectors,Plant-Penang-MY,2026-02-08,2026-03-25,2026-03-25,0,37573,37573,9.673,9.743,DDP,Ocean,False
PO0003937,V0053,Connectors,Plant-Austin-US,2026-02-20,2026-03-26,2026-03-26,0,2902,2902,11.422,11.682,DDP,Truck,False
PO0003938,V0053,Connectors,Plant-Penang-MY,2026-02-23,2026-04-01,2026-04-01,0,11764,11764,10.383,10.524,FOB,Air,False
PO0003939,V0053,Connectors,Plant-Penang-MY,2026-03-19,2026-04-28,2026-04-30,2,4670,4670,2.941,2.894,EXW,Ocean,False
PO0003940,V0053,Connectors,Plant-Penang-MY,2026-03-23,2026-04-27,2026-04-27,0,5324,3895,12.5,12.487,DDP,Ocean,False
PO0003941,V0053,Connectors,Plant-Austin-US,2026-04-15,2026-05-20,2026-05-20,0,14546,14546,12.753,12.878,CIF,Truck,False
PO0003942,V0053,Connectors,Plant-Guadalajara-MX,2026-04-28,2026-06-06,2026-06-08,2,5857,5857,6.629,6.703,EXW,Truck,False
PO0003943,V0053,Connectors,Plant-Brno-CZ,2026-05-28,2026-07-01,2026-07-02,1,3646,3646,7.913,7.764,DDP,Ocean,False
PO0003944,V0053,Connectors,Plant-Penang-MY,2026-06-03,2026-07-13,2026-07-13,0,5306,5306,14.162,14.406,DDP,Air,False
PO0003945,V0053,Connectors,Plant-Brno-CZ,2026-06-17,2026-07-15,2026-07-17,2,4162,4162,3.142,3.099,CIF,Ocean,False
PO0003946,V0053,Connectors,Plant-Austin-US,2026-06-26,2026-07-21,2026-07-21,0,2962,2962,14.52,14.483,FOB,Ocean,False
PO0003947,V0054,Enclosures / Metal,Plant-Guadalajara-MX,2022-01-08,2022-02-15,2022-02-15,0,25724,25724,44.221,44.212,CIF,Ocean,False
PO0003948,V0054,Enclosures / Metal,Plant-Penang-MY,2022-01-09,2022-02-19,2022-02-19,0,12266,12266,1.204,1.191,CIF,Air,False
PO0003949,V0054,Enclosures / Metal,Plant-Brno-CZ,2022-01-15,2022-02-16,2022-02-17,1,3908,3908,38.27,39.11,DDP,Ocean,False
PO0003950,V0054,Enclosures / Metal,Plant-Guadalajara-MX,2022-01-16,2022-02-28,2022-02-28,0,12108,12108,34.89,35.337,DDP,Truck,False
PO0003951,V0054,Enclosures / Metal,Plant-Penang-MY,2022-01-28,2022-03-06,2022-03-06,0,30568,30568,5.915,6.008,EXW,Ocean,False
PO0003952,V0054,Enclosures / Metal,Plant-Austin-US,2022-02-03,2022-03-25,2022-03-25,0,3603,3603,10.758,10.476,EXW,Truck,False
PO0003953,V0054,Enclosures / Metal,Plant-Brno-CZ,2022-02-07,2022-03-24,2022-03-24,0,10060,7828,43.296,43.198,CIF,Ocean,False
PO0003954,V0054,Enclosures / Metal,Plant-Brno-CZ,2022-02-08,2022-03-14,2022-03-15,1,1646,1646,35.326,34.468,DDP,Ocean,False
PO0003955,V0054,Enclosures / Metal,Plant-Brno-CZ,2022-02-19,2022-03-25,2022-03-25,0,2634,2634,38.317,39.326,CIF,Air,False
PO0003956,V0054,Enclosures / Metal,Plant-Brno-CZ,2022-02-24,2022-04-10,2022-04-10,0,8202,8202,5.439,5.411,EXW,Ocean,False
PO0003957,V0054,Enclosures / Metal,Plant-Penang-MY,2022-02-25,2022-03-26,2022-03-26,0,1375,1375,29.73,30.39,DDP,Air,False
PO0003958,V0054,Enclosures / Metal,Plant-Austin-US,2022-02-27,2022-04-07,2022-04-07,0,1586,1586,27.938,27.616,DDP,Truck,False
PO0003959,V0054,Enclosures / Metal,Plant-Brno-CZ,2022-03-02,2022-04-07,2022-04-07,0,11726,11726,41.647,41.906,DDP,Ocean,False
PO0003960,V0054,Enclosures / Metal,Plant-Guadalajara-MX,2022-03-05,2022-04-19,2022-04-21,2,3130,3130,41.806,40.055,FOB,Truck,False
PO0003961,V0054,Enclosures / Metal,Plant-Guadalajara-MX,2022-03-09,2022-04-20,2022-05-05,15,846,846,37.341,35.733,CIF,Truck,False
PO0003962,V0054,Enclosures / Metal,Plant-Austin-US,2022-03-17,2022-05-01,2022-05-01,0,840,840,1.044,1.046,DDP,Ocean,False
PO0003963,V0054,Enclosures / Metal,Plant-Penang-MY,2022-03-29,2022-05-15,2022-06-16,32,5096,5096,14.133,14.45,CIF,Air,False
PO0003964,V0054,Enclosures / Metal,Plant-Brno-CZ,2022-03-31,2022-05-14,2022-05-14,0,7892,7892,32.644,31.915,FOB,Ocean,False
PO0003965,V0054,Enclosures / Metal,Plant-Austin-US,2022-04-10,2022-05-20,2022-05-22,2,2565,2565,41.081,42.621,DDP,Truck,False
PO0003966,V0054,Enclosures / Metal,Plant-Guadalajara-MX,2022-04-17,2022-05-22,2022-05-22,0,527,527,30.91,30.494,CIF,Ocean,False
PO0003967,V0054,Enclosures / Metal,Plant-Penang-MY,2022-04-20,2022-06-03,2022-06-20,17,5053,5053,13.474,14.191,CIF,Air,False
PO0003968,V0054,Enclosures / Metal,Plant-Brno-CZ,2022-04-22,2022-05-22,2022-07-05,44,416,416,18.196,17.959,CIF,Ocean,False
PO0003969,V0054,Enclosures / Metal,Plant-Guadalajara-MX,2022-04-30,2022-06-09,2022-06-09,0,2514,2514,36.851,37.328,EXW,Ocean,False
PO0003970,V0054,Enclosures / Metal,Plant-Austin-US,2022-05-01,2022-06-04,2022-06-10,6,19646,19646,37.039,37.016,CIF,Truck,False
PO0003971,V0054,Enclosures / Metal,Plant-Brno-CZ,2022-05-05,2022-06-14,2022-06-14,0,6743,6743,31.068,31.121,DDP,Air,False
PO0003972,V0054,Enclosures / Metal,Plant-Brno-CZ,2022-05-07,2022-06-13,2022-07-16,33,5329,5329,9.37,9.179,CIF,Air,False
PO0003973,V0054,Enclosures / Metal,Plant-Brno-CZ,2022-05-15,2022-06-24,2022-06-24,0,1326,1326,11.271,11.39,FOB,Truck,False
PO0003974,V0054,Enclosures / Metal,Plant-Penang-MY,2022-05-17,2022-06-25,2022-06-27,2,12745,12745,37.093,38.335,CIF,Air,False
PO0003975,V0054,Enclosures / Metal,Plant-Brno-CZ,2022-05-18,2022-06-25,2022-06-27,2,1549,1549,16.607,15.746,FOB,Ocean,False
PO0003976,V0054,Enclosures / Metal,Plant-Austin-US,2022-05-24,2022-07-03,2022-07-23,20,6192,6192,1.697,1.667,DDP,Truck,False
PO0003977,V0054,Enclosures / Metal,Plant-Brno-CZ,2022-05-30,2022-07-11,2022-07-17,6,32345,32345,26.494,25.731,DDP,Ocean,False
PO0003978,V0054,Enclosures / Metal,Plant-Brno-CZ,2022-06-03,2022-07-18,2022-07-18,0,2054,2054,7.657,8.13,EXW,Truck,False
PO0003979,V0054,Enclosures / Metal,Plant-Austin-US,2022-06-13,2022-07-19,2022-09-13,56,5771,5771,35.564,36.376,FOB,Ocean,False
PO0003980,V0054,Enclosures / Metal,Plant-Brno-CZ,2022-06-15,2022-07-28,2022-08-18,21,7098,7098,4.286,4.373,FOB,Ocean,False
PO0003981,V0054,Enclosures / Metal,Plant-Brno-CZ,2022-06-17,2022-07-26,2022-07-26,0,18310,18310,5.298,5.126,FOB,Ocean,False
PO0003982,V0054,Enclosures / Metal,Plant-Brno-CZ,2022-06-19,2022-07-31,2022-08-02,2,1449,1449,27.748,29.491,DDP,Ocean,False
PO0003983,V0054,Enclosures / Metal,Plant-Austin-US,2022-06-30,2022-08-09,2022-08-31,22,990,990,35.939,35.74,FOB,Air,False
PO0003984,V0054,Enclosures / Metal,Plant-Penang-MY,2022-07-13,2022-08-20,2022-08-21,1,5656,5656,17.081,17.318,FOB,Air,False
PO0003985,V0054,Enclosures / Metal,Plant-Penang-MY,2022-07-17,2022-08-22,2022-08-22,0,13209,13209,25.711,25.727,DDP,Ocean,False
PO0003986,V0054,Enclosures / Metal,Plant-Guadalajara-MX,2022-07-20,2022-08-29,2022-08-29,0,8543,8543,41.353,41.73,CIF,Ocean,False
PO0003987,V0054,Enclosures / Metal,Plant-Guadalajara-MX,2022-07-28,2022-09-10,2022-09-10,0,866,866,2.76,2.714,EXW,Ocean,False
PO0003988,V0054,Enclosures / Metal,Plant-Penang-MY,2022-08-08,2022-09-13,2022-09-13,0,10821,10821,15.974,16.727,FOB,Ocean,False
PO0003989,V0054,Enclosures / Metal,Plant-Brno-CZ,2022-08-10,2022-09-23,2022-09-23,0,4591,4591,10.745,10.818,CIF,Ocean,False
PO0003990,V0054,Enclosures / Metal,Plant-Penang-MY,2022-08-13,2022-09-22,2022-09-22,0,21345,21345,34.559,33.951,EXW,Ocean,False
PO0003991,V0054,Enclosures / Metal,Plant-Penang-MY,2022-08-17,2022-09-25,2022-09-25,0,3265,3265,41.744,42.499,DDP,Ocean,False
PO0003992,V0054,Enclosures / Metal,Plant-Penang-MY,2022-08-22,2022-10-06,2022-10-06,0,4647,4647,21.654,22.101,FOB,Air,False
PO0003993,V0054,Enclosures / Metal,Plant-Guadalajara-MX,2022-08-30,2022-10-09,2022-10-09,0,3422,3422,31.418,31.04,EXW,Ocean,False
PO0003994,V0054,Enclosures / Metal,Plant-Guadalajara-MX,2022-09-22,2022-10-30,2022-10-30,0,5434,5434,18.276,18.196,EXW,Truck,False
PO0003995,V0054,Enclosures / Metal,Plant-Penang-MY,2022-09-24,2022-11-06,2022-11-06,0,4017,4017,39.215,39.338,EXW,Ocean,False
PO0003996,V0054,Enclosures / Metal,Plant-Guadalajara-MX,2022-10-06,2022-11-10,2022-11-10,0,4993,4993,3.872,3.9,EXW,Ocean,False
PO0003997,V0054,Enclosures / Metal,Plant-Brno-CZ,2022-10-09,2022-11-16,2022-11-17,1,1061,1061,31.649,32.152,EXW,Air,False
PO0003998,V0054,Enclosures / Metal,Plant-Guadalajara-MX,2022-10-10,2022-11-17,2022-11-17,0,6219,6219,32.301,32.576,CIF,Truck,False
PO0003999,V0054,Enclosures / Metal,Plant-Penang-MY,2022-10-18,2022-11-22,2022-11-22,0,6184,6184,30.96,30.211,DDP,Ocean,False
PO0004000,V0054,Enclosures / Metal,Plant-Guadalajara-MX,2022-10-23,2022-11-26,2022-11-26,0,4215,4215,43.038,43.342,FOB,Air,False
PO0004001,V0054,Enclosures / Metal,Plant-Penang-MY,2022-10-24,2022-11-28,2022-11-28,0,1177,1177,2.124,2.119,CIF,Truck,False
PO0004002,V0054,Enclosures / Metal,Plant-Austin-US,2022-10-28,2022-12-12,2022-12-12,0,13553,13553,12.917,12.921,EXW,Ocean,False
PO0004003,V0054,Enclosures / Metal,Plant-Brno-CZ,2022-11-04,2022-12-21,2022-12-21,0,6662,6662,17.505,17.968,DDP,Truck,False
PO0004004,V0054,Enclosures / Metal,Plant-Guadalajara-MX,2022-11-11,2022-12-24,2022-12-24,0,20334,20334,23.277,22.638,EXW,Air,True
PO0004005,V0054,Enclosures / Metal,Plant-Penang-MY,2022-11-12,2022-12-27,2022-12-29,2,2002,2002,44.704,45.985,EXW,Ocean,False
PO0004006,V0054,Enclosures / Metal,Plant-Brno-CZ,2022-11-15,2022-12-20,2022-12-20,0,11716,11716,34.208,34.193,CIF,Truck,False
PO0004007,V0054,Enclosures / Metal,Plant-Brno-CZ,2022-12-06,2023-01-16,2023-01-16,0,54181,54181,20.636,20.473,CIF,Ocean,False
PO0004008,V0054,Enclosures / Metal,Plant-Brno-CZ,2022-12-26,2023-02-11,2023-02-11,0,45924,45924,31.455,31.845,FOB,Ocean,False
PO0004009,V0054,Enclosures / Metal,Plant-Penang-MY,2022-12-28,2023-02-02,2023-02-02,0,5293,5293,41.686,42.434,CIF,Ocean,False
PO0004010,V0054,Enclosures / Metal,Plant-Guadalajara-MX,2023-01-08,2023-02-17,2023-02-17,0,3569,3569,24.942,24.2,CIF,Air,False
PO0004011,V0054,Enclosures / Metal,Plant-Penang-MY,2023-01-09,2023-02-15,2023-02-15,0,1035,1035,2.992,2.901,FOB,Air,False
PO0004012,V0054,Enclosures / Metal,Plant-Penang-MY,2023-01-12,2023-02-24,2023-02-24,0,15140,15140,17.65,17.588,DDP,Ocean,False
PO0004013,V0054,Enclosures / Metal,Plant-Austin-US,2023-01-19,2023-02-24,2023-02-25,1,2493,2493,30.831,30.955,CIF,Air,False
PO0004014,V0054,Enclosures / Metal,Plant-Penang-MY,2023-01-21,2023-03-02,2023-03-03,1,11336,11336,38.217,39.177,FOB,Ocean,False
PO0004015,V0054,Enclosures / Metal,Plant-Austin-US,2023-01-23,2023-03-08,2023-03-08,0,14277,14277,14.826,15.258,EXW,Truck,False
PO0004016,V0054,Enclosures / Metal,Plant-Austin-US,2023-02-09,2023-03-18,2023-03-18,0,63698,63698,18.377,18.678,EXW,Truck,False
PO0004017,V0054,Enclosures / Metal,Plant-Austin-US,2023-02-22,2023-04-09,2023-04-09,0,2439,2439,8.084,7.871,FOB,Ocean,False
PO0004018,V0054,Enclosures / Metal,Plant-Guadalajara-MX,2023-02-25,2023-04-07,2023-04-28,21,8566,8566,7.412,7.275,CIF,Ocean,False
PO0004019,V0054,Enclosures / Metal,Plant-Guadalajara-MX,2023-02-26,2023-04-06,2023-04-06,0,9668,9668,33.301,32.855,CIF,Air,False
PO0004020,V0054,Enclosures / Metal,Plant-Brno-CZ,2023-03-02,2023-04-09,2023-04-09,0,12638,12638,44.631,43.863,CIF,Ocean,False
PO0004021,V0054,Enclosures / Metal,Plant-Penang-MY,2023-03-07,2023-04-15,2023-04-15,0,3272,3272,16.13,15.709,EXW,Ocean,False
PO0004022,V0054,Enclosures / Metal,Plant-Guadalajara-MX,2023-04-12,2023-05-24,2023-05-24,0,512,512,9.133,9.161,FOB,Air,False
PO0004023,V0054,Enclosures / Metal,Plant-Penang-MY,2023-04-17,2023-05-28,2023-05-28,0,11770,11770,37.546,37.117,FOB,Air,False
PO0004024,V0054,Enclosures / Metal,Plant-Guadalajara-MX,2023-04-19,2023-05-24,2023-05-24,0,2904,2904,19.681,20.256,CIF,Truck,False
PO0004025,V0054,Enclosures / Metal,Plant-Brno-CZ,2023-04-30,2023-06-09,2023-06-10,1,37978,37978,4.706,4.686,DDP,Ocean,False
PO0004026,V0054,Enclosures / Metal,Plant-Austin-US,2023-05-05,2023-06-11,2023-06-11,0,4722,4722,3.253,3.141,EXW,Ocean,False
PO0004027,V0054,Enclosures / Metal,Plant-Guadalajara-MX,2023-05-11,2023-06-16,2023-06-16,0,2832,2832,23.007,23.904,DDP,Ocean,False
PO0004028,V0054,Enclosures / Metal,Plant-Brno-CZ,2023-05-15,2023-06-28,2023-06-28,0,1351,1351,7.701,7.546,FOB,Ocean,False
PO0004029,V0054,Enclosures / Metal,Plant-Guadalajara-MX,2023-05-26,2023-07-08,2023-07-08,0,2621,2621,42.699,42.756,FOB,Truck,False
PO0004030,V0054,Enclosures / Metal,Plant-Guadalajara-MX,2023-05-28,2023-07-10,2023-07-10,0,946,946,15.19,14.985,DDP,Ocean,False
PO0004031,V0054,Enclosures / Metal,Plant-Austin-US,2023-06-11,2023-07-17,2023-07-17,0,4270,4270,8.045,8.048,DDP,Ocean,False
PO0004032,V0054,Enclosures / Metal,Plant-Brno-CZ,2023-06-12,2023-07-22,2023-07-22,0,14224,14224,22.927,22.583,CIF,Truck,False
PO0004033,V0054,Enclosures / Metal,Plant-Brno-CZ,2023-06-16,2023-07-20,2023-07-20,0,4824,4824,19.039,19.68,FOB,Ocean,False
PO0004034,V0054,Enclosures / Metal,Plant-Brno-CZ,2023-06-22,2023-07-31,2023-07-31,0,876,876,18.224,18.683,EXW,Ocean,False
PO0004035,V0054,Enclosures / Metal,Plant-Guadalajara-MX,2023-06-28,2023-08-02,2023-08-03,1,15781,15781,18.073,17.605,EXW,Truck,False
PO0004036,V0054,Enclosures / Metal,Plant-Brno-CZ,2023-07-04,2023-08-18,2023-08-21,3,1961,1961,16.077,15.968,EXW,Ocean,False
PO0004037,V0054,Enclosures / Metal,Plant-Penang-MY,2023-07-20,2023-09-02,2023-09-06,4,1125,1125,39.779,40.489,CIF,Ocean,False
PO0004038,V0054,Enclosures / Metal,Plant-Penang-MY,2023-07-22,2023-08-27,2023-08-28,1,2384,2384,41.569,41.6,EXW,Ocean,False
PO0004039,V0054,Enclosures / Metal,Plant-Austin-US,2023-07-31,2023-08-27,2023-08-27,0,6295,6295,32.514,32.064,CIF,Ocean,False
PO0004040,V0054,Enclosures / Metal,Plant-Austin-US,2023-08-15,2023-09-20,2023-09-20,0,26234,26234,24.825,25.398,EXW,Truck,False
PO0004041,V0054,Enclosures / Metal,Plant-Brno-CZ,2023-08-17,2023-09-29,2023-09-29,0,14454,14454,32.803,31.53,DDP,Air,True
PO0004042,V0054,Enclosures / Metal,Plant-Guadalajara-MX,2023-09-01,2023-10-11,2023-10-11,0,6955,6955,3.305,3.332,FOB,Ocean,False
PO0004043,V0054,Enclosures / Metal,Plant-Penang-MY,2023-09-09,2023-10-16,2023-10-16,0,26309,26309,23.405,24.015,FOB,Ocean,False
PO0004044,V0054,Enclosures / Metal,Plant-Penang-MY,2023-10-01,2023-11-10,2023-11-10,0,8368,8368,11.475,11.697,CIF,Air,True
PO0004045,V0054,Enclosures / Metal,Plant-Austin-US,2023-10-21,2023-11-28,2023-11-28,0,4831,4831,32.151,32.254,CIF,Air,True
PO0004046,V0054,Enclosures / Metal,Plant-Penang-MY,2023-10-23,2023-12-03,2023-12-03,0,5100,5100,4.663,4.714,EXW,Ocean,False
PO0004047,V0054,Enclosures / Metal,Plant-Brno-CZ,2023-12-08,2024-01-13,2024-01-29,16,1966,1966,32.041,33.737,FOB,Ocean,False
PO0004048,V0054,Enclosures / Metal,Plant-Guadalajara-MX,2023-12-09,2024-01-14,2024-01-14,0,2672,2672,9.121,9.38,CIF,Ocean,False
PO0004049,V0054,Enclosures / Metal,Plant-Guadalajara-MX,2023-12-13,2024-01-21,2024-01-21,0,1192,1192,22.834,21.9,CIF,Ocean,False
PO0004050,V0054,Enclosures / Metal,Plant-Guadalajara-MX,2024-01-01,2024-02-10,2024-02-11,1,9626,9626,32.213,31.607,CIF,Truck,False
PO0004051,V0054,Enclosures / Metal,Plant-Guadalajara-MX,2024-01-04,2024-02-09,2024-02-10,1,1990,1990,4.43,4.431,EXW,Truck,False
PO0004052,V0054,Enclosures / Metal,Plant-Brno-CZ,2024-01-11,2024-02-29,2024-04-01,32,423,423,27.468,26.944,DDP,Ocean,False
PO0004053,V0054,Enclosures / Metal,Plant-Guadalajara-MX,2024-01-24,2024-03-03,2024-03-04,1,4596,4596,28.353,27.099,EXW,Ocean,False
PO0004054,V0054,Enclosures / Metal,Plant-Penang-MY,2024-01-28,2024-03-02,2024-03-02,0,13162,13162,37.033,36.698,EXW,Air,True
PO0004055,V0054,Enclosures / Metal,Plant-Penang-MY,2024-01-30,2024-03-10,2024-03-10,0,13912,13912,20.665,20.245,EXW,Ocean,False
PO0004056,V0054,Enclosures / Metal,Plant-Penang-MY,2024-02-09,2024-03-24,2024-03-26,2,715,715,32.582,33.516,DDP,Ocean,False
PO0004057,V0054,Enclosures / Metal,Plant-Brno-CZ,2024-02-14,2024-03-26,2024-03-26,0,5837,5837,35.474,33.94,DDP,Ocean,False
PO0004058,V0054,Enclosures / Metal,Plant-Austin-US,2024-02-15,2024-03-25,2024-03-25,0,1507,1507,42.521,44.017,DDP,Ocean,False
PO0004059,V0054,Enclosures / Metal,Plant-Brno-CZ,2024-02-22,2024-04-07,2024-04-29,22,2010,2010,40.27,39.925,EXW,Air,False
PO0004060,V0054,Enclosures / Metal,Plant-Brno-CZ,2024-02-29,2024-04-09,2024-04-09,0,439,439,30.112,29.208,EXW,Ocean,False
PO0004061,V0054,Enclosures / Metal,Plant-Guadalajara-MX,2024-03-02,2024-04-04,2024-04-04,0,1466,1031,28.773,29.399,CIF,Ocean,False
PO0004062,V0054,Enclosures / Metal,Plant-Penang-MY,2024-03-15,2024-04-18,2024-04-18,0,14564,14564,23.871,24.189,EXW,Ocean,False
PO0004063,V0054,Enclosures / Metal,Plant-Penang-MY,2024-03-23,2024-04-28,2024-04-28,0,7935,7935,8.107,7.907,DDP,Ocean,False
PO0004064,V0054,Enclosures / Metal,Plant-Penang-MY,2024-03-27,2024-05-04,2024-06-07,34,8758,8758,10.369,9.965,CIF,Air,False
PO0004065,V0054,Enclosures / Metal,Plant-Brno-CZ,2024-03-31,2024-05-09,2024-05-18,9,20445,20445,13.533,13.502,EXW,Ocean,False
PO0004066,V0054,Enclosures / Metal,Plant-Austin-US,2024-04-04,2024-05-06,2024-05-06,0,30676,30676,28.931,28.509,CIF,Air,True
PO0004067,V0054,Enclosures / Metal,Plant-Penang-MY,2024-04-08,2024-05-19,2024-05-20,1,44071,44071,20.304,21.056,DDP,Truck,False
PO0004068,V0054,Enclosures / Metal,Plant-Brno-CZ,2024-04-15,2024-05-22,2024-06-03,12,14648,14648,32.433,31.269,FOB,Ocean,False
PO0004069,V0054,Enclosures / Metal,Plant-Brno-CZ,2024-04-22,2024-05-29,2024-05-29,0,638,638,12.481,12.334,CIF,Ocean,False
PO0004070,V0054,Enclosures / Metal,Plant-Brno-CZ,2024-04-28,2024-06-05,2024-06-06,1,1788,1788,30.825,30.807,FOB,Ocean,False
PO0004071,V0054,Enclosures / Metal,Plant-Austin-US,2024-05-02,2024-06-01,2024-06-08,7,5229,5229,23.061,23.7,EXW,Ocean,False
PO0004072,V0054,Enclosures / Metal,Plant-Penang-MY,2024-05-11,2024-06-19,2024-08-07,49,847,847,32.536,31.859,DDP,Ocean,False
PO0004073,V0054,Enclosures / Metal,Plant-Austin-US,2024-05-14,2024-06-18,2024-06-19,1,6556,6556,15.038,14.87,DDP,Air,False
PO0004074,V0054,Enclosures / Metal,Plant-Austin-US,2024-05-21,2024-06-28,2024-07-12,14,11877,11877,41.797,41.863,EXW,Ocean,False
PO0004075,V0054,Enclosures / Metal,Plant-Guadalajara-MX,2024-05-29,2024-07-13,2024-07-14,1,22105,22105,13.273,14.015,CIF,Truck,False
PO0004076,V0054,Enclosures / Metal,Plant-Penang-MY,2024-06-04,2024-07-06,2024-07-06,0,435,435,18.076,18.357,CIF,Truck,False
PO0004077,V0054,Enclosures / Metal,Plant-Austin-US,2024-06-11,2024-07-19,2024-07-19,0,40660,40660,31.216,31.416,DDP,Air,False
PO0004078,V0054,Enclosures / Metal,Plant-Penang-MY,2024-06-22,2024-08-04,2024-08-05,1,9029,9029,29.095,28.574,EXW,Truck,False
PO0004079,V0054,Enclosures / Metal,Plant-Penang-MY,2024-06-26,2024-08-04,2024-08-04,0,2221,2221,7.849,7.751,FOB,Air,True
PO0004080,V0054,Enclosures / Metal,Plant-Austin-US,2024-07-06,2024-08-15,2024-08-15,0,3484,3484,40.658,41.709,EXW,Ocean,False
PO0004081,V0054,Enclosures / Metal,Plant-Brno-CZ,2024-07-23,2024-09-01,2024-09-01,0,15109,15109,7.398,7.432,CIF,Air,True
PO0004082,V0054,Enclosures / Metal,Plant-Penang-MY,2024-08-01,2024-09-12,2024-09-12,0,4281,4281,10.172,10.359,DDP,Air,False
PO0004083,V0054,Enclosures / Metal,Plant-Brno-CZ,2024-08-02,2024-09-13,2024-09-13,0,67781,67781,3.829,3.793,EXW,Ocean,False
PO0004084,V0054,Enclosures / Metal,Plant-Guadalajara-MX,2024-08-07,2024-09-16,2024-09-16,0,3581,3581,32.61,33.646,EXW,Ocean,False
PO0004085,V0054,Enclosures / Metal,Plant-Austin-US,2024-08-17,2024-09-27,2024-09-27,0,413,413,15.918,15.445,CIF,Ocean,False
PO0004086,V0054,Enclosures / Metal,Plant-Brno-CZ,2024-08-19,2024-09-27,2024-09-27,0,7573,7573,40.817,39.77,DDP,Ocean,False
PO0004087,V0054,Enclosures / Metal,Plant-Brno-CZ,2024-08-23,2024-10-06,2024-10-07,1,12102,11064,36.166,36.389,FOB,Truck,False
PO0004088,V0054,Enclosures / Metal,Plant-Austin-US,2024-08-31,2024-10-08,2024-10-09,1,9984,9984,7.787,7.769,EXW,Ocean,False
PO0004089,V0054,Enclosures / Metal,Plant-Brno-CZ,2024-09-15,2024-10-22,2024-10-22,0,1734,1734,39.926,38.933,FOB,Truck,False
PO0004090,V0054,Enclosures / Metal,Plant-Penang-MY,2024-09-18,2024-10-29,2024-10-29,0,2500,2500,23.864,23.818,DDP,Ocean,False
PO0004091,V0054,Enclosures / Metal,Plant-Penang-MY,2024-10-01,2024-11-10,2024-11-10,0,3777,3777,34.769,35.525,FOB,Ocean,False
PO0004092,V0054,Enclosures / Metal,Plant-Austin-US,2024-10-09,2024-11-09,2024-11-13,4,2192,2192,38.068,38.665,FOB,Truck,False
PO0004093,V0054,Enclosures / Metal,Plant-Guadalajara-MX,2024-10-12,2024-11-21,2024-11-21,0,29415,29415,17.342,17.101,FOB,Truck,False
PO0004094,V0054,Enclosures / Metal,Plant-Brno-CZ,2024-10-15,2024-11-23,2024-11-23,0,5846,5846,9.491,9.542,CIF,Ocean,False
PO0004095,V0054,Enclosures / Metal,Plant-Brno-CZ,2024-10-19,2024-11-28,2024-11-28,0,1411,1411,18.448,19.124,EXW,Ocean,False
PO0004096,V0054,Enclosures / Metal,Plant-Brno-CZ,2024-10-24,2024-12-01,2024-12-01,0,2052,2052,6.949,6.877,CIF,Ocean,False
PO0004097,V0054,Enclosures / Metal,Plant-Austin-US,2024-10-25,2024-12-08,2024-12-09,1,33166,33166,6.046,6.152,CIF,Truck,False
PO0004098,V0054,Enclosures / Metal,Plant-Penang-MY,2024-10-28,2024-12-04,2024-12-04,0,4405,4405,38.441,38.596,DDP,Truck,False
PO0004099,V0054,Enclosures / Metal,Plant-Brno-CZ,2024-10-30,2024-12-15,2024-12-15,0,2712,2712,1.281,1.298,FOB,Ocean,False
PO0004100,V0054,Enclosures / Metal,Plant-Penang-MY,2024-10-31,2024-12-04,2024-12-08,4,2184,2184,37.379,38.33,FOB,Truck,False
PO0004101,V0054,Enclosures / Metal,Plant-Brno-CZ,2024-11-16,2024-12-25,2024-12-28,3,26172,26172,15.922,15.466,FOB,Ocean,False
PO0004102,V0054,Enclosures / Metal,Plant-Guadalajara-MX,2024-11-18,2025-01-02,2025-01-02,0,17399,17399,21.999,22.288,EXW,Ocean,False
PO0004103,V0054,Enclosures / Metal,Plant-Guadalajara-MX,2024-12-08,2025-01-17,2025-01-17,0,1214,1214,21.941,21.631,EXW,Air,False
PO0004104,V0054,Enclosures / Metal,Plant-Penang-MY,2024-12-16,2025-01-29,2025-01-30,1,9023,9023,33.217,33.094,DDP,Air,False
PO0004105,V0054,Enclosures / Metal,Plant-Penang-MY,2024-12-21,2025-01-28,2025-01-31,3,3186,3186,38.099,37.636,CIF,Air,False
PO0004106,V0054,Enclosures / Metal,Plant-Guadalajara-MX,2024-12-23,2025-01-30,2025-01-30,0,854,854,33.42,33.112,CIF,Ocean,False
PO0004107,V0054,Enclosures / Metal,Plant-Guadalajara-MX,2024-12-29,2025-02-08,2025-02-08,0,2556,2556,43.305,43.412,FOB,Ocean,False
PO0004108,V0054,Enclosures / Metal,Plant-Austin-US,2025-01-10,2025-02-20,2025-02-20,0,958,958,5.798,5.486,CIF,Truck,False
PO0004109,V0054,Enclosures / Metal,Plant-Penang-MY,2025-01-15,2025-02-22,2025-02-22,0,5453,5453,35.827,35.735,FOB,Ocean,False
PO0004110,V0054,Enclosures / Metal,Plant-Penang-MY,2025-02-04,2025-03-18,2025-03-18,0,49002,49002,35.223,35.935,CIF,Air,False
PO0004111,V0054,Enclosures / Metal,Plant-Guadalajara-MX,2025-03-03,2025-04-07,2025-04-07,0,5297,5297,28.328,29.241,EXW,Air,False
PO0004112,V0054,Enclosures / Metal,Plant-Brno-CZ,2025-03-05,2025-04-21,2025-04-21,0,15480,15480,40.487,41.985,EXW,Air,True
PO0004113,V0054,Enclosures / Metal,Plant-Guadalajara-MX,2025-03-31,2025-05-11,2025-05-14,3,1340,1340,3.148,3.261,EXW,Ocean,False
PO0004114,V0054,Enclosures / Metal,Plant-Guadalajara-MX,2025-04-05,2025-05-12,2025-05-12,0,9327,9327,14.346,14.52,DDP,Ocean,False
PO0004115,V0054,Enclosures / Metal,Plant-Brno-CZ,2025-04-16,2025-05-23,2025-05-23,0,3416,3416,16.599,17.044,FOB,Ocean,False
PO0004116,V0054,Enclosures / Metal,Plant-Guadalajara-MX,2025-04-19,2025-05-30,2025-05-30,0,1926,1926,23.125,24.102,DDP,Ocean,False
PO0004117,V0054,Enclosures / Metal,Plant-Brno-CZ,2025-04-23,2025-05-31,2025-06-24,24,366,366,9.289,9.392,DDP,Ocean,False
PO0004118,V0054,Enclosures / Metal,Plant-Guadalajara-MX,2025-04-29,2025-06-08,2025-06-23,15,8678,8678,16.037,16.091,CIF,Ocean,False
PO0004119,V0054,Enclosures / Metal,Plant-Austin-US,2025-05-05,2025-06-13,2025-06-13,0,4138,4138,36.648,36.259,FOB,Air,True
PO0004120,V0054,Enclosures / Metal,Plant-Austin-US,2025-05-09,2025-06-14,2025-06-14,0,8533,8533,30.812,31.876,CIF,Air,False
PO0004121,V0054,Enclosures / Metal,Plant-Austin-US,2025-05-15,2025-06-24,2025-07-07,13,2786,1999,13.663,13.175,DDP,Truck,False
PO0004122,V0054,Enclosures / Metal,Plant-Penang-MY,2025-05-19,2025-06-29,2025-06-29,0,7919,7919,18.968,18.982,EXW,Ocean,False
PO0004123,V0054,Enclosures / Metal,Plant-Guadalajara-MX,2025-05-21,2025-06-25,2025-06-27,2,14355,14355,8.532,8.565,CIF,Ocean,False
PO0004124,V0054,Enclosures / Metal,Plant-Penang-MY,2025-05-23,2025-06-21,2025-06-21,0,1521,1521,26.647,25.61,DDP,Ocean,False
PO0004125,V0054,Enclosures / Metal,Plant-Austin-US,2025-06-03,2025-07-20,2025-07-20,0,661,661,8.661,8.571,DDP,Ocean,False
PO0004126,V0054,Enclosures / Metal,Plant-Austin-US,2025-06-08,2025-07-22,2025-07-22,0,10391,10391,30.27,29.35,DDP,Ocean,False
PO0004127,V0054,Enclosures / Metal,Plant-Brno-CZ,2025-06-12,2025-07-22,2025-07-24,2,23299,23299,22.856,23.609,FOB,Ocean,False
PO0004128,V0054,Enclosures / Metal,Plant-Penang-MY,2025-06-19,2025-07-25,2025-08-21,27,13644,13644,36.667,35.359,EXW,Ocean,False
PO0004129,V0054,Enclosures / Metal,Plant-Brno-CZ,2025-06-22,2025-08-07,2025-08-07,0,3264,3264,27.705,26.841,EXW,Air,False
PO0004130,V0054,Enclosures / Metal,Plant-Austin-US,2025-07-06,2025-08-28,2025-08-29,1,1299,1299,13.172,13.445,DDP,Ocean,False
PO0004131,V0054,Enclosures / Metal,Plant-Austin-US,2025-07-08,2025-08-14,2025-08-24,10,5026,5026,18.98,18.122,EXW,Ocean,False
PO0004132,V0054,Enclosures / Metal,Plant-Austin-US,2025-07-13,2025-08-29,2025-08-29,0,4553,4553,12.763,12.791,CIF,Air,False
PO0004133,V0054,Enclosures / Metal,Plant-Guadalajara-MX,2025-08-24,2025-09-26,2025-09-26,0,3192,3192,25.923,26.661,FOB,Air,False
PO0004134,V0054,Enclosures / Metal,Plant-Guadalajara-MX,2025-08-31,2025-10-04,2025-10-10,6,3914,3914,44.37,45.998,CIF,Ocean,False
PO0004135,V0054,Enclosures / Metal,Plant-Austin-US,2025-09-03,2025-10-15,2025-11-10,26,35922,35922,39.717,40.882,FOB,Truck,False
PO0004136,V0054,Enclosures / Metal,Plant-Guadalajara-MX,2025-09-08,2025-10-18,2025-10-18,0,5312,5312,38.883,39.406,EXW,Ocean,False
PO0004137,V0054,Enclosures / Metal,Plant-Brno-CZ,2025-09-12,2025-10-21,2025-10-22,1,7093,7093,19.478,18.995,CIF,Ocean,False
PO0004138,V0054,Enclosures / Metal,Plant-Guadalajara-MX,2025-09-15,2025-10-23,2025-10-23,0,7412,7412,10.694,10.68,CIF,Truck,False
PO0004139,V0054,Enclosures / Metal,Plant-Guadalajara-MX,2025-09-27,2025-11-08,2025-11-08,0,1955,1955,3.523,3.615,CIF,Ocean,False
PO0004140,V0054,Enclosures / Metal,Plant-Austin-US,2025-10-06,2025-11-26,2025-11-28,2,14490,14490,6.4,6.233,CIF,Ocean,False
PO0004141,V0054,Enclosures / Metal,Plant-Brno-CZ,2025-10-08,2025-11-18,2025-11-20,2,2795,2795,7.646,7.337,CIF,Ocean,False
PO0004142,V0054,Enclosures / Metal,Plant-Brno-CZ,2025-10-13,2025-11-20,2025-11-20,0,7044,7044,23.771,22.436,EXW,Ocean,False
PO0004143,V0054,Enclosures / Metal,Plant-Penang-MY,2025-10-23,2025-11-29,2025-11-30,1,32852,32852,14.424,15.091,FOB,Ocean,False
PO0004144,V0054,Enclosures / Metal,Plant-Penang-MY,2025-10-26,2025-12-02,2025-12-16,14,4310,4310,21.405,20.897,FOB,Ocean,False
PO0004145,V0054,Enclosures / Metal,Plant-Austin-US,2025-11-01,2025-12-21,2025-12-21,0,88361,88361,30.123,30.856,CIF,Ocean,False
PO0004146,V0054,Enclosures / Metal,Plant-Austin-US,2025-11-07,2025-12-13,2026-01-04,22,4116,4116,25.541,26.096,DDP,Truck,False
PO0004147,V0054,Enclosures / Metal,Plant-Guadalajara-MX,2025-11-10,2025-12-24,2026-01-10,17,3947,3947,22.547,22.235,CIF,Ocean,False
PO0004148,V0054,Enclosures / Metal,Plant-Austin-US,2025-11-20,2025-12-30,2026-01-11,12,1079,1079,10.172,9.673,EXW,Air,False
PO0004149,V0054,Enclosures / Metal,Plant-Austin-US,2025-12-06,2026-01-18,2026-01-18,0,2589,2589,40.224,39.031,DDP,Ocean,False
PO0004150,V0054,Enclosures / Metal,Plant-Austin-US,2025-12-15,2026-01-22,2026-01-22,0,10309,10309,24.304,24.966,DDP,Ocean,False
PO0004151,V0054,Enclosures / Metal,Plant-Brno-CZ,2026-01-03,2026-02-19,2026-02-19,0,2038,2038,9.543,9.743,DDP,Air,False
PO0004152,V0054,Enclosures / Metal,Plant-Austin-US,2026-01-18,2026-03-05,2026-03-05,0,5923,5923,18.035,18.769,EXW,Ocean,False
PO0004153,V0054,Enclosures / Metal,Plant-Brno-CZ,2026-01-20,2026-02-18,2026-02-21,3,600,600,26.215,26.686,EXW,Air,False
PO0004154,V0054,Enclosures / Metal,Plant-Penang-MY,2026-01-24,2026-02-25,2026-02-25,0,15635,15635,4.746,4.902,EXW,Truck,False
PO0004155,V0054,Enclosures / Metal,Plant-Austin-US,2026-01-25,2026-03-03,2026-03-03,0,6373,5093,18.868,18.801,DDP,Ocean,False
PO0004156,V0054,Enclosures / Metal,Plant-Guadalajara-MX,2026-01-31,2026-03-11,2026-03-11,0,862,862,14.028,14.521,CIF,Air,False
PO0004157,V0054,Enclosures / Metal,Plant-Guadalajara-MX,2026-02-10,2026-03-19,2026-03-19,0,6111,6111,20.427,20.333,CIF,Air,False
PO0004158,V0054,Enclosures / Metal,Plant-Austin-US,2026-03-05,2026-04-11,2026-04-11,0,14209,14209,44.058,43.546,FOB,Ocean,False
PO0004159,V0054,Enclosures / Metal,Plant-Penang-MY,2026-03-09,2026-04-13,2026-04-27,14,6614,6614,5.86,6.01,FOB,Air,False
PO0004160,V0054,Enclosures / Metal,Plant-Guadalajara-MX,2026-03-27,2026-05-04,2026-05-04,0,11587,11587,10.25,10.497,EXW,Air,False
PO0004161,V0054,Enclosures / Metal,Plant-Penang-MY,2026-04-03,2026-05-12,2026-05-12,0,3312,3312,8.688,8.639,EXW,Ocean,False
PO0004162,V0054,Enclosures / Metal,Plant-Penang-MY,2026-04-04,2026-05-15,2026-05-15,0,14004,14004,15.253,14.453,CIF,Ocean,False
PO0004163,V0054,Enclosures / Metal,Plant-Brno-CZ,2026-04-10,2026-05-12,2026-05-14,2,1811,1811,6.997,6.779,EXW,Air,False
PO0004164,V0054,Enclosures / Metal,Plant-Austin-US,2026-04-24,2026-06-05,2026-06-05,0,2352,2352,4.425,4.402,DDP,Ocean,False
PO0004165,V0054,Enclosures / Metal,Plant-Guadalajara-MX,2026-05-01,2026-06-09,2026-06-09,0,10092,10092,2.282,2.285,CIF,Ocean,False
PO0004166,V0054,Enclosures / Metal,Plant-Guadalajara-MX,2026-05-19,2026-06-19,2026-06-20,1,579,579,13.207,13.281,FOB,Air,False
PO0004167,V0054,Enclosures / Metal,Plant-Guadalajara-MX,2026-05-25,2026-07-05,2026-07-05,0,41590,41590,8.765,8.672,DDP,Ocean,False
PO0004168,V0054,Enclosures / Metal,Plant-Austin-US,2026-06-04,2026-07-11,2026-07-11,0,5169,5169,4.346,4.369,DDP,Ocean,False
PO0004169,V0054,Enclosures / Metal,Plant-Penang-MY,2026-06-06,2026-07-15,2026-07-16,1,2689,2689,40.208,40.697,CIF,Truck,False
PO0004170,V0054,Enclosures / Metal,Plant-Brno-CZ,2026-06-12,2026-07-26,2026-07-26,0,11498,11498,30.22,31.057,DDP,Air,True
PO0004171,V0054,Enclosures / Metal,Plant-Brno-CZ,2026-06-15,2026-07-26,2026-07-26,0,7861,7861,21.676,22.034,EXW,Truck,False
PO0004172,V0054,Enclosures / Metal,Plant-Brno-CZ,2026-06-18,2026-07-25,2026-07-25,0,14134,14134,10.589,10.686,FOB,Ocean,False
PO0004173,V0054,Enclosures / Metal,Plant-Penang-MY,2026-06-21,2026-07-31,2026-07-31,0,19134,19134,18.535,18.779,EXW,Air,False
PO0004174,V0055,Packaging,Plant-Penang-MY,2022-01-19,2022-02-09,2022-02-11,2,7239,7239,3.491,3.601,EXW,Ocean,False
PO0004175,V0055,Packaging,Plant-Brno-CZ,2022-01-24,2022-02-10,2022-02-10,0,8291,7216,1.18,1.133,FOB,Ocean,False
PO0004176,V0055,Packaging,Plant-Penang-MY,2022-01-30,2022-02-19,2022-02-25,6,1691,1691,1.02,1.182,FOB,Ocean,False
PO0004177,V0055,Packaging,Plant-Brno-CZ,2022-02-17,2022-03-12,2022-03-13,1,4012,4012,2.577,2.608,FOB,Truck,False
PO0004178,V0055,Packaging,Plant-Guadalajara-MX,2022-03-13,2022-04-03,2022-04-03,0,4288,4288,4.721,4.356,FOB,Air,False
PO0004179,V0055,Packaging,Plant-Brno-CZ,2022-04-10,2022-05-03,2022-05-03,0,4119,4119,1.772,1.759,FOB,Ocean,False
PO0004180,V0055,Packaging,Plant-Penang-MY,2022-04-25,2022-05-14,2022-05-15,1,41866,38395,3.471,3.244,CIF,Ocean,False
PO0004181,V0055,Packaging,Plant-Penang-MY,2022-05-05,2022-05-25,2022-05-25,0,3706,3706,2.875,3.044,DDP,Ocean,False
PO0004182,V0055,Packaging,Plant-Austin-US,2022-05-08,2022-05-27,2022-05-27,0,60480,60480,4.848,4.654,CIF,Ocean,False
PO0004183,V0055,Packaging,Plant-Guadalajara-MX,2022-05-12,2022-06-01,2022-06-09,8,2036,1848,1.672,1.531,CIF,Air,False
PO0004184,V0055,Packaging,Plant-Austin-US,2022-05-21,2022-06-10,2022-06-12,2,506,445,2.857,3.787,CIF,Ocean,False
PO0004185,V0055,Packaging,Plant-Guadalajara-MX,2022-06-08,2022-06-24,2022-06-25,1,17210,17210,0.476,0.557,FOB,Truck,False
PO0004186,V0055,Packaging,Plant-Penang-MY,2022-06-25,2022-07-13,2022-07-14,1,11863,9617,4.943,5.099,CIF,Truck,False
PO0004187,V0055,Packaging,Plant-Guadalajara-MX,2022-06-27,2022-07-14,2022-07-17,3,8438,6747,2.965,3.087,EXW,Air,False
PO0004188,V0055,Packaging,Plant-Austin-US,2022-07-21,2022-08-13,2022-08-27,14,45377,45377,1.585,1.453,CIF,Truck,False
PO0004189,V0055,Packaging,Plant-Guadalajara-MX,2022-08-19,2022-09-07,2022-09-07,0,4238,4238,4.205,4.749,CIF,Truck,False
PO0004190,V0055,Packaging,Plant-Brno-CZ,2022-08-22,2022-09-07,2022-10-05,28,8138,8138,1.282,1.171,CIF,Ocean,False
PO0004191,V0055,Packaging,Plant-Austin-US,2022-08-30,2022-09-17,2022-09-17,0,24960,24960,1.614,1.4,DDP,Ocean,False
PO0004192,V0055,Packaging,Plant-Brno-CZ,2022-09-05,2022-09-25,2022-10-07,12,10031,10031,1.978,1.477,DDP,Ocean,False
PO0004193,V0055,Packaging,Plant-Brno-CZ,2022-09-06,2022-09-22,2022-10-01,9,405,316,3.78,3.958,EXW,Air,False
PO0004194,V0055,Packaging,Plant-Penang-MY,2022-09-09,2022-10-02,2022-10-03,1,1001,976,3.237,3.457,FOB,Ocean,False
PO0004195,V0055,Packaging,Plant-Penang-MY,2022-09-18,2022-10-06,2022-10-06,0,2838,2838,0.333,0.317,EXW,Air,False
PO0004196,V0055,Packaging,Plant-Austin-US,2022-10-10,2022-10-28,2022-10-28,0,10075,10075,3.734,3.911,FOB,Ocean,False
PO0004197,V0055,Packaging,Plant-Guadalajara-MX,2022-10-17,2022-11-06,2022-11-06,0,2102,2102,1.944,2.031,CIF,Ocean,False
PO0004198,V0055,Packaging,Plant-Guadalajara-MX,2022-11-08,2022-11-27,2022-11-27,0,11628,11628,1.076,0.863,CIF,Ocean,False
PO0004199,V0055,Packaging,Plant-Guadalajara-MX,2022-11-15,2022-12-05,2022-12-05,0,11240,9024,4.206,4.439,DDP,Ocean,False
PO0004200,V0055,Packaging,Plant-Guadalajara-MX,2022-12-04,2022-12-26,2022-12-26,0,35342,35342,3.096,2.825,CIF,Ocean,False
PO0004201,V0055,Packaging,Plant-Austin-US,2023-01-11,2023-01-29,2023-01-29,0,13988,13988,0.976,0.704,CIF,Ocean,False
PO0004202,V0055,Packaging,Plant-Guadalajara-MX,2023-01-20,2023-02-09,2023-02-09,0,1780,1780,0.817,0.847,DDP,Ocean,False
PO0004203,V0055,Packaging,Plant-Guadalajara-MX,2023-02-13,2023-03-04,2023-03-08,4,38173,38173,3.428,3.466,CIF,Ocean,False
PO0004204,V0055,Packaging,Plant-Guadalajara-MX,2023-03-04,2023-03-20,2023-03-31,11,2621,2621,0.268,0.3,EXW,Ocean,False
PO0004205,V0055,Packaging,Plant-Austin-US,2023-03-28,2023-04-19,2023-04-19,0,337,337,1.108,1.138,FOB,Truck,False
PO0004206,V0055,Packaging,Plant-Penang-MY,2023-04-22,2023-05-09,2023-05-09,0,4414,3420,1.18,1.237,FOB,Truck,False
PO0004207,V0055,Packaging,Plant-Brno-CZ,2023-04-27,2023-05-12,2023-05-13,1,2350,2350,1.566,1.335,CIF,Ocean,False
PO0004208,V0055,Packaging,Plant-Penang-MY,2023-05-01,2023-05-20,2023-05-20,0,2948,2948,0.709,0.656,FOB,Truck,False
PO0004209,V0055,Packaging,Plant-Brno-CZ,2023-05-08,2023-05-28,2023-05-29,1,6823,6823,0.192,0.17,CIF,Ocean,False
PO0004210,V0055,Packaging,Plant-Penang-MY,2023-05-16,2023-06-08,2023-06-10,2,2954,2646,2.557,2.829,EXW,Ocean,False
PO0004211,V0055,Packaging,Plant-Brno-CZ,2023-06-01,2023-06-18,2023-06-20,2,10693,9549,2.194,2.413,EXW,Ocean,False
PO0004212,V0055,Packaging,Plant-Brno-CZ,2023-06-11,2023-07-03,2023-07-10,7,13614,13614,4.07,4.104,DDP,Truck,False
PO0004213,V0055,Packaging,Plant-Guadalajara-MX,2023-06-20,2023-07-15,2023-07-16,1,707,707,3.773,3.85,DDP,Ocean,False
PO0004214,V0055,Packaging,Plant-Guadalajara-MX,2023-06-25,2023-07-17,2023-07-17,0,4305,4305,2.744,3.684,FOB,Ocean,False
PO0004215,V0055,Packaging,Plant-Penang-MY,2023-07-09,2023-07-28,2023-07-28,0,781,781,2.95,2.566,CIF,Ocean,False
PO0004216,V0055,Packaging,Plant-Brno-CZ,2023-07-15,2023-08-05,2023-08-05,0,2478,2478,3.784,3.448,DDP,Ocean,False
PO0004217,V0055,Packaging,Plant-Austin-US,2023-08-28,2023-09-14,2023-09-16,2,835,835,4.508,4.261,EXW,Ocean,False
PO0004218,V0055,Packaging,Plant-Penang-MY,2023-09-06,2023-09-23,2023-09-23,0,7076,7076,0.665,0.816,EXW,Ocean,False
PO0004219,V0055,Packaging,Plant-Penang-MY,2023-09-28,2023-10-19,2023-11-17,29,21910,15962,1.227,0.911,EXW,Ocean,False
PO0004220,V0055,Packaging,Plant-Austin-US,2023-10-25,2023-11-11,2023-11-11,0,1282,1282,0.862,0.861,FOB,Ocean,False
PO0004221,V0055,Packaging,Plant-Guadalajara-MX,2023-12-07,2023-12-28,2023-12-28,0,1884,1884,3.524,3.816,DDP,Air,False
PO0004222,V0055,Packaging,Plant-Brno-CZ,2023-12-19,2024-01-07,2024-01-07,0,9496,9496,3.476,3.279,EXW,Ocean,False
PO0004223,V0055,Packaging,Plant-Brno-CZ,2024-01-05,2024-01-25,2024-01-26,1,2960,2639,0.708,0.801,DDP,Truck,False
PO0004224,V0055,Packaging,Plant-Brno-CZ,2024-01-20,2024-02-09,2024-02-09,0,2720,2720,1.502,1.81,FOB,Truck,False
PO0004225,V0055,Packaging,Plant-Austin-US,2024-02-12,2024-02-29,2024-03-07,7,4176,4176,4.56,4.359,FOB,Truck,False
PO0004226,V0055,Packaging,Plant-Austin-US,2024-02-15,2024-03-02,2024-03-09,7,2030,1488,1.369,1.434,FOB,Air,False
PO0004227,V0055,Packaging,Plant-Penang-MY,2024-02-21,2024-03-12,2024-03-12,0,11021,11021,4.458,4.518,DDP,Ocean,False
PO0004228,V0055,Packaging,Plant-Austin-US,2024-02-23,2024-03-08,2024-03-20,12,30323,21686,3.724,3.13,EXW,Ocean,False
PO0004229,V0055,Packaging,Plant-Brno-CZ,2024-03-25,2024-04-13,2024-04-13,0,56510,56510,2.028,1.905,FOB,Ocean,False
PO0004230,V0055,Packaging,Plant-Brno-CZ,2024-04-15,2024-05-03,2024-05-03,0,447,336,4.852,4.579,FOB,Air,True
PO0004231,V0055,Packaging,Plant-Guadalajara-MX,2024-05-01,2024-05-20,2024-05-20,0,934,934,0.874,0.748,FOB,Ocean,False
PO0004232,V0055,Packaging,Plant-Austin-US,2024-05-06,2024-05-25,2024-06-30,36,3369,3369,2.065,2.129,EXW,Ocean,False
PO0004233,V0055,Packaging,Plant-Austin-US,2024-05-17,2024-06-05,2024-06-19,14,8796,8540,1.043,1.036,DDP,Ocean,False
PO0004234,V0055,Packaging,Plant-Penang-MY,2024-05-31,2024-06-20,2024-07-09,19,1233,1233,1.13,1.093,EXW,Ocean,False
PO0004235,V0055,Packaging,Plant-Guadalajara-MX,2024-07-08,2024-07-26,2024-08-04,9,8536,8536,0.678,0.78,EXW,Ocean,False
PO0004236,V0055,Packaging,Plant-Austin-US,2024-07-10,2024-07-28,2024-07-29,1,11792,11792,4.599,5.207,EXW,Ocean,False
PO0004237,V0055,Packaging,Plant-Penang-MY,2024-08-16,2024-09-03,2024-09-03,0,6082,6082,4.957,5.402,CIF,Air,False
PO0004238,V0055,Packaging,Plant-Penang-MY,2024-09-22,2024-10-12,2024-10-12,0,1769,1769,2.072,1.293,DDP,Ocean,False
PO0004239,V0055,Packaging,Plant-Guadalajara-MX,2024-09-25,2024-10-18,2024-10-18,0,1307,1307,2.997,2.91,DDP,Ocean,False
PO0004240,V0055,Packaging,Plant-Penang-MY,2024-10-28,2024-11-15,2024-11-15,0,473,473,4.181,3.289,EXW,Truck,False
PO0004241,V0055,Packaging,Plant-Guadalajara-MX,2024-11-02,2024-11-22,2024-11-22,0,21322,21322,3.501,3.475,EXW,Ocean,False
PO0004242,V0055,Packaging,Plant-Austin-US,2024-11-25,2024-12-15,2025-01-02,18,3156,3156,0.183,0.171,FOB,Ocean,False
PO0004243,V0055,Packaging,Plant-Penang-MY,2024-11-26,2024-12-15,2024-12-16,1,4043,4043,1.406,1.341,DDP,Air,False
PO0004244,V0055,Packaging,Plant-Brno-CZ,2024-12-31,2025-01-20,2025-01-20,0,7908,6968,0.897,0.974,CIF,Ocean,False
PO0004245,V0055,Packaging,Plant-Brno-CZ,2025-01-20,2025-02-09,2025-02-09,0,3937,3937,1.246,0.977,EXW,Ocean,False
PO0004246,V0055,Packaging,Plant-Brno-CZ,2025-01-21,2025-02-07,2025-02-12,5,4070,4070,4.573,4.396,EXW,Air,False
PO0004247,V0055,Packaging,Plant-Guadalajara-MX,2025-01-22,2025-02-10,2025-02-11,1,4624,4624,4.509,4.129,EXW,Ocean,False
PO0004248,V0055,Packaging,Plant-Austin-US,2025-02-22,2025-03-15,2025-03-15,0,8999,8999,2.44,2.378,CIF,Truck,False
PO0004249,V0055,Packaging,Plant-Penang-MY,2025-03-18,2025-04-06,2025-04-07,1,3138,2688,1.283,1.404,EXW,Truck,False
PO0004250,V0055,Packaging,Plant-Guadalajara-MX,2025-04-11,2025-05-04,2025-05-19,15,10054,10054,1.446,1.421,DDP,Truck,False
PO0004251,V0055,Packaging,Plant-Austin-US,2025-04-14,2025-05-03,2025-05-03,0,21007,21007,1.983,1.983,CIF,Ocean,False
PO0004252,V0055,Packaging,Plant-Austin-US,2025-05-24,2025-06-13,2025-08-06,54,3223,3223,3.245,2.576,DDP,Ocean,False
PO0004253,V0055,Packaging,Plant-Guadalajara-MX,2025-05-25,2025-06-11,2025-06-16,5,6234,4550,4.361,4.678,EXW,Truck,False
PO0004254,V0055,Packaging,Plant-Penang-MY,2025-08-05,2025-08-23,2025-08-31,8,2011,1744,0.389,0.406,DDP,Air,False
PO0004255,V0055,Packaging,Plant-Brno-CZ,2025-08-20,2025-09-03,2025-09-04,1,18998,18998,0.321,0.294,FOB,Ocean,False
PO0004256,V0055,Packaging,Plant-Austin-US,2025-08-31,2025-09-19,2025-09-19,0,8685,7583,4.101,4.79,EXW,Air,False
PO0004257,V0055,Packaging,Plant-Brno-CZ,2025-10-02,2025-10-19,2025-10-26,7,9007,9007,3.99,4.385,FOB,Air,False
PO0004258,V0055,Packaging,Plant-Guadalajara-MX,2025-10-31,2025-11-23,2025-12-09,16,3547,3547,0.238,0.177,EXW,Ocean,False
PO0004259,V0055,Packaging,Plant-Brno-CZ,2025-12-11,2026-01-03,2026-01-19,16,5542,5542,4.259,3.922,CIF,Air,False
PO0004260,V0055,Packaging,Plant-Guadalajara-MX,2025-12-16,2026-01-08,2026-01-08,0,3794,2742,1.224,1.309,CIF,Ocean,False
PO0004261,V0055,Packaging,Plant-Guadalajara-MX,2025-12-18,2026-01-06,2026-01-06,0,44148,44148,2.632,2.538,CIF,Ocean,False
PO0004262,V0055,Packaging,Plant-Penang-MY,2026-01-19,2026-02-11,2026-02-11,0,18422,18422,2.758,1.911,CIF,Ocean,False
PO0004263,V0055,Packaging,Plant-Brno-CZ,2026-01-28,2026-02-13,2026-02-13,0,4629,4629,0.364,0.331,DDP,Ocean,False
PO0004264,V0055,Packaging,Plant-Guadalajara-MX,2026-02-11,2026-03-03,2026-03-03,0,13588,13588,0.636,0.632,DDP,Air,False
PO0004265,V0055,Packaging,Plant-Brno-CZ,2026-03-01,2026-03-14,2026-03-29,15,5459,5459,0.634,0.782,DDP,Ocean,False
PO0004266,V0055,Packaging,Plant-Penang-MY,2026-03-20,2026-04-09,2026-04-09,0,12405,12405,2.299,2.06,EXW,Ocean,False
PO0004267,V0055,Packaging,Plant-Penang-MY,2026-03-26,2026-04-17,2026-04-29,12,2062,2062,4.419,4.152,EXW,Air,False
PO0004268,V0055,Packaging,Plant-Penang-MY,2026-04-16,2026-05-09,2026-05-15,6,39439,39439,3.146,3.495,EXW,Ocean,False
PO0004269,V0055,Packaging,Plant-Guadalajara-MX,2026-04-29,2026-05-17,2026-05-17,0,11476,11476,3.29,3.362,EXW,Air,False
PO0004270,V0055,Packaging,Plant-Guadalajara-MX,2026-05-11,2026-06-03,2026-06-04,1,2072,2072,1.763,1.865,FOB,Truck,False
PO0004271,V0055,Packaging,Plant-Brno-CZ,2026-06-09,2026-06-29,2026-06-29,0,7078,7078,3.505,4.034,EXW,Ocean,False
PO0004272,V0056,PCB / PCBA,Plant-Guadalajara-MX,2022-01-17,2022-02-23,2022-02-23,0,40339,40339,39.976,41.888,EXW,Truck,False
PO0004273,V0056,PCB / PCBA,Plant-Guadalajara-MX,2022-02-17,2022-03-29,2022-03-30,1,20945,20945,47.853,45.394,DDP,Ocean,False
PO0004274,V0056,PCB / PCBA,Plant-Austin-US,2022-03-13,2022-04-15,2022-04-15,0,13926,13926,67.85,73.071,DDP,Truck,False
PO0004275,V0056,PCB / PCBA,Plant-Brno-CZ,2022-03-14,2022-04-30,2022-05-08,8,457,457,81.525,82.394,DDP,Truck,False
PO0004276,V0056,PCB / PCBA,Plant-Brno-CZ,2022-04-01,2022-05-06,2022-05-06,0,5086,5086,27.337,25.123,FOB,Air,False
PO0004277,V0056,PCB / PCBA,Plant-Austin-US,2022-05-04,2022-06-19,2022-06-19,0,946,946,26.881,25.258,DDP,Truck,False
PO0004278,V0056,PCB / PCBA,Plant-Austin-US,2022-05-31,2022-07-21,2022-08-10,20,70210,70210,61.586,61.134,EXW,Ocean,False
PO0004279,V0056,PCB / PCBA,Plant-Guadalajara-MX,2022-06-11,2022-07-23,2022-07-23,0,13226,13226,75.075,64.249,FOB,Ocean,False
PO0004280,V0056,PCB / PCBA,Plant-Austin-US,2022-06-22,2022-08-09,2022-08-09,0,8855,8855,36.059,41.554,EXW,Truck,False
PO0004281,V0056,PCB / PCBA,Plant-Penang-MY,2022-06-29,2022-08-16,2022-08-29,13,4559,4559,70.568,72.169,FOB,Truck,False
PO0004282,V0056,PCB / PCBA,Plant-Brno-CZ,2022-07-24,2022-09-03,2022-09-03,0,271,271,40.303,42.036,DDP,Air,True
PO0004283,V0056,PCB / PCBA,Plant-Brno-CZ,2022-09-09,2022-10-27,2022-11-06,10,8957,8957,62.906,63.495,CIF,Ocean,False
PO0004284,V0056,PCB / PCBA,Plant-Penang-MY,2022-10-11,2022-11-17,2022-11-17,0,2492,2492,15.299,16.741,EXW,Ocean,False
PO0004285,V0056,PCB / PCBA,Plant-Guadalajara-MX,2022-12-13,2023-01-25,2023-01-25,0,14677,14677,41.096,37.997,DDP,Air,False
PO0004286,V0056,PCB / PCBA,Plant-Penang-MY,2022-12-18,2023-01-30,2023-01-30,0,2517,2517,62.303,56.832,FOB,Truck,False
PO0004287,V0056,PCB / PCBA,Plant-Austin-US,2023-01-19,2023-03-02,2023-03-05,3,10189,10189,72.03,73.973,EXW,Truck,False
PO0004288,V0056,PCB / PCBA,Plant-Austin-US,2023-01-22,2023-03-06,2023-03-06,0,4008,3470,54.333,53.63,FOB,Truck,False
PO0004289,V0056,PCB / PCBA,Plant-Austin-US,2023-02-12,2023-03-23,2023-04-01,9,6044,4915,73.695,69.068,DDP,Air,False
PO0004290,V0056,PCB / PCBA,Plant-Guadalajara-MX,2023-02-20,2023-04-01,2023-04-01,0,4774,4774,70.759,66.787,CIF,Truck,False
PO0004291,V0056,PCB / PCBA,Plant-Guadalajara-MX,2023-03-04,2023-04-17,2023-04-17,0,1815,1815,49.432,49.571,CIF,Ocean,False
PO0004292,V0056,PCB / PCBA,Plant-Brno-CZ,2023-03-23,2023-04-29,2023-05-19,20,4628,4628,59.302,50.017,FOB,Ocean,False
PO0004293,V0056,PCB / PCBA,Plant-Austin-US,2023-04-09,2023-05-21,2023-05-22,1,4001,4001,85.194,89.349,FOB,Ocean,False
PO0004294,V0056,PCB / PCBA,Plant-Brno-CZ,2023-04-10,2023-05-24,2023-05-24,0,5765,5765,30.334,29.421,DDP,Ocean,False
PO0004295,V0056,PCB / PCBA,Plant-Brno-CZ,2023-04-19,2023-05-30,2023-05-30,0,3951,3951,62.385,57.852,CIF,Ocean,False
PO0004296,V0056,PCB / PCBA,Plant-Guadalajara-MX,2023-04-23,2023-06-01,2023-06-01,0,16947,16947,10.533,11.241,FOB,Ocean,False
PO0004297,V0056,PCB / PCBA,Plant-Penang-MY,2023-05-03,2023-06-04,2023-06-14,10,7273,6853,54.652,56.043,CIF,Ocean,False
PO0004298,V0056,PCB / PCBA,Plant-Penang-MY,2023-07-01,2023-08-09,2023-09-07,29,1077,1077,23.755,24.605,DDP,Ocean,False
PO0004299,V0056,PCB / PCBA,Plant-Guadalajara-MX,2023-07-15,2023-08-29,2023-08-29,0,2451,2451,56.757,58.072,EXW,Ocean,False
PO0004300,V0056,PCB / PCBA,Plant-Guadalajara-MX,2023-07-28,2023-09-12,2023-09-12,0,3603,3603,69.964,68.926,CIF,Ocean,False
PO0004301,V0056,PCB / PCBA,Plant-Austin-US,2023-10-04,2023-11-17,2023-11-17,0,18591,18591,41.066,44.378,EXW,Ocean,False
PO0004302,V0056,PCB / PCBA,Plant-Austin-US,2023-11-21,2024-01-08,2024-01-21,13,3652,3652,52.097,53.076,EXW,Ocean,False
PO0004303,V0056,PCB / PCBA,Plant-Austin-US,2023-11-26,2024-01-10,2024-01-26,16,13343,13343,67.235,76.858,FOB,Ocean,False
PO0004304,V0056,PCB / PCBA,Plant-Austin-US,2023-11-28,2024-01-07,2024-01-18,11,6535,6535,23.156,19.735,CIF,Ocean,False
PO0004305,V0056,PCB / PCBA,Plant-Austin-US,2023-12-16,2024-01-23,2024-01-25,2,13456,12695,19.472,22.426,FOB,Ocean,False
PO0004306,V0056,PCB / PCBA,Plant-Brno-CZ,2024-01-04,2024-02-16,2024-02-17,1,1075,1075,59.757,73.643,EXW,Ocean,False
PO0004307,V0056,PCB / PCBA,Plant-Penang-MY,2024-01-22,2024-02-26,2024-02-26,0,2271,2271,6.293,5.112,FOB,Air,False
PO0004308,V0056,PCB / PCBA,Plant-Guadalajara-MX,2024-02-03,2024-03-21,2024-03-22,1,10268,10268,81.347,80.605,DDP,Air,False
PO0004309,V0056,PCB / PCBA,Plant-Guadalajara-MX,2024-02-05,2024-03-29,2024-05-04,36,1692,1692,89.532,90.138,EXW,Ocean,False
PO0004310,V0056,PCB / PCBA,Plant-Guadalajara-MX,2024-02-08,2024-03-27,2024-04-12,16,27545,27545,31.318,33.802,EXW,Truck,False
PO0004311,V0056,PCB / PCBA,Plant-Guadalajara-MX,2024-02-24,2024-04-06,2024-04-06,0,649,649,88.631,102.753,DDP,Air,False
PO0004312,V0056,PCB / PCBA,Plant-Guadalajara-MX,2024-02-29,2024-04-17,2024-04-18,1,5551,4345,14.742,14.28,DDP,Ocean,False
PO0004313,V0056,PCB / PCBA,Plant-Austin-US,2024-03-07,2024-04-29,2024-04-30,1,4981,4981,15.199,15.302,FOB,Ocean,False
PO0004314,V0056,PCB / PCBA,Plant-Penang-MY,2024-03-20,2024-04-26,2024-05-03,7,3554,3554,76.632,83.385,FOB,Ocean,False
PO0004315,V0056,PCB / PCBA,Plant-Guadalajara-MX,2024-03-23,2024-05-04,2024-05-30,26,8768,8768,78.776,79.494,CIF,Ocean,False
PO0004316,V0056,PCB / PCBA,Plant-Brno-CZ,2024-04-12,2024-05-26,2024-05-26,0,34238,34238,82.02,96.211,CIF,Truck,False
PO0004317,V0056,PCB / PCBA,Plant-Guadalajara-MX,2024-06-30,2024-08-13,2024-08-13,0,9203,9203,49.469,47.758,EXW,Ocean,False
PO0004318,V0056,PCB / PCBA,Plant-Brno-CZ,2024-07-04,2024-08-26,2024-08-26,0,1093,1093,89.938,83.297,DDP,Ocean,False
PO0004319,V0056,PCB / PCBA,Plant-Austin-US,2024-08-07,2024-09-17,2024-09-17,0,4724,3625,77.976,67.733,EXW,Air,True
PO0004320,V0056,PCB / PCBA,Plant-Penang-MY,2024-09-16,2024-11-01,2024-11-02,1,1072,1072,11.947,11.805,CIF,Air,False
PO0004321,V0056,PCB / PCBA,Plant-Brno-CZ,2024-09-28,2024-11-09,2024-11-12,3,2870,2870,89.976,94.031,CIF,Ocean,False
PO0004322,V0056,PCB / PCBA,Plant-Austin-US,2024-09-30,2024-11-10,2024-11-10,0,921,921,43.038,45.432,EXW,Ocean,False
PO0004323,V0056,PCB / PCBA,Plant-Brno-CZ,2024-10-23,2024-12-04,2024-12-04,0,32538,32538,24.225,24.155,FOB,Truck,False
PO0004324,V0056,PCB / PCBA,Plant-Austin-US,2024-11-04,2024-12-22,2024-12-22,0,5360,5360,13.618,14.057,EXW,Truck,False
PO0004325,V0056,PCB / PCBA,Plant-Brno-CZ,2024-11-23,2025-01-12,2025-01-12,0,5936,5936,67.041,71.004,CIF,Ocean,False
PO0004326,V0056,PCB / PCBA,Plant-Penang-MY,2024-11-24,2025-01-08,2025-01-08,0,24431,24431,14.439,15.057,CIF,Ocean,False
PO0004327,V0056,PCB / PCBA,Plant-Guadalajara-MX,2024-12-15,2025-02-03,2025-02-05,2,496,496,25.665,27.04,EXW,Ocean,False
PO0004328,V0056,PCB / PCBA,Plant-Brno-CZ,2025-01-21,2025-03-15,2025-03-15,0,4835,4835,10.983,10.138,DDP,Ocean,False
PO0004329,V0056,PCB / PCBA,Plant-Austin-US,2025-02-13,2025-03-30,2025-03-31,1,765,765,61.856,64.033,DDP,Ocean,False
PO0004330,V0056,PCB / PCBA,Plant-Brno-CZ,2025-03-26,2025-05-13,2025-05-24,11,3093,3093,80.005,70.489,FOB,Ocean,False
PO0004331,V0056,PCB / PCBA,Plant-Brno-CZ,2025-04-15,2025-05-31,2025-05-31,0,61290,61290,68.906,78.081,DDP,Ocean,False
PO0004332,V0056,PCB / PCBA,Plant-Brno-CZ,2025-04-26,2025-06-13,2025-07-10,27,1650,1650,36.183,35.343,EXW,Ocean,False
PO0004333,V0056,PCB / PCBA,Plant-Austin-US,2025-05-03,2025-06-15,2025-07-07,22,17927,17927,43.034,47.265,CIF,Ocean,False
PO0004334,V0056,PCB / PCBA,Plant-Penang-MY,2025-05-07,2025-06-22,2025-08-05,44,4867,4867,41.24,43.258,CIF,Ocean,False
PO0004335,V0056,PCB / PCBA,Plant-Austin-US,2025-05-26,2025-07-10,2025-07-10,0,12616,12616,67.428,72.643,FOB,Ocean,False
PO0004336,V0056,PCB / PCBA,Plant-Penang-MY,2025-06-05,2025-07-17,2025-07-19,2,34569,34569,36.361,35.298,DDP,Air,False
PO0004337,V0056,PCB / PCBA,Plant-Penang-MY,2025-09-10,2025-10-19,2025-10-19,0,2026,2026,53.272,47.548,FOB,Ocean,False
PO0004338,V0056,PCB / PCBA,Plant-Guadalajara-MX,2025-10-17,2025-11-30,2025-11-30,0,3673,3673,8.085,8.801,EXW,Ocean,False
PO0004339,V0056,PCB / PCBA,Plant-Guadalajara-MX,2025-11-01,2025-12-19,2025-12-20,1,6219,6219,53.788,54.383,FOB,Ocean,False
PO0004340,V0056,PCB / PCBA,Plant-Guadalajara-MX,2025-11-26,2026-01-17,2026-01-19,2,10850,10850,8.614,9.118,CIF,Ocean,False
PO0004341,V0056,PCB / PCBA,Plant-Austin-US,2025-12-19,2026-01-29,2026-02-15,17,7162,7162,50.418,55.072,CIF,Ocean,False
PO0004342,V0056,PCB / PCBA,Plant-Guadalajara-MX,2025-12-20,2026-01-23,2026-01-23,0,533,533,13.614,13.611,FOB,Ocean,False
PO0004343,V0056,PCB / PCBA,Plant-Brno-CZ,2026-02-02,2026-03-21,2026-03-21,0,6777,6777,78.405,79.663,CIF,Ocean,False
PO0004344,V0056,PCB / PCBA,Plant-Penang-MY,2026-03-31,2026-05-21,2026-05-21,0,8013,8013,87.643,85.411,FOB,Air,False
PO0004345,V0056,PCB / PCBA,Plant-Penang-MY,2026-04-17,2026-06-05,2026-06-06,1,6644,6644,49.405,52.256,CIF,Ocean,False
PO0004346,V0056,PCB / PCBA,Plant-Guadalajara-MX,2026-04-26,2026-06-10,2026-06-10,0,1566,1566,52.693,44.749,EXW,Ocean,False
PO0004347,V0056,PCB / PCBA,Plant-Austin-US,2026-05-07,2026-06-16,2026-06-16,0,1412,1412,34.903,36.458,CIF,Air,False
PO0004348,V0056,PCB / PCBA,Plant-Guadalajara-MX,2026-05-08,2026-06-28,2026-06-28,0,11224,11224,62.621,63.552,EXW,Ocean,False
PO0004349,V0056,PCB / PCBA,Plant-Penang-MY,2026-06-08,2026-08-03,2026-08-03,0,6336,6336,75.0,67.359,CIF,Ocean,False
PO0004350,V0057,Connectors,Plant-Brno-CZ,2022-01-09,2022-02-11,2022-02-13,2,1386,1386,2.21,2.351,FOB,Ocean,False
PO0004351,V0057,Connectors,Plant-Brno-CZ,2022-04-04,2022-05-08,2022-05-08,0,11877,11877,1.574,1.015,DDP,Ocean,False
PO0004352,V0057,Connectors,Plant-Guadalajara-MX,2022-04-25,2022-05-25,2022-05-26,1,4458,3361,2.729,1.523,DDP,Ocean,False
PO0004353,V0057,Connectors,Plant-Austin-US,2022-05-27,2022-07-02,2022-08-10,39,5402,4962,3.47,2.306,DDP,Ocean,False
PO0004354,V0057,Connectors,Plant-Brno-CZ,2022-06-14,2022-07-18,2022-07-24,6,18040,18040,9.251,9.16,CIF,Air,False
PO0004355,V0057,Connectors,Plant-Austin-US,2022-06-26,2022-08-04,2022-08-12,8,10692,10692,0.726,0.803,FOB,Ocean,False
PO0004356,V0057,Connectors,Plant-Guadalajara-MX,2022-09-27,2022-10-22,2022-10-24,2,827,827,1.533,1.35,DDP,Ocean,False
PO0004357,V0057,Connectors,Plant-Guadalajara-MX,2023-01-17,2023-02-22,2023-02-23,1,9283,7284,4.76,4.599,EXW,Air,False
PO0004358,V0057,Connectors,Plant-Penang-MY,2023-02-07,2023-03-10,2023-03-10,0,29940,22397,9.668,8.783,DDP,Ocean,False
PO0004359,V0057,Connectors,Plant-Penang-MY,2023-10-22,2023-11-25,2023-11-25,0,9519,9519,9.421,8.95,EXW,Truck,False
PO0004360,V0057,Connectors,Plant-Penang-MY,2023-11-20,2023-12-26,2023-12-31,5,3183,3183,5.642,5.954,FOB,Ocean,False
PO0004361,V0057,Connectors,Plant-Brno-CZ,2023-12-25,2024-01-22,2024-02-07,16,2330,2330,8.408,8.737,CIF,Ocean,False
PO0004362,V0057,Connectors,Plant-Brno-CZ,2024-11-24,2024-12-25,2024-12-25,0,41436,30841,13.306,12.203,CIF,Air,False
PO0004363,V0057,Connectors,Plant-Austin-US,2025-01-13,2025-02-17,2025-02-18,1,6311,6311,13.156,13.838,DDP,Ocean,False
PO0004364,V0057,Connectors,Plant-Austin-US,2025-01-18,2025-02-21,2025-03-10,17,10657,10657,6.394,6.541,FOB,Air,False
PO0004365,V0057,Connectors,Plant-Austin-US,2025-02-10,2025-03-05,2025-04-07,33,1380,1380,10.056,11.482,DDP,Air,False
PO0004366,V0057,Connectors,Plant-Austin-US,2025-04-29,2025-05-25,2025-05-26,1,4365,4365,4.353,3.865,FOB,Air,False
PO0004367,V0057,Connectors,Plant-Brno-CZ,2025-06-12,2025-07-21,2025-07-22,1,2118,1566,1.825,2.14,EXW,Ocean,False
PO0004368,V0057,Connectors,Plant-Guadalajara-MX,2026-01-27,2026-03-04,2026-03-06,2,1586,1586,3.318,3.428,DDP,Truck,False
PO0004369,V0057,Connectors,Plant-Austin-US,2026-03-03,2026-04-09,2026-04-14,5,20170,20170,5.825,5.605,CIF,Air,False
PO0004370,V0057,Connectors,Plant-Penang-MY,2026-03-16,2026-04-20,2026-04-22,2,1812,1812,12.374,14.299,FOB,Truck,False
PO0004371,V0057,Connectors,Plant-Austin-US,2026-03-20,2026-04-29,2026-04-29,0,1980,1980,3.273,3.861,CIF,Ocean,False
PO0004372,V0058,Semiconductors,Plant-Penang-MY,2022-01-06,2022-04-05,2022-04-13,8,4219,4219,27.302,25.67,CIF,Ocean,False
PO0004373,V0058,Semiconductors,Plant-Brno-CZ,2022-01-09,2022-03-29,2022-04-06,8,1513,1513,36.307,37.669,CIF,Ocean,False
PO0004374,V0058,Semiconductors,Plant-Brno-CZ,2022-01-15,2022-04-19,2022-04-21,2,6116,6116,100.352,101.5,DDP,Air,False
PO0004375,V0058,Semiconductors,Plant-Penang-MY,2022-01-18,2022-04-23,2022-05-15,22,41923,34951,114.039,83.508,FOB,Air,False
PO0004376,V0058,Semiconductors,Plant-Guadalajara-MX,2022-01-24,2022-04-15,2022-04-15,0,2566,2316,126.553,113.991,CIF,Ocean,False
PO0004377,V0058,Semiconductors,Plant-Brno-CZ,2022-01-25,2022-04-30,2022-04-30,0,10321,10321,64.12,66.458,FOB,Ocean,False
PO0004378,V0058,Semiconductors,Plant-Austin-US,2022-02-05,2022-05-13,2022-05-19,6,1857,1857,39.404,45.109,CIF,Truck,False
PO0004379,V0058,Semiconductors,Plant-Penang-MY,2022-02-10,2022-04-26,2022-04-27,1,2318,2318,97.948,85.213,CIF,Air,False
PO0004380,V0058,Semiconductors,Plant-Penang-MY,2022-02-17,2022-05-25,2022-05-25,0,1552,1552,110.941,114.41,FOB,Ocean,False
PO0004381,V0058,Semiconductors,Plant-Austin-US,2022-02-20,2022-05-26,2022-05-26,0,728,728,161.102,155.596,DDP,Truck,False
PO0004382,V0058,Semiconductors,Plant-Austin-US,2022-02-26,2022-05-26,2022-05-26,0,7831,7831,4.151,3.136,CIF,Ocean,False
PO0004383,V0058,Semiconductors,Plant-Penang-MY,2022-03-23,2022-06-17,2022-06-17,0,4647,4647,97.812,109.308,FOB,Air,False
PO0004384,V0058,Semiconductors,Plant-Austin-US,2022-04-02,2022-07-27,2022-07-27,0,2474,2474,172.322,172.069,CIF,Ocean,False
PO0004385,V0058,Semiconductors,Plant-Brno-CZ,2022-04-04,2022-07-31,2022-08-02,2,1020,1020,149.255,149.551,FOB,Truck,False
PO0004386,V0058,Semiconductors,Plant-Austin-US,2022-04-05,2022-06-27,2022-06-27,0,1363,1171,123.71,124.634,DDP,Truck,False
PO0004387,V0058,Semiconductors,Plant-Austin-US,2022-04-23,2022-07-19,2022-08-19,31,7823,7823,61.672,58.871,CIF,Ocean,False
PO0004388,V0058,Semiconductors,Plant-Austin-US,2022-04-24,2022-08-10,2022-08-20,10,1787,1787,95.643,80.585,FOB,Ocean,False
PO0004389,V0058,Semiconductors,Plant-Brno-CZ,2022-05-22,2022-08-22,2022-08-27,5,6259,6259,61.042,65.017,EXW,Truck,False
PO0004390,V0058,Semiconductors,Plant-Brno-CZ,2022-05-25,2022-08-17,2022-08-17,0,15482,15482,125.737,133.923,DDP,Air,False
PO0004391,V0058,Semiconductors,Plant-Brno-CZ,2022-05-26,2022-08-25,2022-08-30,5,29720,29720,174.801,206.735,EXW,Ocean,False
PO0004392,V0058,Semiconductors,Plant-Brno-CZ,2022-05-27,2022-09-08,2022-09-08,0,3818,3818,85.584,83.23,DDP,Air,False
PO0004393,V0058,Semiconductors,Plant-Brno-CZ,2022-05-29,2022-09-12,2022-09-14,2,1917,1917,113.723,108.277,EXW,Air,False
PO0004394,V0058,Semiconductors,Plant-Guadalajara-MX,2022-06-13,2022-09-13,2022-09-16,3,3842,3842,34.73,33.033,EXW,Air,False
PO0004395,V0058,Semiconductors,Plant-Brno-CZ,2022-06-16,2022-09-21,2022-09-23,2,3429,3429,171.101,156.264,EXW,Air,False
PO0004396,V0058,Semiconductors,Plant-Penang-MY,2022-07-02,2022-09-27,2022-09-27,0,2122,2122,41.497,48.355,FOB,Ocean,False
PO0004397,V0058,Semiconductors,Plant-Penang-MY,2022-07-19,2022-10-07,2022-10-09,2,2304,2304,108.252,113.181,CIF,Ocean,False
PO0004398,V0058,Semiconductors,Plant-Brno-CZ,2022-08-02,2022-10-26,2022-10-27,1,5357,5357,77.565,77.622,DDP,Truck,False
PO0004399,V0058,Semiconductors,Plant-Guadalajara-MX,2022-08-09,2022-11-16,2022-11-16,0,2060,2060,59.797,72.521,DDP,Air,True
PO0004400,V0058,Semiconductors,Plant-Penang-MY,2022-08-13,2022-12-03,2022-12-03,0,5710,5710,45.882,49.28,CIF,Ocean,False
PO0004401,V0058,Semiconductors,Plant-Brno-CZ,2022-08-26,2022-11-27,2022-11-27,0,3939,3467,113.092,149.723,DDP,Ocean,False
PO0004402,V0058,Semiconductors,Plant-Brno-CZ,2022-08-28,2022-11-26,2022-11-26,0,6594,6594,83.009,62.002,DDP,Ocean,False
PO0004403,V0058,Semiconductors,Plant-Brno-CZ,2022-09-08,2022-12-15,2022-12-15,0,4015,3441,104.399,102.148,EXW,Ocean,False
PO0004404,V0058,Semiconductors,Plant-Penang-MY,2022-09-12,2022-12-09,2022-12-10,1,1736,1736,107.146,103.234,DDP,Air,False
PO0004405,V0058,Semiconductors,Plant-Guadalajara-MX,2022-10-11,2023-01-02,2023-01-02,0,614,614,129.114,107.865,CIF,Air,True
PO0004406,V0058,Semiconductors,Plant-Guadalajara-MX,2022-10-12,2023-02-06,2023-02-07,1,3835,3835,98.319,123.735,CIF,Truck,False
PO0004407,V0058,Semiconductors,Plant-Penang-MY,2022-10-18,2023-01-22,2023-01-24,2,496,496,11.276,9.806,DDP,Truck,False
PO0004408,V0058,Semiconductors,Plant-Brno-CZ,2022-10-19,2023-01-19,2023-02-02,14,4951,4951,179.571,159.371,EXW,Ocean,False
PO0004409,V0058,Semiconductors,Plant-Guadalajara-MX,2022-11-06,2023-01-23,2023-01-23,0,2155,2155,73.373,74.127,DDP,Air,False
PO0004410,V0058,Semiconductors,Plant-Brno-CZ,2022-11-15,2023-02-26,2023-03-03,5,8530,8530,11.065,12.096,FOB,Truck,False
PO0004411,V0058,Semiconductors,Plant-Brno-CZ,2022-11-24,2023-02-20,2023-03-12,20,17066,17066,33.92,31.585,EXW,Truck,False
PO0004412,V0058,Semiconductors,Plant-Brno-CZ,2022-11-25,2023-02-27,2023-03-04,5,1291,1291,106.623,104.519,FOB,Air,False
PO0004413,V0058,Semiconductors,Plant-Guadalajara-MX,2022-11-27,2023-02-28,2023-02-28,0,4190,4190,103.796,94.285,EXW,Truck,False
PO0004414,V0058,Semiconductors,Plant-Guadalajara-MX,2022-11-28,2023-03-02,2023-03-02,0,4040,4040,129.336,122.155,DDP,Truck,False
PO0004415,V0058,Semiconductors,Plant-Brno-CZ,2022-12-08,2023-03-05,2023-03-05,0,5585,5585,78.833,63.999,CIF,Ocean,False
PO0004416,V0058,Semiconductors,Plant-Austin-US,2022-12-10,2023-03-07,2023-03-07,0,8917,8917,175.845,200.124,CIF,Ocean,False
PO0004417,V0058,Semiconductors,Plant-Guadalajara-MX,2022-12-12,2023-03-27,2023-03-27,0,25106,25106,137.588,142.02,EXW,Truck,False
PO0004418,V0058,Semiconductors,Plant-Guadalajara-MX,2022-12-13,2023-03-20,2023-03-20,0,13283,13283,171.734,180.613,DDP,Truck,False
PO0004419,V0058,Semiconductors,Plant-Guadalajara-MX,2022-12-16,2023-03-20,2023-03-20,0,2328,2328,34.335,41.196,CIF,Ocean,False
PO0004420,V0058,Semiconductors,Plant-Penang-MY,2022-12-21,2023-03-01,2023-03-01,0,37914,37914,18.972,19.041,DDP,Air,True
PO0004421,V0058,Semiconductors,Plant-Guadalajara-MX,2022-12-23,2023-03-25,2023-04-01,7,1590,1590,112.742,127.272,DDP,Ocean,False
PO0004422,V0058,Semiconductors,Plant-Austin-US,2022-12-29,2023-04-05,2023-05-10,35,9251,9251,139.116,134.469,FOB,Ocean,False
PO0004423,V0058,Semiconductors,Plant-Austin-US,2023-01-04,2023-04-09,2023-04-09,0,3459,3013,67.75,75.378,FOB,Ocean,False
PO0004424,V0058,Semiconductors,Plant-Austin-US,2023-01-05,2023-04-30,2023-04-30,0,2321,2321,127.848,128.288,EXW,Ocean,False
PO0004425,V0058,Semiconductors,Plant-Penang-MY,2023-01-09,2023-04-14,2023-04-14,0,1714,1714,140.642,130.584,EXW,Air,False
PO0004426,V0058,Semiconductors,Plant-Guadalajara-MX,2023-01-15,2023-04-11,2023-04-15,4,3381,3381,168.147,180.965,CIF,Ocean,False
PO0004427,V0058,Semiconductors,Plant-Austin-US,2023-01-23,2023-04-28,2023-05-08,10,2464,2120,113.231,120.537,EXW,Truck,False
PO0004428,V0058,Semiconductors,Plant-Penang-MY,2023-02-15,2023-05-14,2023-05-14,0,12376,12376,30.076,27.747,DDP,Ocean,False
PO0004429,V0058,Semiconductors,Plant-Penang-MY,2023-02-17,2023-06-05,2023-06-05,0,3400,3307,23.919,23.598,CIF,Ocean,False
PO0004430,V0058,Semiconductors,Plant-Penang-MY,2023-02-19,2023-05-28,2023-05-31,3,6732,6732,41.477,41.487,FOB,Truck,False
PO0004431,V0058,Semiconductors,Plant-Guadalajara-MX,2023-02-21,2023-05-13,2023-05-14,1,1235,1235,100.557,104.052,CIF,Air,False
PO0004432,V0058,Semiconductors,Plant-Brno-CZ,2023-02-23,2023-05-31,2023-05-31,0,2065,2065,67.488,72.684,FOB,Truck,False
PO0004433,V0058,Semiconductors,Plant-Brno-CZ,2023-02-25,2023-06-20,2023-06-20,0,85571,85571,81.828,73.09,CIF,Truck,False
PO0004434,V0058,Semiconductors,Plant-Brno-CZ,2023-03-01,2023-05-29,2023-06-22,24,6045,5788,155.156,160.209,EXW,Air,False
PO0004435,V0058,Semiconductors,Plant-Austin-US,2023-03-04,2023-06-19,2023-06-21,2,4957,4957,177.748,181.841,CIF,Ocean,False
PO0004436,V0058,Semiconductors,Plant-Austin-US,2023-03-13,2023-06-14,2023-06-14,0,20657,20657,106.883,106.273,FOB,Air,False
PO0004437,V0058,Semiconductors,Plant-Brno-CZ,2023-03-24,2023-07-06,2023-07-06,0,10525,10525,13.681,15.028,DDP,Ocean,False
PO0004438,V0058,Semiconductors,Plant-Brno-CZ,2023-04-01,2023-07-18,2023-07-18,0,13927,12231,60.58,50.234,CIF,Ocean,False
PO0004439,V0058,Semiconductors,Plant-Penang-MY,2023-04-04,2023-06-12,2023-06-12,0,5149,5149,129.582,130.522,DDP,Truck,False
PO0004440,V0058,Semiconductors,Plant-Guadalajara-MX,2023-04-06,2023-07-14,2023-07-14,0,7246,7246,124.606,134.966,DDP,Ocean,False
PO0004441,V0058,Semiconductors,Plant-Brno-CZ,2023-04-18,2023-07-24,2023-07-24,0,2292,2292,161.002,161.226,EXW,Ocean,False
PO0004442,V0058,Semiconductors,Plant-Austin-US,2023-04-21,2023-07-25,2023-08-07,13,45116,45116,93.254,88.449,EXW,Ocean,False
PO0004443,V0058,Semiconductors,Plant-Guadalajara-MX,2023-04-27,2023-08-12,2023-08-12,0,3694,3694,116.036,123.568,CIF,Truck,False
PO0004444,V0058,Semiconductors,Plant-Penang-MY,2023-04-29,2023-07-25,2023-08-06,12,4507,4507,56.102,55.786,DDP,Air,False
PO0004445,V0058,Semiconductors,Plant-Austin-US,2023-05-16,2023-08-16,2023-08-31,15,13216,13216,53.972,59.681,CIF,Ocean,False
PO0004446,V0058,Semiconductors,Plant-Penang-MY,2023-05-17,2023-08-17,2023-09-13,27,9296,9296,85.325,93.089,FOB,Ocean,False
PO0004447,V0058,Semiconductors,Plant-Brno-CZ,2023-05-21,2023-09-11,2023-09-11,0,6424,6424,170.55,183.934,FOB,Truck,False
PO0004448,V0058,Semiconductors,Plant-Brno-CZ,2023-05-26,2023-08-16,2023-08-17,1,8440,5921,24.823,21.049,CIF,Ocean,False
PO0004449,V0058,Semiconductors,Plant-Penang-MY,2023-06-23,2023-09-27,2023-10-19,22,13105,13105,3.286,3.676,CIF,Truck,False
PO0004450,V0058,Semiconductors,Plant-Penang-MY,2023-07-11,2023-10-19,2023-10-19,0,5728,5728,151.899,127.568,FOB,Ocean,False
PO0004451,V0058,Semiconductors,Plant-Penang-MY,2023-07-14,2023-10-15,2023-10-15,0,11444,11444,52.994,47.083,CIF,Ocean,False
PO0004452,V0058,Semiconductors,Plant-Guadalajara-MX,2023-07-30,2023-10-31,2023-11-02,2,1703,1703,28.851,30.643,EXW,Ocean,False
PO0004453,V0058,Semiconductors,Plant-Brno-CZ,2023-08-05,2023-12-01,2023-12-11,10,41054,41054,31.768,35.006,DDP,Ocean,False
PO0004454,V0058,Semiconductors,Plant-Austin-US,2023-08-11,2023-11-02,2023-11-02,0,1542,1126,47.575,55.441,EXW,Ocean,False
PO0004455,V0058,Semiconductors,Plant-Austin-US,2023-08-15,2023-11-19,2023-12-09,20,3497,3497,155.276,133.024,EXW,Truck,False
PO0004456,V0058,Semiconductors,Plant-Austin-US,2023-08-16,2023-10-31,2023-10-31,0,15526,15526,132.002,148.309,CIF,Truck,False
PO0004457,V0058,Semiconductors,Plant-Austin-US,2023-08-23,2023-12-02,2023-12-03,1,2953,2090,172.188,167.0,FOB,Ocean,False
PO0004458,V0058,Semiconductors,Plant-Brno-CZ,2023-08-28,2023-12-10,2023-12-13,3,8634,6853,38.843,41.466,CIF,Ocean,False
PO0004459,V0058,Semiconductors,Plant-Brno-CZ,2023-08-29,2023-12-09,2023-12-11,2,6981,6981,11.608,10.953,DDP,Ocean,False
PO0004460,V0058,Semiconductors,Plant-Penang-MY,2023-09-03,2023-11-24,2023-11-24,0,1413,1413,13.902,14.438,DDP,Ocean,False
PO0004461,V0058,Semiconductors,Plant-Penang-MY,2023-09-07,2023-12-28,2024-01-01,4,1692,1692,56.365,61.663,DDP,Ocean,False
PO0004462,V0058,Semiconductors,Plant-Penang-MY,2023-09-09,2023-12-08,2023-12-10,2,4907,4907,158.941,155.134,CIF,Ocean,False
PO0004463,V0058,Semiconductors,Plant-Penang-MY,2023-09-10,2023-11-29,2023-11-29,0,1239,1239,10.972,10.608,CIF,Ocean,False
PO0004464,V0058,Semiconductors,Plant-Penang-MY,2023-09-21,2024-01-08,2024-01-14,6,1202,1202,88.868,71.559,EXW,Ocean,False
PO0004465,V0058,Semiconductors,Plant-Brno-CZ,2023-10-21,2024-02-04,2024-03-09,34,1467,1467,9.697,9.212,FOB,Ocean,False
PO0004466,V0058,Semiconductors,Plant-Austin-US,2023-10-25,2024-01-27,2024-01-27,0,21583,21583,40.085,42.155,FOB,Air,False
PO0004467,V0058,Semiconductors,Plant-Austin-US,2023-11-28,2024-02-18,2024-02-18,0,1817,1817,111.827,79.662,CIF,Ocean,False
PO0004468,V0058,Semiconductors,Plant-Guadalajara-MX,2023-11-29,2024-03-05,2024-03-28,23,22174,22174,134.063,135.816,EXW,Ocean,False
PO0004469,V0058,Semiconductors,Plant-Guadalajara-MX,2023-12-09,2024-03-19,2024-03-19,0,4932,4932,162.144,201.079,CIF,Ocean,False
PO0004470,V0058,Semiconductors,Plant-Austin-US,2023-12-16,2024-03-18,2024-03-18,0,10486,10486,83.419,105.582,FOB,Ocean,False
PO0004471,V0058,Semiconductors,Plant-Penang-MY,2024-01-15,2024-04-13,2024-04-23,10,944,699,137.794,142.349,FOB,Air,False
PO0004472,V0058,Semiconductors,Plant-Brno-CZ,2024-01-31,2024-05-03,2024-05-29,26,212,212,92.77,90.453,EXW,Ocean,False
PO0004473,V0058,Semiconductors,Plant-Austin-US,2024-02-12,2024-05-21,2024-05-22,1,7641,7641,173.365,180.619,FOB,Air,False
PO0004474,V0058,Semiconductors,Plant-Guadalajara-MX,2024-03-06,2024-06-16,2024-06-16,0,5025,4310,2.269,2.098,FOB,Air,True
PO0004475,V0058,Semiconductors,Plant-Austin-US,2024-03-10,2024-06-07,2024-07-10,33,309,309,19.009,19.535,FOB,Ocean,False
PO0004476,V0058,Semiconductors,Plant-Brno-CZ,2024-03-13,2024-06-15,2024-06-15,0,7879,7879,122.832,139.381,CIF,Air,False
PO0004477,V0058,Semiconductors,Plant-Austin-US,2024-03-16,2024-06-14,2024-06-14,0,1223,1223,45.863,57.973,FOB,Ocean,False
PO0004478,V0058,Semiconductors,Plant-Penang-MY,2024-03-26,2024-07-09,2024-07-13,4,13061,9765,41.606,41.301,CIF,Ocean,False
PO0004479,V0058,Semiconductors,Plant-Guadalajara-MX,2024-03-29,2024-07-09,2024-08-07,29,1392,1392,164.484,210.432,DDP,Truck,False
PO0004480,V0058,Semiconductors,Plant-Guadalajara-MX,2024-04-01,2024-06-20,2024-06-20,0,3732,3732,168.838,151.981,DDP,Ocean,False
PO0004481,V0058,Semiconductors,Plant-Austin-US,2024-04-07,2024-07-08,2024-07-08,0,2876,2876,116.401,84.196,DDP,Air,True
PO0004482,V0058,Semiconductors,Plant-Austin-US,2024-04-09,2024-07-14,2024-07-19,5,5572,5572,124.382,130.366,FOB,Air,False
PO0004483,V0058,Semiconductors,Plant-Guadalajara-MX,2024-04-26,2024-07-24,2024-08-31,38,1264,1264,14.844,16.558,EXW,Air,False
PO0004484,V0058,Semiconductors,Plant-Guadalajara-MX,2024-05-01,2024-07-27,2024-08-06,10,3609,3609,92.802,133.596,FOB,Ocean,False
PO0004485,V0058,Semiconductors,Plant-Guadalajara-MX,2024-05-07,2024-08-10,2024-08-14,4,6410,6410,157.433,170.951,CIF,Ocean,False
PO0004486,V0058,Semiconductors,Plant-Guadalajara-MX,2024-05-08,2024-08-11,2024-08-22,11,1350,1350,149.903,135.024,CIF,Ocean,False
PO0004487,V0058,Semiconductors,Plant-Penang-MY,2024-05-10,2024-08-22,2024-08-25,3,2305,2305,148.504,119.594,DDP,Truck,False
PO0004488,V0058,Semiconductors,Plant-Penang-MY,2024-05-17,2024-08-31,2024-09-02,2,16952,16952,11.408,11.101,CIF,Ocean,False
PO0004489,V0058,Semiconductors,Plant-Penang-MY,2024-05-20,2024-09-02,2024-09-02,0,7264,7264,7.081,6.509,EXW,Air,True
PO0004490,V0058,Semiconductors,Plant-Austin-US,2024-05-24,2024-08-28,2024-09-08,11,52675,52675,153.691,177.022,EXW,Ocean,False
PO0004491,V0058,Semiconductors,Plant-Guadalajara-MX,2024-05-27,2024-09-10,2024-09-10,0,63321,63321,82.931,43.191,FOB,Ocean,False
PO0004492,V0058,Semiconductors,Plant-Austin-US,2024-06-03,2024-09-05,2024-09-22,17,6121,6121,91.802,99.925,DDP,Ocean,False
PO0004493,V0058,Semiconductors,Plant-Austin-US,2024-06-11,2024-09-14,2024-09-14,0,15879,12871,94.987,99.391,DDP,Ocean,False
PO0004494,V0058,Semiconductors,Plant-Brno-CZ,2024-06-19,2024-09-16,2024-09-16,0,19743,19743,32.953,35.23,FOB,Ocean,False
PO0004495,V0058,Semiconductors,Plant-Penang-MY,2024-06-21,2024-09-23,2024-09-23,0,3506,3506,163.412,163.198,EXW,Truck,False
PO0004496,V0058,Semiconductors,Plant-Austin-US,2024-06-26,2024-09-26,2024-10-12,16,22904,22904,73.794,87.122,EXW,Ocean,False
PO0004497,V0058,Semiconductors,Plant-Brno-CZ,2024-06-27,2024-10-04,2024-10-05,1,290,271,113.07,109.931,EXW,Ocean,False
PO0004498,V0058,Semiconductors,Plant-Penang-MY,2024-07-08,2024-10-04,2024-10-04,0,4203,4203,13.991,13.499,DDP,Ocean,False
PO0004499,V0058,Semiconductors,Plant-Brno-CZ,2024-07-11,2024-10-17,2024-10-31,14,3084,3084,24.028,26.877,EXW,Truck,False
PO0004500,V0058,Semiconductors,Plant-Guadalajara-MX,2024-07-12,2024-10-20,2024-10-21,1,4672,4672,158.211,152.51,CIF,Truck,False
PO0004501,V0058,Semiconductors,Plant-Guadalajara-MX,2024-07-20,2024-10-07,2024-10-07,0,1492,1492,4.304,4.079,FOB,Ocean,False
PO0004502,V0058,Semiconductors,Plant-Brno-CZ,2024-07-23,2024-11-12,2024-11-12,0,46398,46398,72.19,66.592,DDP,Ocean,False
PO0004503,V0058,Semiconductors,Plant-Penang-MY,2024-07-25,2024-11-03,2024-11-04,1,2839,2839,13.159,16.892,DDP,Ocean,False
PO0004504,V0058,Semiconductors,Plant-Brno-CZ,2024-07-29,2024-11-07,2024-11-07,0,3811,3811,39.333,40.263,DDP,Air,False
PO0004505,V0058,Semiconductors,Plant-Guadalajara-MX,2024-08-02,2024-10-22,2024-10-22,0,381,315,3.803,3.164,DDP,Ocean,False
PO0004506,V0058,Semiconductors,Plant-Austin-US,2024-08-09,2024-11-01,2024-11-01,0,28143,28143,46.514,48.756,CIF,Ocean,False
PO0004507,V0058,Semiconductors,Plant-Brno-CZ,2024-08-20,2024-11-18,2024-11-18,0,1380,1235,90.429,82.126,CIF,Ocean,False
PO0004508,V0058,Semiconductors,Plant-Penang-MY,2024-08-21,2024-11-25,2024-11-25,0,2708,2708,154.112,138.607,FOB,Ocean,False
PO0004509,V0058,Semiconductors,Plant-Guadalajara-MX,2024-08-28,2024-11-28,2024-11-30,2,15882,13626,147.84,150.764,CIF,Truck,False
PO0004510,V0058,Semiconductors,Plant-Guadalajara-MX,2024-09-02,2024-12-04,2024-12-04,0,2389,2389,86.685,76.577,CIF,Ocean,False
PO0004511,V0058,Semiconductors,Plant-Austin-US,2024-09-11,2024-12-06,2024-12-06,0,1561,1561,159.281,158.219,DDP,Ocean,False
PO0004512,V0058,Semiconductors,Plant-Guadalajara-MX,2024-09-18,2024-12-18,2024-12-18,0,4551,4551,114.06,120.823,EXW,Ocean,False
PO0004513,V0058,Semiconductors,Plant-Guadalajara-MX,2024-09-20,2025-01-11,2025-01-11,0,8576,8576,164.063,182.28,FOB,Ocean,False
PO0004514,V0058,Semiconductors,Plant-Brno-CZ,2024-09-27,2024-12-12,2024-12-26,14,4557,4557,28.224,23.274,CIF,Ocean,False
PO0004515,V0058,Semiconductors,Plant-Penang-MY,2024-09-28,2025-01-01,2025-01-02,1,2407,2407,107.281,79.23,CIF,Air,False
PO0004516,V0058,Semiconductors,Plant-Brno-CZ,2024-10-04,2024-12-24,2024-12-24,0,38109,38109,52.365,52.447,DDP,Ocean,False
PO0004517,V0058,Semiconductors,Plant-Brno-CZ,2024-10-08,2025-01-16,2025-01-17,1,37642,37642,2.431,2.751,CIF,Ocean,False
PO0004518,V0058,Semiconductors,Plant-Austin-US,2024-10-09,2025-01-10,2025-01-30,20,1429,1429,108.42,114.567,EXW,Ocean,False
PO0004519,V0058,Semiconductors,Plant-Austin-US,2024-10-22,2025-01-26,2025-01-26,0,9613,9613,83.12,95.799,EXW,Ocean,False
PO0004520,V0058,Semiconductors,Plant-Penang-MY,2024-11-01,2025-02-07,2025-02-10,3,3005,3005,63.905,55.659,CIF,Air,False
PO0004521,V0058,Semiconductors,Plant-Brno-CZ,2024-11-07,2025-03-02,2025-03-02,0,715,715,4.049,3.733,CIF,Ocean,False
PO0004522,V0058,Semiconductors,Plant-Brno-CZ,2024-11-17,2025-02-12,2025-02-20,8,15667,15667,169.157,166.125,FOB,Ocean,False
PO0004523,V0058,Semiconductors,Plant-Guadalajara-MX,2024-11-18,2025-02-28,2025-02-28,0,50171,50171,81.667,82.509,EXW,Ocean,False
PO0004524,V0058,Semiconductors,Plant-Brno-CZ,2024-11-22,2025-02-17,2025-02-17,0,2278,2278,98.093,104.108,FOB,Truck,False
PO0004525,V0058,Semiconductors,Plant-Guadalajara-MX,2024-11-25,2025-02-18,2025-02-18,0,3648,3315,30.227,31.559,EXW,Ocean,False
PO0004526,V0058,Semiconductors,Plant-Penang-MY,2024-12-07,2025-03-23,2025-03-23,0,4121,4121,129.108,145.288,CIF,Ocean,False
PO0004527,V0058,Semiconductors,Plant-Brno-CZ,2024-12-08,2025-03-03,2025-03-03,0,4757,4608,117.39,111.453,FOB,Ocean,False
PO0004528,V0058,Semiconductors,Plant-Brno-CZ,2024-12-09,2025-03-10,2025-03-11,1,3286,3286,66.102,57.107,EXW,Ocean,False
PO0004529,V0058,Semiconductors,Plant-Guadalajara-MX,2024-12-23,2025-03-20,2025-03-20,0,19100,19100,140.81,123.13,CIF,Ocean,False
PO0004530,V0058,Semiconductors,Plant-Guadalajara-MX,2025-01-17,2025-05-05,2025-05-06,1,2311,2311,142.467,138.316,EXW,Ocean,False
PO0004531,V0058,Semiconductors,Plant-Penang-MY,2025-01-22,2025-04-21,2025-04-23,2,10563,10563,67.93,63.238,EXW,Truck,False
PO0004532,V0058,Semiconductors,Plant-Penang-MY,2025-01-23,2025-04-17,2025-04-17,0,8750,8750,52.429,57.504,CIF,Air,True
PO0004533,V0058,Semiconductors,Plant-Penang-MY,2025-01-24,2025-05-03,2025-05-06,3,17640,16842,86.905,93.746,CIF,Truck,False
PO0004534,V0058,Semiconductors,Plant-Guadalajara-MX,2025-02-09,2025-05-04,2025-05-05,1,4678,4678,18.818,16.729,CIF,Ocean,False
PO0004535,V0058,Semiconductors,Plant-Brno-CZ,2025-02-12,2025-05-23,2025-06-13,21,15028,15028,37.481,25.6,FOB,Ocean,False
PO0004536,V0058,Semiconductors,Plant-Austin-US,2025-02-14,2025-05-06,2025-05-26,20,2122,2122,5.316,4.402,DDP,Air,False
PO0004537,V0058,Semiconductors,Plant-Penang-MY,2025-02-18,2025-05-31,2025-05-31,0,4745,4745,76.323,70.889,FOB,Truck,False
PO0004538,V0058,Semiconductors,Plant-Brno-CZ,2025-02-19,2025-06-08,2025-07-05,27,5443,5443,102.626,66.157,DDP,Truck,False
PO0004539,V0058,Semiconductors,Plant-Penang-MY,2025-02-25,2025-05-30,2025-06-05,6,6696,6517,59.143,56.37,FOB,Ocean,False
PO0004540,V0058,Semiconductors,Plant-Brno-CZ,2025-02-28,2025-05-29,2025-06-15,17,4881,4672,165.395,200.1,CIF,Ocean,False
PO0004541,V0058,Semiconductors,Plant-Guadalajara-MX,2025-03-02,2025-05-23,2025-05-23,0,6046,6046,70.986,69.892,EXW,Ocean,False
PO0004542,V0058,Semiconductors,Plant-Brno-CZ,2025-03-11,2025-05-25,2025-06-06,12,1084,1084,3.453,2.052,CIF,Air,False
PO0004543,V0058,Semiconductors,Plant-Austin-US,2025-03-13,2025-06-12,2025-06-12,0,7808,7808,20.264,15.104,EXW,Ocean,False
PO0004544,V0058,Semiconductors,Plant-Brno-CZ,2025-04-04,2025-07-27,2025-07-27,0,1577,1577,154.483,158.381,CIF,Ocean,False
PO0004545,V0058,Semiconductors,Plant-Penang-MY,2025-04-13,2025-07-22,2025-07-22,0,56489,56489,39.155,38.189,DDP,Ocean,False
PO0004546,V0058,Semiconductors,Plant-Guadalajara-MX,2025-05-03,2025-08-21,2025-08-21,0,4244,4244,117.002,105.756,CIF,Truck,False
PO0004547,V0058,Semiconductors,Plant-Austin-US,2025-05-05,2025-08-05,2025-08-05,0,3540,3127,124.791,131.546,EXW,Ocean,False
PO0004548,V0058,Semiconductors,Plant-Guadalajara-MX,2025-05-10,2025-08-14,2025-08-15,1,2409,2409,113.019,112.3,EXW,Air,False
PO0004549,V0058,Semiconductors,Plant-Brno-CZ,2025-05-14,2025-08-20,2025-08-21,1,44942,44942,98.947,102.028,DDP,Ocean,False
PO0004550,V0058,Semiconductors,Plant-Penang-MY,2025-05-17,2025-08-27,2025-09-05,9,690,690,74.737,85.654,EXW,Air,False
PO0004551,V0058,Semiconductors,Plant-Guadalajara-MX,2025-05-27,2025-08-29,2025-09-21,23,50168,50168,33.021,34.426,EXW,Ocean,False
PO0004552,V0058,Semiconductors,Plant-Austin-US,2025-06-01,2025-09-01,2025-09-08,7,7932,7932,17.869,16.512,DDP,Ocean,False
PO0004553,V0058,Semiconductors,Plant-Penang-MY,2025-06-22,2025-09-20,2025-09-20,0,16610,16610,103.055,112.49,DDP,Air,False
PO0004554,V0058,Semiconductors,Plant-Brno-CZ,2025-07-01,2025-09-13,2025-09-13,0,17092,17092,5.261,6.791,DDP,Truck,False
PO0004555,V0058,Semiconductors,Plant-Guadalajara-MX,2025-07-10,2025-11-01,2025-11-12,11,12890,12890,71.45,52.198,DDP,Ocean,False
PO0004556,V0058,Semiconductors,Plant-Austin-US,2025-07-18,2025-10-16,2025-10-16,0,2298,2298,13.168,16.51,EXW,Ocean,False
PO0004557,V0058,Semiconductors,Plant-Penang-MY,2025-07-20,2025-10-09,2025-10-25,16,1206,1206,61.749,54.815,CIF,Truck,False
PO0004558,V0058,Semiconductors,Plant-Brno-CZ,2025-08-01,2025-11-08,2025-11-19,11,3003,3003,166.829,134.016,EXW,Air,False
PO0004559,V0058,Semiconductors,Plant-Guadalajara-MX,2025-08-11,2025-11-22,2025-11-22,0,43773,38309,55.861,64.474,EXW,Ocean,False
PO0004560,V0058,Semiconductors,Plant-Austin-US,2025-08-17,2025-11-15,2025-12-17,32,5174,5174,12.07,8.623,FOB,Ocean,False
PO0004561,V0058,Semiconductors,Plant-Brno-CZ,2025-08-27,2025-11-24,2025-11-26,2,4353,4353,41.214,41.517,EXW,Air,False
PO0004562,V0058,Semiconductors,Plant-Penang-MY,2025-08-29,2025-12-13,2025-12-13,0,2303,1794,84.654,80.611,DDP,Truck,False
PO0004563,V0058,Semiconductors,Plant-Austin-US,2025-09-03,2025-11-30,2025-11-30,0,51104,51104,147.952,134.817,DDP,Ocean,False
PO0004564,V0058,Semiconductors,Plant-Brno-CZ,2025-09-16,2025-12-13,2025-12-14,1,14483,11218,53.323,56.364,CIF,Ocean,False
PO0004565,V0058,Semiconductors,Plant-Austin-US,2025-09-18,2026-01-01,2026-01-03,2,2684,2684,114.681,107.208,EXW,Ocean,False
PO0004566,V0058,Semiconductors,Plant-Austin-US,2025-09-30,2025-12-29,2025-12-31,2,2138,2138,79.647,67.068,FOB,Air,False
PO0004567,V0058,Semiconductors,Plant-Brno-CZ,2025-10-13,2026-01-07,2026-01-07,0,10002,10002,121.178,122.338,FOB,Ocean,False
PO0004568,V0058,Semiconductors,Plant-Guadalajara-MX,2025-10-15,2026-01-17,2026-01-17,0,3936,3936,158.047,118.995,CIF,Ocean,False
PO0004569,V0058,Semiconductors,Plant-Guadalajara-MX,2025-10-22,2026-01-19,2026-01-19,0,5446,5446,159.863,158.359,CIF,Ocean,False
PO0004570,V0058,Semiconductors,Plant-Penang-MY,2025-11-11,2026-02-13,2026-03-16,31,2667,2667,106.139,104.782,EXW,Ocean,False
PO0004571,V0058,Semiconductors,Plant-Austin-US,2025-11-21,2026-02-07,2026-02-10,3,111800,111800,31.415,19.98,DDP,Ocean,False
PO0004572,V0058,Semiconductors,Plant-Austin-US,2025-12-05,2026-03-27,2026-03-29,2,11166,11166,39.855,42.257,DDP,Ocean,False
PO0004573,V0058,Semiconductors,Plant-Austin-US,2025-12-07,2026-04-01,2026-04-01,0,2066,2066,16.436,14.199,DDP,Ocean,False
PO0004574,V0058,Semiconductors,Plant-Guadalajara-MX,2025-12-10,2026-02-08,2026-02-08,0,1723,1723,179.897,226.734,FOB,Air,False
PO0004575,V0058,Semiconductors,Plant-Brno-CZ,2025-12-18,2026-03-21,2026-03-22,1,6984,6984,85.917,88.571,CIF,Ocean,False
PO0004576,V0058,Semiconductors,Plant-Penang-MY,2025-12-20,2026-03-14,2026-03-15,1,53033,37892,94.705,84.266,CIF,Air,False
PO0004577,V0058,Semiconductors,Plant-Austin-US,2025-12-22,2026-04-07,2026-04-08,1,6110,6110,57.529,51.201,FOB,Ocean,False
PO0004578,V0058,Semiconductors,Plant-Guadalajara-MX,2026-01-01,2026-04-01,2026-04-03,2,3511,3511,67.438,66.127,DDP,Ocean,False
PO0004579,V0058,Semiconductors,Plant-Austin-US,2026-01-31,2026-05-11,2026-05-13,2,102852,102852,50.381,45.557,CIF,Air,False
PO0004580,V0058,Semiconductors,Plant-Guadalajara-MX,2026-02-10,2026-05-10,2026-05-10,0,823,823,6.275,6.518,CIF,Truck,False
PO0004581,V0058,Semiconductors,Plant-Penang-MY,2026-02-13,2026-05-22,2026-05-22,0,12654,12654,147.521,122.129,EXW,Ocean,False
PO0004582,V0058,Semiconductors,Plant-Brno-CZ,2026-03-14,2026-06-14,2026-06-15,1,13247,13247,19.83,21.85,FOB,Truck,False
PO0004583,V0058,Semiconductors,Plant-Penang-MY,2026-03-30,2026-06-30,2026-06-30,0,4442,4055,173.423,163.335,DDP,Ocean,False
PO0004584,V0058,Semiconductors,Plant-Brno-CZ,2026-04-05,2026-07-09,2026-07-09,0,11247,11247,134.845,135.442,FOB,Ocean,False
PO0004585,V0058,Semiconductors,Plant-Guadalajara-MX,2026-05-05,2026-08-17,2026-08-17,0,2017,2017,89.191,106.385,FOB,Air,False
PO0004586,V0058,Semiconductors,Plant-Guadalajara-MX,2026-05-18,2026-08-09,2026-08-09,0,3081,3081,178.194,142.338,DDP,Ocean,False
PO0004587,V0058,Semiconductors,Plant-Penang-MY,2026-05-23,2026-08-17,2026-08-17,0,9806,9806,62.167,63.77,FOB,Truck,False
PO0004588,V0058,Semiconductors,Plant-Penang-MY,2026-05-28,2026-08-15,2026-08-15,0,2754,2754,119.896,116.906,CIF,Ocean,False
PO0004589,V0058,Semiconductors,Plant-Guadalajara-MX,2026-05-31,2026-08-18,2026-08-20,2,1578,1578,136.239,140.956,CIF,Truck,False
PO0004590,V0058,Semiconductors,Plant-Austin-US,2026-06-15,2026-09-14,2026-09-20,6,2243,2243,54.136,64.058,EXW,Ocean,False
PO0004591,V0059,Batteries,Plant-Penang-MY,2022-01-04,2022-02-27,2022-03-23,24,2519,2259,39.917,33.062,DDP,Air,False
PO0004592,V0059,Batteries,Plant-Guadalajara-MX,2022-01-20,2022-03-18,2022-03-18,0,23003,23003,50.546,34.644,EXW,Ocean,False
PO0004593,V0059,Batteries,Plant-Guadalajara-MX,2022-02-15,2022-04-09,2022-04-27,18,6376,6376,45.005,54.321,EXW,Ocean,False
PO0004594,V0059,Batteries,Plant-Brno-CZ,2022-02-25,2022-04-11,2022-04-11,0,3011,3011,4.658,5.049,FOB,Ocean,False
PO0004595,V0059,Batteries,Plant-Brno-CZ,2022-02-26,2022-04-17,2022-04-19,2,1775,1424,26.508,25.464,FOB,Ocean,False
PO0004596,V0059,Batteries,Plant-Brno-CZ,2022-03-31,2022-05-24,2022-05-25,1,2941,2941,36.09,31.382,CIF,Air,False
PO0004597,V0059,Batteries,Plant-Austin-US,2022-04-01,2022-05-19,2022-05-27,8,4810,4562,5.413,4.446,FOB,Ocean,False
PO0004598,V0059,Batteries,Plant-Austin-US,2022-04-11,2022-05-29,2022-06-07,9,729,729,54.198,34.722,CIF,Air,False
PO0004599,V0059,Batteries,Plant-Penang-MY,2022-04-15,2022-06-05,2022-06-05,0,4346,4346,42.555,41.059,CIF,Truck,False
PO0004600,V0059,Batteries,Plant-Penang-MY,2022-04-20,2022-06-07,2022-06-14,7,3366,2390,28.991,16.921,EXW,Ocean,False
PO0004601,V0059,Batteries,Plant-Austin-US,2022-05-10,2022-07-05,2022-07-17,12,10475,10475,11.34,17.459,CIF,Truck,False
PO0004602,V0059,Batteries,Plant-Penang-MY,2022-06-01,2022-07-23,2022-08-28,36,14880,14880,5.5,7.446,CIF,Truck,False
PO0004603,V0059,Batteries,Plant-Austin-US,2022-06-04,2022-07-22,2022-07-27,5,5957,5957,23.729,23.625,EXW,Ocean,False
PO0004604,V0059,Batteries,Plant-Guadalajara-MX,2022-06-06,2022-07-25,2022-08-02,8,981,981,13.732,9.26,CIF,Ocean,False
PO0004605,V0059,Batteries,Plant-Guadalajara-MX,2022-07-19,2022-08-30,2022-08-30,0,24619,20576,31.838,30.063,DDP,Ocean,False
PO0004606,V0059,Batteries,Plant-Penang-MY,2022-07-26,2022-09-14,2022-09-16,2,2146,2027,30.287,29.329,DDP,Ocean,False
PO0004607,V0059,Batteries,Plant-Guadalajara-MX,2022-08-08,2022-09-26,2022-09-26,0,1966,1966,46.605,61.93,DDP,Ocean,False
PO0004608,V0059,Batteries,Plant-Penang-MY,2022-08-10,2022-10-07,2022-10-10,3,2157,2157,10.542,12.764,CIF,Ocean,False
PO0004609,V0059,Batteries,Plant-Austin-US,2022-08-14,2022-10-02,2022-10-03,1,875,875,54.456,63.123,FOB,Ocean,False
PO0004610,V0059,Batteries,Plant-Austin-US,2022-08-26,2022-10-14,2022-10-14,0,4354,3410,4.101,4.504,FOB,Ocean,False
PO0004611,V0059,Batteries,Plant-Austin-US,2022-08-29,2022-10-20,2022-10-20,0,6493,6493,28.492,31.079,EXW,Ocean,False
PO0004612,V0059,Batteries,Plant-Brno-CZ,2022-08-31,2022-10-16,2022-10-16,0,944,767,11.28,10.228,CIF,Ocean,False
PO0004613,V0059,Batteries,Plant-Austin-US,2022-09-07,2022-11-05,2022-11-15,10,3574,3574,36.201,41.691,EXW,Air,False
PO0004614,V0059,Batteries,Plant-Guadalajara-MX,2022-09-10,2022-10-31,2022-11-08,8,4720,4720,42.919,25.683,DDP,Ocean,False
PO0004615,V0059,Batteries,Plant-Austin-US,2022-09-17,2022-11-03,2022-11-12,9,3842,3842,23.931,28.679,EXW,Ocean,False
PO0004616,V0059,Batteries,Plant-Austin-US,2022-09-20,2022-11-16,2022-11-16,0,11224,11224,39.164,35.295,EXW,Ocean,False
PO0004617,V0059,Batteries,Plant-Austin-US,2022-09-28,2022-11-20,2022-11-21,1,6449,6449,23.342,24.29,EXW,Air,False
PO0004618,V0059,Batteries,Plant-Penang-MY,2022-09-29,2022-11-15,2022-12-14,29,11358,11358,55.64,73.372,DDP,Air,False
PO0004619,V0059,Batteries,Plant-Austin-US,2022-10-23,2022-12-03,2022-12-03,0,2635,2635,16.608,21.85,FOB,Ocean,False
PO0004620,V0059,Batteries,Plant-Guadalajara-MX,2022-11-03,2022-12-26,2022-12-27,1,6204,6204,56.449,47.545,FOB,Ocean,False
PO0004621,V0059,Batteries,Plant-Austin-US,2022-11-15,2023-01-10,2023-01-11,1,2000,2000,59.068,38.18,CIF,Ocean,False
PO0004622,V0059,Batteries,Plant-Penang-MY,2022-11-16,2023-01-09,2023-01-11,2,1167,1167,27.672,16.71,EXW,Ocean,False
PO0004623,V0059,Batteries,Plant-Brno-CZ,2022-11-17,2023-01-12,2023-01-12,0,6748,6748,15.332,18.384,FOB,Air,True
PO0004624,V0059,Batteries,Plant-Guadalajara-MX,2022-12-04,2023-01-28,2023-02-21,24,1231,1231,34.639,29.322,FOB,Ocean,False
PO0004625,V0059,Batteries,Plant-Brno-CZ,2022-12-05,2023-01-19,2023-01-19,0,8166,8166,59.029,59.614,FOB,Ocean,False
PO0004626,V0059,Batteries,Plant-Brno-CZ,2022-12-26,2023-02-15,2023-02-23,8,10094,10094,49.373,66.622,DDP,Ocean,False
PO0004627,V0059,Batteries,Plant-Brno-CZ,2022-12-28,2023-02-10,2023-02-18,8,6287,6287,6.792,7.933,CIF,Ocean,False
PO0004628,V0059,Batteries,Plant-Austin-US,2023-01-23,2023-03-14,2023-03-14,0,1869,1869,38.825,40.668,FOB,Ocean,False
PO0004629,V0059,Batteries,Plant-Penang-MY,2023-01-26,2023-03-07,2023-03-17,10,14173,14173,8.161,6.516,DDP,Air,False
PO0004630,V0059,Batteries,Plant-Penang-MY,2023-01-29,2023-03-24,2023-03-30,6,1365,1365,27.495,29.426,FOB,Ocean,False
PO0004631,V0059,Batteries,Plant-Guadalajara-MX,2023-02-14,2023-04-06,2023-04-28,22,36277,36277,15.297,17.767,CIF,Ocean,False
PO0004632,V0059,Batteries,Plant-Austin-US,2023-02-20,2023-03-31,2023-05-03,33,6689,5510,12.097,8.756,FOB,Truck,False
PO0004633,V0059,Batteries,Plant-Brno-CZ,2023-02-22,2023-04-07,2023-04-07,0,10399,10399,5.213,4.93,DDP,Air,True
PO0004634,V0059,Batteries,Plant-Austin-US,2023-03-12,2023-05-01,2023-05-02,1,6069,4875,19.382,13.667,EXW,Ocean,False
PO0004635,V0059,Batteries,Plant-Austin-US,2023-03-17,2023-04-30,2023-05-02,2,4352,4352,24.069,28.083,EXW,Ocean,False
PO0004636,V0059,Batteries,Plant-Brno-CZ,2023-04-10,2023-05-31,2023-06-01,1,4921,4921,12.96,14.5,CIF,Ocean,False
PO0004637,V0059,Batteries,Plant-Penang-MY,2023-04-14,2023-06-06,2023-06-10,4,6537,5525,26.093,19.642,CIF,Ocean,False
PO0004638,V0059,Batteries,Plant-Penang-MY,2023-04-18,2023-06-11,2023-06-26,15,191950,187367,32.058,27.649,DDP,Air,False
PO0004639,V0059,Batteries,Plant-Brno-CZ,2023-05-11,2023-07-06,2023-07-08,2,5957,5957,12.25,11.486,EXW,Ocean,False
PO0004640,V0059,Batteries,Plant-Penang-MY,2023-05-22,2023-07-16,2023-07-19,3,5551,5551,54.011,68.035,EXW,Air,False
PO0004641,V0059,Batteries,Plant-Brno-CZ,2023-06-04,2023-07-23,2023-08-02,10,19569,19569,11.243,11.537,DDP,Ocean,False
PO0004642,V0059,Batteries,Plant-Brno-CZ,2023-06-05,2023-07-25,2023-07-25,0,9192,9192,5.257,6.149,FOB,Truck,False
PO0004643,V0059,Batteries,Plant-Penang-MY,2023-06-10,2023-07-28,2023-07-31,3,3171,3171,27.647,30.311,CIF,Ocean,False
PO0004644,V0059,Batteries,Plant-Penang-MY,2023-06-24,2023-08-14,2023-08-20,6,19504,19504,27.395,23.16,DDP,Ocean,False
PO0004645,V0059,Batteries,Plant-Guadalajara-MX,2023-06-25,2023-08-26,2023-08-26,0,10329,10329,14.321,13.521,FOB,Ocean,False
PO0004646,V0059,Batteries,Plant-Guadalajara-MX,2023-07-17,2023-09-02,2023-09-06,4,6768,6768,40.398,21.152,EXW,Truck,False
PO0004647,V0059,Batteries,Plant-Guadalajara-MX,2023-07-26,2023-09-21,2023-09-21,0,6229,6229,30.018,27.36,CIF,Air,False
PO0004648,V0059,Batteries,Plant-Brno-CZ,2023-07-29,2023-09-23,2023-09-23,0,911,911,12.123,11.288,FOB,Ocean,False
PO0004649,V0059,Batteries,Plant-Austin-US,2023-08-03,2023-09-17,2023-09-18,1,12297,8822,33.425,30.661,FOB,Truck,False
PO0004650,V0059,Batteries,Plant-Austin-US,2023-08-07,2023-09-18,2023-09-18,0,2107,2107,28.024,31.553,FOB,Ocean,False
PO0004651,V0059,Batteries,Plant-Guadalajara-MX,2023-08-09,2023-09-18,2023-09-18,0,11726,11026,46.583,34.294,CIF,Ocean,False
PO0004652,V0059,Batteries,Plant-Brno-CZ,2023-08-16,2023-09-28,2023-09-28,0,1304,952,42.703,54.986,FOB,Ocean,False
PO0004653,V0059,Batteries,Plant-Penang-MY,2023-08-30,2023-10-20,2023-11-01,12,657,657,26.33,28.017,DDP,Truck,False
PO0004654,V0059,Batteries,Plant-Brno-CZ,2023-09-03,2023-10-29,2023-10-29,0,2850,2850,30.582,29.149,CIF,Truck,False
PO0004655,V0059,Batteries,Plant-Penang-MY,2023-09-09,2023-11-07,2023-11-08,1,657,622,41.413,28.35,DDP,Ocean,False
PO0004656,V0059,Batteries,Plant-Guadalajara-MX,2023-09-13,2023-11-06,2023-11-08,2,2607,2420,15.025,10.965,DDP,Air,False
PO0004657,V0059,Batteries,Plant-Guadalajara-MX,2023-09-20,2023-11-17,2023-11-17,0,11688,11688,48.296,48.477,FOB,Truck,False
PO0004658,V0059,Batteries,Plant-Austin-US,2023-09-24,2023-11-16,2023-11-17,1,4987,4987,36.88,23.803,DDP,Air,False
PO0004659,V0059,Batteries,Plant-Austin-US,2023-09-26,2023-11-21,2023-11-21,0,951,951,43.124,45.103,EXW,Air,False
PO0004660,V0059,Batteries,Plant-Brno-CZ,2023-10-05,2023-11-17,2023-12-04,17,29126,29126,16.705,15.236,EXW,Air,False
PO0004661,V0059,Batteries,Plant-Austin-US,2023-10-13,2023-12-01,2023-12-10,9,7388,5441,28.095,35.656,CIF,Ocean,False
PO0004662,V0059,Batteries,Plant-Austin-US,2023-10-18,2023-12-10,2023-12-27,17,607,607,38.13,43.489,FOB,Ocean,False
PO0004663,V0059,Batteries,Plant-Austin-US,2023-10-19,2023-11-30,2023-11-30,0,18222,18222,6.552,9.056,CIF,Air,False
PO0004664,V0059,Batteries,Plant-Austin-US,2023-10-23,2023-12-03,2023-12-03,0,286,286,10.171,10.655,FOB,Ocean,False
PO0004665,V0059,Batteries,Plant-Brno-CZ,2023-11-04,2023-12-29,2024-01-14,16,45786,45786,54.729,52.942,FOB,Ocean,False
PO0004666,V0059,Batteries,Plant-Penang-MY,2023-11-08,2023-12-27,2023-12-27,0,37444,37444,24.55,18.065,DDP,Ocean,False
PO0004667,V0059,Batteries,Plant-Penang-MY,2023-11-10,2023-12-28,2024-01-18,21,74572,74572,32.963,10.886,EXW,Ocean,False
PO0004668,V0059,Batteries,Plant-Penang-MY,2023-11-18,2024-01-07,2024-01-08,1,8225,7136,55.22,67.75,CIF,Ocean,False
PO0004669,V0059,Batteries,Plant-Brno-CZ,2023-11-21,2024-01-19,2024-01-19,0,33311,30153,17.991,13.144,DDP,Truck,False
PO0004670,V0059,Batteries,Plant-Austin-US,2023-12-06,2024-01-26,2024-01-27,1,9812,9812,52.139,56.103,DDP,Ocean,False
PO0004671,V0059,Batteries,Plant-Brno-CZ,2023-12-21,2024-02-08,2024-03-02,23,2241,2241,6.003,6.152,EXW,Ocean,False
PO0004672,V0059,Batteries,Plant-Austin-US,2024-01-13,2024-03-02,2024-03-02,0,2032,2032,7.217,5.63,EXW,Ocean,False
PO0004673,V0059,Batteries,Plant-Brno-CZ,2024-01-26,2024-03-13,2024-03-13,0,2493,2176,7.037,5.756,FOB,Ocean,False
PO0004674,V0059,Batteries,Plant-Penang-MY,2024-02-02,2024-03-30,2024-03-30,0,20591,20591,45.205,35.766,DDP,Ocean,False
PO0004675,V0059,Batteries,Plant-Brno-CZ,2024-02-06,2024-03-29,2024-03-30,1,898,898,7.799,8.621,FOB,Ocean,False
PO0004676,V0059,Batteries,Plant-Austin-US,2024-02-13,2024-03-24,2024-03-24,0,6703,6703,46.717,30.008,DDP,Ocean,False
PO0004677,V0059,Batteries,Plant-Austin-US,2024-02-17,2024-04-03,2024-04-03,0,865,865,22.151,34.887,FOB,Air,True
PO0004678,V0059,Batteries,Plant-Austin-US,2024-02-22,2024-04-02,2024-04-03,1,949,949,52.724,64.606,DDP,Ocean,False
PO0004679,V0059,Batteries,Plant-Penang-MY,2024-02-29,2024-04-11,2024-04-29,18,5623,5623,18.755,24.147,CIF,Truck,False
PO0004680,V0059,Batteries,Plant-Brno-CZ,2024-03-07,2024-04-25,2024-05-01,6,749,710,20.821,30.924,FOB,Ocean,False
PO0004681,V0059,Batteries,Plant-Penang-MY,2024-03-09,2024-04-24,2024-05-01,7,11129,11129,49.572,59.123,DDP,Air,False
PO0004682,V0059,Batteries,Plant-Brno-CZ,2024-03-10,2024-04-29,2024-04-29,0,4488,3679,10.557,9.797,FOB,Ocean,False
PO0004683,V0059,Batteries,Plant-Guadalajara-MX,2024-03-19,2024-05-05,2024-06-06,32,729,535,53.402,11.966,FOB,Truck,False
PO0004684,V0059,Batteries,Plant-Brno-CZ,2024-03-23,2024-05-07,2024-05-08,1,1707,1707,20.458,20.837,FOB,Truck,False
PO0004685,V0059,Batteries,Plant-Guadalajara-MX,2024-03-25,2024-05-06,2024-05-09,3,6130,6130,50.22,56.28,DDP,Ocean,False
PO0004686,V0059,Batteries,Plant-Brno-CZ,2024-04-04,2024-05-28,2024-07-30,63,1175,1175,42.702,60.073,FOB,Ocean,False
PO0004687,V0059,Batteries,Plant-Austin-US,2024-04-12,2024-06-12,2024-06-27,15,6220,6220,51.978,93.052,DDP,Air,False
PO0004688,V0059,Batteries,Plant-Brno-CZ,2024-04-26,2024-06-26,2024-07-12,16,9554,9554,44.555,54.261,EXW,Air,False
PO0004689,V0059,Batteries,Plant-Austin-US,2024-05-06,2024-06-21,2024-07-19,28,19958,19958,55.164,41.256,EXW,Truck,False
PO0004690,V0059,Batteries,Plant-Penang-MY,2024-05-11,2024-06-22,2024-06-23,1,675,675,41.096,42.502,DDP,Ocean,False
PO0004691,V0059,Batteries,Plant-Guadalajara-MX,2024-06-11,2024-07-22,2024-07-23,1,24984,24984,11.308,9.6,FOB,Air,False
PO0004692,V0059,Batteries,Plant-Brno-CZ,2024-07-01,2024-08-18,2024-08-18,0,44278,44278,46.946,47.576,DDP,Air,True
PO0004693,V0059,Batteries,Plant-Austin-US,2024-07-07,2024-08-21,2024-08-21,0,510,382,54.79,59.247,DDP,Air,False
PO0004694,V0059,Batteries,Plant-Brno-CZ,2024-07-11,2024-09-01,2024-09-08,7,1451,1451,16.053,19.027,FOB,Ocean,False
PO0004695,V0059,Batteries,Plant-Guadalajara-MX,2024-07-21,2024-09-09,2024-09-12,3,2372,2372,10.795,12.485,CIF,Ocean,False
PO0004696,V0059,Batteries,Plant-Brno-CZ,2024-07-23,2024-09-04,2024-09-12,8,2851,2851,14.791,15.606,CIF,Ocean,False
PO0004697,V0059,Batteries,Plant-Austin-US,2024-07-25,2024-09-11,2024-09-14,3,1717,1717,18.512,18.066,FOB,Air,False
PO0004698,V0059,Batteries,Plant-Guadalajara-MX,2024-07-31,2024-09-27,2024-09-27,0,401,401,59.591,49.767,CIF,Truck,False
PO0004699,V0059,Batteries,Plant-Austin-US,2024-08-04,2024-09-26,2024-10-10,14,5421,5421,4.692,5.118,DDP,Ocean,False
PO0004700,V0059,Batteries,Plant-Penang-MY,2024-08-11,2024-10-02,2024-10-11,9,19365,19365,15.412,16.134,DDP,Ocean,False
PO0004701,V0059,Batteries,Plant-Penang-MY,2024-08-28,2024-10-18,2024-10-19,1,3158,3158,30.488,23.345,FOB,Ocean,False
PO0004702,V0059,Batteries,Plant-Brno-CZ,2024-09-03,2024-10-22,2024-10-22,0,1526,1430,36.616,49.989,FOB,Ocean,False
PO0004703,V0059,Batteries,Plant-Brno-CZ,2024-09-08,2024-11-05,2024-11-05,0,4533,4533,9.014,8.796,DDP,Ocean,False
PO0004704,V0059,Batteries,Plant-Austin-US,2024-09-22,2024-11-14,2024-11-16,2,828,828,47.239,47.607,FOB,Ocean,False
PO0004705,V0059,Batteries,Plant-Penang-MY,2024-09-24,2024-11-19,2024-11-20,1,21412,21412,29.133,23.343,DDP,Ocean,False
PO0004706,V0059,Batteries,Plant-Guadalajara-MX,2024-10-01,2024-11-21,2024-11-21,0,1824,1824,7.573,6.71,CIF,Ocean,False
PO0004707,V0059,Batteries,Plant-Austin-US,2024-10-05,2024-12-06,2024-12-06,0,3974,3974,23.222,23.506,CIF,Ocean,False
PO0004708,V0059,Batteries,Plant-Guadalajara-MX,2024-10-20,2024-12-16,2024-12-16,0,21682,21682,5.944,3.91,CIF,Ocean,False
PO0004709,V0059,Batteries,Plant-Penang-MY,2024-10-31,2024-12-16,2024-12-18,2,10742,10742,34.808,28.79,EXW,Ocean,False
PO0004710,V0059,Batteries,Plant-Austin-US,2024-11-11,2025-01-03,2025-01-03,0,8890,8890,4.875,4.836,CIF,Truck,False
PO0004711,V0059,Batteries,Plant-Brno-CZ,2024-11-13,2025-01-10,2025-01-10,0,2224,2224,53.425,48.181,FOB,Truck,False
PO0004712,V0059,Batteries,Plant-Austin-US,2024-11-15,2024-12-31,2025-01-04,4,5281,5281,12.627,10.967,CIF,Air,False
PO0004713,V0059,Batteries,Plant-Guadalajara-MX,2024-11-24,2025-01-21,2025-01-21,0,11566,11566,53.777,34.053,EXW,Air,False
PO0004714,V0059,Batteries,Plant-Brno-CZ,2024-12-06,2025-01-22,2025-02-03,12,2174,2174,23.468,25.298,FOB,Ocean,False
PO0004715,V0059,Batteries,Plant-Austin-US,2024-12-11,2025-01-24,2025-02-01,8,4980,4980,15.725,12.207,FOB,Ocean,False
PO0004716,V0059,Batteries,Plant-Penang-MY,2024-12-15,2025-01-29,2025-02-18,20,2892,2892,14.987,18.657,FOB,Ocean,False
PO0004717,V0059,Batteries,Plant-Guadalajara-MX,2024-12-20,2025-02-17,2025-02-21,4,4617,4617,15.893,14.951,EXW,Air,False
PO0004718,V0059,Batteries,Plant-Brno-CZ,2024-12-25,2025-02-17,2025-02-17,0,3437,3437,5.339,4.561,CIF,Air,False
PO0004719,V0059,Batteries,Plant-Brno-CZ,2025-01-02,2025-02-17,2025-02-17,0,955,955,6.999,7.685,DDP,Ocean,False
PO0004720,V0059,Batteries,Plant-Guadalajara-MX,2025-01-13,2025-03-01,2025-03-14,13,16395,16395,29.882,31.525,FOB,Air,False
PO0004721,V0059,Batteries,Plant-Brno-CZ,2025-01-14,2025-02-18,2025-02-18,0,3020,3020,4.208,4.044,FOB,Air,True
PO0004722,V0059,Batteries,Plant-Guadalajara-MX,2025-02-15,2025-04-01,2025-04-01,0,5873,5873,6.643,8.208,CIF,Ocean,False
PO0004723,V0059,Batteries,Plant-Brno-CZ,2025-02-23,2025-04-08,2025-04-08,0,3816,3816,29.65,32.886,FOB,Truck,False
PO0004724,V0059,Batteries,Plant-Guadalajara-MX,2025-03-08,2025-05-03,2025-05-03,0,5042,4015,23.438,19.89,CIF,Ocean,False
PO0004725,V0059,Batteries,Plant-Penang-MY,2025-03-22,2025-05-11,2025-06-01,21,7233,5616,5.938,6.214,CIF,Ocean,False
PO0004726,V0059,Batteries,Plant-Brno-CZ,2025-03-30,2025-05-24,2025-06-02,9,8383,8383,38.297,20.977,FOB,Ocean,False
PO0004727,V0059,Batteries,Plant-Austin-US,2025-04-10,2025-05-27,2025-05-27,0,15785,15785,16.258,15.721,EXW,Ocean,False
PO0004728,V0059,Batteries,Plant-Austin-US,2025-04-15,2025-05-25,2025-07-02,38,880,880,20.313,25.201,CIF,Ocean,False
PO0004729,V0059,Batteries,Plant-Brno-CZ,2025-04-23,2025-06-03,2025-06-03,0,14843,14843,29.487,31.797,DDP,Truck,False
PO0004730,V0059,Batteries,Plant-Guadalajara-MX,2025-04-30,2025-06-18,2025-06-26,8,4371,4371,11.476,16.223,CIF,Ocean,False
PO0004731,V0059,Batteries,Plant-Brno-CZ,2025-05-06,2025-06-23,2025-06-23,0,739,739,14.035,13.081,CIF,Air,True
PO0004732,V0059,Batteries,Plant-Penang-MY,2025-05-29,2025-07-21,2025-07-21,0,13303,13303,30.471,33.611,DDP,Ocean,False
PO0004733,V0059,Batteries,Plant-Brno-CZ,2025-06-01,2025-07-23,2025-08-10,18,1861,1861,39.944,44.939,FOB,Ocean,False
PO0004734,V0059,Batteries,Plant-Austin-US,2025-06-06,2025-07-24,2025-07-24,0,1030,1030,33.994,25.898,FOB,Air,False
PO0004735,V0059,Batteries,Plant-Austin-US,2025-06-15,2025-08-08,2025-08-10,2,1442,1442,14.755,12.702,EXW,Ocean,False
PO0004736,V0059,Batteries,Plant-Brno-CZ,2025-06-19,2025-08-06,2025-08-21,15,2599,2599,42.35,47.035,EXW,Ocean,False
PO0004737,V0059,Batteries,Plant-Penang-MY,2025-06-24,2025-08-10,2025-08-10,0,2248,2248,58.81,60.148,EXW,Truck,False
PO0004738,V0059,Batteries,Plant-Penang-MY,2025-07-13,2025-08-30,2025-08-30,0,7592,7592,51.392,47.768,EXW,Ocean,False
PO0004739,V0059,Batteries,Plant-Brno-CZ,2025-08-09,2025-09-25,2025-09-25,0,796,796,19.776,20.292,DDP,Truck,False
PO0004740,V0059,Batteries,Plant-Guadalajara-MX,2025-08-12,2025-09-19,2025-09-30,11,6525,6525,25.673,27.416,DDP,Ocean,False
PO0004741,V0059,Batteries,Plant-Austin-US,2025-08-14,2025-10-05,2025-10-08,3,11595,10772,29.526,32.847,DDP,Ocean,False
PO0004742,V0059,Batteries,Plant-Austin-US,2025-08-20,2025-10-14,2025-10-14,0,4526,4526,12.309,9.233,EXW,Ocean,False
PO0004743,V0059,Batteries,Plant-Penang-MY,2025-08-29,2025-10-28,2025-10-28,0,2088,1653,52.511,61.612,EXW,Truck,False
PO0004744,V0059,Batteries,Plant-Guadalajara-MX,2025-09-01,2025-10-21,2025-10-21,0,1232,1035,58.187,57.569,EXW,Ocean,False
PO0004745,V0059,Batteries,Plant-Guadalajara-MX,2025-09-25,2025-11-24,2025-12-24,30,4986,4771,3.963,3.217,CIF,Ocean,False
PO0004746,V0059,Batteries,Plant-Penang-MY,2025-09-27,2025-11-11,2025-12-03,22,73697,73697,47.546,59.625,CIF,Ocean,False
PO0004747,V0059,Batteries,Plant-Brno-CZ,2025-10-02,2025-11-21,2025-12-04,13,2223,1568,56.253,58.517,EXW,Ocean,False
PO0004748,V0059,Batteries,Plant-Brno-CZ,2025-10-06,2025-11-28,2025-11-28,0,11674,11674,3.642,4.212,CIF,Truck,False
PO0004749,V0059,Batteries,Plant-Guadalajara-MX,2025-11-02,2025-12-27,2025-12-27,0,1391,1391,22.023,27.227,EXW,Air,False
PO0004750,V0059,Batteries,Plant-Penang-MY,2025-11-05,2025-12-18,2025-12-19,1,130653,130653,38.573,38.162,EXW,Air,False
PO0004751,V0059,Batteries,Plant-Brno-CZ,2025-11-07,2025-12-28,2025-12-31,3,9206,9206,51.528,55.184,CIF,Ocean,False
PO0004752,V0059,Batteries,Plant-Penang-MY,2025-11-08,2025-12-18,2026-01-09,22,28366,28366,44.843,45.098,CIF,Air,False
PO0004753,V0059,Batteries,Plant-Penang-MY,2025-11-10,2026-01-05,2026-01-17,12,5029,3942,40.55,45.202,CIF,Ocean,False
PO0004754,V0059,Batteries,Plant-Penang-MY,2025-11-12,2025-12-28,2025-12-28,0,890,890,44.303,54.097,CIF,Ocean,False
PO0004755,V0059,Batteries,Plant-Brno-CZ,2025-11-13,2026-01-07,2026-01-09,2,1428,1063,27.426,25.732,EXW,Truck,False
PO0004756,V0059,Batteries,Plant-Brno-CZ,2025-11-15,2026-01-04,2026-01-18,14,9860,9860,14.631,16.681,EXW,Air,False
PO0004757,V0059,Batteries,Plant-Penang-MY,2025-12-01,2026-01-19,2026-02-06,18,20276,20276,23.206,21.686,FOB,Ocean,False
PO0004758,V0059,Batteries,Plant-Austin-US,2025-12-07,2026-01-29,2026-02-02,4,10473,10473,53.985,60.734,DDP,Truck,False
PO0004759,V0059,Batteries,Plant-Brno-CZ,2025-12-13,2026-01-26,2026-01-27,1,3218,3218,43.682,36.482,FOB,Ocean,False
PO0004760,V0059,Batteries,Plant-Guadalajara-MX,2025-12-18,2026-02-06,2026-03-18,40,2308,2308,25.096,24.83,EXW,Ocean,False
PO0004761,V0059,Batteries,Plant-Brno-CZ,2026-01-10,2026-03-07,2026-03-08,1,8800,8800,30.858,33.123,EXW,Truck,False
PO0004762,V0059,Batteries,Plant-Brno-CZ,2026-01-19,2026-02-27,2026-03-06,7,698,698,44.688,45.339,CIF,Ocean,False
PO0004763,V0059,Batteries,Plant-Austin-US,2026-02-25,2026-04-18,2026-04-18,0,4961,4961,21.32,18.437,DDP,Ocean,False
PO0004764,V0059,Batteries,Plant-Austin-US,2026-03-05,2026-04-28,2026-04-30,2,186070,186070,32.515,26.606,DDP,Ocean,False
PO0004765,V0059,Batteries,Plant-Brno-CZ,2026-03-18,2026-05-10,2026-05-22,12,1638,1638,47.87,45.647,EXW,Ocean,False
PO0004766,V0059,Batteries,Plant-Guadalajara-MX,2026-04-02,2026-05-22,2026-06-05,14,19736,19736,13.625,14.717,CIF,Ocean,False
PO0004767,V0059,Batteries,Plant-Penang-MY,2026-04-08,2026-05-26,2026-06-17,22,2273,2273,21.312,21.05,FOB,Ocean,False
PO0004768,V0059,Batteries,Plant-Austin-US,2026-04-12,2026-05-22,2026-05-25,3,9586,9586,16.756,20.087,EXW,Ocean,False
PO0004769,V0059,Batteries,Plant-Penang-MY,2026-04-16,2026-06-07,2026-06-07,0,1605,1605,33.663,41.275,CIF,Ocean,False
PO0004770,V0059,Batteries,Plant-Brno-CZ,2026-04-20,2026-06-11,2026-06-12,1,1127,1127,54.7,40.462,CIF,Ocean,False
PO0004771,V0059,Batteries,Plant-Austin-US,2026-06-02,2026-07-21,2026-08-08,18,3357,3357,32.702,20.891,FOB,Ocean,False
PO0004772,V0059,Batteries,Plant-Penang-MY,2026-06-09,2026-07-22,2026-07-31,9,5647,5647,27.048,26.483,EXW,Ocean,False
PO0004773,V0059,Batteries,Plant-Brno-CZ,2026-06-13,2026-07-22,2026-07-29,7,661,661,17.466,19.812,CIF,Air,False
PO0004774,V0059,Batteries,Plant-Guadalajara-MX,2026-06-14,2026-08-07,2026-08-07,0,687,657,56.449,41.822,EXW,Truck,False
PO0004775,V0060,Displays,Plant-Penang-MY,2022-02-28,2022-04-30,2022-04-30,0,12930,12930,160.132,166.828,CIF,Air,False
PO0004776,V0060,Displays,Plant-Austin-US,2022-03-17,2022-05-14,2022-05-23,9,49930,49930,215.126,301.001,EXW,Air,False
PO0004777,V0060,Displays,Plant-Guadalajara-MX,2022-04-15,2022-06-18,2022-06-18,0,2221,2221,159.197,148.086,DDP,Air,True
PO0004778,V0060,Displays,Plant-Austin-US,2022-05-27,2022-07-26,2022-07-26,0,3237,3237,97.453,130.097,CIF,Ocean,False
PO0004779,V0060,Displays,Plant-Penang-MY,2022-09-09,2022-10-31,2022-11-08,8,695,695,76.737,63.323,DDP,Ocean,False
PO0004780,V0060,Displays,Plant-Austin-US,2022-09-10,2022-11-06,2022-11-30,24,633,499,39.499,44.171,CIF,Ocean,False
PO0004781,V0060,Displays,Plant-Guadalajara-MX,2023-01-05,2023-03-01,2023-03-02,1,14860,14860,38.493,30.97,CIF,Ocean,False
PO0004782,V0060,Displays,Plant-Guadalajara-MX,2023-03-27,2023-05-26,2023-05-29,3,10233,10233,140.118,133.174,CIF,Air,False
PO0004783,V0060,Displays,Plant-Penang-MY,2023-05-19,2023-07-07,2023-07-07,0,3868,3868,186.161,178.753,FOB,Ocean,False
PO0004784,V0060,Displays,Plant-Guadalajara-MX,2023-06-14,2023-08-11,2023-08-11,0,4250,4250,113.574,119.607,EXW,Ocean,False
PO0004785,V0060,Displays,Plant-Brno-CZ,2023-07-25,2023-09-19,2023-09-19,0,5396,5396,76.286,67.862,DDP,Air,True
PO0004786,V0060,Displays,Plant-Guadalajara-MX,2023-10-30,2024-01-01,2024-01-03,2,3128,3128,172.904,217.887,FOB,Ocean,False
PO0004787,V0060,Displays,Plant-Brno-CZ,2023-12-19,2024-02-14,2024-02-19,5,12712,12712,122.587,131.439,DDP,Ocean,False
PO0004788,V0060,Displays,Plant-Guadalajara-MX,2023-12-25,2024-02-25,2024-02-25,0,7305,7305,20.312,21.73,DDP,Truck,False
PO0004789,V0060,Displays,Plant-Brno-CZ,2024-04-10,2024-06-07,2024-07-03,26,2630,2630,139.357,129.891,FOB,Truck,False
PO0004790,V0060,Displays,Plant-Penang-MY,2024-05-07,2024-07-05,2024-07-08,3,3429,3429,88.965,94.576,CIF,Ocean,False
PO0004791,V0060,Displays,Plant-Brno-CZ,2024-05-22,2024-07-22,2024-08-09,18,2091,2091,161.782,155.271,EXW,Ocean,False
PO0004792,V0060,Displays,Plant-Austin-US,2024-05-26,2024-07-27,2024-08-23,27,242,189,55.804,39.414,DDP,Truck,False
PO0004793,V0060,Displays,Plant-Brno-CZ,2024-06-09,2024-07-29,2024-07-30,1,13733,13733,185.673,177.306,DDP,Truck,False
PO0004794,V0060,Displays,Plant-Guadalajara-MX,2024-08-03,2024-10-07,2024-10-08,1,2268,2268,212.113,211.666,EXW,Air,False
PO0004795,V0060,Displays,Plant-Austin-US,2024-08-20,2024-10-16,2024-10-16,0,7260,7260,100.243,82.322,DDP,Air,False
PO0004796,V0060,Displays,Plant-Brno-CZ,2024-10-30,2024-12-31,2024-12-31,0,923,923,212.416,218.192,CIF,Air,True
PO0004797,V0060,Displays,Plant-Penang-MY,2024-11-26,2025-01-23,2025-01-23,0,2000,1877,76.728,73.587,EXW,Ocean,False
PO0004798,V0060,Displays,Plant-Penang-MY,2025-01-02,2025-03-12,2025-03-12,0,2727,2727,120.525,79.592,CIF,Ocean,False
PO0004799,V0060,Displays,Plant-Guadalajara-MX,2025-01-07,2025-03-05,2025-03-05,0,10049,10049,42.193,39.101,DDP,Truck,False
PO0004800,V0060,Displays,Plant-Brno-CZ,2025-01-30,2025-04-09,2025-04-09,0,19932,19932,209.982,265.269,FOB,Truck,False
PO0004801,V0060,Displays,Plant-Guadalajara-MX,2025-03-10,2025-04-28,2025-04-28,0,2915,2915,138.643,148.006,FOB,Ocean,False
PO0004802,V0060,Displays,Plant-Austin-US,2025-05-02,2025-06-30,2025-07-03,3,5245,5245,141.854,135.326,DDP,Truck,False
PO0004803,V0060,Displays,Plant-Penang-MY,2025-06-20,2025-08-28,2025-08-28,0,2046,2046,100.215,108.701,EXW,Ocean,False
PO0004804,V0060,Displays,Plant-Austin-US,2025-06-30,2025-09-06,2025-09-13,7,13066,13066,95.285,75.09,DDP,Ocean,False
PO0004805,V0060,Displays,Plant-Brno-CZ,2025-09-14,2025-11-19,2025-11-21,2,3240,3240,203.764,228.27,DDP,Ocean,False
PO0004806,V0060,Displays,Plant-Brno-CZ,2026-03-01,2026-04-27,2026-04-27,0,1221,1221,74.588,62.452,EXW,Ocean,False
PO0004807,V0060,Displays,Plant-Guadalajara-MX,2026-03-10,2026-05-14,2026-05-14,0,1286,1286,68.69,77.687,EXW,Ocean,False
PO0004808,V0061,Passive Components,Plant-Penang-MY,2022-02-17,2022-03-20,2022-03-21,1,953,953,2.508,2.505,DDP,Air,False
PO0004809,V0061,Passive Components,Plant-Guadalajara-MX,2022-05-18,2022-06-17,2022-06-27,10,1838,1728,2.07,2.239,CIF,Truck,False
PO0004810,V0061,Passive Components,Plant-Guadalajara-MX,2022-05-29,2022-06-24,2022-06-25,1,2629,2629,0.284,0.283,FOB,Ocean,False
PO0004811,V0061,Passive Components,Plant-Penang-MY,2022-09-24,2022-10-24,2022-10-24,0,10367,10367,0.513,0.52,FOB,Air,False
PO0004812,V0061,Passive Components,Plant-Austin-US,2022-10-27,2022-11-27,2022-11-27,0,2448,2448,1.553,1.595,CIF,Ocean,False
PO0004813,V0061,Passive Components,Plant-Austin-US,2023-01-08,2023-02-07,2023-02-08,1,1214,1214,2.484,2.668,EXW,Ocean,False
PO0004814,V0061,Passive Components,Plant-Penang-MY,2023-01-11,2023-02-09,2023-02-19,10,649,649,0.825,0.817,DDP,Air,False
PO0004815,V0061,Passive Components,Plant-Penang-MY,2023-02-12,2023-03-13,2023-03-22,9,6324,6324,2.654,2.759,CIF,Ocean,False
PO0004816,V0061,Passive Components,Plant-Penang-MY,2023-02-19,2023-03-20,2023-03-21,1,8877,8877,2.404,2.485,CIF,Air,False
PO0004817,V0061,Passive Components,Plant-Brno-CZ,2023-02-25,2023-03-31,2023-03-31,0,1828,1828,1.774,1.647,EXW,Air,False
PO0004818,V0061,Passive Components,Plant-Austin-US,2023-05-27,2023-07-04,2023-07-04,0,11542,11542,1.535,1.555,CIF,Ocean,False
PO0004819,V0061,Passive Components,Plant-Austin-US,2023-07-04,2023-08-02,2023-08-23,21,49635,49635,2.647,2.564,CIF,Ocean,False
PO0004820,V0061,Passive Components,Plant-Brno-CZ,2023-09-22,2023-10-21,2023-10-21,0,120162,120162,2.251,2.235,DDP,Air,False
PO0004821,V0061,Passive Components,Plant-Guadalajara-MX,2023-11-12,2023-12-12,2023-12-25,13,6981,5757,1.259,1.435,FOB,Air,False
PO0004822,V0061,Passive Components,Plant-Austin-US,2023-12-30,2024-01-27,2024-01-27,0,1240,1240,0.785,0.798,FOB,Ocean,False
PO0004823,V0061,Passive Components,Plant-Penang-MY,2024-05-06,2024-06-03,2024-06-09,6,6446,6446,1.395,1.424,CIF,Truck,False
PO0004824,V0061,Passive Components,Plant-Austin-US,2024-07-03,2024-07-27,2024-07-27,0,2844,2844,1.101,1.173,DDP,Truck,False
PO0004825,V0061,Passive Components,Plant-Penang-MY,2024-10-25,2024-11-27,2024-11-29,2,4277,4277,0.06,0.063,CIF,Air,False
PO0004826,V0061,Passive Components,Plant-Guadalajara-MX,2024-12-17,2025-01-20,2025-01-20,0,5710,5710,1.571,1.342,CIF,Ocean,False
PO0004827,V0061,Passive Components,Plant-Penang-MY,2025-01-05,2025-02-05,2025-02-06,1,1140,1140,2.73,2.792,CIF,Ocean,False
PO0004828,V0061,Passive Components,Plant-Austin-US,2025-03-10,2025-04-07,2025-04-07,0,4833,4833,2.247,2.23,FOB,Ocean,False
PO0004829,V0061,Passive Components,Plant-Guadalajara-MX,2025-08-19,2025-09-18,2025-09-18,0,8452,8452,2.956,2.938,CIF,Ocean,False
PO0004830,V0061,Passive Components,Plant-Brno-CZ,2026-03-13,2026-04-16,2026-04-20,4,41698,41698,1.755,1.73,CIF,Air,False
PO0004831,V0061,Passive Components,Plant-Guadalajara-MX,2026-04-16,2026-05-21,2026-05-21,0,2431,2431,1.698,1.339,EXW,Truck,False
PO0004832,V0061,Passive Components,Plant-Penang-MY,2026-05-20,2026-06-20,2026-06-20,0,3540,3540,0.986,0.991,DDP,Air,False
PO0004833,V0061,Passive Components,Plant-Brno-CZ,2026-06-02,2026-07-02,2026-07-03,1,2415,2415,2.729,3.056,CIF,Ocean,False
PO0004834,V0062,Packaging,Plant-Guadalajara-MX,2022-01-06,2022-01-28,2022-01-28,0,11379,11379,2.559,2.558,CIF,Truck,False
PO0004835,V0062,Packaging,Plant-Austin-US,2022-02-11,2022-03-02,2022-03-02,0,1512,1512,3.72,3.727,FOB,Ocean,False
PO0004836,V0062,Packaging,Plant-Guadalajara-MX,2022-02-24,2022-03-14,2022-03-14,0,4638,4638,4.544,4.674,FOB,Ocean,False
PO0004837,V0062,Packaging,Plant-Brno-CZ,2022-03-01,2022-03-17,2022-03-17,0,54283,54283,4.215,4.201,DDP,Ocean,False
PO0004838,V0062,Packaging,Plant-Brno-CZ,2022-03-02,2022-03-27,2022-03-29,2,2458,2458,2.408,2.357,DDP,Truck,False
PO0004839,V0062,Packaging,Plant-Penang-MY,2022-03-22,2022-04-08,2022-04-08,0,12203,12203,3.918,3.904,DDP,Ocean,False
PO0004840,V0062,Packaging,Plant-Brno-CZ,2022-04-07,2022-04-24,2022-04-24,0,3682,3682,3.125,3.064,CIF,Truck,False
PO0004841,V0062,Packaging,Plant-Brno-CZ,2022-05-01,2022-05-21,2022-05-21,0,2475,2475,3.283,3.307,CIF,Ocean,False
PO0004842,V0062,Packaging,Plant-Guadalajara-MX,2022-05-27,2022-06-12,2022-06-12,0,3222,3222,4.262,4.272,FOB,Truck,False
PO0004843,V0062,Packaging,Plant-Penang-MY,2022-08-31,2022-09-22,2022-09-22,0,5051,5051,3.744,3.746,EXW,Ocean,False
PO0004844,V0062,Packaging,Plant-Brno-CZ,2022-12-26,2023-01-17,2023-01-17,0,2331,2331,1.301,1.312,DDP,Ocean,False
PO0004845,V0062,Packaging,Plant-Penang-MY,2023-01-12,2023-02-04,2023-02-07,3,3007,3007,0.438,0.438,EXW,Ocean,False
PO0004846,V0062,Packaging,Plant-Penang-MY,2023-01-17,2023-02-04,2023-02-04,0,23326,23326,4.752,4.809,DDP,Air,False
PO0004847,V0062,Packaging,Plant-Austin-US,2023-02-05,2023-02-23,2023-02-23,0,31634,31634,3.503,3.676,CIF,Ocean,False
PO0004848,V0062,Packaging,Plant-Guadalajara-MX,2023-02-10,2023-03-06,2023-03-06,0,6817,6817,0.267,0.268,DDP,Truck,False
PO0004849,V0062,Packaging,Plant-Guadalajara-MX,2023-02-14,2023-03-04,2023-03-04,0,3615,3615,4.269,4.127,EXW,Ocean,False
PO0004850,V0062,Packaging,Plant-Guadalajara-MX,2023-03-04,2023-03-21,2023-03-24,3,14390,14390,3.673,3.747,CIF,Ocean,False
PO0004851,V0062,Packaging,Plant-Guadalajara-MX,2023-03-15,2023-04-05,2023-04-05,0,3894,3894,1.113,1.13,DDP,Ocean,False
PO0004852,V0062,Packaging,Plant-Brno-CZ,2023-03-29,2023-04-15,2023-04-15,0,1553,1553,3.07,3.105,DDP,Ocean,False
PO0004853,V0062,Packaging,Plant-Brno-CZ,2023-04-18,2023-05-08,2023-05-08,0,3346,3346,2.528,2.538,EXW,Air,False
PO0004854,V0062,Packaging,Plant-Brno-CZ,2023-04-22,2023-05-07,2023-05-07,0,6943,6943,1.651,1.678,CIF,Ocean,False
PO0004855,V0062,Packaging,Plant-Austin-US,2023-06-04,2023-06-25,2023-06-25,0,719,719,2.722,2.703,CIF,Air,True
PO0004856,V0062,Packaging,Plant-Austin-US,2023-06-17,2023-07-11,2023-07-12,1,12929,12929,4.843,4.808,EXW,Ocean,False
PO0004857,V0062,Packaging,Plant-Austin-US,2023-08-23,2023-09-10,2023-09-10,0,12637,12637,4.534,4.594,EXW,Ocean,False
PO0004858,V0062,Packaging,Plant-Brno-CZ,2023-08-29,2023-09-18,2023-09-18,0,23215,23215,0.289,0.291,DDP,Ocean,False
PO0004859,V0062,Packaging,Plant-Penang-MY,2023-09-16,2023-10-10,2023-10-10,0,25595,25595,2.893,2.844,EXW,Truck,False
PO0004860,V0062,Packaging,Plant-Brno-CZ,2023-10-17,2023-11-06,2023-11-06,0,3613,3613,0.486,0.473,FOB,Ocean,False
PO0004861,V0062,Packaging,Plant-Austin-US,2023-10-27,2023-11-17,2023-11-17,0,6511,6511,0.602,0.597,EXW,Ocean,False
PO0004862,V0062,Packaging,Plant-Guadalajara-MX,2023-11-17,2023-12-08,2023-12-08,0,8151,8151,4.696,4.562,EXW,Truck,False
PO0004863,V0062,Packaging,Plant-Guadalajara-MX,2023-11-19,2023-12-08,2023-12-08,0,7582,7582,2.658,2.708,FOB,Ocean,False
PO0004864,V0062,Packaging,Plant-Guadalajara-MX,2024-01-20,2024-02-06,2024-02-06,0,13790,13790,0.208,0.207,EXW,Ocean,False
PO0004865,V0062,Packaging,Plant-Austin-US,2024-02-10,2024-03-01,2024-03-10,9,4189,4189,4.013,3.879,CIF,Truck,False
PO0004866,V0062,Packaging,Plant-Penang-MY,2024-03-31,2024-04-21,2024-04-21,0,9414,9414,2.878,2.777,FOB,Ocean,False
PO0004867,V0062,Packaging,Plant-Brno-CZ,2024-05-27,2024-06-16,2024-06-16,0,1594,1594,3.341,3.291,EXW,Truck,False
PO0004868,V0062,Packaging,Plant-Brno-CZ,2024-07-25,2024-08-15,2024-08-19,4,976,976,2.435,2.502,EXW,Truck,False
PO0004869,V0062,Packaging,Plant-Penang-MY,2024-10-06,2024-10-23,2024-10-23,0,9710,9710,2.629,2.619,EXW,Ocean,False
PO0004870,V0062,Packaging,Plant-Austin-US,2024-10-09,2024-10-31,2024-10-31,0,10464,10464,1.662,1.602,FOB,Ocean,False
PO0004871,V0062,Packaging,Plant-Brno-CZ,2024-10-29,2024-11-16,2024-11-17,1,6217,6217,1.647,1.647,DDP,Truck,False
PO0004872,V0062,Packaging,Plant-Austin-US,2024-10-30,2024-11-15,2024-11-15,0,546,546,1.012,0.982,FOB,Air,False
PO0004873,V0062,Packaging,Plant-Brno-CZ,2024-11-07,2024-11-23,2024-11-23,0,1884,1884,3.629,3.684,EXW,Ocean,False
PO0004874,V0062,Packaging,Plant-Penang-MY,2024-11-23,2024-12-17,2024-12-17,0,5523,5523,1.877,1.934,CIF,Air,False
PO0004875,V0062,Packaging,Plant-Guadalajara-MX,2024-12-22,2025-01-08,2025-01-08,0,5724,5724,2.113,2.078,FOB,Truck,False
PO0004876,V0062,Packaging,Plant-Brno-CZ,2025-01-10,2025-01-29,2025-01-29,0,2691,2691,3.193,3.279,EXW,Ocean,False
PO0004877,V0062,Packaging,Plant-Guadalajara-MX,2025-01-29,2025-02-14,2025-02-14,0,480,480,4.402,4.334,FOB,Ocean,False
PO0004878,V0062,Packaging,Plant-Penang-MY,2025-02-22,2025-03-16,2025-03-16,0,2725,2725,4.16,3.996,FOB,Air,True
PO0004879,V0062,Packaging,Plant-Guadalajara-MX,2025-03-01,2025-03-24,2025-03-24,0,5801,5801,1.352,1.389,DDP,Truck,False
PO0004880,V0062,Packaging,Plant-Guadalajara-MX,2025-04-01,2025-04-19,2025-04-21,2,769,769,3.174,3.08,DDP,Air,False
PO0004881,V0062,Packaging,Plant-Brno-CZ,2025-05-02,2025-05-19,2025-05-19,0,200000,200000,0.958,0.996,EXW,Air,False
PO0004882,V0062,Packaging,Plant-Austin-US,2025-05-18,2025-06-03,2025-06-03,0,2413,2413,0.656,0.653,FOB,Air,False
PO0004883,V0062,Packaging,Plant-Austin-US,2025-07-23,2025-08-11,2025-08-21,10,5800,5800,1.871,1.895,EXW,Ocean,False
PO0004884,V0062,Packaging,Plant-Austin-US,2025-08-14,2025-09-04,2025-09-06,2,8091,8091,2.765,2.693,CIF,Ocean,False
PO0004885,V0062,Packaging,Plant-Guadalajara-MX,2025-09-05,2025-09-24,2025-09-27,3,402,402,3.296,3.03,DDP,Ocean,False
PO0004886,V0062,Packaging,Plant-Austin-US,2025-10-19,2025-11-06,2025-11-06,0,9981,9981,4.278,4.316,DDP,Ocean,False
PO0004887,V0062,Packaging,Plant-Penang-MY,2025-11-02,2025-11-24,2025-11-25,1,10454,10454,3.728,3.727,DDP,Ocean,False
PO0004888,V0062,Packaging,Plant-Penang-MY,2025-11-24,2025-12-12,2025-12-13,1,527,527,1.669,1.72,EXW,Truck,False
PO0004889,V0062,Packaging,Plant-Guadalajara-MX,2026-01-31,2026-02-19,2026-02-19,0,1140,1140,3.268,3.254,EXW,Truck,False
PO0004890,V0062,Packaging,Plant-Guadalajara-MX,2026-02-18,2026-03-11,2026-03-11,0,9174,9174,3.587,3.582,CIF,Ocean,False
PO0004891,V0062,Packaging,Plant-Brno-CZ,2026-03-16,2026-04-01,2026-04-13,12,4205,4205,0.54,0.556,DDP,Ocean,False
PO0004892,V0062,Packaging,Plant-Penang-MY,2026-03-22,2026-04-06,2026-04-18,12,6276,6276,3.741,3.775,EXW,Ocean,False
PO0004893,V0062,Packaging,Plant-Brno-CZ,2026-04-08,2026-04-28,2026-04-28,0,26351,26351,2.413,2.327,FOB,Truck,False
PO0004894,V0062,Packaging,Plant-Penang-MY,2026-04-12,2026-04-29,2026-04-29,0,2619,2619,1.213,1.26,EXW,Ocean,False
PO0004895,V0062,Packaging,Plant-Guadalajara-MX,2026-04-25,2026-05-18,2026-05-18,0,6742,6742,2.492,2.459,CIF,Air,False
PO0004896,V0062,Packaging,Plant-Guadalajara-MX,2026-04-30,2026-05-21,2026-05-21,0,770,770,3.497,3.495,DDP,Air,False
PO0004897,V0062,Packaging,Plant-Austin-US,2026-05-05,2026-05-26,2026-05-26,0,7442,7442,4.486,4.36,EXW,Ocean,False
PO0004898,V0062,Packaging,Plant-Brno-CZ,2026-05-17,2026-06-06,2026-06-15,9,3732,3732,3.617,3.73,DDP,Truck,False
PO0004899,V0063,Connectors,Plant-Penang-MY,2022-03-24,2022-05-02,2022-05-29,27,64746,64746,0.688,0.68,EXW,Ocean,False
PO0004900,V0063,Connectors,Plant-Guadalajara-MX,2022-03-25,2022-04-22,2022-04-22,0,6114,6114,0.978,0.986,CIF,Truck,False
PO0004901,V0063,Connectors,Plant-Brno-CZ,2022-04-25,2022-06-02,2022-06-02,0,3263,3263,12.576,12.453,FOB,Ocean,False
PO0004902,V0063,Connectors,Plant-Austin-US,2022-09-05,2022-10-10,2022-10-10,0,4667,4667,1.235,1.254,DDP,Ocean,False
PO0004903,V0063,Connectors,Plant-Brno-CZ,2023-03-09,2023-04-12,2023-04-12,0,1794,1794,11.415,11.701,CIF,Ocean,False
PO0004904,V0063,Connectors,Plant-Brno-CZ,2024-08-06,2024-09-05,2024-09-05,0,5014,5014,5.986,5.895,FOB,Ocean,False
PO0004905,V0063,Connectors,Plant-Penang-MY,2024-12-20,2025-01-20,2025-01-20,0,3186,3186,11.643,12.006,FOB,Ocean,False
PO0004906,V0063,Connectors,Plant-Guadalajara-MX,2025-02-04,2025-03-19,2025-03-26,7,5443,5443,7.462,7.196,DDP,Ocean,False
PO0004907,V0063,Connectors,Plant-Brno-CZ,2025-02-07,2025-03-08,2025-03-08,0,22146,22146,8.809,8.518,CIF,Ocean,False
PO0004908,V0063,Connectors,Plant-Brno-CZ,2025-03-27,2025-04-28,2025-04-28,0,24168,24168,8.449,8.194,CIF,Ocean,False
PO0004909,V0063,Connectors,Plant-Guadalajara-MX,2025-04-15,2025-05-20,2025-05-20,0,28854,28854,9.763,9.55,CIF,Ocean,False
PO0004910,V0063,Connectors,Plant-Guadalajara-MX,2025-09-20,2025-10-25,2025-10-26,1,2892,2786,10.479,10.393,EXW,Truck,False
PO0004911,V0063,Connectors,Plant-Brno-CZ,2025-11-07,2025-12-11,2025-12-12,1,1058,1058,13.284,13.133,FOB,Ocean,False
PO0004912,V0063,Connectors,Plant-Austin-US,2026-02-28,2026-04-06,2026-04-06,0,2554,2554,8.949,8.989,FOB,Ocean,False
PO0004913,V0063,Connectors,Plant-Guadalajara-MX,2026-04-14,2026-05-25,2026-05-25,0,2675,2675,5.724,5.752,DDP,Ocean,False
PO0004914,V0063,Connectors,Plant-Austin-US,2026-04-16,2026-05-18,2026-05-19,1,6351,6351,8.85,8.827,CIF,Ocean,False
PO0004915,V0064,Enclosures / Metal,Plant-Austin-US,2022-01-05,2022-02-10,2022-02-10,0,1297,1297,13.584,13.32,DDP,Air,False
PO0004916,V0064,Enclosures / Metal,Plant-Austin-US,2022-01-20,2022-03-04,2022-03-04,0,20820,20820,37.577,29.274,CIF,Ocean,False
PO0004917,V0064,Enclosures / Metal,Plant-Penang-MY,2022-02-07,2022-03-26,2022-04-05,10,5330,5330,41.837,42.249,EXW,Truck,False
PO0004918,V0064,Enclosures / Metal,Plant-Austin-US,2022-03-26,2022-04-30,2022-05-02,2,1420,1022,24.485,24.031,FOB,Air,False
PO0004919,V0064,Enclosures / Metal,Plant-Penang-MY,2022-03-28,2022-05-05,2022-05-09,4,701,701,37.819,31.673,EXW,Ocean,False
PO0004920,V0064,Enclosures / Metal,Plant-Austin-US,2022-04-02,2022-05-10,2022-05-18,8,7819,7819,44.747,45.696,FOB,Ocean,False
PO0004921,V0064,Enclosures / Metal,Plant-Austin-US,2022-04-27,2022-06-06,2022-06-06,0,31576,31576,26.679,26.17,CIF,Air,False
PO0004922,V0064,Enclosures / Metal,Plant-Brno-CZ,2022-04-28,2022-05-31,2022-07-01,31,53569,53569,20.478,20.068,DDP,Ocean,False
PO0004923,V0064,Enclosures / Metal,Plant-Penang-MY,2022-05-13,2022-06-22,2022-06-22,0,2588,2588,17.179,15.386,EXW,Truck,False
PO0004924,V0064,Enclosures / Metal,Plant-Austin-US,2022-05-31,2022-07-13,2022-07-13,0,5807,5807,27.626,29.82,EXW,Air,True
PO0004925,V0064,Enclosures / Metal,Plant-Austin-US,2022-06-22,2022-08-03,2022-08-03,0,1783,1783,42.791,37.041,DDP,Truck,False
PO0004926,V0064,Enclosures / Metal,Plant-Penang-MY,2022-06-23,2022-08-01,2022-08-02,1,2944,2944,34.867,34.98,CIF,Truck,False
PO0004927,V0064,Enclosures / Metal,Plant-Austin-US,2022-07-20,2022-08-21,2022-09-12,22,17011,17011,28.803,31.311,DDP,Truck,False
PO0004928,V0064,Enclosures / Metal,Plant-Guadalajara-MX,2022-07-24,2022-09-06,2022-09-06,0,11807,11807,19.385,18.533,EXW,Ocean,False
PO0004929,V0064,Enclosures / Metal,Plant-Brno-CZ,2022-08-28,2022-10-03,2022-10-03,0,1158,1158,3.773,3.658,EXW,Air,False
PO0004930,V0064,Enclosures / Metal,Plant-Brno-CZ,2022-09-08,2022-10-19,2022-10-19,0,388,388,41.583,42.0,DDP,Ocean,False
PO0004931,V0064,Enclosures / Metal,Plant-Penang-MY,2022-09-22,2022-10-28,2022-11-04,7,939,939,14.755,13.876,EXW,Ocean,False
PO0004932,V0064,Enclosures / Metal,Plant-Brno-CZ,2022-09-28,2022-11-09,2022-11-13,4,8573,8573,12.239,11.859,CIF,Ocean,False
PO0004933,V0064,Enclosures / Metal,Plant-Penang-MY,2022-10-06,2022-11-13,2022-11-13,0,971,971,15.642,19.046,CIF,Air,True
PO0004934,V0064,Enclosures / Metal,Plant-Brno-CZ,2022-10-18,2022-12-02,2022-12-03,1,707,707,4.255,3.996,CIF,Air,False
PO0004935,V0064,Enclosures / Metal,Plant-Austin-US,2022-10-26,2022-12-04,2022-12-09,5,7005,5013,10.472,10.557,FOB,Ocean,False
PO0004936,V0064,Enclosures / Metal,Plant-Austin-US,2022-11-14,2022-12-25,2022-12-25,0,15768,13444,3.87,4.244,CIF,Ocean,False
PO0004937,V0064,Enclosures / Metal,Plant-Brno-CZ,2022-11-25,2023-01-03,2023-01-15,12,3357,3006,20.518,19.444,CIF,Air,False
PO0004938,V0064,Enclosures / Metal,Plant-Austin-US,2022-12-22,2023-02-01,2023-02-01,0,12218,12218,28.377,28.999,EXW,Ocean,False
PO0004939,V0064,Enclosures / Metal,Plant-Penang-MY,2023-01-09,2023-02-25,2023-02-26,1,9064,9064,31.928,30.934,CIF,Ocean,False
PO0004940,V0064,Enclosures / Metal,Plant-Brno-CZ,2023-01-30,2023-03-06,2023-03-07,1,3294,3294,28.968,28.804,DDP,Ocean,False
PO0004941,V0064,Enclosures / Metal,Plant-Penang-MY,2023-02-12,2023-03-17,2023-03-17,0,18578,18578,19.218,20.752,CIF,Ocean,False
PO0004942,V0064,Enclosures / Metal,Plant-Austin-US,2023-03-12,2023-04-22,2023-04-25,3,14880,14880,25.262,27.607,EXW,Air,False
PO0004943,V0064,Enclosures / Metal,Plant-Brno-CZ,2023-03-16,2023-04-26,2023-05-09,13,1174,1174,4.497,4.693,CIF,Ocean,False
PO0004944,V0064,Enclosures / Metal,Plant-Austin-US,2023-04-21,2023-05-27,2023-05-28,1,16287,16287,34.905,27.216,FOB,Ocean,False
PO0004945,V0064,Enclosures / Metal,Plant-Penang-MY,2023-06-01,2023-07-11,2023-07-11,0,4962,4226,44.817,51.381,DDP,Air,False
PO0004946,V0064,Enclosures / Metal,Plant-Brno-CZ,2023-06-03,2023-07-10,2023-07-10,0,15687,15687,20.186,21.859,DDP,Ocean,False
PO0004947,V0064,Enclosures / Metal,Plant-Penang-MY,2023-07-10,2023-08-14,2023-08-14,0,568,568,19.268,17.838,DDP,Air,False
PO0004948,V0064,Enclosures / Metal,Plant-Penang-MY,2023-08-19,2023-09-28,2023-09-28,0,644,595,27.561,31.261,DDP,Ocean,False
PO0004949,V0064,Enclosures / Metal,Plant-Guadalajara-MX,2023-08-31,2023-10-10,2023-10-23,13,1961,1961,6.139,5.734,FOB,Air,False
PO0004950,V0064,Enclosures / Metal,Plant-Penang-MY,2023-09-06,2023-10-13,2023-10-13,0,6548,5838,1.55,0.976,DDP,Ocean,False
PO0004951,V0064,Enclosures / Metal,Plant-Brno-CZ,2023-09-10,2023-10-22,2023-10-22,0,2577,2577,22.212,18.975,EXW,Air,False
PO0004952,V0064,Enclosures / Metal,Plant-Austin-US,2023-09-27,2023-11-04,2023-11-04,0,2796,2796,29.468,29.44,CIF,Air,True
PO0004953,V0064,Enclosures / Metal,Plant-Brno-CZ,2023-10-04,2023-11-20,2023-11-20,0,12549,12549,31.925,31.858,EXW,Air,True
PO0004954,V0064,Enclosures / Metal,Plant-Guadalajara-MX,2023-10-11,2023-11-22,2023-11-22,0,5917,5917,26.755,27.29,DDP,Ocean,False
PO0004955,V0064,Enclosures / Metal,Plant-Austin-US,2023-11-01,2023-12-12,2023-12-12,0,3146,3146,4.08,3.58,EXW,Ocean,False
PO0004956,V0064,Enclosures / Metal,Plant-Penang-MY,2023-11-07,2023-12-17,2023-12-17,0,14028,14028,37.825,40.511,EXW,Ocean,False
PO0004957,V0064,Enclosures / Metal,Plant-Austin-US,2024-01-02,2024-02-13,2024-03-20,36,2991,2991,11.516,12.17,DDP,Truck,False
PO0004958,V0064,Enclosures / Metal,Plant-Guadalajara-MX,2024-01-04,2024-02-08,2024-02-13,5,24833,24833,13.078,12.839,CIF,Air,False
PO0004959,V0064,Enclosures / Metal,Plant-Penang-MY,2024-03-10,2024-04-19,2024-04-19,0,26003,26003,12.863,13.382,EXW,Truck,False
PO0004960,V0064,Enclosures / Metal,Plant-Brno-CZ,2024-03-23,2024-04-30,2024-04-30,0,3216,3216,27.127,25.559,CIF,Ocean,False
PO0004961,V0064,Enclosures / Metal,Plant-Austin-US,2024-05-18,2024-06-21,2024-06-21,0,10672,10672,12.626,14.94,DDP,Truck,False
PO0004962,V0064,Enclosures / Metal,Plant-Penang-MY,2024-05-25,2024-07-10,2024-07-10,0,2210,2210,13.272,14.584,DDP,Ocean,False
PO0004963,V0064,Enclosures / Metal,Plant-Penang-MY,2024-06-04,2024-07-09,2024-07-09,0,200000,200000,27.671,32.093,EXW,Ocean,False
PO0004964,V0064,Enclosures / Metal,Plant-Brno-CZ,2024-06-07,2024-07-20,2024-07-22,2,1676,1676,17.558,17.285,FOB,Ocean,False
PO0004965,V0064,Enclosures / Metal,Plant-Brno-CZ,2024-06-16,2024-08-01,2024-08-01,0,4144,4144,16.081,14.155,DDP,Truck,False
PO0004966,V0064,Enclosures / Metal,Plant-Guadalajara-MX,2024-06-19,2024-07-28,2024-07-28,0,12744,12744,33.963,27.283,EXW,Truck,False
PO0004967,V0064,Enclosures / Metal,Plant-Guadalajara-MX,2024-06-30,2024-08-09,2024-08-09,0,1732,1732,42.528,42.029,DDP,Ocean,False
PO0004968,V0064,Enclosures / Metal,Plant-Penang-MY,2024-07-29,2024-09-10,2024-09-10,0,7260,7260,37.168,34.046,FOB,Air,True
PO0004969,V0064,Enclosures / Metal,Plant-Penang-MY,2024-09-03,2024-10-15,2024-10-15,0,463,447,44.096,37.952,DDP,Ocean,False
PO0004970,V0064,Enclosures / Metal,Plant-Austin-US,2024-09-12,2024-10-21,2024-10-21,0,4254,4254,41.827,42.894,CIF,Ocean,False
PO0004971,V0064,Enclosures / Metal,Plant-Guadalajara-MX,2024-09-17,2024-10-23,2024-10-23,0,13352,13352,40.968,46.967,DDP,Air,True
PO0004972,V0064,Enclosures / Metal,Plant-Brno-CZ,2024-09-20,2024-10-31,2024-11-05,5,29862,29862,4.825,5.449,FOB,Ocean,False
PO0004973,V0064,Enclosures / Metal,Plant-Austin-US,2024-10-15,2024-11-24,2024-11-24,0,796,796,31.443,34.734,FOB,Ocean,False
PO0004974,V0064,Enclosures / Metal,Plant-Brno-CZ,2024-10-24,2024-11-27,2024-11-27,0,3282,3282,28.805,25.353,FOB,Truck,False
PO0004975,V0064,Enclosures / Metal,Plant-Penang-MY,2024-12-28,2025-02-09,2025-02-15,6,3971,3971,44.857,51.177,FOB,Ocean,False
PO0004976,V0064,Enclosures / Metal,Plant-Guadalajara-MX,2024-12-31,2025-02-09,2025-02-09,0,5146,5146,2.81,3.418,EXW,Ocean,False
PO0004977,V0064,Enclosures / Metal,Plant-Guadalajara-MX,2025-01-11,2025-02-18,2025-03-12,22,14518,14518,42.262,44.321,DDP,Truck,False
PO0004978,V0064,Enclosures / Metal,Plant-Penang-MY,2025-01-18,2025-02-28,2025-03-22,22,2587,2587,35.932,41.228,CIF,Truck,False
PO0004979,V0064,Enclosures / Metal,Plant-Guadalajara-MX,2025-01-24,2025-03-03,2025-03-03,0,71600,71600,18.691,20.519,FOB,Ocean,False
PO0004980,V0064,Enclosures / Metal,Plant-Austin-US,2025-04-19,2025-06-02,2025-06-16,14,36904,26157,22.636,20.882,EXW,Air,False
PO0004981,V0064,Enclosures / Metal,Plant-Brno-CZ,2025-05-18,2025-06-24,2025-07-08,14,5109,5109,29.928,34.728,FOB,Ocean,False
PO0004982,V0064,Enclosures / Metal,Plant-Guadalajara-MX,2025-06-16,2025-08-01,2025-08-01,0,800,800,18.333,17.23,EXW,Air,False
PO0004983,V0064,Enclosures / Metal,Plant-Penang-MY,2025-07-01,2025-08-10,2025-08-11,1,5005,5005,40.714,33.351,EXW,Ocean,False
PO0004984,V0064,Enclosures / Metal,Plant-Guadalajara-MX,2025-07-24,2025-09-05,2025-09-05,0,10722,10227,24.435,25.186,DDP,Air,True
PO0004985,V0064,Enclosures / Metal,Plant-Guadalajara-MX,2025-08-03,2025-09-12,2025-09-20,8,2034,2034,21.717,19.163,EXW,Ocean,False
PO0004986,V0064,Enclosures / Metal,Plant-Penang-MY,2025-08-20,2025-10-02,2025-10-02,0,2372,2372,31.178,31.533,EXW,Truck,False
PO0004987,V0064,Enclosures / Metal,Plant-Austin-US,2025-08-22,2025-10-05,2025-10-12,7,3150,3150,12.957,16.482,FOB,Air,False
PO0004988,V0064,Enclosures / Metal,Plant-Austin-US,2025-09-26,2025-11-02,2025-11-02,0,3967,3967,32.402,40.577,FOB,Air,False
PO0004989,V0064,Enclosures / Metal,Plant-Austin-US,2025-10-03,2025-11-10,2025-11-11,1,6031,6031,25.786,28.423,EXW,Air,False
PO0004990,V0064,Enclosures / Metal,Plant-Austin-US,2025-10-10,2025-11-20,2025-12-03,13,2534,2534,25.941,23.62,DDP,Ocean,False
PO0004991,V0064,Enclosures / Metal,Plant-Austin-US,2025-10-21,2025-11-30,2025-12-14,14,7090,7090,31.712,28.332,DDP,Truck,False
PO0004992,V0064,Enclosures / Metal,Plant-Austin-US,2025-10-29,2025-12-01,2025-12-02,1,2016,2016,33.58,24.824,DDP,Truck,False
PO0004993,V0064,Enclosures / Metal,Plant-Penang-MY,2025-11-26,2026-01-05,2026-01-26,21,1490,1490,36.969,38.626,FOB,Ocean,False
PO0004994,V0064,Enclosures / Metal,Plant-Austin-US,2025-12-02,2026-01-06,2026-01-06,0,427,427,9.839,11.618,EXW,Air,True
PO0004995,V0064,Enclosures / Metal,Plant-Brno-CZ,2026-01-14,2026-02-24,2026-02-25,1,1563,1563,1.46,1.236,CIF,Truck,False
PO0004996,V0064,Enclosures / Metal,Plant-Penang-MY,2026-01-31,2026-03-14,2026-03-15,1,4050,3341,37.865,41.996,FOB,Truck,False
PO0004997,V0064,Enclosures / Metal,Plant-Austin-US,2026-02-04,2026-03-17,2026-03-18,1,11764,11764,35.188,27.825,FOB,Air,False
PO0004998,V0064,Enclosures / Metal,Plant-Guadalajara-MX,2026-02-08,2026-03-19,2026-03-28,9,13466,13466,5.479,5.857,EXW,Air,False
PO0004999,V0064,Enclosures / Metal,Plant-Guadalajara-MX,2026-02-11,2026-03-25,2026-03-26,1,4793,4793,28.29,29.649,DDP,Ocean,False
PO0005000,V0064,Enclosures / Metal,Plant-Austin-US,2026-02-24,2026-04-07,2026-04-07,0,9254,9254,7.25,6.563,EXW,Ocean,False
PO0005001,V0064,Enclosures / Metal,Plant-Brno-CZ,2026-03-15,2026-04-24,2026-04-24,0,2163,2163,23.666,25.374,FOB,Truck,False
PO0005002,V0064,Enclosures / Metal,Plant-Brno-CZ,2026-04-21,2026-06-02,2026-06-02,0,13837,13837,34.161,37.425,CIF,Air,True
PO0005003,V0064,Enclosures / Metal,Plant-Guadalajara-MX,2026-05-05,2026-06-13,2026-06-13,0,1342,1342,15.47,14.789,DDP,Truck,False
PO0005004,V0064,Enclosures / Metal,Plant-Austin-US,2026-05-18,2026-06-29,2026-07-06,7,5945,5945,28.022,24.825,CIF,Ocean,False
PO0005005,V0064,Enclosures / Metal,Plant-Brno-CZ,2026-05-20,2026-07-02,2026-07-04,2,407,407,20.882,21.256,DDP,Ocean,False
PO0005006,V0064,Enclosures / Metal,Plant-Penang-MY,2026-05-29,2026-07-07,2026-08-07,31,13961,13961,40.912,36.67,CIF,Ocean,False
PO0005007,V0064,Enclosures / Metal,Plant-Austin-US,2026-06-04,2026-07-16,2026-07-29,13,13999,13999,43.891,45.512,DDP,Air,False
PO0005008,V0064,Enclosures / Metal,Plant-Austin-US,2026-06-19,2026-07-26,2026-07-26,0,5449,4756,42.947,46.097,EXW,Ocean,False
PO0005009,V0065,Semiconductors,Plant-Penang-MY,2022-01-11,2022-04-12,2022-04-12,0,20165,20165,123.994,116.961,EXW,Ocean,False
PO0005010,V0065,Semiconductors,Plant-Austin-US,2022-01-24,2022-05-01,2022-05-01,0,6855,6855,4.819,4.994,EXW,Ocean,False
PO0005011,V0065,Semiconductors,Plant-Austin-US,2022-02-05,2022-05-02,2022-05-02,0,3547,3547,15.877,14.708,CIF,Ocean,False
PO0005012,V0065,Semiconductors,Plant-Austin-US,2022-02-26,2022-05-27,2022-07-05,39,6118,6118,49.384,50.328,CIF,Ocean,False
PO0005013,V0065,Semiconductors,Plant-Brno-CZ,2022-03-03,2022-06-04,2022-07-11,37,2506,2506,43.963,42.652,EXW,Ocean,False
PO0005014,V0065,Semiconductors,Plant-Austin-US,2022-03-06,2022-05-31,2022-05-31,0,387,332,60.363,62.817,EXW,Air,False
PO0005015,V0065,Semiconductors,Plant-Penang-MY,2022-03-07,2022-06-20,2022-08-23,64,1650,1339,145.372,142.831,DDP,Ocean,False
PO0005016,V0065,Semiconductors,Plant-Austin-US,2022-03-09,2022-06-01,2022-06-01,0,9701,9701,114.535,115.968,FOB,Ocean,False
PO0005017,V0065,Semiconductors,Plant-Penang-MY,2022-03-17,2022-06-24,2022-07-16,22,17234,17234,112.179,113.383,CIF,Ocean,False
PO0005018,V0065,Semiconductors,Plant-Brno-CZ,2022-03-21,2022-06-21,2022-07-21,30,12401,12401,114.969,109.592,CIF,Ocean,False
PO0005019,V0065,Semiconductors,Plant-Penang-MY,2022-03-28,2022-06-29,2022-06-30,1,8349,8349,158.4,159.761,DDP,Ocean,False
PO0005020,V0065,Semiconductors,Plant-Penang-MY,2022-04-09,2022-07-13,2022-07-27,14,3409,3409,59.61,62.362,FOB,Ocean,False
PO0005021,V0065,Semiconductors,Plant-Penang-MY,2022-04-13,2022-06-30,2022-07-02,2,28125,23998,5.258,4.773,EXW,Ocean,False
PO0005022,V0065,Semiconductors,Plant-Austin-US,2022-04-14,2022-07-02,2022-09-12,72,9079,9079,72.745,73.603,FOB,Ocean,False
PO0005023,V0065,Semiconductors,Plant-Penang-MY,2022-04-24,2022-07-21,2022-08-08,18,1197,1197,92.635,92.491,CIF,Ocean,False
PO0005024,V0065,Semiconductors,Plant-Guadalajara-MX,2022-04-26,2022-07-14,2022-07-17,3,638,638,119.956,114.286,FOB,Ocean,False
PO0005025,V0065,Semiconductors,Plant-Austin-US,2022-05-15,2022-08-03,2022-09-27,55,41045,41045,114.283,106.728,FOB,Ocean,False
PO0005026,V0065,Semiconductors,Plant-Penang-MY,2022-05-18,2022-08-15,2022-08-27,12,3742,3742,39.631,40.107,EXW,Ocean,False
PO0005027,V0065,Semiconductors,Plant-Guadalajara-MX,2022-05-22,2022-08-12,2022-09-16,35,1928,1928,104.472,94.766,CIF,Truck,False
PO0005028,V0065,Semiconductors,Plant-Austin-US,2022-05-23,2022-09-11,2022-11-23,73,522,522,61.831,60.889,CIF,Ocean,False
PO0005029,V0065,Semiconductors,Plant-Penang-MY,2022-05-26,2022-08-27,2022-08-27,0,3026,3026,150.669,135.093,EXW,Truck,False
PO0005030,V0065,Semiconductors,Plant-Austin-US,2022-05-28,2022-09-12,2022-09-12,0,2062,2062,136.694,132.785,EXW,Truck,False
PO0005031,V0065,Semiconductors,Plant-Penang-MY,2022-06-03,2022-09-13,2022-09-14,1,7791,7791,134.208,131.91,FOB,Ocean,False
PO0005032,V0065,Semiconductors,Plant-Austin-US,2022-06-11,2022-09-08,2022-09-08,0,16940,16940,166.651,145.218,EXW,Ocean,False
PO0005033,V0065,Semiconductors,Plant-Austin-US,2022-06-25,2022-09-29,2022-10-01,2,3622,3622,58.145,56.348,EXW,Ocean,False
PO0005034,V0065,Semiconductors,Plant-Austin-US,2022-07-18,2022-10-20,2022-11-06,17,6127,6127,45.323,44.44,CIF,Ocean,False
PO0005035,V0065,Semiconductors,Plant-Austin-US,2022-07-19,2022-10-24,2022-10-24,0,2358,2358,48.616,50.437,FOB,Ocean,False
PO0005036,V0065,Semiconductors,Plant-Brno-CZ,2022-08-20,2022-11-24,2022-11-24,0,1555,1555,18.243,18.042,FOB,Ocean,False
PO0005037,V0065,Semiconductors,Plant-Penang-MY,2022-08-28,2022-12-04,2022-12-26,22,7755,7755,45.05,49.68,DDP,Truck,False
PO0005038,V0065,Semiconductors,Plant-Austin-US,2022-09-01,2022-11-19,2022-12-15,26,62817,62817,179.774,172.985,EXW,Air,False
PO0005039,V0065,Semiconductors,Plant-Guadalajara-MX,2022-09-05,2022-12-12,2022-12-31,19,12499,12499,147.53,140.613,FOB,Ocean,False
PO0005040,V0065,Semiconductors,Plant-Guadalajara-MX,2022-09-07,2022-12-19,2022-12-20,1,2944,2944,159.266,154.437,CIF,Truck,False
PO0005041,V0065,Semiconductors,Plant-Austin-US,2022-09-09,2022-12-18,2023-01-15,28,4904,4904,117.447,121.306,FOB,Ocean,False
PO0005042,V0065,Semiconductors,Plant-Guadalajara-MX,2022-09-14,2022-12-29,2022-12-30,1,1475,1475,84.663,84.786,CIF,Air,False
PO0005043,V0065,Semiconductors,Plant-Guadalajara-MX,2022-09-15,2022-12-18,2022-12-18,0,18230,18230,150.403,153.376,DDP,Ocean,False
PO0005044,V0065,Semiconductors,Plant-Penang-MY,2022-09-19,2022-12-27,2022-12-27,0,1024,1024,83.571,81.781,CIF,Ocean,False
PO0005045,V0065,Semiconductors,Plant-Guadalajara-MX,2022-09-25,2022-12-30,2023-02-08,40,1772,1772,11.205,10.606,FOB,Ocean,False
PO0005046,V0065,Semiconductors,Plant-Guadalajara-MX,2022-09-26,2023-01-29,2023-03-09,39,20643,20643,62.436,62.055,DDP,Air,False
PO0005047,V0065,Semiconductors,Plant-Penang-MY,2022-10-07,2023-01-09,2023-01-09,0,10208,10208,79.638,79.838,EXW,Air,False
PO0005048,V0065,Semiconductors,Plant-Brno-CZ,2022-10-11,2023-01-16,2023-01-24,8,2887,2887,151.225,158.982,DDP,Truck,False
PO0005049,V0065,Semiconductors,Plant-Penang-MY,2022-10-12,2023-01-16,2023-02-27,42,1475,1475,123.743,122.397,EXW,Air,False
PO0005050,V0065,Semiconductors,Plant-Austin-US,2022-10-19,2023-01-25,2023-01-26,1,1678,1678,38.192,37.918,DDP,Ocean,False
PO0005051,V0065,Semiconductors,Plant-Brno-CZ,2022-10-21,2023-01-27,2023-01-28,1,6094,6094,137.319,136.39,FOB,Ocean,False
PO0005052,V0065,Semiconductors,Plant-Brno-CZ,2022-10-23,2023-02-03,2023-02-03,0,3362,3362,86.689,84.672,CIF,Ocean,False
PO0005053,V0065,Semiconductors,Plant-Guadalajara-MX,2022-11-06,2023-01-22,2023-02-18,27,2218,2218,66.822,63.88,CIF,Truck,False
PO0005054,V0065,Semiconductors,Plant-Austin-US,2022-11-14,2023-02-09,2023-02-09,0,6387,6387,133.329,135.23,CIF,Air,False
PO0005055,V0065,Semiconductors,Plant-Austin-US,2022-11-22,2023-02-17,2023-02-17,0,10495,10495,50.177,51.566,CIF,Air,True
PO0005056,V0065,Semiconductors,Plant-Austin-US,2022-11-24,2023-02-13,2023-02-13,0,1135,1135,63.867,65.278,FOB,Ocean,False
PO0005057,V0065,Semiconductors,Plant-Guadalajara-MX,2022-12-13,2023-03-07,2023-03-24,17,1153,1153,77.941,72.585,CIF,Ocean,False
PO0005058,V0065,Semiconductors,Plant-Austin-US,2022-12-18,2023-03-22,2023-04-15,24,857,857,44.117,45.435,FOB,Air,False
PO0005059,V0065,Semiconductors,Plant-Austin-US,2022-12-19,2023-03-17,2023-04-07,21,2132,2132,146.632,149.434,FOB,Ocean,False
PO0005060,V0065,Semiconductors,Plant-Austin-US,2022-12-26,2023-03-15,2023-03-28,13,379,379,103.298,104.285,EXW,Air,False
PO0005061,V0065,Semiconductors,Plant-Brno-CZ,2022-12-27,2023-04-02,2023-04-22,20,3209,3209,26.01,25.117,CIF,Air,False
PO0005062,V0065,Semiconductors,Plant-Austin-US,2023-01-01,2023-03-25,2023-03-26,1,1725,1725,74.479,74.621,EXW,Ocean,False
PO0005063,V0065,Semiconductors,Plant-Brno-CZ,2023-01-03,2023-03-31,2023-03-31,0,11358,11358,36.22,36.907,DDP,Truck,False
PO0005064,V0065,Semiconductors,Plant-Penang-MY,2023-01-06,2023-04-28,2023-04-29,1,2233,2233,169.646,174.232,DDP,Air,False
PO0005065,V0065,Semiconductors,Plant-Guadalajara-MX,2023-01-09,2023-04-18,2023-04-18,0,11099,11099,31.647,32.044,CIF,Ocean,False
PO0005066,V0065,Semiconductors,Plant-Penang-MY,2023-01-13,2023-04-03,2023-04-06,3,29900,29900,95.786,96.368,CIF,Air,False
PO0005067,V0065,Semiconductors,Plant-Brno-CZ,2023-01-17,2023-04-17,2023-04-17,0,8344,8344,68.287,70.607,DDP,Ocean,False
PO0005068,V0065,Semiconductors,Plant-Brno-CZ,2023-01-19,2023-05-03,2023-05-04,1,5545,5545,9.809,10.062,FOB,Ocean,False
PO0005069,V0065,Semiconductors,Plant-Austin-US,2023-01-27,2023-05-12,2023-05-13,1,3430,3430,63.793,63.35,DDP,Ocean,False
PO0005070,V0065,Semiconductors,Plant-Guadalajara-MX,2023-02-08,2023-05-23,2023-05-24,1,2825,2825,24.043,23.137,FOB,Ocean,False
PO0005071,V0065,Semiconductors,Plant-Brno-CZ,2023-02-11,2023-05-22,2023-05-22,0,2714,2714,82.311,82.394,EXW,Air,False
PO0005072,V0065,Semiconductors,Plant-Brno-CZ,2023-02-18,2023-05-26,2023-05-26,0,26764,26764,175.171,169.137,FOB,Ocean,False
PO0005073,V0065,Semiconductors,Plant-Guadalajara-MX,2023-03-10,2023-06-03,2023-06-04,1,1137,1137,95.834,96.082,EXW,Ocean,False
PO0005074,V0065,Semiconductors,Plant-Guadalajara-MX,2023-03-22,2023-06-23,2023-06-23,0,1556,1556,128.479,125.819,DDP,Ocean,False
PO0005075,V0065,Semiconductors,Plant-Brno-CZ,2023-03-25,2023-06-27,2023-06-27,0,28026,28026,157.4,156.579,FOB,Truck,False
PO0005076,V0065,Semiconductors,Plant-Brno-CZ,2023-04-07,2023-07-08,2023-07-09,1,1393,1393,121.984,119.856,EXW,Ocean,False
PO0005077,V0065,Semiconductors,Plant-Guadalajara-MX,2023-04-18,2023-07-13,2023-07-14,1,2567,2567,12.695,12.258,DDP,Air,False
PO0005078,V0065,Semiconductors,Plant-Penang-MY,2023-04-21,2023-07-25,2023-07-25,0,2565,2565,156.202,157.611,DDP,Ocean,False
PO0005079,V0065,Semiconductors,Plant-Penang-MY,2023-04-23,2023-07-26,2023-07-26,0,4850,4850,124.8,128.024,CIF,Ocean,False
PO0005080,V0065,Semiconductors,Plant-Guadalajara-MX,2023-05-02,2023-07-24,2023-07-27,3,3633,3633,173.592,166.626,DDP,Air,False
PO0005081,V0065,Semiconductors,Plant-Austin-US,2023-05-04,2023-07-31,2023-07-31,0,218,218,89.93,90.377,CIF,Ocean,False
PO0005082,V0065,Semiconductors,Plant-Brno-CZ,2023-05-12,2023-08-13,2023-08-13,0,7810,7810,109.239,111.204,CIF,Truck,False
PO0005083,V0065,Semiconductors,Plant-Guadalajara-MX,2023-05-13,2023-08-21,2023-08-21,0,24414,24414,83.367,83.869,FOB,Ocean,False
PO0005084,V0065,Semiconductors,Plant-Penang-MY,2023-05-14,2023-08-10,2023-08-10,0,3940,3940,8.689,8.776,EXW,Ocean,False
PO0005085,V0065,Semiconductors,Plant-Penang-MY,2023-05-15,2023-08-17,2023-08-17,0,18490,18490,86.292,87.498,EXW,Ocean,False
PO0005086,V0065,Semiconductors,Plant-Austin-US,2023-05-18,2023-09-01,2023-09-01,0,302,302,128.7,129.434,FOB,Truck,False
PO0005087,V0065,Semiconductors,Plant-Austin-US,2023-06-02,2023-08-30,2023-08-30,0,1499,1499,151.325,156.693,CIF,Ocean,False
PO0005088,V0065,Semiconductors,Plant-Penang-MY,2023-06-21,2023-10-04,2023-10-04,0,4436,4436,32.501,32.434,CIF,Truck,False
PO0005089,V0065,Semiconductors,Plant-Guadalajara-MX,2023-06-30,2023-10-12,2023-10-12,0,2880,2880,115.319,114.015,DDP,Truck,False
PO0005090,V0065,Semiconductors,Plant-Austin-US,2023-07-09,2023-10-26,2023-11-02,7,3159,3159,178.392,179.939,CIF,Ocean,False
PO0005091,V0065,Semiconductors,Plant-Penang-MY,2023-07-16,2023-11-03,2023-11-03,0,1144,1144,38.045,37.975,DDP,Truck,False
PO0005092,V0065,Semiconductors,Plant-Penang-MY,2023-07-22,2023-10-13,2023-10-14,1,10852,10852,18.684,19.28,FOB,Ocean,False
PO0005093,V0065,Semiconductors,Plant-Guadalajara-MX,2023-08-08,2023-11-14,2023-11-15,1,5289,5289,40.215,40.657,CIF,Ocean,False
PO0005094,V0065,Semiconductors,Plant-Penang-MY,2023-08-30,2023-12-14,2023-12-14,0,6057,6057,71.226,69.127,DDP,Ocean,False
PO0005095,V0065,Semiconductors,Plant-Penang-MY,2023-08-31,2023-12-09,2023-12-09,0,3950,3950,60.096,58.572,CIF,Ocean,False
PO0005096,V0065,Semiconductors,Plant-Penang-MY,2023-09-05,2023-12-06,2023-12-07,1,141,141,167.74,165.656,FOB,Ocean,False
PO0005097,V0065,Semiconductors,Plant-Brno-CZ,2023-09-17,2023-12-16,2023-12-16,0,929,929,31.013,31.359,CIF,Air,True
PO0005098,V0065,Semiconductors,Plant-Penang-MY,2023-09-18,2023-12-12,2023-12-13,1,14815,14815,116.978,121.631,FOB,Ocean,False
PO0005099,V0065,Semiconductors,Plant-Penang-MY,2023-09-19,2023-12-03,2023-12-03,0,5472,5472,61.486,61.325,DDP,Air,False
PO0005100,V0065,Semiconductors,Plant-Penang-MY,2023-09-20,2023-12-09,2023-12-09,0,3301,3301,134.253,133.49,DDP,Air,True
PO0005101,V0065,Semiconductors,Plant-Brno-CZ,2023-09-22,2023-12-28,2023-12-29,1,768,768,29.303,29.448,FOB,Ocean,False
PO0005102,V0065,Semiconductors,Plant-Austin-US,2023-09-27,2023-12-29,2023-12-29,0,12425,12425,56.771,54.664,CIF,Air,False
PO0005103,V0065,Semiconductors,Plant-Brno-CZ,2023-10-01,2023-12-31,2023-12-31,0,17965,17965,30.762,30.934,FOB,Air,False
PO0005104,V0065,Semiconductors,Plant-Brno-CZ,2023-10-15,2024-01-24,2024-01-25,1,3780,3780,28.216,28.7,DDP,Truck,False
PO0005105,V0065,Semiconductors,Plant-Austin-US,2023-10-21,2024-01-01,2024-01-01,0,1210,1210,144.357,147.809,FOB,Truck,False
PO0005106,V0065,Semiconductors,Plant-Brno-CZ,2023-10-25,2024-02-07,2024-02-07,0,8773,8773,155.866,152.977,CIF,Air,False
PO0005107,V0065,Semiconductors,Plant-Guadalajara-MX,2023-10-31,2024-02-12,2024-02-13,1,2256,2256,22.706,21.794,CIF,Ocean,False
PO0005108,V0065,Semiconductors,Plant-Austin-US,2023-11-01,2024-02-14,2024-02-14,0,40276,40276,164.961,163.496,FOB,Ocean,False
PO0005109,V0065,Semiconductors,Plant-Austin-US,2023-11-04,2024-01-23,2024-02-10,18,2529,1969,34.56,35.205,DDP,Ocean,False
PO0005110,V0065,Semiconductors,Plant-Penang-MY,2023-11-06,2024-02-09,2024-02-11,2,21961,21961,144.708,146.055,DDP,Air,False
PO0005111,V0065,Semiconductors,Plant-Austin-US,2023-11-14,2024-02-24,2024-02-24,0,930,930,87.55,88.509,EXW,Air,False
PO0005112,V0065,Semiconductors,Plant-Austin-US,2023-11-30,2024-03-14,2024-04-03,20,8410,8410,129.837,136.609,FOB,Ocean,False
PO0005113,V0065,Semiconductors,Plant-Guadalajara-MX,2023-12-05,2024-03-08,2024-03-08,0,1112,1112,69.076,67.726,FOB,Ocean,False
PO0005114,V0065,Semiconductors,Plant-Penang-MY,2023-12-11,2024-03-30,2024-03-30,0,2649,2649,23.022,22.442,CIF,Ocean,False
PO0005115,V0065,Semiconductors,Plant-Brno-CZ,2023-12-18,2024-04-03,2024-04-04,1,26630,26630,58.147,55.96,CIF,Ocean,False
PO0005116,V0065,Semiconductors,Plant-Penang-MY,2023-12-22,2024-03-22,2024-03-22,0,6191,6191,6.362,5.841,FOB,Ocean,False
PO0005117,V0065,Semiconductors,Plant-Guadalajara-MX,2023-12-31,2024-03-22,2024-03-22,0,12001,12001,44.793,44.222,EXW,Ocean,False
PO0005118,V0065,Semiconductors,Plant-Brno-CZ,2024-01-15,2024-04-11,2024-04-11,0,2248,2248,164.986,173.209,EXW,Ocean,False
PO0005119,V0065,Semiconductors,Plant-Brno-CZ,2024-01-17,2024-04-23,2024-04-24,1,5984,5984,34.48,34.204,CIF,Ocean,False
PO0005120,V0065,Semiconductors,Plant-Austin-US,2024-01-20,2024-04-25,2024-04-25,0,1636,1636,118.413,120.972,FOB,Ocean,False
PO0005121,V0065,Semiconductors,Plant-Guadalajara-MX,2024-01-24,2024-04-24,2024-04-25,1,8338,8338,161.89,156.796,CIF,Air,False
PO0005122,V0065,Semiconductors,Plant-Guadalajara-MX,2024-02-04,2024-05-14,2024-05-20,6,807,807,45.746,46.319,FOB,Air,False
PO0005123,V0065,Semiconductors,Plant-Guadalajara-MX,2024-02-17,2024-05-21,2024-05-21,0,12508,12508,87.178,86.894,CIF,Air,False
PO0005124,V0065,Semiconductors,Plant-Guadalajara-MX,2024-02-20,2024-05-23,2024-05-23,0,2916,2916,25.818,25.738,EXW,Ocean,False
PO0005125,V0065,Semiconductors,Plant-Austin-US,2024-02-22,2024-05-25,2024-05-25,0,4073,4073,156.765,160.347,DDP,Air,False
PO0005126,V0065,Semiconductors,Plant-Guadalajara-MX,2024-02-29,2024-06-02,2024-06-02,0,19338,19338,107.432,108.502,FOB,Ocean,False
PO0005127,V0065,Semiconductors,Plant-Guadalajara-MX,2024-03-25,2024-06-19,2024-06-28,9,2574,2574,15.602,15.07,EXW,Ocean,False
PO0005128,V0065,Semiconductors,Plant-Brno-CZ,2024-03-31,2024-06-27,2024-07-10,13,8303,8303,7.449,7.483,CIF,Ocean,False
PO0005129,V0065,Semiconductors,Plant-Guadalajara-MX,2024-04-13,2024-07-04,2024-08-13,40,3578,3578,55.739,55.893,DDP,Ocean,False
PO0005130,V0065,Semiconductors,Plant-Austin-US,2024-04-28,2024-08-11,2024-08-11,0,1551,1551,84.394,89.236,CIF,Ocean,False
PO0005131,V0065,Semiconductors,Plant-Austin-US,2024-05-04,2024-07-29,2024-07-29,0,642,642,144.623,133.413,CIF,Ocean,False
PO0005132,V0065,Semiconductors,Plant-Austin-US,2024-05-07,2024-08-03,2024-08-03,0,2575,2575,50.812,50.35,FOB,Air,False
PO0005133,V0065,Semiconductors,Plant-Guadalajara-MX,2024-05-08,2024-08-14,2024-08-14,0,1292,1292,13.148,13.441,FOB,Air,False
PO0005134,V0065,Semiconductors,Plant-Brno-CZ,2024-05-22,2024-08-26,2024-08-27,1,492,492,2.875,2.955,FOB,Ocean,False
PO0005135,V0065,Semiconductors,Plant-Guadalajara-MX,2024-05-24,2024-08-31,2024-08-31,0,24205,24205,139.367,148.491,CIF,Ocean,False
PO0005136,V0065,Semiconductors,Plant-Penang-MY,2024-05-25,2024-09-10,2024-09-10,0,3180,3180,99.248,94.984,DDP,Air,False
PO0005137,V0065,Semiconductors,Plant-Guadalajara-MX,2024-05-28,2024-08-28,2024-09-30,33,5784,5784,54.58,52.909,DDP,Ocean,False
PO0005138,V0065,Semiconductors,Plant-Guadalajara-MX,2024-06-08,2024-08-21,2024-08-21,0,1646,1646,93.846,97.988,DDP,Ocean,False
PO0005139,V0065,Semiconductors,Plant-Penang-MY,2024-06-17,2024-09-16,2024-09-16,0,3841,3841,4.247,4.333,EXW,Truck,False
PO0005140,V0065,Semiconductors,Plant-Guadalajara-MX,2024-06-28,2024-10-01,2024-10-01,0,2387,2387,163.757,157.983,FOB,Air,False
PO0005141,V0065,Semiconductors,Plant-Brno-CZ,2024-06-29,2024-10-02,2024-10-02,0,2364,2364,89.083,83.313,EXW,Ocean,False
PO0005142,V0065,Semiconductors,Plant-Brno-CZ,2024-07-13,2024-10-26,2024-10-26,0,3755,3755,129.931,129.688,FOB,Truck,False
PO0005143,V0065,Semiconductors,Plant-Austin-US,2024-07-14,2024-10-06,2024-10-06,0,3632,3632,3.59,3.575,CIF,Ocean,False
PO0005144,V0065,Semiconductors,Plant-Guadalajara-MX,2024-07-17,2024-10-25,2024-10-25,0,3602,3602,95.879,92.553,FOB,Truck,False
PO0005145,V0065,Semiconductors,Plant-Brno-CZ,2024-07-18,2024-10-16,2024-10-16,0,9707,9707,179.748,183.906,DDP,Truck,False
PO0005146,V0065,Semiconductors,Plant-Guadalajara-MX,2024-07-25,2024-10-23,2024-10-23,0,6563,6563,41.476,41.5,FOB,Truck,False
PO0005147,V0065,Semiconductors,Plant-Guadalajara-MX,2024-07-26,2024-10-10,2024-10-11,1,29578,29578,164.772,165.977,CIF,Air,False
PO0005148,V0065,Semiconductors,Plant-Guadalajara-MX,2024-07-28,2024-11-12,2024-11-12,0,45990,45990,179.969,172.51,FOB,Truck,False
PO0005149,V0065,Semiconductors,Plant-Austin-US,2024-07-29,2024-10-29,2024-11-13,15,999,999,161.896,157.615,CIF,Truck,False
PO0005150,V0065,Semiconductors,Plant-Austin-US,2024-08-04,2024-11-03,2024-11-14,11,9430,9430,165.381,168.041,EXW,Truck,False
PO0005151,V0065,Semiconductors,Plant-Austin-US,2024-08-06,2024-11-05,2024-11-05,0,1097,1097,86.748,89.214,EXW,Ocean,False
PO0005152,V0065,Semiconductors,Plant-Penang-MY,2024-08-16,2024-12-09,2024-12-10,1,2053,2053,60.779,61.069,CIF,Air,False
PO0005153,V0065,Semiconductors,Plant-Austin-US,2024-08-17,2024-11-16,2024-11-16,0,2006,2006,113.644,112.31,DDP,Ocean,False
PO0005154,V0065,Semiconductors,Plant-Guadalajara-MX,2024-08-22,2024-12-04,2024-12-04,0,18808,18808,22.343,22.792,CIF,Air,False
PO0005155,V0065,Semiconductors,Plant-Austin-US,2024-08-28,2024-12-10,2024-12-11,1,2290,2290,138.481,139.461,CIF,Truck,False
PO0005156,V0065,Semiconductors,Plant-Brno-CZ,2024-08-30,2024-11-20,2024-11-20,0,2915,2915,102.152,103.173,FOB,Ocean,False
PO0005157,V0065,Semiconductors,Plant-Austin-US,2024-09-10,2024-12-17,2024-12-17,0,29729,29729,166.1,165.86,EXW,Ocean,False
PO0005158,V0065,Semiconductors,Plant-Guadalajara-MX,2024-09-14,2024-12-11,2024-12-11,0,564,564,159.066,157.246,EXW,Ocean,False
PO0005159,V0065,Semiconductors,Plant-Austin-US,2024-09-24,2024-12-24,2024-12-24,0,2700,2700,153.8,149.746,FOB,Ocean,False
PO0005160,V0065,Semiconductors,Plant-Austin-US,2024-10-01,2025-01-05,2025-01-05,0,10393,10393,144.958,144.615,FOB,Ocean,False
PO0005161,V0065,Semiconductors,Plant-Austin-US,2024-10-14,2025-01-16,2025-01-16,0,27892,27892,33.941,33.923,EXW,Air,False
PO0005162,V0065,Semiconductors,Plant-Austin-US,2024-10-16,2025-01-23,2025-01-24,1,2484,2484,151.407,152.373,FOB,Air,False
PO0005163,V0065,Semiconductors,Plant-Brno-CZ,2024-10-19,2025-01-22,2025-01-22,0,1081,1081,151.526,149.886,FOB,Ocean,False
PO0005164,V0065,Semiconductors,Plant-Penang-MY,2024-10-20,2025-01-29,2025-01-29,0,11756,11756,138.529,137.918,FOB,Truck,False
PO0005165,V0065,Semiconductors,Plant-Austin-US,2024-10-21,2025-01-31,2025-01-31,0,51814,51814,107.326,106.299,CIF,Ocean,False
PO0005166,V0065,Semiconductors,Plant-Penang-MY,2024-10-23,2025-01-23,2025-01-23,0,3308,3308,105.322,104.803,DDP,Ocean,False
PO0005167,V0065,Semiconductors,Plant-Penang-MY,2024-10-27,2025-02-04,2025-02-04,0,13965,13965,56.493,58.665,EXW,Ocean,False
PO0005168,V0065,Semiconductors,Plant-Guadalajara-MX,2024-10-30,2025-02-01,2025-02-01,0,3266,3266,150.929,150.538,FOB,Truck,False
PO0005169,V0065,Semiconductors,Plant-Guadalajara-MX,2024-11-05,2025-02-06,2025-02-06,0,7613,7613,34.792,33.547,DDP,Ocean,False
PO0005170,V0065,Semiconductors,Plant-Brno-CZ,2024-11-08,2025-02-12,2025-02-13,1,702,702,77.84,79.125,FOB,Air,False
PO0005171,V0065,Semiconductors,Plant-Guadalajara-MX,2024-11-18,2025-03-06,2025-03-08,2,7618,7618,124.076,128.354,EXW,Truck,False
PO0005172,V0065,Semiconductors,Plant-Austin-US,2024-11-19,2025-02-23,2025-02-23,0,1307,1307,130.556,123.521,EXW,Ocean,False
PO0005173,V0065,Semiconductors,Plant-Brno-CZ,2024-11-20,2025-02-09,2025-02-09,0,15325,15325,171.633,175.349,FOB,Truck,False
PO0005174,V0065,Semiconductors,Plant-Brno-CZ,2024-11-29,2025-03-17,2025-03-18,1,3257,3257,136.09,139.719,DDP,Ocean,False
PO0005175,V0065,Semiconductors,Plant-Austin-US,2024-11-30,2025-03-05,2025-03-06,1,863,863,77.055,77.515,FOB,Ocean,False
PO0005176,V0065,Semiconductors,Plant-Penang-MY,2024-12-02,2025-03-12,2025-03-12,0,10792,10792,61.118,60.247,CIF,Ocean,False
PO0005177,V0065,Semiconductors,Plant-Penang-MY,2024-12-03,2025-03-01,2025-03-03,2,2518,2518,47.263,47.864,EXW,Ocean,False
PO0005178,V0065,Semiconductors,Plant-Penang-MY,2024-12-10,2025-03-20,2025-03-20,0,1190,1190,139.201,143.035,EXW,Truck,False
PO0005179,V0065,Semiconductors,Plant-Guadalajara-MX,2024-12-15,2025-03-22,2025-03-22,0,1318,1318,151.92,150.894,DDP,Ocean,False
PO0005180,V0065,Semiconductors,Plant-Austin-US,2024-12-18,2025-03-19,2025-03-19,0,2128,2128,52.596,52.639,CIF,Ocean,False
PO0005181,V0065,Semiconductors,Plant-Guadalajara-MX,2024-12-28,2025-04-03,2025-04-05,2,16352,16352,39.648,39.114,EXW,Truck,False
PO0005182,V0065,Semiconductors,Plant-Guadalajara-MX,2024-12-29,2025-03-27,2025-03-28,1,5838,5838,2.865,2.876,EXW,Ocean,False
PO0005183,V0065,Semiconductors,Plant-Austin-US,2025-01-02,2025-04-10,2025-04-10,0,1981,1981,61.622,62.368,EXW,Ocean,False
PO0005184,V0065,Semiconductors,Plant-Guadalajara-MX,2025-01-08,2025-04-26,2025-04-26,0,4305,4305,179.64,180.521,DDP,Ocean,False
PO0005185,V0065,Semiconductors,Plant-Austin-US,2025-01-09,2025-04-12,2025-04-12,0,2860,2860,125.225,124.333,DDP,Ocean,False
PO0005186,V0065,Semiconductors,Plant-Brno-CZ,2025-01-18,2025-04-21,2025-04-21,0,1214,1214,142.781,143.592,CIF,Air,False
PO0005187,V0065,Semiconductors,Plant-Brno-CZ,2025-02-04,2025-05-29,2025-05-29,0,330,330,62.202,63.479,DDP,Truck,False
PO0005188,V0065,Semiconductors,Plant-Penang-MY,2025-02-06,2025-05-01,2025-05-04,3,1530,1530,128.161,121.614,FOB,Truck,False
PO0005189,V0065,Semiconductors,Plant-Guadalajara-MX,2025-02-16,2025-05-26,2025-05-30,4,694,694,79.842,73.891,CIF,Ocean,False
PO0005190,V0065,Semiconductors,Plant-Austin-US,2025-02-17,2025-04-28,2025-05-16,18,887,887,163.312,158.403,EXW,Ocean,False
PO0005191,V0065,Semiconductors,Plant-Austin-US,2025-02-23,2025-05-25,2025-05-25,0,5569,5569,17.471,17.865,DDP,Ocean,False
PO0005192,V0065,Semiconductors,Plant-Austin-US,2025-02-28,2025-06-01,2025-06-01,0,1752,1752,142.668,138.676,FOB,Ocean,False
PO0005193,V0065,Semiconductors,Plant-Penang-MY,2025-03-04,2025-06-02,2025-06-02,0,1290,1109,139.945,144.524,CIF,Truck,False
PO0005194,V0065,Semiconductors,Plant-Brno-CZ,2025-03-17,2025-06-20,2025-06-20,0,27085,27085,156.881,158.786,DDP,Air,False
PO0005195,V0065,Semiconductors,Plant-Guadalajara-MX,2025-04-05,2025-07-13,2025-07-13,0,3210,3210,108.965,109.728,DDP,Air,True
PO0005196,V0065,Semiconductors,Plant-Austin-US,2025-04-12,2025-07-09,2025-07-09,0,8064,8064,179.209,180.952,DDP,Ocean,False
PO0005197,V0065,Semiconductors,Plant-Guadalajara-MX,2025-04-23,2025-08-04,2025-08-14,10,5203,5203,71.33,68.851,CIF,Ocean,False
PO0005198,V0065,Semiconductors,Plant-Guadalajara-MX,2025-04-26,2025-07-12,2025-07-12,0,3707,3707,93.073,89.605,DDP,Truck,False
PO0005199,V0065,Semiconductors,Plant-Penang-MY,2025-04-30,2025-08-02,2025-08-03,1,304,304,19.491,19.603,CIF,Truck,False
PO0005200,V0065,Semiconductors,Plant-Penang-MY,2025-05-03,2025-07-30,2025-07-31,1,43860,43860,68.748,69.923,DDP,Ocean,False
PO0005201,V0065,Semiconductors,Plant-Guadalajara-MX,2025-05-04,2025-08-11,2025-08-11,0,1986,1986,92.303,92.895,FOB,Air,False
PO0005202,V0065,Semiconductors,Plant-Brno-CZ,2025-05-09,2025-08-23,2025-08-31,8,12695,12695,124.093,122.275,CIF,Ocean,False
PO0005203,V0065,Semiconductors,Plant-Brno-CZ,2025-05-15,2025-08-28,2025-08-28,0,4281,3923,167.832,170.916,CIF,Ocean,False
PO0005204,V0065,Semiconductors,Plant-Penang-MY,2025-05-29,2025-08-31,2025-08-31,0,12814,12814,69.502,68.908,EXW,Ocean,False
PO0005205,V0065,Semiconductors,Plant-Brno-CZ,2025-05-31,2025-09-07,2025-09-07,0,1455,1455,8.481,8.565,FOB,Ocean,False
PO0005206,V0065,Semiconductors,Plant-Penang-MY,2025-06-16,2025-09-02,2025-09-04,2,4606,4606,157.857,164.59,DDP,Air,False
PO0005207,V0065,Semiconductors,Plant-Penang-MY,2025-06-21,2025-09-23,2025-09-23,0,6932,6932,26.879,26.685,EXW,Ocean,False
PO0005208,V0065,Semiconductors,Plant-Austin-US,2025-07-15,2025-11-02,2025-11-02,0,2294,2294,159.019,159.281,CIF,Ocean,False
PO0005209,V0065,Semiconductors,Plant-Guadalajara-MX,2025-07-19,2025-10-09,2025-10-10,1,12711,12711,142.744,149.249,EXW,Ocean,False
PO0005210,V0065,Semiconductors,Plant-Guadalajara-MX,2025-07-26,2025-10-23,2025-10-25,2,5921,5921,131.932,129.035,EXW,Air,False
PO0005211,V0065,Semiconductors,Plant-Austin-US,2025-07-28,2025-11-12,2025-11-12,0,3516,3516,60.374,60.752,FOB,Ocean,False
PO0005212,V0065,Semiconductors,Plant-Brno-CZ,2025-08-10,2025-11-06,2025-11-18,12,2490,2490,105.509,100.807,EXW,Ocean,False
PO0005213,V0065,Semiconductors,Plant-Penang-MY,2025-08-25,2025-11-26,2025-11-27,1,5302,5302,157.059,161.383,EXW,Truck,False
PO0005214,V0065,Semiconductors,Plant-Austin-US,2025-08-28,2025-12-13,2025-12-26,13,822,822,52.302,51.722,CIF,Ocean,False
PO0005215,V0065,Semiconductors,Plant-Penang-MY,2025-09-26,2026-01-12,2026-01-13,1,7321,7321,126.145,125.612,CIF,Truck,False
PO0005216,V0065,Semiconductors,Plant-Guadalajara-MX,2025-10-07,2026-01-08,2026-01-16,8,6762,6762,177.5,178.371,EXW,Ocean,False
PO0005217,V0065,Semiconductors,Plant-Guadalajara-MX,2025-10-13,2026-01-27,2026-01-27,0,2608,2608,22.829,22.937,DDP,Truck,False
PO0005218,V0065,Semiconductors,Plant-Austin-US,2025-10-15,2025-12-28,2025-12-28,0,2819,2819,81.862,85.576,EXW,Ocean,False
PO0005219,V0065,Semiconductors,Plant-Penang-MY,2025-11-01,2026-01-27,2026-01-27,0,4154,4154,131.18,133.742,FOB,Ocean,False
PO0005220,V0065,Semiconductors,Plant-Guadalajara-MX,2025-11-03,2026-02-03,2026-02-03,0,105171,105171,169.939,167.277,CIF,Air,True
PO0005221,V0065,Semiconductors,Plant-Guadalajara-MX,2025-11-04,2026-02-18,2026-02-19,1,5322,5322,14.393,14.829,EXW,Air,False
PO0005222,V0065,Semiconductors,Plant-Penang-MY,2025-11-24,2026-03-04,2026-03-04,0,3361,3361,24.638,24.075,EXW,Ocean,False
PO0005223,V0065,Semiconductors,Plant-Brno-CZ,2025-12-03,2026-03-19,2026-04-01,13,875,875,7.525,7.684,CIF,Air,False
PO0005224,V0065,Semiconductors,Plant-Austin-US,2025-12-12,2026-03-04,2026-03-06,2,2906,2906,45.999,46.867,FOB,Ocean,False
PO0005225,V0065,Semiconductors,Plant-Brno-CZ,2025-12-13,2026-03-13,2026-03-13,0,250,250,15.4,15.442,DDP,Ocean,False
PO0005226,V0065,Semiconductors,Plant-Austin-US,2025-12-27,2026-03-23,2026-04-24,32,513,513,53.197,54.49,CIF,Air,False
PO0005227,V0065,Semiconductors,Plant-Austin-US,2026-01-12,2026-04-20,2026-04-22,2,1394,1394,93.65,93.772,CIF,Ocean,False
PO0005228,V0065,Semiconductors,Plant-Guadalajara-MX,2026-01-26,2026-04-16,2026-04-17,1,1603,1603,22.091,22.069,CIF,Ocean,False
PO0005229,V0065,Semiconductors,Plant-Penang-MY,2026-02-01,2026-05-02,2026-05-02,0,16758,16758,21.321,21.119,CIF,Ocean,False
PO0005230,V0065,Semiconductors,Plant-Brno-CZ,2026-02-12,2026-05-28,2026-05-28,0,3348,3348,159.951,151.73,FOB,Ocean,False
PO0005231,V0065,Semiconductors,Plant-Austin-US,2026-02-17,2026-05-30,2026-05-30,0,2074,2074,102.097,103.77,DDP,Ocean,False
PO0005232,V0065,Semiconductors,Plant-Brno-CZ,2026-02-18,2026-05-21,2026-05-21,0,8203,6598,167.335,166.251,FOB,Ocean,False
PO0005233,V0065,Semiconductors,Plant-Brno-CZ,2026-02-22,2026-05-23,2026-05-23,0,7699,7699,31.6,32.674,FOB,Ocean,False
PO0005234,V0065,Semiconductors,Plant-Guadalajara-MX,2026-02-28,2026-06-16,2026-06-16,0,1365,1365,32.788,33.167,CIF,Ocean,False
PO0005235,V0065,Semiconductors,Plant-Austin-US,2026-03-10,2026-06-15,2026-06-17,2,6299,6299,23.716,23.461,FOB,Ocean,False
PO0005236,V0065,Semiconductors,Plant-Brno-CZ,2026-03-20,2026-06-19,2026-06-19,0,129,129,75.288,73.488,FOB,Truck,False
PO0005237,V0065,Semiconductors,Plant-Guadalajara-MX,2026-03-26,2026-06-16,2026-06-16,0,4690,3645,16.304,16.1,FOB,Air,False
PO0005238,V0065,Semiconductors,Plant-Brno-CZ,2026-04-07,2026-06-28,2026-06-28,0,10550,10550,3.465,3.501,EXW,Ocean,False
PO0005239,V0065,Semiconductors,Plant-Brno-CZ,2026-04-14,2026-07-27,2026-07-27,0,51590,51590,153.192,153.737,EXW,Ocean,False
PO0005240,V0065,Semiconductors,Plant-Austin-US,2026-04-25,2026-07-16,2026-07-16,0,5637,5637,124.986,129.667,DDP,Ocean,False
PO0005241,V0065,Semiconductors,Plant-Guadalajara-MX,2026-04-30,2026-07-21,2026-07-22,1,2974,2974,56.22,56.853,DDP,Ocean,False
PO0005242,V0065,Semiconductors,Plant-Penang-MY,2026-05-03,2026-07-31,2026-07-31,0,6358,6358,112.063,105.634,CIF,Ocean,False
PO0005243,V0065,Semiconductors,Plant-Austin-US,2026-06-01,2026-08-29,2026-08-29,0,7415,7415,143.418,141.483,EXW,Truck,False
PO0005244,V0065,Semiconductors,Plant-Austin-US,2026-06-08,2026-09-13,2026-09-13,0,1169,1169,44.815,44.354,FOB,Truck,False
PO0005245,V0065,Semiconductors,Plant-Penang-MY,2026-06-19,2026-09-17,2026-09-17,0,13039,13039,118.073,119.005,FOB,Truck,False
PO0005246,V0065,Semiconductors,Plant-Penang-MY,2026-06-23,2026-09-27,2026-09-27,0,3012,3012,154.699,155.033,CIF,Air,False
PO0005247,V0066,Enclosures / Metal,Plant-Brno-CZ,2022-01-04,2022-02-13,2022-02-15,2,6403,6403,32.585,34.296,DDP,Ocean,False
PO0005248,V0066,Enclosures / Metal,Plant-Austin-US,2022-01-09,2022-02-18,2022-02-18,0,10049,10049,17.163,18.361,CIF,Ocean,False
PO0005249,V0066,Enclosures / Metal,Plant-Guadalajara-MX,2022-01-20,2022-02-26,2022-03-20,22,4687,4687,41.797,40.588,CIF,Air,False
PO0005250,V0066,Enclosures / Metal,Plant-Guadalajara-MX,2022-01-28,2022-03-06,2022-03-06,0,911,911,3.562,3.559,CIF,Ocean,False
PO0005251,V0066,Enclosures / Metal,Plant-Guadalajara-MX,2022-01-31,2022-03-12,2022-03-26,14,540,540,21.631,21.586,DDP,Ocean,False
PO0005252,V0066,Enclosures / Metal,Plant-Penang-MY,2022-02-27,2022-04-06,2022-04-08,2,18049,18049,4.256,4.203,EXW,Ocean,False
PO0005253,V0066,Enclosures / Metal,Plant-Austin-US,2022-02-28,2022-04-14,2022-04-14,0,1547,1547,23.552,24.857,FOB,Ocean,False
PO0005254,V0066,Enclosures / Metal,Plant-Austin-US,2022-03-09,2022-04-25,2022-04-25,0,7577,7577,2.205,2.242,EXW,Air,False
PO0005255,V0066,Enclosures / Metal,Plant-Brno-CZ,2022-03-10,2022-04-19,2022-04-21,2,1098,1098,21.681,25.52,FOB,Ocean,False
PO0005256,V0066,Enclosures / Metal,Plant-Austin-US,2022-03-12,2022-04-20,2022-04-23,3,1797,1752,14.048,14.513,EXW,Air,False
PO0005257,V0066,Enclosures / Metal,Plant-Brno-CZ,2022-03-13,2022-04-25,2022-05-06,11,2864,2864,20.144,21.11,DDP,Ocean,False
PO0005258,V0066,Enclosures / Metal,Plant-Brno-CZ,2022-03-15,2022-05-04,2022-05-04,0,6706,6706,26.78,32.023,FOB,Truck,False
PO0005259,V0066,Enclosures / Metal,Plant-Austin-US,2022-03-27,2022-05-06,2022-05-16,10,1635,1635,43.963,43.126,FOB,Air,False
PO0005260,V0066,Enclosures / Metal,Plant-Brno-CZ,2022-04-07,2022-05-19,2022-05-20,1,2233,2233,23.552,23.225,FOB,Ocean,False
PO0005261,V0066,Enclosures / Metal,Plant-Guadalajara-MX,2022-04-11,2022-05-16,2022-06-16,31,1396,1396,16.986,16.819,FOB,Truck,False
PO0005262,V0066,Enclosures / Metal,Plant-Guadalajara-MX,2022-04-14,2022-05-29,2022-05-29,0,46767,46767,28.964,28.44,EXW,Ocean,False
PO0005263,V0066,Enclosures / Metal,Plant-Brno-CZ,2022-04-29,2022-06-06,2022-06-06,0,19661,19661,10.478,9.821,FOB,Ocean,False
PO0005264,V0066,Enclosures / Metal,Plant-Brno-CZ,2022-04-30,2022-06-08,2022-06-29,21,1006,1006,35.512,39.56,CIF,Ocean,False
PO0005265,V0066,Enclosures / Metal,Plant-Austin-US,2022-05-03,2022-06-17,2022-06-17,0,3125,3125,21.988,22.513,EXW,Air,False
PO0005266,V0066,Enclosures / Metal,Plant-Austin-US,2022-05-08,2022-06-19,2022-06-19,0,11323,11323,34.406,28.362,CIF,Air,False
PO0005267,V0066,Enclosures / Metal,Plant-Penang-MY,2022-05-10,2022-06-15,2022-06-26,11,694,694,18.955,17.025,EXW,Ocean,False
PO0005268,V0066,Enclosures / Metal,Plant-Austin-US,2022-05-20,2022-07-04,2022-08-01,28,9775,9775,15.923,13.102,DDP,Truck,False
PO0005269,V0066,Enclosures / Metal,Plant-Guadalajara-MX,2022-05-25,2022-06-25,2022-07-12,17,5088,5088,8.179,8.664,DDP,Truck,False
PO0005270,V0066,Enclosures / Metal,Plant-Austin-US,2022-05-26,2022-06-30,2022-07-18,18,346,346,24.211,27.035,DDP,Ocean,False
PO0005271,V0066,Enclosures / Metal,Plant-Brno-CZ,2022-05-28,2022-07-04,2022-07-10,6,2653,2653,17.488,19.897,CIF,Truck,False
PO0005272,V0066,Enclosures / Metal,Plant-Guadalajara-MX,2022-06-07,2022-07-13,2022-07-16,3,4357,4357,42.119,49.144,EXW,Ocean,False
PO0005273,V0066,Enclosures / Metal,Plant-Austin-US,2022-06-29,2022-08-06,2022-08-06,0,1186,1186,25.096,26.741,FOB,Air,False
PO0005274,V0066,Enclosures / Metal,Plant-Penang-MY,2022-07-01,2022-08-10,2022-08-12,2,5120,5120,21.634,21.647,FOB,Truck,False
PO0005275,V0066,Enclosures / Metal,Plant-Brno-CZ,2022-07-11,2022-08-16,2022-08-17,1,6952,6952,15.121,14.628,CIF,Ocean,False
PO0005276,V0066,Enclosures / Metal,Plant-Penang-MY,2022-07-22,2022-09-04,2022-09-04,0,2669,2669,16.268,15.75,CIF,Ocean,False
PO0005277,V0066,Enclosures / Metal,Plant-Guadalajara-MX,2022-08-06,2022-09-16,2022-09-16,0,8082,8082,11.285,11.058,DDP,Ocean,False
PO0005278,V0066,Enclosures / Metal,Plant-Guadalajara-MX,2022-08-12,2022-09-16,2022-09-18,2,32678,32678,19.724,18.888,CIF,Ocean,False
PO0005279,V0066,Enclosures / Metal,Plant-Austin-US,2022-08-14,2022-09-18,2022-09-18,0,10988,10988,31.861,29.371,FOB,Ocean,False
PO0005280,V0066,Enclosures / Metal,Plant-Penang-MY,2022-08-23,2022-09-28,2022-09-29,1,9638,9638,27.845,26.113,DDP,Ocean,False
PO0005281,V0066,Enclosures / Metal,Plant-Austin-US,2022-08-31,2022-10-15,2022-10-15,0,7912,7912,31.944,35.553,EXW,Truck,False
PO0005282,V0066,Enclosures / Metal,Plant-Austin-US,2022-09-01,2022-10-07,2022-10-07,0,1699,1699,13.699,15.404,EXW,Ocean,False
PO0005283,V0066,Enclosures / Metal,Plant-Guadalajara-MX,2022-09-03,2022-10-15,2022-10-15,0,3287,3287,2.544,2.485,FOB,Ocean,False
PO0005284,V0066,Enclosures / Metal,Plant-Penang-MY,2022-09-16,2022-10-31,2022-10-31,0,5284,5284,26.276,24.981,CIF,Ocean,False
PO0005285,V0066,Enclosures / Metal,Plant-Brno-CZ,2022-10-08,2022-11-20,2022-11-20,0,8653,8653,31.373,31.621,DDP,Ocean,False
PO0005286,V0066,Enclosures / Metal,Plant-Brno-CZ,2022-10-21,2022-11-21,2022-11-22,1,6023,6023,7.711,7.981,FOB,Truck,False
PO0005287,V0066,Enclosures / Metal,Plant-Penang-MY,2022-10-22,2022-11-21,2022-11-21,0,8969,8969,31.754,33.962,CIF,Truck,False
PO0005288,V0066,Enclosures / Metal,Plant-Penang-MY,2022-11-01,2022-12-12,2022-12-12,0,23143,23143,33.609,33.304,DDP,Truck,False
PO0005289,V0066,Enclosures / Metal,Plant-Guadalajara-MX,2022-11-11,2022-12-23,2022-12-23,0,2501,2501,21.461,20.19,CIF,Ocean,False
PO0005290,V0066,Enclosures / Metal,Plant-Austin-US,2022-11-12,2022-12-21,2022-12-21,0,45622,45622,31.089,33.348,EXW,Ocean,False
PO0005291,V0066,Enclosures / Metal,Plant-Penang-MY,2022-11-13,2022-12-25,2022-12-25,0,975,780,44.856,44.051,CIF,Air,True
PO0005292,V0066,Enclosures / Metal,Plant-Guadalajara-MX,2022-12-07,2023-01-19,2023-01-19,0,2928,2928,27.536,25.779,FOB,Air,True
PO0005293,V0066,Enclosures / Metal,Plant-Guadalajara-MX,2022-12-09,2023-01-17,2023-01-17,0,10506,10506,41.357,41.823,EXW,Air,False
PO0005294,V0066,Enclosures / Metal,Plant-Brno-CZ,2022-12-10,2023-01-19,2023-01-19,0,25022,25022,34.915,35.192,DDP,Truck,False
PO0005295,V0066,Enclosures / Metal,Plant-Austin-US,2022-12-12,2023-01-25,2023-01-28,3,1425,1425,5.994,6.606,DDP,Truck,False
PO0005296,V0066,Enclosures / Metal,Plant-Austin-US,2022-12-19,2023-01-30,2023-02-01,2,1562,1562,24.669,26.764,DDP,Air,False
PO0005297,V0066,Enclosures / Metal,Plant-Brno-CZ,2022-12-25,2023-02-02,2023-02-03,1,1643,1643,23.399,22.028,FOB,Ocean,False
PO0005298,V0066,Enclosures / Metal,Plant-Brno-CZ,2023-01-06,2023-02-11,2023-02-11,0,4893,4893,41.999,38.056,FOB,Ocean,False
PO0005299,V0066,Enclosures / Metal,Plant-Guadalajara-MX,2023-01-08,2023-02-17,2023-02-20,3,38269,38269,27.94,29.891,CIF,Ocean,False
PO0005300,V0066,Enclosures / Metal,Plant-Guadalajara-MX,2023-01-12,2023-02-19,2023-02-20,1,6102,6102,7.131,7.283,CIF,Ocean,False
PO0005301,V0066,Enclosures / Metal,Plant-Penang-MY,2023-01-15,2023-02-21,2023-02-21,0,3829,3829,5.662,5.644,CIF,Truck,False
PO0005302,V0066,Enclosures / Metal,Plant-Guadalajara-MX,2023-01-23,2023-02-28,2023-03-01,1,9768,9768,26.371,26.049,FOB,Ocean,False
PO0005303,V0066,Enclosures / Metal,Plant-Austin-US,2023-01-29,2023-03-17,2023-03-19,2,1366,1201,44.819,42.794,EXW,Ocean,False
PO0005304,V0066,Enclosures / Metal,Plant-Austin-US,2023-01-30,2023-03-14,2023-03-14,0,6723,6723,27.385,30.696,CIF,Truck,False
PO0005305,V0066,Enclosures / Metal,Plant-Brno-CZ,2023-02-02,2023-03-15,2023-03-15,0,11101,11101,5.268,5.924,EXW,Ocean,False
PO0005306,V0066,Enclosures / Metal,Plant-Guadalajara-MX,2023-02-17,2023-04-06,2023-04-06,0,9291,9291,9.9,8.924,DDP,Truck,False
PO0005307,V0066,Enclosures / Metal,Plant-Penang-MY,2023-02-19,2023-03-25,2023-03-27,2,6205,6205,6.884,6.75,CIF,Ocean,False
PO0005308,V0066,Enclosures / Metal,Plant-Penang-MY,2023-02-21,2023-03-27,2023-03-28,1,5950,5950,3.154,3.245,FOB,Truck,False
PO0005309,V0066,Enclosures / Metal,Plant-Brno-CZ,2023-02-22,2023-04-03,2023-04-03,0,7601,7601,2.933,3.066,DDP,Ocean,False
PO0005310,V0066,Enclosures / Metal,Plant-Brno-CZ,2023-02-23,2023-04-04,2023-04-04,0,5638,5638,40.203,36.297,FOB,Air,True
PO0005311,V0066,Enclosures / Metal,Plant-Austin-US,2023-02-28,2023-04-13,2023-04-14,1,5985,5985,21.517,22.637,DDP,Ocean,False
PO0005312,V0066,Enclosures / Metal,Plant-Austin-US,2023-03-14,2023-04-25,2023-04-25,0,14042,14042,11.145,11.021,CIF,Air,False
PO0005313,V0066,Enclosures / Metal,Plant-Penang-MY,2023-03-21,2023-05-02,2023-05-02,0,7526,7526,10.551,12.223,EXW,Ocean,False
PO0005314,V0066,Enclosures / Metal,Plant-Penang-MY,2023-03-22,2023-04-29,2023-04-29,0,11075,11075,27.397,31.61,CIF,Ocean,False
PO0005315,V0066,Enclosures / Metal,Plant-Brno-CZ,2023-03-27,2023-05-09,2023-05-09,0,2934,2934,12.689,12.331,CIF,Air,False
PO0005316,V0066,Enclosures / Metal,Plant-Penang-MY,2023-04-14,2023-05-28,2023-05-28,0,9612,9612,31.905,31.74,EXW,Ocean,False
PO0005317,V0066,Enclosures / Metal,Plant-Austin-US,2023-04-26,2023-06-03,2023-06-05,2,8452,8452,17.294,14.172,CIF,Ocean,False
PO0005318,V0066,Enclosures / Metal,Plant-Guadalajara-MX,2023-05-03,2023-06-16,2023-06-16,0,3092,3092,6.891,6.271,FOB,Ocean,False
PO0005319,V0066,Enclosures / Metal,Plant-Brno-CZ,2023-05-04,2023-06-16,2023-06-16,0,62697,62697,29.769,31.208,DDP,Ocean,False
PO0005320,V0066,Enclosures / Metal,Plant-Austin-US,2023-05-05,2023-06-12,2023-06-14,2,9188,9188,34.003,32.026,FOB,Ocean,False
PO0005321,V0066,Enclosures / Metal,Plant-Brno-CZ,2023-05-10,2023-06-14,2023-06-14,0,32371,32371,15.575,16.529,CIF,Ocean,False
PO0005322,V0066,Enclosures / Metal,Plant-Austin-US,2023-05-19,2023-06-25,2023-06-25,0,3231,3231,39.339,44.19,CIF,Truck,False
PO0005323,V0066,Enclosures / Metal,Plant-Penang-MY,2023-05-24,2023-07-01,2023-07-01,0,16219,16219,13.876,11.891,FOB,Ocean,False
PO0005324,V0066,Enclosures / Metal,Plant-Austin-US,2023-05-26,2023-07-04,2023-07-04,0,4530,4530,7.827,7.189,DDP,Truck,False
PO0005325,V0066,Enclosures / Metal,Plant-Austin-US,2023-05-29,2023-07-06,2023-07-06,0,244,244,20.142,21.369,EXW,Ocean,False
PO0005326,V0066,Enclosures / Metal,Plant-Penang-MY,2023-06-02,2023-07-06,2023-07-06,0,2420,2420,3.572,3.444,FOB,Ocean,False
PO0005327,V0066,Enclosures / Metal,Plant-Austin-US,2023-06-21,2023-07-29,2023-08-01,3,5001,5001,44.212,43.908,DDP,Ocean,False
PO0005328,V0066,Enclosures / Metal,Plant-Guadalajara-MX,2023-07-04,2023-08-24,2023-08-27,3,4373,4373,40.213,42.266,CIF,Truck,False
PO0005329,V0066,Enclosures / Metal,Plant-Brno-CZ,2023-07-16,2023-08-21,2023-08-21,0,2439,2439,6.35,6.765,DDP,Air,False
PO0005330,V0066,Enclosures / Metal,Plant-Austin-US,2023-07-20,2023-09-07,2023-09-07,0,3147,3147,19.185,16.888,EXW,Air,False
PO0005331,V0066,Enclosures / Metal,Plant-Penang-MY,2023-07-28,2023-09-06,2023-09-11,5,9015,9015,10.813,12.94,EXW,Ocean,False
PO0005332,V0066,Enclosures / Metal,Plant-Brno-CZ,2023-08-02,2023-09-08,2023-09-08,0,8544,8544,22.489,24.504,DDP,Ocean,False
PO0005333,V0066,Enclosures / Metal,Plant-Penang-MY,2023-08-09,2023-09-17,2023-09-17,0,5904,5904,8.732,9.31,DDP,Air,False
PO0005334,V0066,Enclosures / Metal,Plant-Austin-US,2023-08-16,2023-09-21,2023-09-23,2,14888,14888,19.61,19.668,DDP,Air,False
PO0005335,V0066,Enclosures / Metal,Plant-Brno-CZ,2023-08-20,2023-10-01,2023-10-01,0,4148,4148,22.375,20.311,DDP,Air,False
PO0005336,V0066,Enclosures / Metal,Plant-Guadalajara-MX,2023-08-21,2023-09-30,2023-09-30,0,1020,911,34.354,35.52,EXW,Ocean,False
PO0005337,V0066,Enclosures / Metal,Plant-Austin-US,2023-09-07,2023-10-18,2023-10-18,0,2634,1857,4.325,4.573,DDP,Ocean,False
PO0005338,V0066,Enclosures / Metal,Plant-Brno-CZ,2023-09-17,2023-10-29,2023-10-29,0,19506,19506,18.841,15.748,FOB,Air,False
PO0005339,V0066,Enclosures / Metal,Plant-Austin-US,2023-09-19,2023-10-30,2023-10-30,0,5209,5209,44.019,48.496,EXW,Ocean,False
PO0005340,V0066,Enclosures / Metal,Plant-Brno-CZ,2023-09-21,2023-10-29,2023-10-30,1,3909,3909,14.602,15.509,EXW,Ocean,False
PO0005341,V0066,Enclosures / Metal,Plant-Guadalajara-MX,2023-09-22,2023-11-04,2023-11-04,0,2500,2500,17.323,20.271,CIF,Air,False
PO0005342,V0066,Enclosures / Metal,Plant-Brno-CZ,2023-09-25,2023-11-06,2023-11-07,1,51906,51906,4.686,4.935,CIF,Ocean,False
PO0005343,V0066,Enclosures / Metal,Plant-Guadalajara-MX,2023-09-26,2023-11-08,2023-11-08,0,22046,22046,4.755,5.079,EXW,Ocean,False
PO0005344,V0066,Enclosures / Metal,Plant-Guadalajara-MX,2023-09-29,2023-10-30,2023-10-30,0,2467,2467,22.868,24.442,CIF,Ocean,False
PO0005345,V0066,Enclosures / Metal,Plant-Brno-CZ,2023-10-03,2023-11-10,2023-11-10,0,1225,1225,44.559,47.307,FOB,Ocean,False
PO0005346,V0066,Enclosures / Metal,Plant-Austin-US,2023-10-14,2023-11-27,2023-11-27,0,4338,4338,24.946,24.595,DDP,Ocean,False
PO0005347,V0066,Enclosures / Metal,Plant-Guadalajara-MX,2023-10-21,2023-11-30,2023-11-30,0,11508,11508,28.19,32.108,CIF,Ocean,False
PO0005348,V0066,Enclosures / Metal,Plant-Austin-US,2023-10-28,2023-12-12,2023-12-12,0,10906,10906,29.466,25.295,CIF,Ocean,False
PO0005349,V0066,Enclosures / Metal,Plant-Brno-CZ,2023-10-29,2023-12-10,2023-12-11,1,12362,12362,7.817,6.877,FOB,Air,False
PO0005350,V0066,Enclosures / Metal,Plant-Brno-CZ,2023-12-06,2024-01-19,2024-01-19,0,5153,5153,26.284,21.438,CIF,Truck,False
PO0005351,V0066,Enclosures / Metal,Plant-Penang-MY,2023-12-09,2024-01-20,2024-02-03,14,8201,8201,11.869,13.104,CIF,Ocean,False
PO0005352,V0066,Enclosures / Metal,Plant-Brno-CZ,2023-12-19,2024-01-30,2024-02-01,2,15108,15108,39.051,36.884,EXW,Ocean,False
PO0005353,V0066,Enclosures / Metal,Plant-Austin-US,2023-12-31,2024-02-09,2024-02-09,0,11546,11546,2.423,2.374,CIF,Air,False
PO0005354,V0066,Enclosures / Metal,Plant-Brno-CZ,2024-01-08,2024-02-18,2024-02-18,0,304,237,31.018,30.029,FOB,Truck,False
PO0005355,V0066,Enclosures / Metal,Plant-Penang-MY,2024-01-13,2024-02-23,2024-02-23,0,8505,8505,15.334,16.04,EXW,Ocean,False
PO0005356,V0066,Enclosures / Metal,Plant-Austin-US,2024-01-15,2024-02-23,2024-02-23,0,3086,3086,2.769,3.239,CIF,Truck,False
PO0005357,V0066,Enclosures / Metal,Plant-Penang-MY,2024-02-09,2024-03-15,2024-03-15,0,4451,4451,13.933,13.737,FOB,Air,False
PO0005358,V0066,Enclosures / Metal,Plant-Brno-CZ,2024-02-13,2024-03-23,2024-04-14,22,6813,6813,4.083,4.056,EXW,Truck,False
PO0005359,V0066,Enclosures / Metal,Plant-Austin-US,2024-02-16,2024-03-28,2024-04-01,4,2703,2703,15.036,16.54,FOB,Ocean,False
PO0005360,V0066,Enclosures / Metal,Plant-Penang-MY,2024-02-18,2024-04-03,2024-04-05,2,1353,1180,7.142,7.721,EXW,Ocean,False
PO0005361,V0066,Enclosures / Metal,Plant-Guadalajara-MX,2024-03-12,2024-04-12,2024-04-12,0,17323,17323,32.976,32.611,DDP,Air,False
PO0005362,V0066,Enclosures / Metal,Plant-Penang-MY,2024-03-17,2024-04-25,2024-05-09,14,1489,1489,25.829,27.033,FOB,Ocean,False
PO0005363,V0066,Enclosures / Metal,Plant-Brno-CZ,2024-03-19,2024-04-30,2024-05-01,1,369,369,44.98,39.012,FOB,Air,False
PO0005364,V0066,Enclosures / Metal,Plant-Brno-CZ,2024-03-31,2024-05-08,2024-05-31,23,6576,6576,41.276,44.679,DDP,Truck,False
PO0005365,V0066,Enclosures / Metal,Plant-Guadalajara-MX,2024-04-02,2024-05-12,2024-05-13,1,7141,7141,25.004,23.671,CIF,Ocean,False
PO0005366,V0066,Enclosures / Metal,Plant-Austin-US,2024-04-05,2024-05-19,2024-05-20,1,2093,2093,6.407,6.973,CIF,Ocean,False
PO0005367,V0066,Enclosures / Metal,Plant-Brno-CZ,2024-04-08,2024-05-17,2024-05-17,0,3373,3373,42.435,38.944,CIF,Ocean,False
PO0005368,V0066,Enclosures / Metal,Plant-Guadalajara-MX,2024-04-10,2024-05-15,2024-05-17,2,34466,34466,24.732,24.702,EXW,Truck,False
PO0005369,V0066,Enclosures / Metal,Plant-Brno-CZ,2024-04-25,2024-06-03,2024-06-03,0,15557,15557,15.631,13.52,CIF,Truck,False
PO0005370,V0066,Enclosures / Metal,Plant-Penang-MY,2024-05-04,2024-06-11,2024-06-11,0,173,173,29.42,31.363,DDP,Truck,False
PO0005371,V0066,Enclosures / Metal,Plant-Brno-CZ,2024-05-08,2024-06-17,2024-06-17,0,1952,1952,22.209,17.365,CIF,Ocean,False
PO0005372,V0066,Enclosures / Metal,Plant-Guadalajara-MX,2024-05-10,2024-06-23,2024-06-23,0,1388,1388,20.127,21.508,CIF,Ocean,False
PO0005373,V0066,Enclosures / Metal,Plant-Guadalajara-MX,2024-05-17,2024-07-02,2024-07-02,0,9148,9148,28.619,27.004,EXW,Ocean,False
PO0005374,V0066,Enclosures / Metal,Plant-Austin-US,2024-05-20,2024-06-30,2024-06-30,0,4473,4473,38.771,39.863,EXW,Air,False
PO0005375,V0066,Enclosures / Metal,Plant-Brno-CZ,2024-05-21,2024-07-03,2024-07-03,0,3276,3276,43.753,40.463,FOB,Ocean,False
PO0005376,V0066,Enclosures / Metal,Plant-Brno-CZ,2024-05-28,2024-07-07,2024-07-13,6,4314,4314,13.195,12.615,DDP,Ocean,False
PO0005377,V0066,Enclosures / Metal,Plant-Brno-CZ,2024-06-03,2024-07-16,2024-07-16,0,3008,3008,4.932,4.545,DDP,Ocean,False
PO0005378,V0066,Enclosures / Metal,Plant-Brno-CZ,2024-06-21,2024-08-02,2024-08-02,0,3750,3750,9.299,9.456,DDP,Air,False
PO0005379,V0066,Enclosures / Metal,Plant-Brno-CZ,2024-07-02,2024-08-06,2024-08-08,2,1184,1184,13.624,12.444,CIF,Ocean,False
PO0005380,V0066,Enclosures / Metal,Plant-Penang-MY,2024-07-19,2024-08-30,2024-08-30,0,5643,5643,29.878,31.469,FOB,Ocean,False
PO0005381,V0066,Enclosures / Metal,Plant-Guadalajara-MX,2024-07-20,2024-08-31,2024-08-31,0,931,699,35.166,34.999,FOB,Air,False
PO0005382,V0066,Enclosures / Metal,Plant-Guadalajara-MX,2024-08-07,2024-09-13,2024-09-14,1,11011,11011,38.549,36.328,CIF,Ocean,False
PO0005383,V0066,Enclosures / Metal,Plant-Penang-MY,2024-08-23,2024-10-09,2024-10-10,1,1511,1511,3.968,4.365,CIF,Ocean,False
PO0005384,V0066,Enclosures / Metal,Plant-Brno-CZ,2024-08-28,2024-10-03,2024-10-03,0,3970,3970,25.268,24.311,EXW,Ocean,False
PO0005385,V0066,Enclosures / Metal,Plant-Penang-MY,2024-08-31,2024-10-01,2024-10-01,0,9251,9251,23.604,20.521,DDP,Ocean,False
PO0005386,V0066,Enclosures / Metal,Plant-Penang-MY,2024-09-01,2024-10-19,2024-10-20,1,14055,14055,26.004,27.406,DDP,Truck,False
PO0005387,V0066,Enclosures / Metal,Plant-Guadalajara-MX,2024-09-02,2024-10-08,2024-10-16,8,356,356,28.605,27.454,FOB,Truck,False
PO0005388,V0066,Enclosures / Metal,Plant-Guadalajara-MX,2024-09-21,2024-10-29,2024-11-09,11,3068,3068,43.698,42.13,FOB,Truck,False
PO0005389,V0066,Enclosures / Metal,Plant-Guadalajara-MX,2024-10-10,2024-11-15,2024-11-19,4,599,599,1.394,1.431,EXW,Truck,False
PO0005390,V0066,Enclosures / Metal,Plant-Brno-CZ,2024-11-01,2024-12-06,2024-12-10,4,2028,2028,20.593,21.392,DDP,Truck,False
PO0005391,V0066,Enclosures / Metal,Plant-Austin-US,2024-11-05,2024-12-12,2024-12-12,0,32991,32991,16.47,19.106,EXW,Air,True
PO0005392,V0066,Enclosures / Metal,Plant-Brno-CZ,2024-11-29,2025-01-10,2025-01-10,0,36898,36898,44.947,42.535,EXW,Truck,False
PO0005393,V0066,Enclosures / Metal,Plant-Austin-US,2024-12-01,2025-01-02,2025-01-05,3,4593,4593,16.715,15.771,CIF,Air,False
PO0005394,V0066,Enclosures / Metal,Plant-Austin-US,2024-12-14,2025-01-22,2025-01-24,2,11600,11600,36.461,35.741,EXW,Ocean,False
PO0005395,V0066,Enclosures / Metal,Plant-Guadalajara-MX,2024-12-27,2025-02-03,2025-02-03,0,9223,9223,9.346,8.314,DDP,Truck,False
PO0005396,V0066,Enclosures / Metal,Plant-Penang-MY,2024-12-30,2025-02-06,2025-02-06,0,4341,4341,37.73,37.429,EXW,Air,False
PO0005397,V0066,Enclosures / Metal,Plant-Penang-MY,2025-01-01,2025-02-07,2025-02-07,0,12577,12577,36.875,31.987,EXW,Truck,False
PO0005398,V0066,Enclosures / Metal,Plant-Austin-US,2025-01-03,2025-02-10,2025-02-10,0,3556,3556,25.721,26.33,FOB,Ocean,False
PO0005399,V0066,Enclosures / Metal,Plant-Penang-MY,2025-01-12,2025-02-21,2025-02-21,0,10854,10854,25.11,27.978,DDP,Truck,False
PO0005400,V0066,Enclosures / Metal,Plant-Brno-CZ,2025-01-18,2025-02-23,2025-02-24,1,1686,1686,9.653,10.215,FOB,Ocean,False
PO0005401,V0066,Enclosures / Metal,Plant-Austin-US,2025-02-27,2025-03-31,2025-04-01,1,2056,1591,10.141,11.302,EXW,Air,False
PO0005402,V0066,Enclosures / Metal,Plant-Guadalajara-MX,2025-03-03,2025-04-09,2025-04-17,8,51603,51603,42.795,38.735,DDP,Ocean,False
PO0005403,V0066,Enclosures / Metal,Plant-Brno-CZ,2025-03-10,2025-04-16,2025-04-16,0,2416,2416,24.925,23.464,DDP,Air,False
PO0005404,V0066,Enclosures / Metal,Plant-Guadalajara-MX,2025-03-12,2025-04-27,2025-05-02,5,37830,37830,10.534,11.342,FOB,Truck,False
PO0005405,V0066,Enclosures / Metal,Plant-Brno-CZ,2025-03-19,2025-04-26,2025-05-09,13,1758,1758,17.564,17.489,EXW,Ocean,False
PO0005406,V0066,Enclosures / Metal,Plant-Austin-US,2025-03-21,2025-05-03,2025-05-12,9,5745,5745,27.107,24.89,FOB,Ocean,False
PO0005407,V0066,Enclosures / Metal,Plant-Brno-CZ,2025-03-28,2025-05-09,2025-05-15,6,5359,5359,27.3,28.067,DDP,Ocean,False
PO0005408,V0066,Enclosures / Metal,Plant-Guadalajara-MX,2025-04-06,2025-05-21,2025-05-21,0,8176,8176,6.9,6.977,DDP,Truck,False
PO0005409,V0066,Enclosures / Metal,Plant-Brno-CZ,2025-05-02,2025-06-09,2025-06-09,0,15549,15549,32.62,34.467,CIF,Air,True
PO0005410,V0066,Enclosures / Metal,Plant-Penang-MY,2025-05-09,2025-06-16,2025-06-20,4,12384,12384,44.519,47.397,CIF,Ocean,False
PO0005411,V0066,Enclosures / Metal,Plant-Austin-US,2025-05-16,2025-06-19,2025-06-20,1,5736,5736,29.83,28.851,EXW,Truck,False
PO0005412,V0066,Enclosures / Metal,Plant-Austin-US,2025-05-30,2025-07-13,2025-07-15,2,7395,7395,5.983,5.894,DDP,Air,False
PO0005413,V0066,Enclosures / Metal,Plant-Guadalajara-MX,2025-06-01,2025-07-14,2025-08-07,24,4252,4252,42.75,44.303,EXW,Ocean,False
PO0005414,V0066,Enclosures / Metal,Plant-Penang-MY,2025-06-08,2025-07-18,2025-07-18,0,34632,34632,1.06,1.067,FOB,Ocean,False
PO0005415,V0066,Enclosures / Metal,Plant-Brno-CZ,2025-06-15,2025-07-27,2025-07-28,1,18180,18180,5.278,4.993,DDP,Truck,False
PO0005416,V0066,Enclosures / Metal,Plant-Penang-MY,2025-06-25,2025-08-06,2025-08-06,0,1623,1623,27.522,30.588,DDP,Truck,False
PO0005417,V0066,Enclosures / Metal,Plant-Austin-US,2025-06-28,2025-08-06,2025-08-08,2,4718,4718,33.563,36.557,FOB,Ocean,False
PO0005418,V0066,Enclosures / Metal,Plant-Guadalajara-MX,2025-07-21,2025-08-28,2025-09-08,11,16003,16003,35.893,34.579,EXW,Truck,False
PO0005419,V0066,Enclosures / Metal,Plant-Guadalajara-MX,2025-07-24,2025-09-06,2025-09-06,0,2039,2039,33.449,31.276,EXW,Ocean,False
PO0005420,V0066,Enclosures / Metal,Plant-Penang-MY,2025-07-26,2025-09-02,2025-09-02,0,43365,43365,18.395,20.982,EXW,Air,False
PO0005421,V0066,Enclosures / Metal,Plant-Brno-CZ,2025-08-21,2025-10-01,2025-10-01,0,2806,2806,38.616,41.676,DDP,Truck,False
PO0005422,V0066,Enclosures / Metal,Plant-Brno-CZ,2025-09-05,2025-10-18,2025-10-19,1,745,615,44.916,44.813,CIF,Air,False
PO0005423,V0066,Enclosures / Metal,Plant-Penang-MY,2025-09-17,2025-10-26,2025-10-26,0,2064,2064,26.212,28.199,EXW,Air,False
PO0005424,V0066,Enclosures / Metal,Plant-Guadalajara-MX,2025-09-18,2025-11-05,2025-11-05,0,3769,3769,34.727,34.855,CIF,Truck,False
PO0005425,V0066,Enclosures / Metal,Plant-Penang-MY,2025-09-21,2025-10-30,2025-10-30,0,7766,7766,11.817,12.308,DDP,Air,True
PO0005426,V0066,Enclosures / Metal,Plant-Guadalajara-MX,2025-10-13,2025-11-21,2025-11-25,4,770,770,3.261,3.127,FOB,Ocean,False
PO0005427,V0066,Enclosures / Metal,Plant-Brno-CZ,2025-10-14,2025-11-20,2025-12-01,11,1784,1784,7.259,7.017,CIF,Ocean,False
PO0005428,V0066,Enclosures / Metal,Plant-Austin-US,2025-10-16,2025-11-29,2025-12-01,2,9375,9375,17.136,16.63,EXW,Air,False
PO0005429,V0066,Enclosures / Metal,Plant-Penang-MY,2025-10-30,2025-12-05,2025-12-06,1,8093,8093,35.627,41.329,DDP,Air,False
PO0005430,V0066,Enclosures / Metal,Plant-Penang-MY,2025-11-01,2025-12-10,2025-12-10,0,2959,2959,8.859,8.833,DDP,Air,False
PO0005431,V0066,Enclosures / Metal,Plant-Guadalajara-MX,2025-11-20,2025-12-25,2025-12-25,0,5265,5265,38.946,39.065,DDP,Truck,False
PO0005432,V0066,Enclosures / Metal,Plant-Guadalajara-MX,2025-11-26,2025-12-30,2026-01-29,30,40656,40656,38.54,41.918,CIF,Ocean,False
PO0005433,V0066,Enclosures / Metal,Plant-Penang-MY,2025-11-28,2026-01-11,2026-02-05,25,2653,2653,15.026,14.252,FOB,Air,False
PO0005434,V0066,Enclosures / Metal,Plant-Austin-US,2025-11-29,2026-01-04,2026-01-07,3,2891,2891,2.929,3.443,DDP,Ocean,False
PO0005435,V0066,Enclosures / Metal,Plant-Penang-MY,2025-12-01,2026-01-04,2026-01-04,0,16399,16399,28.048,29.756,FOB,Ocean,False
PO0005436,V0066,Enclosures / Metal,Plant-Penang-MY,2025-12-06,2026-01-14,2026-01-14,0,577,577,33.382,36.835,DDP,Truck,False
PO0005437,V0066,Enclosures / Metal,Plant-Penang-MY,2025-12-10,2026-01-22,2026-02-18,27,10164,10164,20.767,19.904,FOB,Truck,False
PO0005438,V0066,Enclosures / Metal,Plant-Penang-MY,2025-12-21,2026-02-05,2026-02-13,8,1905,1905,12.303,12.405,DDP,Ocean,False
PO0005439,V0066,Enclosures / Metal,Plant-Penang-MY,2025-12-28,2026-02-02,2026-02-02,0,42775,42775,18.328,17.479,CIF,Ocean,False
PO0005440,V0066,Enclosures / Metal,Plant-Guadalajara-MX,2026-01-04,2026-02-08,2026-02-08,0,3239,3239,36.312,38.152,EXW,Truck,False
PO0005441,V0066,Enclosures / Metal,Plant-Austin-US,2026-01-09,2026-02-20,2026-02-20,0,5427,5427,33.986,37.63,FOB,Ocean,False
PO0005442,V0066,Enclosures / Metal,Plant-Brno-CZ,2026-01-18,2026-03-03,2026-03-03,0,1727,1727,16.525,17.062,DDP,Air,False
PO0005443,V0066,Enclosures / Metal,Plant-Austin-US,2026-01-30,2026-03-05,2026-03-05,0,9108,9108,26.307,26.748,CIF,Truck,False
PO0005444,V0066,Enclosures / Metal,Plant-Penang-MY,2026-01-31,2026-03-12,2026-03-14,2,9105,9105,3.104,3.168,CIF,Ocean,False
PO0005445,V0066,Enclosures / Metal,Plant-Austin-US,2026-02-24,2026-04-03,2026-04-03,0,2217,2217,38.141,39.626,FOB,Ocean,False
PO0005446,V0066,Enclosures / Metal,Plant-Guadalajara-MX,2026-03-07,2026-04-19,2026-04-19,0,3354,3354,43.691,42.267,DDP,Ocean,False
PO0005447,V0066,Enclosures / Metal,Plant-Austin-US,2026-03-08,2026-04-19,2026-05-02,13,4231,4231,6.797,6.746,EXW,Ocean,False
PO0005448,V0066,Enclosures / Metal,Plant-Brno-CZ,2026-03-14,2026-04-29,2026-04-29,0,2270,2270,22.963,22.394,FOB,Ocean,False
PO0005449,V0066,Enclosures / Metal,Plant-Penang-MY,2026-04-10,2026-05-22,2026-05-24,2,3248,3248,32.359,34.2,CIF,Ocean,False
PO0005450,V0066,Enclosures / Metal,Plant-Guadalajara-MX,2026-04-13,2026-05-23,2026-05-23,0,3582,3582,39.667,42.273,CIF,Ocean,False
PO0005451,V0066,Enclosures / Metal,Plant-Guadalajara-MX,2026-04-20,2026-05-31,2026-05-31,0,3106,3106,8.237,8.44,DDP,Ocean,False
PO0005452,V0066,Enclosures / Metal,Plant-Austin-US,2026-05-03,2026-06-09,2026-06-09,0,6637,6637,20.168,19.701,CIF,Ocean,False
PO0005453,V0066,Enclosures / Metal,Plant-Brno-CZ,2026-05-07,2026-06-17,2026-06-17,0,1194,1194,7.376,8.174,EXW,Ocean,False
PO0005454,V0066,Enclosures / Metal,Plant-Austin-US,2026-05-08,2026-06-20,2026-06-20,0,1266,1266,41.596,43.537,EXW,Air,False
PO0005455,V0066,Enclosures / Metal,Plant-Austin-US,2026-05-09,2026-06-20,2026-06-20,0,4471,4471,43.152,42.988,EXW,Ocean,False
PO0005456,V0066,Enclosures / Metal,Plant-Austin-US,2026-05-11,2026-06-21,2026-06-22,1,37246,37246,24.086,24.487,EXW,Air,False
PO0005457,V0066,Enclosures / Metal,Plant-Brno-CZ,2026-05-12,2026-06-25,2026-06-25,0,7224,7224,26.292,27.139,DDP,Truck,False
PO0005458,V0066,Enclosures / Metal,Plant-Austin-US,2026-05-20,2026-06-28,2026-06-29,1,2436,2436,17.934,16.807,DDP,Truck,False
PO0005459,V0066,Enclosures / Metal,Plant-Austin-US,2026-05-28,2026-07-09,2026-07-09,0,8337,8337,41.435,42.106,CIF,Ocean,False
PO0005460,V0066,Enclosures / Metal,Plant-Austin-US,2026-06-02,2026-06-30,2026-06-30,0,3895,3895,23.397,25.575,EXW,Ocean,False
PO0005461,V0066,Enclosures / Metal,Plant-Guadalajara-MX,2026-06-14,2026-07-20,2026-07-20,0,2073,2073,40.133,38.711,CIF,Truck,False
PO0005462,V0066,Enclosures / Metal,Plant-Penang-MY,2026-06-26,2026-07-29,2026-07-30,1,3380,3380,12.12,13.059,DDP,Air,False
PO0005463,V0066,Enclosures / Metal,Plant-Guadalajara-MX,2026-06-28,2026-08-03,2026-08-04,1,6201,6201,35.826,37.681,EXW,Truck,False
PO0005464,V0067,PCB / PCBA,Plant-Brno-CZ,2022-02-14,2022-04-01,2022-04-01,0,2740,2740,9.879,10.175,DDP,Ocean,False
PO0005465,V0067,PCB / PCBA,Plant-Penang-MY,2022-04-23,2022-05-31,2022-06-02,2,25772,25772,16.958,16.732,DDP,Ocean,False
PO0005466,V0067,PCB / PCBA,Plant-Brno-CZ,2022-05-11,2022-07-01,2022-07-01,0,301,301,37.636,38.123,EXW,Ocean,False
PO0005467,V0067,PCB / PCBA,Plant-Guadalajara-MX,2022-07-29,2022-09-16,2022-09-16,0,6436,6436,84.28,80.902,CIF,Ocean,False
PO0005468,V0067,PCB / PCBA,Plant-Penang-MY,2022-08-31,2022-10-22,2022-10-22,0,4164,4164,55.207,58.449,EXW,Ocean,False
PO0005469,V0067,PCB / PCBA,Plant-Penang-MY,2022-10-07,2022-12-02,2022-12-03,1,5156,5156,36.239,35.902,DDP,Ocean,False
PO0005470,V0067,PCB / PCBA,Plant-Penang-MY,2022-11-07,2022-12-20,2022-12-20,0,22843,22843,81.312,79.047,EXW,Air,True
PO0005471,V0067,PCB / PCBA,Plant-Guadalajara-MX,2023-04-04,2023-05-21,2023-05-22,1,11665,9249,81.357,75.141,EXW,Truck,False
PO0005472,V0067,PCB / PCBA,Plant-Austin-US,2023-04-21,2023-05-31,2023-05-31,0,3716,3716,74.933,75.3,FOB,Ocean,False
PO0005473,V0067,PCB / PCBA,Plant-Penang-MY,2023-08-07,2023-09-21,2023-09-22,1,42807,42807,28.878,29.569,FOB,Air,False
PO0005474,V0067,PCB / PCBA,Plant-Austin-US,2023-11-12,2023-12-30,2023-12-31,1,25996,25996,31.239,29.788,FOB,Ocean,False
PO0005475,V0067,PCB / PCBA,Plant-Guadalajara-MX,2024-01-24,2024-03-06,2024-04-14,39,5750,5750,41.336,42.404,EXW,Ocean,False
PO0005476,V0067,PCB / PCBA,Plant-Guadalajara-MX,2024-01-30,2024-03-08,2024-03-29,21,5691,5691,11.961,11.007,CIF,Ocean,False
PO0005477,V0067,PCB / PCBA,Plant-Guadalajara-MX,2024-03-08,2024-04-16,2024-04-24,8,11513,11005,29.104,27.085,CIF,Ocean,False
PO0005478,V0067,PCB / PCBA,Plant-Penang-MY,2024-05-15,2024-07-08,2024-07-14,6,6757,5117,78.839,86.335,EXW,Ocean,False
PO0005479,V0067,PCB / PCBA,Plant-Guadalajara-MX,2024-06-04,2024-07-14,2024-07-14,0,3162,2476,74.514,72.598,FOB,Ocean,False
PO0005480,V0067,PCB / PCBA,Plant-Penang-MY,2024-06-27,2024-08-04,2024-08-04,0,6893,6893,66.326,63.813,DDP,Ocean,False
PO0005481,V0067,PCB / PCBA,Plant-Guadalajara-MX,2024-08-18,2024-09-28,2024-09-28,0,32810,32810,82.588,85.541,DDP,Truck,False
PO0005482,V0067,PCB / PCBA,Plant-Guadalajara-MX,2025-01-18,2025-02-28,2025-02-28,0,8044,8044,65.965,63.429,FOB,Ocean,False
PO0005483,V0067,PCB / PCBA,Plant-Penang-MY,2025-02-24,2025-04-17,2025-04-18,1,5832,5832,80.07,81.596,EXW,Truck,False
PO0005484,V0067,PCB / PCBA,Plant-Brno-CZ,2025-02-27,2025-04-06,2025-04-06,0,7374,7374,24.026,24.249,DDP,Truck,False
PO0005485,V0067,PCB / PCBA,Plant-Brno-CZ,2025-03-04,2025-04-14,2025-04-16,2,1064,1064,84.169,80.776,CIF,Ocean,False
PO0005486,V0067,PCB / PCBA,Plant-Guadalajara-MX,2025-03-14,2025-05-04,2025-05-04,0,85128,85128,53.645,58.274,DDP,Ocean,False
PO0005487,V0067,PCB / PCBA,Plant-Brno-CZ,2025-03-15,2025-05-07,2025-05-09,2,889,889,8.503,9.037,EXW,Ocean,False
PO0005488,V0067,PCB / PCBA,Plant-Guadalajara-MX,2025-03-31,2025-05-18,2025-06-08,21,17718,17718,68.521,67.676,FOB,Air,False
PO0005489,V0067,PCB / PCBA,Plant-Penang-MY,2025-04-08,2025-05-22,2025-06-20,29,7632,7632,22.205,21.217,CIF,Ocean,False
PO0005490,V0067,PCB / PCBA,Plant-Penang-MY,2025-04-15,2025-06-03,2025-06-13,10,2487,2487,35.27,36.488,CIF,Ocean,False
PO0005491,V0067,PCB / PCBA,Plant-Guadalajara-MX,2025-05-10,2025-06-22,2025-06-24,2,882,882,76.823,80.588,CIF,Truck,False
PO0005492,V0067,PCB / PCBA,Plant-Austin-US,2025-06-05,2025-07-24,2025-07-24,0,18095,18095,41.336,43.327,CIF,Air,False
PO0005493,V0067,PCB / PCBA,Plant-Austin-US,2025-06-27,2025-08-06,2025-08-06,0,724,724,32.718,33.054,CIF,Air,False
PO0005494,V0067,PCB / PCBA,Plant-Guadalajara-MX,2025-06-28,2025-08-14,2025-08-14,0,2945,2945,56.085,51.39,FOB,Ocean,False
PO0005495,V0067,PCB / PCBA,Plant-Austin-US,2025-07-02,2025-08-18,2025-09-01,14,43366,43366,83.409,84.132,FOB,Ocean,False
PO0005496,V0067,PCB / PCBA,Plant-Austin-US,2025-07-24,2025-09-08,2025-09-09,1,9783,9783,15.815,15.661,FOB,Truck,False
PO0005497,V0067,PCB / PCBA,Plant-Guadalajara-MX,2025-10-25,2025-12-08,2025-12-17,9,2471,2471,89.702,88.273,DDP,Ocean,False
PO0005498,V0067,PCB / PCBA,Plant-Brno-CZ,2025-10-28,2025-12-12,2025-12-13,1,3073,3073,68.111,71.732,CIF,Air,False
PO0005499,V0067,PCB / PCBA,Plant-Brno-CZ,2025-11-12,2025-12-27,2025-12-27,0,3425,3425,88.9,91.557,EXW,Ocean,False
PO0005500,V0067,PCB / PCBA,Plant-Guadalajara-MX,2025-12-22,2026-02-05,2026-02-06,1,7265,7265,51.087,54.843,DDP,Ocean,False
PO0005501,V0067,PCB / PCBA,Plant-Austin-US,2026-01-02,2026-02-12,2026-02-12,0,1049,1049,49.446,51.663,DDP,Air,False
PO0005502,V0067,PCB / PCBA,Plant-Guadalajara-MX,2026-01-25,2026-03-11,2026-03-11,0,5196,5196,26.815,27.73,EXW,Ocean,False
PO0005503,V0067,PCB / PCBA,Plant-Brno-CZ,2026-03-15,2026-04-26,2026-04-27,1,8048,8048,18.972,17.352,EXW,Ocean,False
PO0005504,V0067,PCB / PCBA,Plant-Penang-MY,2026-03-29,2026-05-10,2026-05-10,0,9156,9156,42.192,45.251,EXW,Ocean,False
PO0005505,V0068,Connectors,Plant-Guadalajara-MX,2022-01-02,2022-02-08,2022-02-22,14,18494,18494,11.095,8.272,DDP,Air,False
PO0005506,V0068,Connectors,Plant-Austin-US,2022-01-10,2022-02-15,2022-02-15,0,13693,13265,8.436,9.517,EXW,Air,False
PO0005507,V0068,Connectors,Plant-Austin-US,2022-01-22,2022-02-22,2022-02-27,5,6914,6914,5.498,3.99,DDP,Ocean,False
PO0005508,V0068,Connectors,Plant-Guadalajara-MX,2022-01-27,2022-03-02,2022-03-02,0,557,557,3.905,4.933,FOB,Ocean,False
PO0005509,V0068,Connectors,Plant-Austin-US,2022-02-03,2022-03-12,2022-03-12,0,2547,2547,6.637,6.039,CIF,Ocean,False
PO0005510,V0068,Connectors,Plant-Austin-US,2022-02-11,2022-03-20,2022-03-22,2,3928,3928,6.812,7.493,DDP,Air,False
PO0005511,V0068,Connectors,Plant-Austin-US,2022-02-15,2022-03-25,2022-04-03,9,4586,4586,2.752,3.585,DDP,Air,False
PO0005512,V0068,Connectors,Plant-Guadalajara-MX,2022-02-18,2022-03-29,2022-03-29,0,200000,200000,0.746,0.672,DDP,Air,False
PO0005513,V0068,Connectors,Plant-Guadalajara-MX,2022-02-20,2022-03-26,2022-04-14,19,10059,10059,8.497,7.598,FOB,Ocean,False
PO0005514,V0068,Connectors,Plant-Guadalajara-MX,2022-02-22,2022-03-29,2022-04-03,5,4076,4076,12.447,9.747,CIF,Air,False
PO0005515,V0068,Connectors,Plant-Guadalajara-MX,2022-02-28,2022-04-05,2022-04-06,1,6823,6823,3.12,3.703,DDP,Air,False
PO0005516,V0068,Connectors,Plant-Austin-US,2022-03-11,2022-04-15,2022-04-15,0,1528,1528,12.861,17.383,DDP,Ocean,False
PO0005517,V0068,Connectors,Plant-Austin-US,2022-03-20,2022-04-26,2022-04-26,0,2728,2728,5.487,5.609,EXW,Air,False
PO0005518,V0068,Connectors,Plant-Guadalajara-MX,2022-04-12,2022-05-17,2022-05-17,0,5217,5217,12.514,11.614,CIF,Air,False
PO0005519,V0068,Connectors,Plant-Penang-MY,2022-05-20,2022-06-23,2022-06-23,0,7753,7753,2.443,2.549,EXW,Air,False
PO0005520,V0068,Connectors,Plant-Guadalajara-MX,2022-05-23,2022-06-22,2022-06-22,0,7890,7890,13.649,12.793,EXW,Truck,False
PO0005521,V0068,Connectors,Plant-Penang-MY,2022-05-25,2022-06-27,2022-06-27,0,4422,3976,7.432,6.424,EXW,Ocean,False
PO0005522,V0068,Connectors,Plant-Austin-US,2022-05-30,2022-07-07,2022-07-30,23,7270,7270,7.517,7.067,DDP,Ocean,False
PO0005523,V0068,Connectors,Plant-Brno-CZ,2022-06-05,2022-07-07,2022-07-07,0,37854,37854,9.782,9.439,CIF,Air,False
PO0005524,V0068,Connectors,Plant-Brno-CZ,2022-06-07,2022-07-11,2022-07-11,0,3141,3141,6.391,4.769,EXW,Air,True
PO0005525,V0068,Connectors,Plant-Austin-US,2022-07-04,2022-07-31,2022-07-31,0,4538,4538,9.355,11.787,EXW,Ocean,False
PO0005526,V0068,Connectors,Plant-Penang-MY,2022-07-05,2022-07-31,2022-07-31,0,2132,1875,3.676,2.727,DDP,Truck,False
PO0005527,V0068,Connectors,Plant-Austin-US,2022-07-09,2022-08-12,2022-08-30,18,10569,10569,12.231,9.246,CIF,Ocean,False
PO0005528,V0068,Connectors,Plant-Brno-CZ,2022-07-10,2022-08-18,2022-09-09,22,1122,1007,12.797,13.615,FOB,Air,False
PO0005529,V0068,Connectors,Plant-Guadalajara-MX,2022-07-15,2022-08-25,2022-08-25,0,2262,2262,12.928,10.762,DDP,Ocean,False
PO0005530,V0068,Connectors,Plant-Guadalajara-MX,2022-07-17,2022-08-24,2022-08-24,0,1736,1736,10.623,10.303,FOB,Ocean,False
PO0005531,V0068,Connectors,Plant-Guadalajara-MX,2022-07-23,2022-08-26,2022-08-27,1,18588,18588,2.665,2.038,DDP,Truck,False
PO0005532,V0068,Connectors,Plant-Brno-CZ,2022-07-24,2022-08-26,2022-09-09,14,1135,1135,11.509,16.685,FOB,Air,False
PO0005533,V0068,Connectors,Plant-Brno-CZ,2022-07-25,2022-09-03,2022-09-03,0,4028,4028,6.938,10.638,EXW,Air,False
PO0005534,V0068,Connectors,Plant-Guadalajara-MX,2022-08-01,2022-09-02,2022-09-03,1,1554,1554,14.789,12.728,CIF,Air,False
PO0005535,V0068,Connectors,Plant-Austin-US,2022-08-22,2022-09-23,2022-09-23,0,3505,3505,5.362,5.387,FOB,Air,False
PO0005536,V0068,Connectors,Plant-Penang-MY,2022-08-26,2022-10-05,2022-10-08,3,831,831,8.252,10.186,DDP,Ocean,False
PO0005537,V0068,Connectors,Plant-Guadalajara-MX,2022-08-30,2022-10-08,2022-10-23,15,14228,14228,2.176,2.07,CIF,Ocean,False
PO0005538,V0068,Connectors,Plant-Austin-US,2022-09-11,2022-10-14,2022-10-25,11,1033,1033,9.854,9.492,EXW,Truck,False
PO0005539,V0068,Connectors,Plant-Brno-CZ,2022-09-14,2022-10-17,2022-10-22,5,8923,8923,10.507,9.267,DDP,Truck,False
PO0005540,V0068,Connectors,Plant-Brno-CZ,2022-10-10,2022-11-09,2022-11-23,14,12961,9106,1.104,0.836,EXW,Air,False
PO0005541,V0068,Connectors,Plant-Penang-MY,2022-10-18,2022-12-01,2022-12-01,0,81886,81886,12.662,12.791,EXW,Air,False
PO0005542,V0068,Connectors,Plant-Guadalajara-MX,2022-11-12,2022-12-16,2022-12-19,3,6711,6711,5.298,2.438,DDP,Ocean,False
PO0005543,V0068,Connectors,Plant-Austin-US,2022-11-25,2022-12-21,2022-12-21,0,419,419,7.287,6.228,CIF,Ocean,False
PO0005544,V0068,Connectors,Plant-Penang-MY,2022-12-04,2023-01-12,2023-01-13,1,214,165,7.026,6.315,EXW,Air,False
PO0005545,V0068,Connectors,Plant-Brno-CZ,2022-12-05,2023-01-06,2023-01-11,5,1589,1589,12.705,11.625,FOB,Truck,False
PO0005546,V0068,Connectors,Plant-Penang-MY,2022-12-06,2023-01-07,2023-01-07,0,10409,10409,14.914,11.641,FOB,Ocean,False
PO0005547,V0068,Connectors,Plant-Austin-US,2022-12-10,2023-01-15,2023-01-15,0,351,351,5.582,6.178,EXW,Air,False
PO0005548,V0068,Connectors,Plant-Guadalajara-MX,2022-12-19,2023-01-13,2023-01-13,0,931,931,11.663,12.066,FOB,Ocean,False
PO0005549,V0068,Connectors,Plant-Guadalajara-MX,2022-12-21,2023-01-26,2023-01-26,0,9659,9659,12.749,13.958,CIF,Truck,False
PO0005550,V0068,Connectors,Plant-Penang-MY,2022-12-24,2023-01-27,2023-01-27,0,7832,7832,14.657,10.92,FOB,Ocean,False
PO0005551,V0068,Connectors,Plant-Penang-MY,2022-12-28,2023-01-30,2023-03-06,35,2150,2150,6.143,5.108,CIF,Ocean,False
PO0005552,V0068,Connectors,Plant-Penang-MY,2023-01-07,2023-02-08,2023-02-15,7,11255,11255,9.152,7.75,CIF,Ocean,False
PO0005553,V0068,Connectors,Plant-Guadalajara-MX,2023-01-17,2023-02-19,2023-02-19,0,6685,6685,5.189,4.819,FOB,Truck,False
PO0005554,V0068,Connectors,Plant-Brno-CZ,2023-01-21,2023-02-23,2023-02-23,0,25754,25754,0.594,0.8,DDP,Ocean,False
PO0005555,V0068,Connectors,Plant-Guadalajara-MX,2023-02-07,2023-03-17,2023-03-17,0,8713,8713,12.905,18.561,DDP,Ocean,False
PO0005556,V0068,Connectors,Plant-Austin-US,2023-02-27,2023-04-06,2023-04-07,1,1702,1702,13.105,7.73,CIF,Ocean,False
PO0005557,V0068,Connectors,Plant-Austin-US,2023-03-02,2023-04-07,2023-04-08,1,5379,4936,5.91,5.658,CIF,Air,False
PO0005558,V0068,Connectors,Plant-Austin-US,2023-03-18,2023-04-23,2023-04-23,0,7747,7747,0.923,0.585,CIF,Air,False
PO0005559,V0068,Connectors,Plant-Austin-US,2023-03-31,2023-05-05,2023-05-12,7,23425,23425,11.883,11.602,DDP,Ocean,False
PO0005560,V0068,Connectors,Plant-Brno-CZ,2023-04-07,2023-05-12,2023-06-20,39,16665,16665,9.411,9.598,CIF,Ocean,False
PO0005561,V0068,Connectors,Plant-Austin-US,2023-04-18,2023-05-17,2023-05-23,6,1471,1471,3.003,2.795,FOB,Ocean,False
PO0005562,V0068,Connectors,Plant-Austin-US,2023-04-21,2023-05-22,2023-06-18,27,3702,3702,4.457,5.09,DDP,Ocean,False
PO0005563,V0068,Connectors,Plant-Austin-US,2023-04-28,2023-05-25,2023-05-25,0,6001,6001,14.258,14.751,CIF,Air,False
PO0005564,V0068,Connectors,Plant-Austin-US,2023-04-29,2023-05-27,2023-05-29,2,1741,1741,13.263,8.004,FOB,Truck,False
PO0005565,V0068,Connectors,Plant-Austin-US,2023-05-10,2023-06-17,2023-06-21,4,1463,1463,7.487,7.228,DDP,Air,False
PO0005566,V0068,Connectors,Plant-Penang-MY,2023-05-19,2023-06-19,2023-06-19,0,1109,1109,4.651,3.172,DDP,Air,True
PO0005567,V0068,Connectors,Plant-Guadalajara-MX,2023-05-21,2023-06-19,2023-06-19,0,13077,13077,12.802,12.715,CIF,Ocean,False
PO0005568,V0068,Connectors,Plant-Penang-MY,2023-05-27,2023-06-27,2023-06-29,2,1582,1157,10.205,11.234,CIF,Ocean,False
PO0005569,V0068,Connectors,Plant-Brno-CZ,2023-05-28,2023-06-23,2023-07-10,17,5357,5357,14.276,18.028,EXW,Air,False
PO0005570,V0068,Connectors,Plant-Austin-US,2023-06-01,2023-07-13,2023-07-19,6,28784,28784,3.982,3.794,CIF,Ocean,False
PO0005571,V0068,Connectors,Plant-Penang-MY,2023-06-03,2023-07-10,2023-07-17,7,820,820,1.356,1.22,FOB,Air,False
PO0005572,V0068,Connectors,Plant-Penang-MY,2023-06-12,2023-07-16,2023-07-16,0,6683,6683,10.613,11.374,CIF,Ocean,False
PO0005573,V0068,Connectors,Plant-Austin-US,2023-06-13,2023-07-18,2023-07-18,0,4395,3890,3.956,5.171,EXW,Ocean,False
PO0005574,V0068,Connectors,Plant-Brno-CZ,2023-06-14,2023-07-14,2023-07-23,9,34607,34607,8.657,13.261,CIF,Ocean,False
PO0005575,V0068,Connectors,Plant-Austin-US,2023-06-28,2023-08-01,2023-08-03,2,7530,6248,8.483,4.294,EXW,Air,False
PO0005576,V0068,Connectors,Plant-Guadalajara-MX,2023-07-04,2023-08-12,2023-08-19,7,4709,4709,5.751,6.188,EXW,Ocean,False
PO0005577,V0068,Connectors,Plant-Guadalajara-MX,2023-07-08,2023-08-14,2023-08-14,0,120359,120359,2.167,2.701,FOB,Truck,False
PO0005578,V0068,Connectors,Plant-Guadalajara-MX,2023-07-13,2023-08-19,2023-08-20,1,1760,1760,5.832,5.112,EXW,Ocean,False
PO0005579,V0068,Connectors,Plant-Brno-CZ,2023-07-23,2023-08-30,2023-08-30,0,7032,5417,13.534,13.534,FOB,Ocean,False
PO0005580,V0068,Connectors,Plant-Guadalajara-MX,2023-08-04,2023-09-08,2023-09-08,0,82645,82645,2.186,2.402,EXW,Air,False
PO0005581,V0068,Connectors,Plant-Brno-CZ,2023-08-06,2023-09-09,2023-09-09,0,20728,20728,3.708,3.146,FOB,Ocean,False
PO0005582,V0068,Connectors,Plant-Guadalajara-MX,2023-08-14,2023-09-21,2023-09-21,0,1955,1955,12.68,10.553,DDP,Ocean,False
PO0005583,V0068,Connectors,Plant-Guadalajara-MX,2023-08-18,2023-09-19,2023-09-19,0,15776,15776,11.386,11.283,EXW,Air,True
PO0005584,V0068,Connectors,Plant-Brno-CZ,2023-08-22,2023-09-25,2023-09-30,5,7533,6299,1.353,1.171,EXW,Truck,False
PO0005585,V0068,Connectors,Plant-Penang-MY,2023-08-28,2023-09-27,2023-09-27,0,1176,1176,10.329,9.061,EXW,Ocean,False
PO0005586,V0068,Connectors,Plant-Penang-MY,2023-09-09,2023-10-23,2023-10-24,1,1828,1828,4.429,3.298,CIF,Air,False
PO0005587,V0068,Connectors,Plant-Austin-US,2023-09-25,2023-11-02,2023-11-13,11,5509,5509,9.724,9.126,EXW,Ocean,False
PO0005588,V0068,Connectors,Plant-Guadalajara-MX,2023-09-27,2023-10-30,2023-10-30,0,1520,1390,3.799,1.291,FOB,Air,False
PO0005589,V0068,Connectors,Plant-Brno-CZ,2023-09-29,2023-11-06,2023-11-17,11,850,850,4.319,5.886,FOB,Ocean,False
PO0005590,V0068,Connectors,Plant-Austin-US,2023-09-30,2023-11-10,2023-11-12,2,2919,2919,9.23,5.654,EXW,Truck,False
PO0005591,V0068,Connectors,Plant-Guadalajara-MX,2023-10-05,2023-11-03,2023-11-19,16,15585,15585,4.257,3.023,DDP,Air,False
PO0005592,V0068,Connectors,Plant-Brno-CZ,2023-10-10,2023-11-12,2023-11-13,1,763,763,14.746,20.27,EXW,Ocean,False
PO0005593,V0068,Connectors,Plant-Guadalajara-MX,2023-10-15,2023-11-20,2023-11-21,1,2446,2446,7.921,6.482,FOB,Ocean,False
PO0005594,V0068,Connectors,Plant-Austin-US,2023-10-19,2023-11-22,2023-12-06,14,1918,1918,9.44,12.757,DDP,Ocean,False
PO0005595,V0068,Connectors,Plant-Austin-US,2023-10-20,2023-11-27,2023-11-27,0,9231,9231,3.392,3.022,DDP,Air,True
PO0005596,V0068,Connectors,Plant-Guadalajara-MX,2023-10-23,2023-11-26,2023-11-26,0,702,627,12.168,13.117,CIF,Ocean,False
PO0005597,V0068,Connectors,Plant-Austin-US,2023-10-27,2023-12-06,2023-12-15,9,1799,1728,11.929,16.544,EXW,Ocean,False
PO0005598,V0068,Connectors,Plant-Penang-MY,2023-11-01,2023-12-12,2023-12-12,0,994,994,3.471,3.737,CIF,Ocean,False
PO0005599,V0068,Connectors,Plant-Guadalajara-MX,2023-11-03,2023-12-07,2023-12-07,0,14363,14363,14.502,17.016,EXW,Ocean,False
PO0005600,V0068,Connectors,Plant-Guadalajara-MX,2023-11-06,2023-12-12,2023-12-12,0,5504,5504,5.229,5.239,FOB,Ocean,False
PO0005601,V0068,Connectors,Plant-Austin-US,2023-11-13,2023-12-23,2024-01-06,14,5419,5419,8.721,9.157,EXW,Ocean,False
PO0005602,V0068,Connectors,Plant-Brno-CZ,2023-11-16,2023-12-22,2023-12-23,1,14610,11514,1.725,2.001,DDP,Ocean,False
PO0005603,V0068,Connectors,Plant-Brno-CZ,2023-11-21,2023-12-29,2023-12-29,0,26403,26403,13.053,14.442,EXW,Truck,False
PO0005604,V0068,Connectors,Plant-Austin-US,2023-11-22,2024-01-01,2024-01-02,1,10738,9256,9.078,11.448,EXW,Ocean,False
PO0005605,V0068,Connectors,Plant-Penang-MY,2023-12-01,2024-01-07,2024-01-15,8,29199,25029,3.763,3.891,EXW,Ocean,False
PO0005606,V0068,Connectors,Plant-Brno-CZ,2023-12-08,2024-01-14,2024-01-14,0,1175,1123,14.882,16.235,CIF,Air,True
PO0005607,V0068,Connectors,Plant-Penang-MY,2023-12-09,2024-01-10,2024-01-10,0,3697,3697,8.786,11.448,DDP,Ocean,False
PO0005608,V0068,Connectors,Plant-Guadalajara-MX,2023-12-20,2024-01-26,2024-02-01,6,19300,19300,10.317,9.772,EXW,Ocean,False
PO0005609,V0068,Connectors,Plant-Brno-CZ,2023-12-27,2024-01-28,2024-01-28,0,1210,1210,14.946,9.912,FOB,Ocean,False
PO0005610,V0068,Connectors,Plant-Austin-US,2024-01-13,2024-02-16,2024-02-16,0,31173,31173,14.586,14.67,FOB,Ocean,False
PO0005611,V0068,Connectors,Plant-Austin-US,2024-01-19,2024-02-23,2024-02-24,1,6428,6428,11.238,12.1,FOB,Air,False
PO0005612,V0068,Connectors,Plant-Austin-US,2024-02-08,2024-03-15,2024-03-16,1,3019,3019,0.934,1.003,DDP,Truck,False
PO0005613,V0068,Connectors,Plant-Guadalajara-MX,2024-02-26,2024-03-31,2024-03-31,0,3674,3674,11.932,12.634,FOB,Ocean,False
PO0005614,V0068,Connectors,Plant-Brno-CZ,2024-03-01,2024-04-02,2024-04-02,0,724,724,7.93,10.051,EXW,Ocean,False
PO0005615,V0068,Connectors,Plant-Brno-CZ,2024-03-04,2024-04-01,2024-04-09,8,2408,2220,9.116,6.84,CIF,Ocean,False
PO0005616,V0068,Connectors,Plant-Austin-US,2024-03-06,2024-04-12,2024-05-02,20,16031,11508,11.672,15.444,FOB,Truck,False
PO0005617,V0068,Connectors,Plant-Austin-US,2024-03-07,2024-04-07,2024-04-24,17,5276,5276,3.422,3.418,EXW,Ocean,False
PO0005618,V0068,Connectors,Plant-Austin-US,2024-03-10,2024-04-13,2024-04-14,1,1196,1196,11.038,10.987,CIF,Truck,False
PO0005619,V0068,Connectors,Plant-Austin-US,2024-03-29,2024-05-02,2024-05-02,0,7325,7325,5.7,4.948,FOB,Ocean,False
PO0005620,V0068,Connectors,Plant-Austin-US,2024-04-14,2024-05-18,2024-05-18,0,592,592,0.635,0.599,DDP,Ocean,False
PO0005621,V0068,Connectors,Plant-Guadalajara-MX,2024-05-16,2024-06-20,2024-06-21,1,3448,2447,14.979,16.224,FOB,Ocean,False
PO0005622,V0068,Connectors,Plant-Brno-CZ,2024-05-19,2024-06-21,2024-06-29,8,5591,4939,6.257,6.695,FOB,Air,False
PO0005623,V0068,Connectors,Plant-Austin-US,2024-06-02,2024-07-07,2024-07-07,0,21248,21248,8.425,12.863,DDP,Air,True
PO0005624,V0068,Connectors,Plant-Penang-MY,2024-06-05,2024-07-07,2024-07-07,0,2236,2236,7.611,5.857,FOB,Ocean,False
PO0005625,V0068,Connectors,Plant-Penang-MY,2024-06-18,2024-07-17,2024-07-18,1,673,673,6.705,5.511,EXW,Truck,False
PO0005626,V0068,Connectors,Plant-Penang-MY,2024-06-25,2024-07-31,2024-08-02,2,13188,13188,9.295,9.334,DDP,Ocean,False
PO0005627,V0068,Connectors,Plant-Guadalajara-MX,2024-07-09,2024-08-11,2024-08-13,2,2433,2433,4.068,5.514,DDP,Air,False
PO0005628,V0068,Connectors,Plant-Austin-US,2024-07-18,2024-08-27,2024-08-31,4,6620,6620,4.487,5.261,CIF,Ocean,False
PO0005629,V0068,Connectors,Plant-Austin-US,2024-07-19,2024-08-24,2024-08-25,1,2446,1961,0.615,0.389,DDP,Air,False
PO0005630,V0068,Connectors,Plant-Penang-MY,2024-08-26,2024-09-28,2024-10-03,5,20202,20202,12.049,10.113,EXW,Ocean,False
PO0005631,V0068,Connectors,Plant-Brno-CZ,2024-08-27,2024-09-28,2024-09-28,0,2393,2393,3.984,4.299,DDP,Truck,False
PO0005632,V0068,Connectors,Plant-Penang-MY,2024-09-08,2024-10-17,2024-10-28,11,959,959,8.505,6.089,DDP,Ocean,False
PO0005633,V0068,Connectors,Plant-Guadalajara-MX,2024-09-14,2024-10-25,2024-11-03,9,5523,5523,14.217,12.8,FOB,Truck,False
PO0005634,V0068,Connectors,Plant-Austin-US,2024-10-08,2024-11-15,2024-11-15,0,5166,5166,11.545,10.404,EXW,Air,False
PO0005635,V0068,Connectors,Plant-Guadalajara-MX,2024-10-14,2024-11-23,2024-11-24,1,28317,28317,11.621,11.55,DDP,Air,False
PO0005636,V0068,Connectors,Plant-Brno-CZ,2024-10-31,2024-12-01,2024-12-03,2,2153,1654,10.295,13.345,EXW,Ocean,False
PO0005637,V0068,Connectors,Plant-Brno-CZ,2024-11-01,2024-12-09,2025-01-01,23,8593,8593,8.885,10.1,DDP,Air,False
PO0005638,V0068,Connectors,Plant-Austin-US,2024-11-04,2024-12-05,2024-12-05,0,1239,1239,1.629,1.506,EXW,Truck,False
PO0005639,V0068,Connectors,Plant-Austin-US,2024-11-23,2024-12-18,2024-12-18,0,28597,28597,10.756,10.831,CIF,Air,True
PO0005640,V0068,Connectors,Plant-Brno-CZ,2024-12-03,2025-01-08,2025-01-08,0,7051,7051,13.778,15.48,FOB,Ocean,False
PO0005641,V0068,Connectors,Plant-Austin-US,2024-12-18,2025-01-19,2025-01-19,0,18950,18950,1.866,1.489,EXW,Ocean,False
PO0005642,V0068,Connectors,Plant-Brno-CZ,2024-12-22,2025-01-21,2025-01-21,0,432,432,7.249,5.073,DDP,Ocean,False
PO0005643,V0068,Connectors,Plant-Penang-MY,2024-12-31,2025-02-05,2025-02-05,0,2540,2540,4.395,4.541,EXW,Truck,False
PO0005644,V0068,Connectors,Plant-Austin-US,2025-01-05,2025-02-06,2025-02-06,0,15483,12317,14.451,11.821,FOB,Ocean,False
PO0005645,V0068,Connectors,Plant-Austin-US,2025-01-17,2025-02-25,2025-03-01,4,1380,1380,5.707,5.923,DDP,Truck,False
PO0005646,V0068,Connectors,Plant-Brno-CZ,2025-01-20,2025-02-21,2025-02-21,0,28978,28978,7.926,9.315,DDP,Ocean,False
PO0005647,V0068,Connectors,Plant-Penang-MY,2025-01-30,2025-03-01,2025-03-01,0,1369,1369,7.94,11.663,FOB,Ocean,False
PO0005648,V0068,Connectors,Plant-Penang-MY,2025-02-06,2025-03-21,2025-03-21,0,4811,4539,11.19,8.857,CIF,Truck,False
PO0005649,V0068,Connectors,Plant-Austin-US,2025-02-14,2025-03-21,2025-04-26,36,20712,20712,10.129,13.393,EXW,Truck,False
PO0005650,V0068,Connectors,Plant-Austin-US,2025-03-07,2025-04-09,2025-04-10,1,7012,6334,3.006,2.15,EXW,Air,False
PO0005651,V0068,Connectors,Plant-Austin-US,2025-03-09,2025-04-10,2025-05-08,28,2642,2642,10.667,12.245,EXW,Air,False
PO0005652,V0068,Connectors,Plant-Austin-US,2025-03-18,2025-04-28,2025-05-12,14,6131,4747,14.462,13.726,EXW,Truck,False
PO0005653,V0068,Connectors,Plant-Austin-US,2025-03-19,2025-04-24,2025-04-24,0,1655,1655,5.574,6.149,EXW,Truck,False
PO0005654,V0068,Connectors,Plant-Brno-CZ,2025-03-20,2025-04-26,2025-05-13,17,7770,7770,4.084,2.023,DDP,Truck,False
PO0005655,V0068,Connectors,Plant-Brno-CZ,2025-03-25,2025-05-07,2025-06-02,26,3807,3807,14.097,7.035,CIF,Ocean,False
PO0005656,V0068,Connectors,Plant-Guadalajara-MX,2025-05-04,2025-06-10,2025-06-11,1,3892,3892,12.475,10.635,DDP,Truck,False
PO0005657,V0068,Connectors,Plant-Brno-CZ,2025-05-09,2025-06-10,2025-06-19,9,839,708,5.697,5.761,FOB,Ocean,False
PO0005658,V0068,Connectors,Plant-Brno-CZ,2025-05-18,2025-06-16,2025-06-16,0,796,589,6.628,6.221,EXW,Ocean,False
PO0005659,V0068,Connectors,Plant-Brno-CZ,2025-06-08,2025-07-07,2025-08-15,39,744,744,5.33,3.431,DDP,Ocean,False
PO0005660,V0068,Connectors,Plant-Guadalajara-MX,2025-06-13,2025-07-12,2025-07-12,0,153,153,13.779,10.526,CIF,Ocean,False
PO0005661,V0068,Connectors,Plant-Penang-MY,2025-06-14,2025-07-24,2025-08-14,21,4166,4166,4.919,4.262,FOB,Ocean,False
PO0005662,V0068,Connectors,Plant-Brno-CZ,2025-06-22,2025-07-21,2025-07-25,4,2562,2562,6.076,4.286,EXW,Air,False
PO0005663,V0068,Connectors,Plant-Guadalajara-MX,2025-06-24,2025-07-27,2025-08-27,31,954,934,3.212,5.377,CIF,Ocean,False
PO0005664,V0068,Connectors,Plant-Brno-CZ,2025-07-04,2025-08-16,2025-08-16,0,9152,9152,6.389,5.495,CIF,Air,False
PO0005665,V0068,Connectors,Plant-Penang-MY,2025-07-05,2025-08-14,2025-08-14,0,4272,4272,7.55,6.946,FOB,Truck,False
PO0005666,V0068,Connectors,Plant-Brno-CZ,2025-07-06,2025-08-13,2025-08-13,0,2497,2497,3.665,4.378,FOB,Ocean,False
PO0005667,V0068,Connectors,Plant-Penang-MY,2025-07-07,2025-08-08,2025-08-08,0,3075,3075,9.22,8.43,CIF,Ocean,False
PO0005668,V0068,Connectors,Plant-Guadalajara-MX,2025-07-09,2025-08-12,2025-08-24,12,4639,4639,11.497,14.4,FOB,Air,False
PO0005669,V0068,Connectors,Plant-Brno-CZ,2025-07-10,2025-08-14,2025-08-14,0,67767,67767,5.987,5.719,FOB,Truck,False
PO0005670,V0068,Connectors,Plant-Brno-CZ,2025-07-13,2025-08-15,2025-08-16,1,3516,3516,6.44,4.162,CIF,Ocean,False
PO0005671,V0068,Connectors,Plant-Austin-US,2025-08-08,2025-09-07,2025-09-14,7,182,182,10.863,10.449,DDP,Ocean,False
PO0005672,V0068,Connectors,Plant-Guadalajara-MX,2025-08-11,2025-09-15,2025-10-07,22,12458,12458,14.049,15.013,FOB,Ocean,False
PO0005673,V0068,Connectors,Plant-Austin-US,2025-09-03,2025-10-07,2025-10-08,1,1277,1024,12.935,14.444,FOB,Air,False
PO0005674,V0068,Connectors,Plant-Penang-MY,2025-09-09,2025-10-12,2025-10-19,7,8579,8579,5.246,5.722,DDP,Air,False
PO0005675,V0068,Connectors,Plant-Austin-US,2025-09-16,2025-10-23,2025-11-03,11,1483,1483,8.654,6.696,FOB,Ocean,False
PO0005676,V0068,Connectors,Plant-Austin-US,2025-09-17,2025-10-12,2025-11-09,28,4648,3340,9.17,9.737,EXW,Truck,False
PO0005677,V0068,Connectors,Plant-Austin-US,2025-09-26,2025-10-26,2025-12-03,38,36230,36230,9.816,10.401,FOB,Truck,False
PO0005678,V0068,Connectors,Plant-Brno-CZ,2025-09-29,2025-11-05,2025-11-26,21,3755,3755,6.693,6.089,EXW,Ocean,False
PO0005679,V0068,Connectors,Plant-Guadalajara-MX,2025-10-03,2025-11-05,2025-11-19,14,11739,11739,12.353,14.947,CIF,Ocean,False
PO0005680,V0068,Connectors,Plant-Brno-CZ,2025-10-15,2025-11-17,2025-11-17,0,2468,2468,14.454,14.873,EXW,Truck,False
PO0005681,V0068,Connectors,Plant-Guadalajara-MX,2025-10-18,2025-11-23,2025-11-23,0,859,859,0.524,0.615,DDP,Truck,False
PO0005682,V0068,Connectors,Plant-Penang-MY,2025-10-24,2025-11-30,2025-12-12,12,14416,14416,14.663,19.994,DDP,Ocean,False
PO0005683,V0068,Connectors,Plant-Guadalajara-MX,2025-11-01,2025-12-07,2025-12-26,19,2722,2366,1.266,0.565,FOB,Ocean,False
PO0005684,V0068,Connectors,Plant-Penang-MY,2025-11-12,2025-12-24,2025-12-24,0,1176,929,8.739,7.219,FOB,Ocean,False
PO0005685,V0068,Connectors,Plant-Brno-CZ,2025-11-20,2025-12-28,2025-12-28,0,584,584,5.499,4.585,EXW,Ocean,False
PO0005686,V0068,Connectors,Plant-Austin-US,2025-11-25,2026-01-03,2026-01-03,0,4878,4746,14.165,13.465,CIF,Air,False
PO0005687,V0068,Connectors,Plant-Brno-CZ,2025-12-06,2026-01-12,2026-01-20,8,2626,2626,0.73,0.933,FOB,Ocean,False
PO0005688,V0068,Connectors,Plant-Brno-CZ,2025-12-07,2026-01-08,2026-01-08,0,5913,5913,4.19,3.594,FOB,Ocean,False
PO0005689,V0068,Connectors,Plant-Guadalajara-MX,2025-12-12,2026-01-18,2026-01-30,12,12011,9518,11.169,10.97,DDP,Truck,False
PO0005690,V0068,Connectors,Plant-Penang-MY,2026-01-02,2026-02-03,2026-02-05,2,4507,4507,5.994,6.278,CIF,Truck,False
PO0005691,V0068,Connectors,Plant-Brno-CZ,2026-01-20,2026-02-22,2026-02-22,0,7409,7409,2.742,2.798,CIF,Ocean,False
PO0005692,V0068,Connectors,Plant-Brno-CZ,2026-02-02,2026-03-07,2026-03-07,0,5230,5230,1.334,1.318,DDP,Ocean,False
PO0005693,V0068,Connectors,Plant-Penang-MY,2026-02-22,2026-03-31,2026-03-31,0,1102,1102,1.22,1.18,FOB,Truck,False
PO0005694,V0068,Connectors,Plant-Penang-MY,2026-02-23,2026-04-01,2026-04-04,3,578,578,4.355,3.781,CIF,Ocean,False
PO0005695,V0068,Connectors,Plant-Penang-MY,2026-03-06,2026-04-12,2026-04-26,14,34757,34757,14.397,10.984,FOB,Truck,False
PO0005696,V0068,Connectors,Plant-Brno-CZ,2026-03-28,2026-05-14,2026-05-26,12,14358,13401,2.005,1.784,FOB,Ocean,False
PO0005697,V0068,Connectors,Plant-Brno-CZ,2026-04-06,2026-05-16,2026-05-16,0,1008,1008,8.665,9.257,FOB,Ocean,False
PO0005698,V0068,Connectors,Plant-Guadalajara-MX,2026-04-29,2026-06-07,2026-06-30,23,6817,6817,8.917,7.207,CIF,Ocean,False
PO0005699,V0068,Connectors,Plant-Penang-MY,2026-05-02,2026-05-27,2026-05-27,0,3716,3716,14.326,10.604,CIF,Ocean,False
PO0005700,V0068,Connectors,Plant-Brno-CZ,2026-05-04,2026-06-06,2026-06-09,3,8114,8114,9.838,8.704,EXW,Ocean,False
PO0005701,V0068,Connectors,Plant-Brno-CZ,2026-05-18,2026-06-21,2026-06-23,2,5562,5562,10.988,8.57,DDP,Air,False
PO0005702,V0068,Connectors,Plant-Penang-MY,2026-06-09,2026-07-15,2026-07-15,0,2794,2635,13.637,12.887,FOB,Truck,False
PO0005703,V0068,Connectors,Plant-Brno-CZ,2026-06-25,2026-07-28,2026-08-12,15,1559,1559,10.172,14.451,EXW,Truck,False
PO0005704,V0069,Passive Components,Plant-Brno-CZ,2022-04-14,2022-05-18,2022-05-19,1,18225,18225,1.324,1.369,DDP,Truck,False
PO0005705,V0069,Passive Components,Plant-Guadalajara-MX,2022-04-26,2022-05-26,2022-05-27,1,6300,6300,0.793,0.888,EXW,Truck,False
PO0005706,V0069,Passive Components,Plant-Brno-CZ,2022-09-23,2022-10-27,2022-10-27,0,1787,1787,1.529,1.534,FOB,Ocean,False
PO0005707,V0069,Passive Components,Plant-Brno-CZ,2022-11-25,2022-12-21,2022-12-22,1,9910,9910,0.783,0.818,EXW,Air,False
PO0005708,V0069,Passive Components,Plant-Austin-US,2022-11-26,2022-12-26,2022-12-30,4,12016,12016,0.584,0.554,DDP,Ocean,False
PO0005709,V0069,Passive Components,Plant-Guadalajara-MX,2023-01-18,2023-02-14,2023-02-14,0,6493,6493,1.27,1.312,EXW,Ocean,False
PO0005710,V0069,Passive Components,Plant-Brno-CZ,2023-03-17,2023-04-16,2023-04-16,0,14140,14140,2.498,2.546,CIF,Air,False
PO0005711,V0069,Passive Components,Plant-Penang-MY,2023-04-03,2023-05-06,2023-06-10,35,83191,83191,2.459,2.371,CIF,Ocean,False
PO0005712,V0069,Passive Components,Plant-Penang-MY,2023-05-30,2023-07-01,2023-07-15,14,11698,11698,1.036,0.981,CIF,Ocean,False
PO0005713,V0069,Passive Components,Plant-Guadalajara-MX,2023-09-02,2023-10-04,2023-10-04,0,793,793,0.267,0.263,EXW,Truck,False
PO0005714,V0069,Passive Components,Plant-Brno-CZ,2024-01-01,2024-01-29,2024-03-01,32,20081,20081,2.276,1.553,CIF,Truck,False
PO0005715,V0069,Passive Components,Plant-Austin-US,2024-03-13,2024-04-08,2024-04-09,1,3475,3475,1.946,1.801,DDP,Air,False
PO0005716,V0069,Passive Components,Plant-Penang-MY,2024-06-07,2024-07-04,2024-07-12,8,2922,2922,1.115,0.909,DDP,Ocean,False
PO0005717,V0069,Passive Components,Plant-Guadalajara-MX,2024-06-08,2024-07-10,2024-07-11,1,24426,24426,0.374,0.411,DDP,Truck,False
PO0005718,V0069,Passive Components,Plant-Austin-US,2024-06-14,2024-07-13,2024-07-13,0,987,703,1.261,1.352,DDP,Ocean,False
PO0005719,V0069,Passive Components,Plant-Austin-US,2024-08-06,2024-09-03,2024-09-03,0,16581,16581,2.566,2.485,FOB,Ocean,False
PO0005720,V0069,Passive Components,Plant-Austin-US,2024-09-30,2024-10-26,2024-10-26,0,7908,7908,2.607,2.542,CIF,Ocean,False
PO0005721,V0069,Passive Components,Plant-Guadalajara-MX,2024-11-03,2024-12-01,2024-12-01,0,856,856,0.747,0.821,EXW,Truck,False
PO0005722,V0069,Passive Components,Plant-Guadalajara-MX,2024-11-27,2025-01-01,2025-01-01,0,3589,3589,0.778,0.772,CIF,Ocean,False
PO0005723,V0069,Passive Components,Plant-Austin-US,2025-03-12,2025-04-12,2025-05-11,29,2123,2123,0.249,0.234,CIF,Air,False
PO0005724,V0069,Passive Components,Plant-Brno-CZ,2025-03-13,2025-04-12,2025-04-14,2,2441,2192,2.972,3.468,DDP,Ocean,False
PO0005725,V0069,Passive Components,Plant-Penang-MY,2025-06-02,2025-06-30,2025-06-30,0,1173,1173,2.286,2.037,CIF,Air,True
PO0005726,V0069,Passive Components,Plant-Austin-US,2025-06-23,2025-07-21,2025-08-04,14,15392,15392,0.347,0.325,EXW,Ocean,False
PO0005727,V0069,Passive Components,Plant-Austin-US,2025-07-14,2025-08-16,2025-08-16,0,1779,1779,2.891,2.141,DDP,Ocean,False
PO0005728,V0069,Passive Components,Plant-Austin-US,2025-08-25,2025-09-23,2025-09-29,6,14278,13959,0.021,0.016,CIF,Ocean,False
PO0005729,V0069,Passive Components,Plant-Penang-MY,2026-02-01,2026-02-27,2026-02-27,0,2846,2846,2.939,2.936,EXW,Ocean,False
PO0005730,V0069,Passive Components,Plant-Guadalajara-MX,2026-03-29,2026-04-25,2026-04-26,1,4650,4650,0.157,0.156,EXW,Ocean,False
PO0005731,V0070,PCB / PCBA,Plant-Austin-US,2022-01-05,2022-02-17,2022-02-18,1,5535,5535,87.29,77.259,DDP,Ocean,False
PO0005732,V0070,PCB / PCBA,Plant-Austin-US,2022-01-18,2022-03-07,2022-03-09,2,718,718,23.289,17.514,CIF,Ocean,False
PO0005733,V0070,PCB / PCBA,Plant-Penang-MY,2022-01-29,2022-03-06,2022-03-08,2,347,285,57.767,56.559,FOB,Truck,False
PO0005734,V0070,PCB / PCBA,Plant-Brno-CZ,2022-02-11,2022-03-22,2022-03-22,0,1975,1975,43.31,39.746,DDP,Ocean,False
PO0005735,V0070,PCB / PCBA,Plant-Brno-CZ,2022-02-26,2022-04-10,2022-04-11,1,3601,3601,54.276,53.699,DDP,Ocean,False
PO0005736,V0070,PCB / PCBA,Plant-Guadalajara-MX,2022-03-02,2022-04-08,2022-04-28,20,3634,3634,80.288,97.166,EXW,Truck,False
PO0005737,V0070,PCB / PCBA,Plant-Austin-US,2022-08-01,2022-09-14,2022-09-16,2,6733,6733,77.669,83.667,FOB,Ocean,False
PO0005738,V0070,PCB / PCBA,Plant-Brno-CZ,2022-08-15,2022-09-21,2022-10-11,20,26871,23945,85.011,82.453,CIF,Ocean,False
PO0005739,V0070,PCB / PCBA,Plant-Penang-MY,2022-09-02,2022-10-04,2022-10-04,0,8934,8934,67.837,72.512,FOB,Ocean,False
PO0005740,V0070,PCB / PCBA,Plant-Penang-MY,2022-10-25,2022-12-07,2022-12-07,0,1848,1848,40.652,31.952,DDP,Truck,False
PO0005741,V0070,PCB / PCBA,Plant-Austin-US,2022-12-16,2023-01-27,2023-02-02,6,5088,5088,55.737,56.755,CIF,Ocean,False
PO0005742,V0070,PCB / PCBA,Plant-Guadalajara-MX,2023-04-14,2023-05-22,2023-05-22,0,14511,14511,56.257,53.658,DDP,Ocean,False
PO0005743,V0070,PCB / PCBA,Plant-Penang-MY,2023-05-16,2023-06-27,2023-06-27,0,5918,5918,65.305,64.427,DDP,Truck,False
PO0005744,V0070,PCB / PCBA,Plant-Guadalajara-MX,2023-06-09,2023-07-22,2023-07-22,0,7157,7157,51.421,58.659,DDP,Truck,False
PO0005745,V0070,PCB / PCBA,Plant-Brno-CZ,2023-08-10,2023-09-17,2023-09-20,3,8583,8583,14.775,18.173,EXW,Truck,False
PO0005746,V0070,PCB / PCBA,Plant-Brno-CZ,2023-08-11,2023-09-26,2023-09-26,0,3123,3123,29.403,28.763,EXW,Ocean,False
PO0005747,V0070,PCB / PCBA,Plant-Penang-MY,2023-08-30,2023-10-12,2023-10-17,5,6331,6331,41.813,40.135,EXW,Truck,False
PO0005748,V0070,PCB / PCBA,Plant-Penang-MY,2023-12-02,2024-01-20,2024-01-21,1,859,859,43.764,30.167,EXW,Ocean,False
PO0005749,V0070,PCB / PCBA,Plant-Austin-US,2024-01-10,2024-02-17,2024-02-17,0,5758,5758,32.824,30.051,FOB,Truck,False
PO0005750,V0070,PCB / PCBA,Plant-Guadalajara-MX,2024-06-06,2024-07-15,2024-07-16,1,57390,57390,76.837,73.36,CIF,Ocean,False
PO0005751,V0070,PCB / PCBA,Plant-Brno-CZ,2024-09-11,2024-10-28,2024-11-03,6,2103,2103,25.074,23.672,EXW,Air,False
PO0005752,V0070,PCB / PCBA,Plant-Brno-CZ,2024-09-23,2024-11-07,2024-11-07,0,5718,5718,43.713,40.224,FOB,Ocean,False
PO0005753,V0070,PCB / PCBA,Plant-Austin-US,2024-12-27,2025-02-14,2025-03-04,18,2406,2406,77.601,72.135,FOB,Ocean,False
PO0005754,V0070,PCB / PCBA,Plant-Austin-US,2025-01-27,2025-03-04,2025-03-04,0,2404,2404,80.833,103.825,DDP,Ocean,False
PO0005755,V0070,PCB / PCBA,Plant-Guadalajara-MX,2025-03-26,2025-05-15,2025-05-15,0,7646,7646,44.822,47.803,DDP,Air,True
PO0005756,V0070,PCB / PCBA,Plant-Brno-CZ,2025-04-29,2025-06-25,2025-06-25,0,3129,3129,60.534,46.036,EXW,Air,True
PO0005757,V0070,PCB / PCBA,Plant-Brno-CZ,2025-06-14,2025-07-30,2025-07-31,1,2802,2802,88.84,94.888,CIF,Ocean,False
PO0005758,V0070,PCB / PCBA,Plant-Penang-MY,2025-07-31,2025-09-11,2025-09-14,3,8219,8219,83.4,89.07,EXW,Ocean,False
PO0005759,V0070,PCB / PCBA,Plant-Austin-US,2025-08-02,2025-09-14,2025-09-27,13,1653,1326,69.507,54.094,DDP,Ocean,False
PO0005760,V0070,PCB / PCBA,Plant-Austin-US,2025-11-17,2025-12-30,2025-12-30,0,11927,11927,14.527,15.84,FOB,Ocean,False
PO0005761,V0070,PCB / PCBA,Plant-Penang-MY,2025-12-06,2026-01-26,2026-02-07,12,7989,7355,57.846,63.819,CIF,Ocean,False
PO0005762,V0070,PCB / PCBA,Plant-Penang-MY,2025-12-14,2026-01-29,2026-01-29,0,6964,6964,70.127,71.26,CIF,Ocean,False
PO0005763,V0070,PCB / PCBA,Plant-Penang-MY,2026-02-27,2026-04-12,2026-04-12,0,6416,5452,56.66,61.486,DDP,Ocean,False
PO0005764,V0070,PCB / PCBA,Plant-Penang-MY,2026-05-28,2026-07-15,2026-07-15,0,9388,9388,61.399,57.195,DDP,Ocean,False
PO0005765,V0070,PCB / PCBA,Plant-Brno-CZ,2026-05-30,2026-07-19,2026-07-19,0,3434,3434,58.453,59.023,DDP,Ocean,False
PO0005766,V0070,PCB / PCBA,Plant-Penang-MY,2026-06-11,2026-07-18,2026-07-26,8,12125,12125,23.453,28.544,DDP,Ocean,False
PO0005767,V0070,PCB / PCBA,Plant-Guadalajara-MX,2026-06-21,2026-08-01,2026-08-01,0,1411,1079,20.724,21.719,FOB,Ocean,False
PO0005768,V0070,PCB / PCBA,Plant-Penang-MY,2026-06-27,2026-08-10,2026-08-10,0,1136,1136,35.758,34.135,DDP,Ocean,False
