inspection_id,po_id,vendor_id,inspection_date,defect_rate,lot_rejected_flag,non_conformance_type,corrective_action_days
QI0000001,PO0002941,V0040,2025-09-15,0.0452,False,,
QI0000002,PO0004579,V0058,2026-05-13,0.0,False,,
QI0000003,PO0002214,V0028,2025-02-07,0.0049,False,,
QI0000004,PO0003228,V0044,2025-06-08,0.0076,False,,
QI0000005,PO0004654,V0059,2023-10-29,0.0168,False,,
QI0000006,PO0001102,V0013,2025-05-12,0.0016,False,,
QI0000007,PO0002374,V0031,2026-03-25,0.0049,False,,
QI0000008,PO0004913,V0063,2026-05-25,0.0031,False,,
QI0000009,PO0003629,V0048,2026-06-05,0.0018,False,,
QI0000010,PO0003536,V0048,2022-09-05,0.0031,False,,
QI0000011,PO0002465,V0033,2024-01-28,0.0303,False,,
QI0000012,PO0004092,V0054,2024-11-13,0.0018,False,,
QI0000013,PO0004630,V0059,2023-03-30,0.0912,True,Labeling/documentation error,3.0
QI0000014,PO0001500,V0020,2024-12-05,0.0756,True,Labeling/documentation error,9.0
QI0000015,PO0000133,V0003,2023-11-25,0.0306,False,,
QI0000016,PO0001719,V0022,2024-08-19,0.0077,False,,
QI0000017,PO0001836,V0023,2022-03-05,0.0,False,,
QI0000018,PO0000531,V0006,2024-08-02,0.0157,False,,
QI0000019,PO0003872,V0053,2023-12-25,0.0052,False,,
QI0000020,PO0000158,V0003,2024-10-29,0.007,False,,
QI0000021,PO0002276,V0028,2026-05-23,0.0059,False,,
QI0000022,PO0001845,V0023,2023-01-18,0.0103,False,,
QI0000023,PO0000178,V0003,2025-10-13,0.0185,False,,
QI0000024,PO0004113,V0054,2025-05-14,0.0023,False,,
QI0000025,PO0005362,V0066,2024-05-09,0.0217,False,,
QI0000026,PO0004084,V0054,2024-09-16,0.007,False,,
QI0000027,PO0001872,V0023,2024-11-19,0.0113,False,,
QI0000028,PO0002655,V0035,2026-02-28,0.0064,False,,
QI0000029,PO0004776,V0060,2022-05-23,0.0493,False,,
QI0000030,PO0000102,V0003,2022-10-02,0.0215,False,,
QI0000031,PO0005425,V0066,2025-10-30,0.0264,False,,
QI0000032,PO0002754,V0036,2025-03-27,0.0099,False,,
QI0000033,PO0005101,V0065,2023-12-29,0.0029,False,,
QI0000034,PO0000374,V0005,2024-01-26,0.051,False,,
QI0000035,PO0005124,V0065,2024-05-23,0.0041,False,,
QI0000036,PO0004574,V0058,2026-02-08,0.0371,True,Cosmetic defect,16.0
QI0000037,PO0000627,V0008,2024-05-05,0.1405,True,Contamination,43.0
QI0000038,PO0005751,V0070,2024-11-03,0.0049,False,,
QI0000039,PO0003661,V0049,2025-12-29,0.0137,False,,
QI0000040,PO0003394,V0046,2023-06-17,0.0213,False,,
QI0000041,PO0004177,V0055,2022-03-13,0.0218,False,,
QI0000042,PO0001224,V0015,2023-06-24,0.1033,True,Dimensional deviation,16.0
QI0000043,PO0003699,V0050,2024-01-13,0.0291,False,,
QI0000044,PO0004644,V0059,2023-08-20,0.0532,True,Contamination,13.0
QI0000045,PO0005313,V0066,2023-05-02,0.0171,False,,
QI0000046,PO0001506,V0020,2026-03-01,0.1265,True,Labeling/documentation error,11.0
QI0000047,PO0002440,V0033,2023-02-06,0.0406,False,,
QI0000048,PO0003561,V0048,2023-11-14,0.0018,False,,
QI0000049,PO0002601,V0035,2024-01-12,0.0059,False,,
QI0000050,PO0002930,V0040,2023-07-11,0.0835,True,Cosmetic defect,9.0
QI0000051,PO0001273,V0015,2024-09-27,0.0159,False,,
QI0000052,PO0004399,V0058,2022-11-16,0.0884,True,Cosmetic defect,26.0
QI0000053,PO0002245,V0028,2025-08-25,0.0093,False,,
QI0000054,PO0000978,V0012,2024-12-18,0.0005,False,,
QI0000055,PO0002733,V0036,2024-07-25,0.0117,False,,
QI0000056,PO0001003,V0012,2025-12-11,0.0056,False,,
QI0000057,PO0002827,V0037,2024-05-15,0.0014,False,,
QI0000058,PO0004413,V0058,2023-02-28,0.0005,False,,
QI0000059,PO0001963,V0025,2025-09-07,0.0124,False,,
QI0000060,PO0001164,V0014,2026-03-18,0.0339,True,Functional failure,6.0
QI0000061,PO0000402,V0005,2024-09-28,0.0388,False,,
QI0000062,PO0001746,V0022,2025-02-18,0.0327,False,,
QI0000063,PO0004526,V0058,2025-03-23,0.0808,True,Functional failure,1.0
QI0000064,PO0005580,V0068,2023-09-08,0.0185,False,,
QI0000065,PO0005010,V0065,2022-05-01,0.0023,False,,
QI0000066,PO0004665,V0059,2024-01-14,0.0309,False,,
QI0000067,PO0004160,V0054,2026-05-04,0.0057,False,,
QI0000068,PO0002224,V0028,2025-04-08,0.0029,False,,
QI0000069,PO0002532,V0034,2022-12-25,0.0058,False,,
QI0000070,PO0002288,V0029,2023-04-10,0.0013,False,,
QI0000071,PO0005018,V0065,2022-07-21,0.0008,False,,
QI0000072,PO0005643,V0068,2025-02-05,0.0795,True,Contamination,6.0
QI0000073,PO0003668,V0049,2026-06-29,0.0062,False,,
QI0000074,PO0003704,V0050,2024-03-10,0.0202,False,,
QI0000075,PO0003667,V0049,2026-06-21,0.0106,False,,
QI0000076,PO0000466,V0005,2026-02-18,0.1148,True,Contamination,14.0
QI0000077,PO0004915,V0064,2022-02-10,0.0377,False,,
QI0000078,PO0003972,V0054,2022-07-16,0.0037,False,,
QI0000079,PO0004882,V0062,2025-06-03,0.004,False,,
QI0000080,PO0004201,V0055,2023-01-29,0.0038,False,,
QI0000081,PO0001145,V0014,2023-09-28,0.0086,False,,
QI0000082,PO0005706,V0069,2022-10-27,0.0231,False,,
QI0000083,PO0004865,V0062,2024-03-10,0.0017,False,,
QI0000084,PO0003379,V0046,2022-05-27,0.0275,False,,
QI0000085,PO0004564,V0058,2025-12-14,0.0625,False,,
QI0000086,PO0004048,V0054,2024-01-14,0.0044,False,,
QI0000087,PO0002684,V0036,2022-11-15,0.012,False,,
QI0000088,PO0002987,V0041,2023-11-20,0.0,False,,
QI0000089,PO0002537,V0034,2023-09-16,0.004,False,,
QI0000090,PO0001034,V0013,2022-07-21,0.0005,False,,
QI0000091,PO0001422,V0017,2024-10-27,0.0569,True,Dimensional deviation,31.0
QI0000092,PO0001920,V0024,2024-07-06,0.0101,False,,
QI0000093,PO0000752,V0010,2023-06-01,0.0958,True,Labeling/documentation error,15.0
QI0000094,PO0005486,V0067,2025-05-04,0.0101,False,,
QI0000095,PO0003483,V0047,2024-01-13,0.0094,False,,
QI0000096,PO0001861,V0023,2024-03-22,0.0021,False,,
QI0000097,PO0003133,V0042,2024-09-18,0.0111,False,,
QI0000098,PO0005288,V0066,2022-12-12,0.0188,False,,
QI0000099,PO0002544,V0034,2024-02-25,0.0016,False,,
QI0000100,PO0002583,V0035,2023-03-04,0.0049,False,,
QI0000101,PO0005341,V0066,2023-11-04,0.0051,False,,
QI0000102,PO0002260,V0028,2025-12-30,0.0087,False,,
QI0000103,PO0000880,V0011,2025-07-24,0.0529,True,Functional failure,17.0
QI0000104,PO0000347,V0005,2023-06-28,0.0885,True,Functional failure,12.0
QI0000105,PO0003740,V0050,2025-12-02,0.032,False,,
QI0000106,PO0001613,V0022,2022-08-16,0.0072,False,,
QI0000107,PO0004087,V0054,2024-10-07,0.0036,False,,
QI0000108,PO0003091,V0042,2022-11-16,0.0145,False,,
QI0000109,PO0000081,V0002,2025-07-01,0.0117,False,,
QI0000110,PO0000157,V0003,2024-10-06,0.0274,False,,
QI0000111,PO0005453,V0066,2026-06-17,0.0273,False,,
QI0000112,PO0000562,V0007,2022-06-14,0.0185,False,,
QI0000113,PO0004212,V0055,2023-07-10,0.0499,False,,
QI0000114,PO0003627,V0048,2026-05-05,0.0009,False,,
QI0000115,PO0001838,V0023,2022-04-18,0.0253,False,,
QI0000116,PO0003165,V0042,2025-07-12,0.009,False,,
QI0000117,PO0003769,V0051,2024-03-31,0.0023,False,,
QI0000118,PO0004425,V0058,2023-04-14,0.0,False,,
QI0000119,PO0004704,V0059,2024-11-16,0.0514,True,Cosmetic defect,14.0
QI0000120,PO0002595,V0035,2023-09-22,0.0013,False,,
QI0000121,PO0002701,V0036,2023-07-17,0.0,False,,
QI0000122,PO0001434,V0018,2023-02-18,0.0064,False,,
QI0000123,PO0002073,V0028,2022-08-17,0.0099,False,,
QI0000124,PO0005602,V0068,2023-12-23,0.0,False,,
QI0000125,PO0003455,V0047,2022-06-28,0.026,False,,
QI0000126,PO0004474,V0058,2024-06-16,0.0625,False,,
QI0000127,PO0004275,V0056,2022-05-08,0.0,False,,
QI0000128,PO0005106,V0065,2024-02-07,0.0028,False,,
QI0000129,PO0003396,V0046,2023-08-27,0.0027,False,,
QI0000130,PO0002648,V0035,2025-10-20,0.0053,False,,
QI0000131,PO0000260,V0004,2026-02-15,0.0274,False,,
QI0000132,PO0002900,V0039,2023-06-23,0.0325,False,,
QI0000133,PO0005501,V0067,2026-02-12,0.0087,False,,
QI0000134,PO0005558,V0068,2023-04-23,0.0413,False,,
QI0000135,PO0000677,V0009,2023-08-27,0.0084,False,,
QI0000136,PO0003923,V0053,2025-09-28,0.0034,False,,
QI0000137,PO0003896,V0053,2025-01-09,0.0029,False,,
QI0000138,PO0005439,V0066,2026-02-02,0.0309,False,,
QI0000139,PO0005541,V0068,2022-12-01,0.0923,True,Cosmetic defect,14.0
QI0000140,PO0003371,V0045,2026-06-22,0.0365,False,,
QI0000141,PO0001449,V0019,2022-07-11,0.0017,False,,
QI0000142,PO0005466,V0067,2022-07-01,0.0065,False,,
QI0000143,PO0003103,V0042,2023-04-13,0.0054,False,,
QI0000144,PO0000539,V0006,2025-02-14,0.0212,False,,
QI0000145,PO0005055,V0065,2023-02-17,0.0,False,,
QI0000146,PO0000325,V0005,2022-12-30,0.1649,True,Labeling/documentation error,11.0
QI0000147,PO0000585,V0007,2024-06-04,0.018,False,,
QI0000148,PO0001748,V0022,2025-03-09,0.0186,False,,
QI0000149,PO0000168,V0003,2025-05-25,0.0296,False,,
QI0000150,PO0000015,V0001,2023-06-12,0.0048,False,,
QI0000151,PO0004664,V0059,2023-12-03,0.1112,True,Labeling/documentation error,47.0
QI0000152,PO0001721,V0022,2024-08-24,0.0016,False,,
QI0000153,PO0001259,V0015,2024-06-04,0.0,False,,
QI0000154,PO0001685,V0022,2024-01-15,0.011,False,,
QI0000155,PO0001021,V0013,2022-03-24,0.0044,False,,
QI0000156,PO0001651,V0022,2023-06-17,0.0384,True,Functional failure,5.0
QI0000157,PO0001823,V0022,2026-05-28,0.0266,False,,
QI0000158,PO0005278,V0066,2022-09-18,0.0169,False,,
QI0000159,PO0000169,V0003,2025-07-04,0.0164,False,,
QI0000160,PO0001346,V0015,2026-05-12,0.078,True,Packaging damage,23.0
QI0000161,PO0004237,V0055,2024-09-03,0.0336,False,,
QI0000162,PO0004476,V0058,2024-06-15,0.0516,True,Functional failure,7.0
QI0000163,PO0004368,V0057,2026-03-06,0.0373,False,,
QI0000164,PO0002619,V0035,2024-08-05,0.0031,False,,
QI0000165,PO0002575,V0035,2022-10-07,0.0019,False,,
QI0000166,PO0005125,V0065,2024-05-25,0.0068,False,,
QI0000167,PO0000927,V0012,2022-11-01,0.0041,False,,
QI0000168,PO0005379,V0066,2024-08-08,0.0284,False,,
QI0000169,PO0001407,V0016,2025-12-31,0.0137,False,,
QI0000170,PO0003535,V0048,2022-09-07,0.0016,False,,
QI0000171,PO0002419,V0033,2022-06-21,0.0589,True,Labeling/documentation error,10.0
QI0000172,PO0000625,V0008,2024-05-15,0.0016,False,,
QI0000173,PO0000080,V0002,2025-04-29,0.0109,False,,
QI0000174,PO0002679,V0036,2022-09-27,0.0055,False,,
QI0000175,PO0004620,V0059,2022-12-27,0.0311,False,,
QI0000176,PO0000240,V0004,2024-10-20,0.0,False,,
QI0000177,PO0005529,V0068,2022-08-25,0.0595,True,Cosmetic defect,1.0
QI0000178,PO0005404,V0066,2025-05-02,0.0146,False,,
QI0000179,PO0000222,V0004,2023-09-29,0.0256,False,,
QI0000180,PO0002634,V0035,2025-03-03,0.0019,False,,
QI0000181,PO0002035,V0027,2024-08-05,0.0259,False,,
QI0000182,PO0000748,V0010,2023-03-04,0.0894,True,Packaging damage,12.0
QI0000183,PO0001056,V0013,2023-01-05,0.0036,False,,
QI0000184,PO0003146,V0042,2025-01-06,0.0034,False,,
QI0000185,PO0000788,V0010,2025-08-22,0.082,True,Cosmetic defect,36.0
QI0000186,PO0004251,V0055,2025-05-03,0.0602,False,,
QI0000187,PO0004756,V0059,2026-01-18,0.0556,True,Dimensional deviation,38.0
QI0000188,PO0004119,V0054,2025-06-13,0.0,False,,
QI0000189,PO0001631,V0022,2023-01-20,0.0176,False,,
QI0000190,PO0004217,V0055,2023-09-16,0.0335,False,,
QI0000191,PO0003013,V0041,2024-12-03,0.0113,False,,
QI0000192,PO0004692,V0059,2024-08-18,0.0275,False,,
QI0000193,PO0001331,V0015,2026-01-27,0.0278,False,,
QI0000194,PO0000200,V0003,2026-05-25,0.0148,False,,
QI0000195,PO0001087,V0013,2024-09-17,0.0046,False,,
QI0000196,PO0001048,V0013,2022-12-18,0.0018,False,,
QI0000197,PO0002331,V0030,2023-11-17,0.0075,False,,
QI0000198,PO0003905,V0053,2025-04-30,0.0042,False,,
QI0000199,PO0002338,V0030,2024-12-08,0.012,False,,
QI0000200,PO0000182,V0003,2025-11-22,0.0154,False,,
QI0000201,PO0000394,V0005,2024-07-16,0.0567,True,Dimensional deviation,21.0
QI0000202,PO0001225,V0015,2023-06-29,0.0944,True,Labeling/documentation error,13.0
QI0000203,PO0004083,V0054,2024-09-13,0.0019,False,,
QI0000204,PO0000507,V0006,2023-05-15,0.0328,False,,
QI0000205,PO0002352,V0031,2023-04-18,0.0112,False,,
QI0000206,PO0000995,V0012,2025-07-26,0.0026,False,,
QI0000207,PO0001979,V0026,2022-11-10,0.004,False,,
QI0000208,PO0000706,V0009,2025-04-10,0.0652,False,,
QI0000209,PO0004775,V0060,2022-04-30,0.0554,True,Packaging damage,9.0
QI0000210,PO0004055,V0054,2024-03-10,0.0022,False,,
QI0000211,PO0005728,V0069,2025-09-29,0.0253,False,,
QI0000212,PO0002023,V0027,2023-09-09,0.0132,False,,
QI0000213,PO0005736,V0070,2022-04-28,0.0332,False,,
QI0000214,PO0003027,V0041,2025-04-14,0.0134,False,,
QI0000215,PO0000024,V0001,2024-05-27,0.0031,False,,
QI0000216,PO0002464,V0033,2024-01-06,0.0676,True,Cosmetic defect,5.0
QI0000217,PO0004924,V0064,2022-07-13,0.0673,False,,
QI0000218,PO0001903,V0023,2026-06-14,0.0084,False,,
QI0000219,PO0002887,V0038,2026-02-28,0.0306,False,,
QI0000220,PO0005327,V0066,2023-08-01,0.0049,False,,
QI0000221,PO0005088,V0065,2023-10-04,0.0017,False,,
QI0000222,PO0003261,V0045,2022-08-17,0.0352,False,,
QI0000223,PO0005329,V0066,2023-08-21,0.0126,False,,
QI0000224,PO0001439,V0018,2024-01-14,0.0393,True,Contamination,22.0
QI0000225,PO0000587,V0007,2024-07-08,0.0258,False,,
QI0000226,PO0003577,V0048,2024-06-22,0.0018,False,,
QI0000227,PO0003048,V0041,2025-10-28,0.0213,False,,
QI0000228,PO0002389,V0032,2024-02-21,0.0048,False,,
QI0000229,PO0004600,V0059,2022-06-14,0.0727,False,,
QI0000230,PO0004690,V0059,2024-06-23,0.0707,True,Contamination,7.0
QI0000231,PO0001254,V0015,2024-05-23,0.0589,True,Cosmetic defect,14.0
QI0000232,PO0002228,V0028,2025-04-30,0.0103,False,,
QI0000233,PO0003969,V0054,2022-06-09,0.0031,False,,
QI0000234,PO0004868,V0062,2024-08-19,0.0015,False,,
QI0000235,PO0001437,V0018,2023-11-23,0.022,False,,
QI0000236,PO0000713,V0009,2025-07-31,0.0397,False,,
QI0000237,PO0004407,V0058,2023-01-24,0.032,False,,
QI0000238,PO0003160,V0042,2025-04-26,0.0225,False,,
QI0000239,PO0004966,V0064,2024-07-28,0.0257,False,,
QI0000240,PO0001213,V0015,2023-02-23,0.0455,False,,
QI0000241,PO0001601,V0022,2022-07-15,0.0,False,,
QI0000242,PO0002820,V0037,2023-12-30,0.015,False,,
QI0000243,PO0002821,V0037,2024-01-04,0.0001,False,,
QI0000244,PO0000016,V0001,2023-07-06,0.0021,False,,
QI0000245,PO0002922,V0039,2026-04-24,0.051,True,Functional failure,21.0
QI0000246,PO0004504,V0058,2024-11-07,0.0622,True,Dimensional deviation,25.0
QI0000247,PO0004149,V0054,2026-01-18,0.0,False,,
QI0000248,PO0002081,V0028,2022-09-22,0.0103,False,,
QI0000249,PO0000749,V0010,2023-05-12,0.0128,False,,
QI0000250,PO0002019,V0027,2022-07-13,0.0075,False,,
QI0000251,PO0000554,V0006,2026-04-02,0.0131,False,,
QI0000252,PO0004242,V0055,2025-01-02,0.0385,False,,
QI0000253,PO0005120,V0065,2024-04-25,0.004,False,,
QI0000254,PO0000590,V0007,2024-11-23,0.0336,False,,
QI0000255,PO0000066,V0002,2024-02-28,0.0102,False,,
QI0000256,PO0004479,V0058,2024-08-07,0.0,False,,
QI0000257,PO0004164,V0054,2026-06-05,0.0024,False,,
QI0000258,PO0002046,V0027,2025-09-17,0.028,False,,
QI0000259,PO0001074,V0013,2024-01-17,0.003,False,,
QI0000260,PO0000545,V0006,2025-07-17,0.0215,False,,
QI0000261,PO0003809,V0052,2025-12-16,0.0121,False,,
QI0000262,PO0004296,V0056,2023-06-01,0.0262,False,,
QI0000263,PO0001655,V0022,2023-07-03,0.0183,False,,
QI0000264,PO0002620,V0035,2024-08-31,0.0044,False,,
QI0000265,PO0003514,V0047,2026-06-09,0.022,False,,
QI0000266,PO0005611,V0068,2024-02-24,0.0947,True,Dimensional deviation,8.0
QI0000267,PO0000655,V0009,2022-07-18,0.009,False,,
QI0000268,PO0003115,V0042,2023-11-17,0.0091,False,,
QI0000269,PO0001562,V0021,2025-09-08,0.0219,False,,
QI0000270,PO0005617,V0068,2024-04-24,0.1099,True,Packaging damage,1.0
QI0000271,PO0002317,V0029,2025-10-02,0.0033,False,,
QI0000272,PO0001559,V0021,2025-07-31,0.0163,False,,
QI0000273,PO0005390,V0066,2024-12-10,0.0136,False,,
QI0000274,PO0000009,V0001,2023-03-16,0.0029,False,,
QI0000275,PO0004784,V0060,2023-08-11,0.0104,False,,
QI0000276,PO0002342,V0030,2025-10-19,0.0092,False,,
QI0000277,PO0005578,V0068,2023-08-20,0.0995,True,Packaging damage,6.0
QI0000278,PO0003199,V0043,2024-11-15,0.0055,False,,
QI0000279,PO0001469,V0020,2022-04-06,0.0614,False,,
QI0000280,PO0000231,V0004,2024-03-13,0.0124,False,,
QI0000281,PO0002116,V0028,2023-06-30,0.0096,False,,
QI0000282,PO0000409,V0005,2024-12-05,0.1076,True,Labeling/documentation error,14.0
QI0000283,PO0002997,V0041,2024-03-16,0.0,False,,
QI0000284,PO0000326,V0005,2023-01-23,0.1007,True,Functional failure,11.0
QI0000285,PO0000034,V0001,2025-11-15,0.0054,False,,
QI0000286,PO0001540,V0021,2024-07-21,0.0212,False,,
QI0000287,PO0005686,V0068,2026-01-03,0.0079,False,,
QI0000288,PO0000997,V0012,2025-08-15,0.0018,False,,
QI0000289,PO0001546,V0021,2024-11-16,0.0265,False,,
QI0000290,PO0000809,V0011,2022-05-20,0.0219,False,,
QI0000291,PO0004819,V0061,2023-08-23,0.0244,False,,
QI0000292,PO0005600,V0068,2023-12-12,0.1069,True,Functional failure,35.0
QI0000293,PO0003405,V0046,2024-03-27,0.0261,False,,
QI0000294,PO0003717,V0050,2024-11-20,0.0309,False,,
QI0000295,PO0003304,V0045,2024-03-20,0.0506,True,Dimensional deviation,12.0
QI0000296,PO0004697,V0059,2024-09-14,0.0671,True,Functional failure,31.0
QI0000297,PO0002378,V0032,2022-10-17,0.0077,False,,
QI0000298,PO0005241,V0065,2026-07-22,0.002,False,,
QI0000299,PO0004618,V0059,2022-12-14,0.0708,True,Functional failure,1.0
QI0000300,PO0005700,V0068,2026-06-09,0.0142,False,,
QI0000301,PO0005297,V0066,2023-02-03,0.0298,False,,
QI0000302,PO0003930,V0053,2025-12-15,0.0032,False,,
QI0000303,PO0003794,V0051,2026-06-24,0.005,False,,
QI0000304,PO0004295,V0056,2023-05-30,0.0097,False,,
QI0000305,PO0000682,V0009,2023-12-31,0.0795,True,Cosmetic defect,3.0
QI0000306,PO0002423,V0033,2022-07-20,0.0592,True,Functional failure,10.0
QI0000307,PO0004522,V0058,2025-02-20,0.0701,True,Labeling/documentation error,17.0
QI0000308,PO0003998,V0054,2022-11-17,0.0023,False,,
QI0000309,PO0003579,V0048,2024-07-24,0.0046,False,,
QI0000310,PO0002796,V0037,2022-08-17,0.025,False,,
QI0000311,PO0003036,V0041,2025-07-20,0.0383,True,Labeling/documentation error,16.0
QI0000312,PO0001095,V0013,2025-02-17,0.005,False,,
QI0000313,PO0004477,V0058,2024-06-14,0.0329,False,,
QI0000314,PO0001324,V0015,2025-11-23,0.0868,True,Labeling/documentation error,17.0
QI0000315,PO0001952,V0025,2024-09-17,0.0288,False,,
QI0000316,PO0000320,V0005,2022-12-04,0.0704,True,Packaging damage,7.0
QI0000317,PO0003474,V0047,2023-06-28,0.0211,False,,
QI0000318,PO0001045,V0013,2022-11-17,0.0032,False,,
QI0000319,PO0000684,V0009,2024-02-11,0.0329,False,,
QI0000320,PO0004484,V0058,2024-08-06,0.0477,False,,
QI0000321,PO0001673,V0022,2023-11-13,0.0202,False,,
QI0000322,PO0002750,V0036,2025-01-12,0.0029,False,,
QI0000323,PO0004387,V0058,2022-08-19,0.0248,False,,
QI0000324,PO0001581,V0022,2022-03-14,0.0232,False,,
QI0000325,PO0002413,V0033,2022-02-21,0.0584,False,,
QI0000326,PO0005251,V0066,2022-03-26,0.0378,False,,
QI0000327,PO0003548,V0048,2023-04-26,0.0014,False,,
QI0000328,PO0002573,V0035,2022-09-06,0.0062,False,,
QI0000329,PO0004641,V0059,2023-08-02,0.0689,True,Packaging damage,13.0
QI0000330,PO0003691,V0050,2023-08-17,0.034,False,,
QI0000331,PO0002437,V0033,2023-01-01,0.0383,False,,
QI0000332,PO0003341,V0045,2025-09-06,0.0392,False,,
QI0000333,PO0001336,V0015,2026-02-07,0.0856,True,Labeling/documentation error,19.0
QI0000334,PO0000897,V0011,2026-05-03,0.032,False,,
QI0000335,PO0003705,V0050,2024-04-16,0.0118,False,,
QI0000336,PO0001877,V0023,2025-02-12,0.0,False,,
QI0000337,PO0003741,V0050,2025-12-07,0.0301,False,,
QI0000338,PO0002751,V0036,2025-01-02,0.0035,False,,
QI0000339,PO0003382,V0046,2022-08-05,0.0245,False,,
QI0000340,PO0001122,V0013,2026-01-31,0.0064,False,,
QI0000341,PO0003840,V0053,2023-02-20,0.0013,False,,
QI0000342,PO0000656,V0009,2022-08-02,0.0601,True,Cosmetic defect,12.0
QI0000343,PO0001527,V0021,2023-09-28,0.0206,False,,
QI0000344,PO0005215,V0065,2026-01-13,0.0032,False,,
QI0000345,PO0001771,V0022,2025-07-06,0.0247,False,,
QI0000346,PO0001558,V0021,2025-06-17,0.002,False,,
QI0000347,PO0004897,V0062,2026-05-26,0.0026,False,,
QI0000348,PO0000241,V0004,2024-10-22,0.0285,False,,
QI0000349,PO0005336,V0066,2023-09-30,0.0021,False,,
QI0000350,PO0001130,V0013,2026-06-30,0.0025,False,,
QI0000351,PO0001189,V0015,2022-08-23,0.05,False,,
QI0000352,PO0000298,V0005,2022-07-05,0.1176,True,Labeling/documentation error,0.0
QI0000353,PO0002803,V0037,2022-11-07,0.0247,False,,
QI0000354,PO0002527,V0033,2026-07-18,0.0563,False,,
QI0000355,PO0001563,V0021,2025-10-03,0.0227,False,,
QI0000356,PO0002182,V0028,2024-07-14,0.0055,False,,
QI0000357,PO0001587,V0022,2022-03-31,0.0204,False,,
QI0000358,PO0004765,V0059,2026-05-22,0.0725,False,,
QI0000359,PO0000411,V0005,2024-12-14,0.0534,False,,
QI0000360,PO0000085,V0002,2025-11-09,0.0077,False,,
QI0000361,PO0001880,V0023,2025-05-13,0.0125,False,,
QI0000362,PO0004838,V0062,2022-03-29,0.0012,False,,
QI0000363,PO0002610,V0035,2024-04-17,0.0036,False,,
QI0000364,PO0001221,V0015,2023-05-15,0.0391,True,Functional failure,12.0
QI0000365,PO0001729,V0022,2024-11-01,0.0106,False,,
QI0000366,PO0001245,V0015,2024-02-11,0.0703,True,Cosmetic defect,51.0
QI0000367,PO0003726,V0050,2025-04-08,0.0178,False,,
QI0000368,PO0000334,V0005,2023-03-18,0.0,False,,
QI0000369,PO0002299,V0029,2024-09-01,0.006,False,,
QI0000370,PO0001194,V0015,2022-09-14,0.03,False,,
QI0000371,PO0000756,V0010,2023-08-10,0.0614,True,Contamination,3.0
QI0000372,PO0005119,V0065,2024-04-24,0.0055,False,,
QI0000373,PO0002229,V0028,2025-06-01,0.0,False,,
QI0000374,PO0001865,V0023,2024-05-20,0.0039,False,,
QI0000375,PO0002580,V0035,2023-01-21,0.0011,False,,
QI0000376,PO0005218,V0065,2025-12-28,0.0022,False,,
QI0000377,PO0000248,V0004,2025-03-11,0.0046,False,,
QI0000378,PO0001040,V0013,2022-08-23,0.0026,False,,
QI0000379,PO0004695,V0059,2024-09-12,0.0074,False,,
QI0000380,PO0005459,V0066,2026-07-09,0.0287,False,,
QI0000381,PO0004843,V0062,2022-09-22,0.0016,False,,
QI0000382,PO0003626,V0048,2026-04-04,0.0026,False,,
QI0000383,PO0000372,V0005,2024-01-21,0.0,False,,
QI0000384,PO0004499,V0058,2024-10-31,0.0282,False,,
QI0000385,PO0003063,V0041,2026-06-24,0.0136,False,,
QI0000386,PO0002844,V0037,2025-03-26,0.0214,False,,
QI0000387,PO0002087,V0028,2022-11-02,0.0141,False,,
QI0000388,PO0004698,V0059,2024-09-27,0.0577,True,Dimensional deviation,24.0
QI0000389,PO0000427,V0005,2025-04-25,0.0806,True,Labeling/documentation error,29.0
QI0000390,PO0003502,V0047,2025-08-24,0.0233,False,,
QI0000391,PO0002171,V0028,2024-04-14,0.0109,False,,
QI0000392,PO0005583,V0068,2023-09-19,0.1207,True,Dimensional deviation,38.0
QI0000393,PO0003064,V0041,2026-07-03,0.0119,False,,
QI0000394,PO0004163,V0054,2026-05-14,0.0042,False,,
QI0000395,PO0003018,V0041,2025-01-01,0.0094,False,,
QI0000396,PO0004411,V0058,2023-03-12,0.0527,False,,
QI0000397,PO0005385,V0066,2024-10-01,0.0179,False,,
QI0000398,PO0001269,V0015,2024-08-11,0.041,False,,
QI0000399,PO0000812,V0011,2022-07-24,0.0347,False,,
QI0000400,PO0000316,V0005,2022-11-20,0.0506,True,Dimensional deviation,7.0
QI0000401,PO0000882,V0011,2025-08-08,0.0276,False,,
QI0000402,PO0001232,V0015,2023-10-18,0.0374,False,,
QI0000403,PO0004348,V0056,2026-06-28,0.0448,False,,
QI0000404,PO0002125,V0028,2023-07-30,0.0041,False,,
QI0000405,PO0003493,V0047,2025-03-26,0.0243,False,,
QI0000406,PO0004677,V0059,2024-04-03,0.1077,True,Dimensional deviation,42.0
QI0000407,PO0000150,V0003,2024-07-23,0.0085,False,,
QI0000408,PO0005625,V0068,2024-07-18,0.0566,False,,
QI0000409,PO0004377,V0058,2022-04-30,0.0361,True,Functional failure,20.0
QI0000410,PO0000291,V0005,2022-06-03,0.0967,True,Cosmetic defect,3.0
QI0000411,PO0005156,V0065,2024-11-20,0.007,False,,
QI0000412,PO0005039,V0065,2022-12-31,0.0015,False,,
QI0000413,PO0000297,V0005,2022-07-08,0.09,True,Packaging damage,53.0
QI0000414,PO0001658,V0022,2023-07-26,0.0188,False,,
QI0000415,PO0002118,V0028,2023-07-04,0.0052,False,,
QI0000416,PO0002765,V0036,2025-10-12,0.0137,False,,
QI0000417,PO0001320,V0015,2025-10-25,0.0515,False,,
QI0000418,PO0005668,V0068,2025-08-24,0.1628,True,Dimensional deviation,5.0
QI0000419,PO0002312,V0029,2025-06-30,0.0096,False,,
QI0000420,PO0000623,V0008,2024-03-11,0.1865,True,Dimensional deviation,19.0
QI0000421,PO0004240,V0055,2024-11-15,0.0755,True,Cosmetic defect,23.0
QI0000422,PO0005426,V0066,2025-11-25,0.0403,False,,
QI0000423,PO0005468,V0067,2022-10-22,0.0158,False,,
QI0000424,PO0000600,V0007,2025-11-17,0.0139,False,,
QI0000425,PO0001783,V0022,2025-09-02,0.0142,False,,
QI0000426,PO0005061,V0065,2023-04-22,0.004,False,,
QI0000427,PO0001619,V0022,2022-09-26,0.0339,False,,
QI0000428,PO0005207,V0065,2025-09-23,0.0037,False,,
QI0000429,PO0003040,V0041,2025-07-22,0.0,False,,
QI0000430,PO0000612,V0008,2022-12-12,0.0209,False,,
QI0000431,PO0001411,V0016,2026-06-09,0.0066,False,,
QI0000432,PO0003533,V0048,2022-08-19,0.0034,False,,
QI0000433,PO0002654,V0035,2026-03-13,0.0026,False,,
QI0000434,PO0000890,V0011,2025-12-17,0.0483,True,Contamination,9.0
QI0000435,PO0000502,V0006,2023-03-25,0.0244,False,,
QI0000436,PO0005616,V0068,2024-05-02,0.0693,True,Cosmetic defect,7.0
QI0000437,PO0002776,V0036,2026-03-05,0.0101,False,,
QI0000438,PO0001023,V0013,2022-04-13,0.0033,False,,
QI0000439,PO0005679,V0068,2025-11-19,0.0294,False,,
QI0000440,PO0002452,V0033,2023-07-06,0.0,False,,
QI0000441,PO0001098,V0013,2025-03-07,0.0042,False,,
QI0000442,PO0000440,V0005,2025-09-05,0.0247,False,,
QI0000443,PO0005644,V0068,2025-02-06,0.0423,False,,
QI0000444,PO0001426,V0017,2025-09-10,0.0582,True,Contamination,12.0
QI0000445,PO0001499,V0020,2024-11-15,0.1283,True,Contamination,48.0
QI0000446,PO0003393,V0046,2023-06-17,0.0312,False,,
QI0000447,PO0000382,V0005,2024-04-13,0.0738,True,Packaging damage,12.0
QI0000448,PO0001352,V0016,2022-04-21,0.0,False,,
QI0000449,PO0004341,V0056,2026-02-15,0.0142,False,,
QI0000450,PO0000535,V0006,2024-09-09,0.0172,False,,
QI0000451,PO0000423,V0005,2025-03-11,0.0624,True,Labeling/documentation error,17.0
QI0000452,PO0003312,V0045,2024-09-19,0.0263,False,,
QI0000453,PO0003802,V0052,2024-04-12,0.037,False,,
QI0000454,PO0000577,V0007,2024-01-05,0.047,False,,
QI0000455,PO0002837,V0037,2024-10-22,0.023,False,,
QI0000456,PO0003700,V0050,2024-02-02,0.0065,False,,
QI0000457,PO0002641,V0035,2025-07-13,0.0006,False,,
QI0000458,PO0005201,V0065,2025-08-11,0.006,False,,
QI0000459,PO0003586,V0048,2024-12-08,0.0037,False,,
QI0000460,PO0002183,V0028,2024-07-03,0.0075,False,,
QI0000461,PO0004450,V0058,2023-10-19,0.0097,False,,
QI0000462,PO0000103,V0003,2022-10-06,0.0269,False,,
QI0000463,PO0002347,V0031,2022-07-14,0.0078,False,,
QI0000464,PO0000599,V0007,2025-10-16,0.0128,False,,
QI0000465,PO0005006,V0064,2026-08-07,0.0373,False,,
QI0000466,PO0002623,V0035,2024-10-22,0.0016,False,,
QI0000467,PO0001943,V0025,2023-09-30,0.0038,False,,
QI0000468,PO0000045,V0002,2022-07-09,0.0126,False,,
QI0000469,PO0004648,V0059,2023-09-23,0.1443,True,Dimensional deviation,39.0
QI0000470,PO0002078,V0028,2022-09-01,0.0001,False,,
QI0000471,PO0003594,V0048,2025-03-26,0.006,False,,
QI0000472,PO0002506,V0033,2025-07-28,0.016,False,,
QI0000473,PO0000280,V0005,2022-04-01,0.0717,True,Dimensional deviation,5.0
QI0000474,PO0000136,V0003,2024-02-09,0.0173,False,,
QI0000475,PO0003373,V0045,2026-08-10,0.0409,False,,
QI0000476,PO0004944,V0064,2023-05-28,0.033,False,,
QI0000477,PO0004495,V0058,2024-09-23,0.063,True,Contamination,6.0
QI0000478,PO0004072,V0054,2024-08-07,0.0019,False,,
QI0000479,PO0002388,V0032,2024-02-06,0.0,False,,
QI0000480,PO0000352,V0005,2023-07-25,0.0,False,,
QI0000481,PO0005765,V0070,2026-07-19,0.0667,True,Dimensional deviation,11.0
QI0000482,PO0005452,V0066,2026-06-09,0.0117,False,,
QI0000483,PO0002707,V0036,2023-08-31,0.008,False,,
QI0000484,PO0005350,V0066,2024-01-19,0.0,False,,
QI0000485,PO0000764,V0010,2023-12-14,0.0285,False,,
QI0000486,PO0005465,V0067,2022-06-02,0.009,False,,
QI0000487,PO0005015,V0065,2022-08-23,0.0055,False,,
QI0000488,PO0001039,V0013,2022-08-21,0.001,False,,
QI0000489,PO0003342,V0045,2025-09-21,0.0494,True,Dimensional deviation,7.0
QI0000490,PO0005489,V0067,2025-06-20,0.0101,False,,
QI0000491,PO0002813,V0037,2023-07-24,0.0158,False,,
QI0000492,PO0005080,V0065,2023-07-27,0.0033,False,,
QI0000493,PO0004454,V0058,2023-11-02,0.0611,True,Labeling/documentation error,14.0
QI0000494,PO0005664,V0068,2025-08-16,0.0879,True,Contamination,14.0
QI0000495,PO0001874,V0023,2024-11-26,0.0079,False,,
QI0000496,PO0004803,V0060,2025-08-28,0.023,False,,
QI0000497,PO0005024,V0065,2022-07-17,0.0006,False,,
QI0000498,PO0005422,V0066,2025-10-19,0.0541,True,Contamination,3.0
QI0000499,PO0000454,V0005,2025-11-28,0.0208,False,,
QI0000500,PO0005477,V0067,2024-04-24,0.013,False,,
QI0000501,PO0003391,V0046,2023-04-10,0.0188,False,,
QI0000502,PO0001216,V0015,2023-04-07,0.0375,False,,
QI0000503,PO0003227,V0044,2025-05-13,0.0046,False,,
QI0000504,PO0003774,V0051,2024-05-01,0.0062,False,,
QI0000505,PO0004150,V0054,2026-01-22,0.0032,False,,
QI0000506,PO0001322,V0015,2025-11-02,0.0746,True,Labeling/documentation error,3.0
QI0000507,PO0005063,V0065,2023-03-31,0.0031,False,,
QI0000508,PO0000908,V0012,2022-04-25,0.0072,False,,
QI0000509,PO0004089,V0054,2024-10-22,0.0036,False,,
QI0000510,PO0002585,V0035,2023-03-22,0.0,False,,
QI0000511,PO0005096,V0065,2023-12-07,0.0003,False,,
QI0000512,PO0003399,V0046,2023-10-12,0.0161,False,,
QI0000513,PO0002894,V0039,2022-06-07,0.0842,True,Labeling/documentation error,8.0
QI0000514,PO0005763,V0070,2026-04-12,0.0549,True,Packaging damage,3.0
QI0000515,PO0000122,V0003,2023-06-16,0.016,False,,
QI0000516,PO0004551,V0058,2025-09-21,0.054,False,,
QI0000517,PO0003665,V0049,2026-03-19,0.0113,False,,
QI0000518,PO0000419,V0005,2025-03-02,0.0005,False,,
QI0000519,PO0005268,V0066,2022-08-01,0.0151,False,,
QI0000520,PO0001091,V0013,2024-12-04,0.0034,False,,
QI0000521,PO0004520,V0058,2025-02-10,0.0601,False,,
QI0000522,PO0004471,V0058,2024-04-23,0.0479,False,,
QI0000523,PO0000866,V0011,2024-12-27,0.0633,True,Labeling/documentation error,27.0
QI0000524,PO0001555,V0021,2025-05-07,0.0347,False,,
QI0000525,PO0000249,V0004,2025-04-25,0.0023,False,,
QI0000526,PO0000795,V0010,2025-12-22,0.0505,True,Contamination,26.0
QI0000527,PO0005514,V0068,2022-04-03,0.0828,True,Functional failure,44.0
QI0000528,PO0000448,V0005,2025-10-14,0.0225,False,,
QI0000529,PO0004428,V0058,2023-05-14,0.0297,False,,
QI0000530,PO0002233,V0028,2025-06-25,0.0136,False,,
QI0000531,PO0002526,V0033,2026-07-08,0.0967,True,Functional failure,13.0
QI0000532,PO0004706,V0059,2024-11-21,0.0696,True,Dimensional deviation,7.0
QI0000533,PO0001873,V0023,2024-11-18,0.0057,False,,
QI0000534,PO0000894,V0011,2026-03-18,0.0667,False,,
QI0000535,PO0004919,V0064,2022-05-09,0.0249,False,,
QI0000536,PO0001303,V0015,2025-08-18,0.0603,True,Functional failure,33.0
QI0000537,PO0000415,V0005,2025-01-02,0.0898,True,Contamination,9.0
QI0000538,PO0001745,V0022,2025-02-11,0.0305,False,,
QI0000539,PO0003871,V0053,2023-12-19,0.0039,False,,
QI0000540,PO0001967,V0025,2026-04-09,0.0073,False,,
QI0000541,PO0004221,V0055,2023-12-28,0.0305,False,,
QI0000542,PO0003653,V0049,2024-09-07,0.0102,False,,
QI0000543,PO0003120,V0042,2024-03-20,0.0012,False,,
QI0000544,PO0002795,V0037,2022-08-02,0.0113,False,,
QI0000545,PO0005428,V0066,2025-12-01,0.0209,False,,
QI0000546,PO0001700,V0022,2024-05-20,0.0,False,,
QI0000547,PO0003654,V0049,2024-10-07,0.0036,False,,
QI0000548,PO0001420,V0017,2024-08-06,0.0588,True,Contamination,4.0
QI0000549,PO0001288,V0015,2025-01-20,0.039,False,,
QI0000550,PO0003997,V0054,2022-11-17,0.0016,False,,
QI0000551,PO0001600,V0022,2022-06-26,0.0095,False,,
QI0000552,PO0001596,V0022,2022-05-20,0.0012,False,,
QI0000553,PO0000209,V0004,2022-10-13,0.0193,False,,
QI0000554,PO0001380,V0016,2024-08-06,0.0104,False,,
QI0000555,PO0002370,V0031,2025-06-25,0.0161,False,,
QI0000556,PO0000426,V0005,2025-04-03,0.0105,False,,
QI0000557,PO0000953,V0012,2024-01-15,0.0026,False,,
QI0000558,PO0005441,V0066,2026-02-20,0.005,False,,
QI0000559,PO0005072,V0065,2023-05-26,0.0027,False,,
QI0000560,PO0004265,V0055,2026-03-29,0.0342,False,,
QI0000561,PO0001177,V0015,2022-06-01,0.0539,False,,
QI0000562,PO0002094,V0028,2023-01-18,0.0139,False,,
QI0000563,PO0004963,V0064,2024-07-09,0.0647,True,Cosmetic defect,0.0
QI0000564,PO0000970,V0012,2024-09-05,0.004,False,,
QI0000565,PO0003942,V0053,2026-06-08,0.0062,False,,
QI0000566,PO0002322,V0029,2026-05-14,0.0107,False,,
QI0000567,PO0003886,V0053,2024-06-25,0.0027,False,,
QI0000568,PO0001704,V0022,2024-06-10,0.0121,False,,
QI0000569,PO0000438,V0005,2025-07-06,0.0523,False,,
QI0000570,PO0002597,V0035,2023-11-22,0.0054,False,,
QI0000571,PO0000108,V0003,2022-11-12,0.0386,False,,
QI0000572,PO0000030,V0001,2025-04-09,0.0007,False,,
QI0000573,PO0001033,V0013,2022-07-21,0.0001,False,,
QI0000574,PO0003948,V0054,2022-02-19,0.0033,False,,
QI0000575,PO0001176,V0015,2022-05-09,0.0263,False,,
QI0000576,PO0005276,V0066,2022-09-04,0.023,False,,
QI0000577,PO0002599,V0035,2023-12-06,0.0047,False,,
QI0000578,PO0003564,V0048,2023-12-27,0.0032,False,,
QI0000579,PO0003128,V0042,2024-06-21,0.0161,False,,
QI0000580,PO0002524,V0033,2026-06-18,0.0512,True,Labeling/documentation error,8.0
QI0000581,PO0004282,V0056,2022-09-03,0.0285,False,,
QI0000582,PO0004483,V0058,2024-08-31,0.031,False,,
QI0000583,PO0000801,V0010,2026-06-28,0.0481,True,Dimensional deviation,14.0
QI0000584,PO0005360,V0066,2024-04-05,0.0332,False,,
QI0000585,PO0004922,V0064,2022-07-01,0.0261,False,,
QI0000586,PO0001088,V0013,2024-10-07,0.0011,False,,
QI0000587,PO0003210,V0043,2026-04-10,0.0061,False,,
QI0000588,PO0004042,V0054,2023-10-11,0.002,False,,
QI0000589,PO0001730,V0022,2024-11-04,0.0056,False,,
QI0000590,PO0000965,V0012,2024-07-23,0.0022,False,,
QI0000591,PO0001096,V0013,2025-02-23,0.0,False,,
QI0000592,PO0002088,V0028,2022-11-14,0.0044,False,,
QI0000593,PO0002847,V0037,2025-05-25,0.0255,False,,
QI0000594,PO0004351,V0057,2022-05-08,0.0627,False,,
QI0000595,PO0001129,V0013,2026-05-23,0.0012,False,,
QI0000596,PO0000091,V0003,2022-03-05,0.0249,False,,
QI0000597,PO0001814,V0022,2026-04-24,0.0255,False,,
QI0000598,PO0003144,V0042,2024-12-05,0.0114,False,,
QI0000599,PO0005396,V0066,2025-02-06,0.0116,False,,
QI0000600,PO0000912,V0012,2022-05-15,0.0088,False,,
QI0000601,PO0000070,V0002,2024-05-03,0.0127,False,,
QI0000602,PO0003182,V0042,2026-03-16,0.0075,False,,
QI0000603,PO0004338,V0056,2025-11-30,0.021,False,,
QI0000604,PO0001413,V0016,2026-08-06,0.0117,False,,
QI0000605,PO0000747,V0010,2023-01-22,0.0378,True,Cosmetic defect,6.0
QI0000606,PO0000294,V0005,2022-06-28,0.079,True,Labeling/documentation error,32.0
QI0000607,PO0003876,V0053,2024-02-14,0.003,False,,
QI0000608,PO0002859,V0037,2026-01-03,0.014,False,,
QI0000609,PO0000469,V0005,2026-03-01,0.1267,True,Functional failure,25.0
QI0000610,PO0001860,V0023,2024-01-16,0.015,False,,
QI0000611,PO0004885,V0062,2025-09-27,0.0035,False,,
QI0000612,PO0004601,V0059,2022-07-17,0.1092,True,Packaging damage,12.0
QI0000613,PO0000578,V0007,2024-01-31,0.01,False,,
QI0000614,PO0003865,V0053,2023-09-29,0.0037,False,,
QI0000615,PO0000246,V0004,2025-02-19,0.0255,False,,
QI0000616,PO0001966,V0025,2026-03-28,0.0313,False,,
QI0000617,PO0000368,V0005,2023-12-22,0.1394,True,Labeling/documentation error,1.0
QI0000618,PO0003647,V0049,2023-12-07,0.0058,False,,
QI0000619,PO0002570,V0035,2022-07-04,0.0007,False,,
QI0000620,PO0002672,V0036,2022-07-22,0.0081,False,,
QI0000621,PO0001974,V0026,2022-02-23,0.0045,False,,
QI0000622,PO0001198,V0015,2022-10-27,0.0069,False,,
QI0000623,PO0004607,V0059,2022-09-26,0.0075,False,,
QI0000624,PO0005245,V0065,2026-09-17,0.0053,False,,
QI0000625,PO0005370,V0066,2024-06-11,0.0159,False,,
QI0000626,PO0003025,V0041,2025-03-25,0.0157,False,,
QI0000627,PO0000556,V0006,2026-06-27,0.0201,False,,
QI0000628,PO0004060,V0054,2024-04-09,0.0072,False,,
QI0000629,PO0004304,V0056,2024-01-18,0.0108,False,,
QI0000630,PO0002703,V0036,2023-08-01,0.0061,False,,
QI0000631,PO0003675,V0050,2022-05-01,0.032,True,Cosmetic defect,11.0
QI0000632,PO0003897,V0053,2025-01-17,0.0,False,,
QI0000633,PO0001670,V0022,2023-09-28,0.0192,False,,
QI0000634,PO0001398,V0016,2025-08-17,0.0123,False,,
QI0000635,PO0004532,V0058,2025-04-17,0.0517,False,,
QI0000636,PO0005369,V0066,2024-06-03,0.014,False,,
QI0000637,PO0000152,V0003,2024-08-07,0.0211,False,,
QI0000638,PO0001778,V0022,2025-08-10,0.0104,False,,
QI0000639,PO0004699,V0059,2024-10-10,0.0689,True,Functional failure,48.0
QI0000640,PO0004568,V0058,2026-01-17,0.029,False,,
QI0000641,PO0004943,V0064,2023-05-09,0.0061,False,,
QI0000642,PO0001644,V0022,2023-04-07,0.007,False,,
QI0000643,PO0004982,V0064,2025-08-01,0.0409,False,,
QI0000644,PO0003414,V0046,2024-11-03,0.0103,False,,
QI0000645,PO0001210,V0015,2023-02-20,0.1527,True,Packaging damage,25.0
QI0000646,PO0002504,V0033,2025-06-16,0.0684,False,,
QI0000647,PO0002659,V0035,2026-06-28,0.0,False,,
QI0000648,PO0003946,V0053,2026-07-21,0.006,False,,
QI0000649,PO0003934,V0053,2026-01-24,0.0014,False,,
QI0000650,PO0001884,V0023,2025-07-01,0.0049,False,,
QI0000651,PO0001610,V0022,2022-08-21,0.0314,False,,
QI0000652,PO0001908,V0024,2022-08-23,0.007,False,,
QI0000653,PO0002663,V0036,2022-03-10,0.0062,False,,
QI0000654,PO0000765,V0010,2024-02-19,0.0898,True,Labeling/documentation error,12.0
QI0000655,PO0002866,V0038,2022-08-01,0.0,False,,
QI0000656,PO0000492,V0006,2022-08-07,0.03,False,,
QI0000657,PO0004487,V0058,2024-08-25,0.0264,False,,
QI0000658,PO0000472,V0005,2026-04-10,0.0624,True,Dimensional deviation,23.0
QI0000659,PO0004394,V0058,2022-09-16,0.0193,False,,
QI0000660,PO0002816,V0037,2023-10-31,0.032,False,,
QI0000661,PO0005443,V0066,2026-03-05,0.0231,False,,
QI0000662,PO0003337,V0045,2025-08-05,0.0785,True,Functional failure,2.0
QI0000663,PO0003201,V0043,2025-07-22,0.0011,False,,
QI0000664,PO0000252,V0004,2025-08-01,0.0049,False,,
QI0000665,PO0000186,V0003,2025-12-27,0.0359,False,,
QI0000666,PO0001534,V0021,2024-04-23,0.0,False,,
QI0000667,PO0003014,V0041,2024-12-25,0.0044,False,,
QI0000668,PO0004270,V0055,2026-06-04,0.0234,False,,
QI0000669,PO0000228,V0004,2023-12-20,0.0054,False,,
QI0000670,PO0004021,V0054,2023-04-15,0.0023,False,,
QI0000671,PO0001075,V0013,2024-03-15,0.0024,False,,
QI0000672,PO0000979,V0012,2024-12-20,0.0027,False,,
QI0000673,PO0003086,V0042,2022-09-30,0.0122,False,,
QI0000674,PO0005161,V0065,2025-01-16,0.0016,False,,
QI0000675,PO0000784,V0010,2025-04-24,0.0494,False,,
QI0000676,PO0002227,V0028,2025-04-21,0.0117,False,,
QI0000677,PO0000811,V0011,2022-06-16,0.0312,False,,
QI0000678,PO0005681,V0068,2025-11-23,0.0266,False,,
QI0000679,PO0004167,V0054,2026-07-05,0.0026,False,,
QI0000680,PO0004524,V0058,2025-02-17,0.0293,False,,
QI0000681,PO0000697,V0009,2024-09-21,0.055,True,Packaging damage,18.0
QI0000682,PO0000293,V0005,2022-07-07,0.0518,True,Dimensional deviation,17.0
QI0000683,PO0002132,V0028,2023-09-11,0.0069,False,,
QI0000684,PO0000550,V0006,2025-12-13,0.0272,False,,
QI0000685,PO0004075,V0054,2024-07-14,0.0045,False,,
QI0000686,PO0004968,V0064,2024-09-10,0.0521,False,,
QI0000687,PO0004358,V0057,2023-03-10,0.0267,False,,
QI0000688,PO0005169,V0065,2025-02-06,0.0018,False,,
QI0000689,PO0002054,V0027,2026-05-28,0.0209,False,,
QI0000690,PO0002084,V0028,2022-10-16,0.0063,False,,
QI0000691,PO0004305,V0056,2024-01-25,0.0201,False,,
QI0000692,PO0004824,V0061,2024-07-27,0.0019,False,,
QI0000693,PO0001351,V0016,2022-04-07,0.0223,False,,
QI0000694,PO0004550,V0058,2025-09-05,0.0748,True,Functional failure,11.0
QI0000695,PO0004122,V0054,2025-06-29,0.0038,False,,
QI0000696,PO0002343,V0030,2026-01-11,0.0053,False,,
QI0000697,PO0002178,V0028,2024-05-16,0.012,False,,
QI0000698,PO0001455,V0019,2023-12-30,0.0041,False,,
QI0000699,PO0004386,V0058,2022-06-27,0.0,False,,
QI0000700,PO0001110,V0013,2025-08-25,0.0053,False,,
QI0000701,PO0005240,V0065,2026-07-16,0.0038,False,,
QI0000702,PO0004857,V0062,2023-09-10,0.0045,False,,
QI0000703,PO0000614,V0008,2023-01-08,0.042,False,,
QI0000704,PO0003730,V0050,2025-06-09,0.0289,False,,
QI0000705,PO0005287,V0066,2022-11-21,0.0249,False,,
QI0000706,PO0002992,V0041,2023-12-27,0.0211,False,,
QI0000707,PO0001761,V0022,2025-05-01,0.0336,False,,
QI0000708,PO0000916,V0012,2022-06-22,0.0027,False,,
QI0000709,PO0000506,V0006,2023-05-19,0.0123,False,,
QI0000710,PO0005597,V0068,2023-12-15,0.0909,True,Dimensional deviation,19.0
QI0000711,PO0001742,V0022,2025-01-29,0.0203,False,,
QI0000712,PO0004916,V0064,2022-03-04,0.0499,True,Functional failure,6.0
QI0000713,PO0002277,V0028,2026-06-05,0.0089,False,,
QI0000714,PO0005311,V0066,2023-04-14,0.0228,False,,
QI0000715,PO0001262,V0015,2024-07-07,0.073,True,Contamination,9.0
QI0000716,PO0003625,V0048,2026-04-05,0.002,False,,
QI0000717,PO0003545,V0048,2023-02-25,0.0002,False,,
QI0000718,PO0003319,V0045,2025-01-16,0.0306,False,,
QI0000719,PO0000107,V0003,2022-10-27,0.0286,False,,
QI0000720,PO0004854,V0062,2023-05-07,0.0014,False,,
QI0000721,PO0004985,V0064,2025-09-20,0.0323,False,,
QI0000722,PO0003435,V0046,2026-02-02,0.0212,False,,
QI0000723,PO0002577,V0035,2022-11-02,0.0,False,,
QI0000724,PO0005213,V0065,2025-11-27,0.0033,False,,
QI0000725,PO0003633,V0048,2026-07-25,0.0024,False,,
QI0000726,PO0002421,V0033,2022-07-18,0.0495,False,,
QI0000727,PO0002699,V0036,2023-06-13,0.0083,False,,
QI0000728,PO0002688,V0036,2023-01-07,0.0,False,,
QI0000729,PO0005095,V0065,2023-12-09,0.0045,False,,
QI0000730,PO0003457,V0047,2022-08-06,0.023,False,,
QI0000731,PO0004998,V0064,2026-03-28,0.0389,False,,
QI0000732,PO0002868,V0038,2022-09-03,0.0464,True,Cosmetic defect,44.0
QI0000733,PO0001515,V0021,2022-04-24,0.0234,False,,
QI0000734,PO0001220,V0015,2023-06-05,0.1193,True,Functional failure,12.0
QI0000735,PO0003542,V0048,2022-12-05,0.0049,False,,
QI0000736,PO0000806,V0011,2022-04-18,0.0,False,,
QI0000737,PO0000417,V0005,2025-02-01,0.0463,False,,
QI0000738,PO0000692,V0009,2024-07-30,0.0531,True,Packaging damage,19.0
QI0000739,PO0001169,V0015,2022-02-19,0.0362,False,,
QI0000740,PO0002202,V0028,2024-10-22,0.0056,False,,
QI0000741,PO0000565,V0007,2022-09-14,0.006,False,,
QI0000742,PO0000479,V0005,2026-07-13,0.0221,False,,
QI0000743,PO0002760,V0036,2025-05-29,0.0153,False,,
QI0000744,PO0001412,V0016,2026-08-05,0.0068,False,,
QI0000745,PO0000180,V0003,2025-11-06,0.0207,False,,
QI0000746,PO0001893,V0023,2025-11-25,0.0033,False,,
QI0000747,PO0000143,V0003,2024-04-21,0.0435,False,,
QI0000748,PO0001514,V0021,2022-03-13,0.0217,False,,
QI0000749,PO0005761,V0070,2026-02-07,0.019,False,,
QI0000750,PO0004406,V0058,2023-02-07,0.0244,False,,
QI0000751,PO0003621,V0048,2026-02-17,0.0049,False,,
QI0000752,PO0005524,V0068,2022-07-11,0.0533,True,Labeling/documentation error,12.0
QI0000753,PO0000606,V0008,2022-06-28,0.0723,True,Cosmetic defect,6.0
QI0000754,PO0003781,V0051,2025-04-04,0.0035,False,,
QI0000755,PO0004482,V0058,2024-07-19,0.0387,False,,
QI0000756,PO0000094,V0003,2022-04-11,0.0363,False,,
QI0000757,PO0001243,V0015,2024-02-27,0.0807,True,Functional failure,9.0
QI0000758,PO0004146,V0054,2026-01-04,0.004,False,,
QI0000759,PO0000498,V0006,2023-01-11,0.01,False,,
QI0000760,PO0003143,V0042,2024-12-03,0.0147,False,,
QI0000761,PO0005642,V0068,2025-01-21,0.0309,False,,
QI0000762,PO0002689,V0036,2023-01-25,0.0098,False,,
QI0000763,PO0001919,V0024,2024-01-26,0.0041,False,,
QI0000764,PO0000722,V0009,2026-01-05,0.0395,False,,
QI0000765,PO0005450,V0066,2026-05-23,0.0192,False,,
QI0000766,PO0003788,V0051,2025-11-18,0.0033,False,,
QI0000767,PO0002571,V0035,2022-08-17,0.0039,False,,
QI0000768,PO0003560,V0048,2023-11-14,0.0038,False,,
QI0000769,PO0000473,V0005,2026-04-20,0.0244,False,,
QI0000770,PO0001159,V0014,2025-11-05,0.0117,False,,
QI0000771,PO0005043,V0065,2022-12-18,0.0029,False,,
QI0000772,PO0002705,V0036,2023-08-23,0.0122,False,,
QI0000773,PO0000813,V0011,2022-07-26,0.0561,False,,
QI0000774,PO0000111,V0003,2022-12-12,0.0325,False,,
QI0000775,PO0000474,V0005,2026-05-20,0.099,True,Labeling/documentation error,17.0
QI0000776,PO0002895,V0039,2022-11-22,0.0382,True,Cosmetic defect,10.0
QI0000777,PO0003323,V0045,2025-02-08,0.0624,False,,
QI0000778,PO0003701,V0050,2024-02-19,0.0342,False,,
QI0000779,PO0003354,V0045,2025-12-28,0.0476,False,,
QI0000780,PO0005555,V0068,2023-03-17,0.126,True,Packaging damage,14.0
QI0000781,PO0001375,V0016,2024-03-02,0.0127,False,,
QI0000782,PO0000878,V0011,2025-07-16,0.0838,True,Contamination,7.0
QI0000783,PO0004646,V0059,2023-09-06,0.0671,True,Packaging damage,6.0
QI0000784,PO0003642,V0049,2023-03-23,0.002,False,,
QI0000785,PO0000273,V0005,2022-02-07,0.0834,True,Labeling/documentation error,8.0
QI0000786,PO0002315,V0029,2025-09-08,0.0132,False,,
QI0000787,PO0000337,V0005,2023-04-22,0.0475,False,,
QI0000788,PO0005646,V0068,2025-02-21,0.0341,False,,
QI0000789,PO0001671,V0022,2023-10-18,0.0155,False,,
QI0000790,PO0001026,V0013,2022-05-14,0.0031,False,,
QI0000791,PO0000626,V0008,2024-05-30,0.0405,False,,
QI0000792,PO0004328,V0056,2025-03-15,0.0165,False,,
QI0000793,PO0005307,V0066,2023-03-27,0.0,False,,
QI0000794,PO0001505,V0020,2025-12-21,0.0658,False,,
QI0000795,PO0001162,V0014,2025-12-23,0.0115,False,,
QI0000796,PO0003129,V0042,2024-07-01,0.0,False,,
QI0000797,PO0000933,V0012,2023-02-26,0.0028,False,,
QI0000798,PO0000487,V0006,2022-05-15,0.0271,False,,
QI0000799,PO0003612,V0048,2025-11-06,0.0042,False,,
QI0000800,PO0003266,V0045,2022-10-06,0.0353,False,,
QI0000801,PO0000725,V0009,2026-03-17,0.0361,False,,
QI0000802,PO0000766,V0010,2024-02-22,0.1559,True,Contamination,23.0
QI0000803,PO0000287,V0005,2022-05-27,0.1242,True,Dimensional deviation,15.0
QI0000804,PO0004739,V0059,2025-09-25,0.0914,True,Labeling/documentation error,31.0
QI0000805,PO0001173,V0015,2022-03-22,0.1256,True,Contamination,11.0
QI0000806,PO0003968,V0054,2022-07-05,0.0021,False,,
QI0000807,PO0001821,V0022,2026-05-20,0.0011,False,,
QI0000808,PO0000255,V0004,2025-09-02,0.0098,False,,
QI0000809,PO0004759,V0059,2026-01-27,0.0912,True,Cosmetic defect,10.0
QI0000810,PO0001731,V0022,2024-11-09,0.0086,False,,
QI0000811,PO0003264,V0045,2022-09-19,0.0569,True,Packaging damage,31.0
QI0000812,PO0005204,V0065,2025-08-31,0.0054,False,,
QI0000813,PO0005225,V0065,2026-03-13,0.006,False,,
QI0000814,PO0003426,V0046,2025-09-13,0.0041,False,,
QI0000815,PO0005638,V0068,2024-12-05,0.0546,True,Functional failure,10.0
QI0000816,PO0002918,V0039,2025-12-14,0.0484,True,Cosmetic defect,12.0
QI0000817,PO0003887,V0053,2024-06-23,0.0025,False,,
QI0000818,PO0003185,V0042,2026-06-25,0.0,False,,
QI0000819,PO0004891,V0062,2026-04-13,0.0055,False,,
QI0000820,PO0004035,V0054,2023-08-03,0.0047,False,,
QI0000821,PO0004140,V0054,2025-11-28,0.0042,False,,
QI0000822,PO0005767,V0070,2026-08-01,0.0213,False,,
QI0000823,PO0000712,V0009,2025-07-18,0.0961,True,Cosmetic defect,8.0
QI0000824,PO0002587,V0035,2023-04-11,0.0013,False,,
QI0000825,PO0005432,V0066,2026-01-29,0.0535,True,Contamination,14.0
QI0000826,PO0001058,V0013,2023-03-06,0.0042,False,,
QI0000827,PO0003899,V0053,2025-03-25,0.0003,False,,
QI0000828,PO0000738,V0010,2022-08-15,0.0784,True,Functional failure,16.0
QI0000829,PO0002400,V0032,2025-02-24,0.0044,False,,
QI0000830,PO0003604,V0048,2025-10-11,0.0009,False,,
QI0000831,PO0004319,V0056,2024-09-17,0.012,False,,
QI0000832,PO0001323,V0015,2025-11-20,0.0505,False,,
QI0000833,PO0004937,V0064,2023-01-15,0.0296,False,,
QI0000834,PO0005577,V0068,2023-08-14,0.1577,True,Cosmetic defect,6.0
QI0000835,PO0003011,V0041,2024-11-01,0.0,False,,
QI0000836,PO0003758,V0050,2026-08-02,0.0217,False,,
QI0000837,PO0005355,V0066,2024-02-23,0.0187,False,,
QI0000838,PO0004440,V0058,2023-07-14,0.037,False,,
QI0000839,PO0005431,V0066,2025-12-25,0.0347,False,,
QI0000840,PO0005038,V0065,2022-12-15,0.0057,False,,
QI0000841,PO0001118,V0013,2025-11-18,0.0042,False,,
QI0000842,PO0003785,V0051,2025-07-31,0.004,False,,
QI0000843,PO0002198,V0028,2024-10-07,0.0142,False,,
QI0000844,PO0000072,V0002,2024-08-03,0.0094,False,,
QI0000845,PO0004400,V0058,2022-12-03,0.0231,False,,
QI0000846,PO0001895,V0023,2026-02-17,0.0103,False,,
QI0000847,PO0001804,V0022,2026-01-19,0.0195,False,,
QI0000848,PO0005585,V0068,2023-09-27,0.0,False,,
QI0000849,PO0003324,V0045,2025-02-13,0.0245,False,,
QI0000850,PO0002285,V0029,2023-01-23,0.0113,False,,
QI0000851,PO0001472,V0020,2022-08-04,0.0382,False,,
QI0000852,PO0005062,V0065,2023-03-26,0.003,False,,
QI0000853,PO0000229,V0004,2024-01-22,0.0435,True,Functional failure,13.0
QI0000854,PO0002686,V0036,2022-12-08,0.0065,False,,
QI0000855,PO0001722,V0022,2024-08-22,0.0142,False,,
QI0000856,PO0001863,V0023,2024-04-08,0.0032,False,,
QI0000857,PO0005081,V0065,2023-07-31,0.0044,False,,
QI0000858,PO0003932,V0053,2026-01-04,0.0045,False,,
QI0000859,PO0005512,V0068,2022-03-29,0.092,True,Dimensional deviation,20.0
QI0000860,PO0003659,V0049,2025-11-13,0.0157,False,,
QI0000861,PO0004041,V0054,2023-09-29,0.0029,False,,
QI0000862,PO0003162,V0042,2025-06-02,0.0134,False,,
QI0000863,PO0000018,V0001,2023-08-18,0.0038,False,,
QI0000864,PO0000048,V0002,2022-09-13,0.0055,False,,
QI0000865,PO0004047,V0054,2024-01-29,0.0036,False,,
QI0000866,PO0004996,V0064,2026-03-15,0.02,False,,
QI0000867,PO0004384,V0058,2022-07-27,0.002,False,,
QI0000868,PO0000444,V0005,2025-10-22,0.0885,True,Packaging damage,38.0
QI0000869,PO0001085,V0013,2024-09-01,0.005,False,,
QI0000870,PO0000038,V0001,2026-06-01,0.0034,False,,
QI0000871,PO0002946,V0041,2022-03-06,0.0126,False,,
QI0000872,PO0003919,V0053,2025-08-18,0.0072,False,,
QI0000873,PO0002928,V0040,2023-05-05,0.0759,False,,
QI0000874,PO0004881,V0062,2025-05-19,0.0009,False,,
QI0000875,PO0002119,V0028,2023-07-06,0.007,False,,
QI0000876,PO0005419,V0066,2025-09-06,0.0357,False,,
QI0000877,PO0004535,V0058,2025-06-13,0.0809,True,Contamination,11.0
QI0000878,PO0000731,V0009,2026-06-12,0.0567,False,,
QI0000879,PO0001621,V0022,2022-11-09,0.0306,False,,
QI0000880,PO0001076,V0013,2024-02-03,0.0067,False,,
QI0000881,PO0004610,V0059,2022-10-14,0.0972,True,Packaging damage,13.0
QI0000882,PO0002099,V0028,2023-02-25,0.0123,False,,
QI0000883,PO0004403,V0058,2022-12-15,0.0662,True,Functional failure,10.0
QI0000884,PO0000849,V0011,2024-04-28,0.0687,True,Contamination,58.0
QI0000885,PO0001701,V0022,2024-05-18,0.011,False,,
QI0000886,PO0002466,V0033,2024-02-24,0.0359,False,,
QI0000887,PO0005641,V0068,2025-01-19,0.0906,True,Cosmetic defect,27.0
QI0000888,PO0002145,V0028,2023-11-04,0.0134,False,,
QI0000889,PO0001875,V0023,2024-12-25,0.0072,False,,
QI0000890,PO0003117,V0042,2024-01-12,0.0131,False,,
QI0000891,PO0002345,V0031,2022-04-10,0.0151,False,,
QI0000892,PO0001174,V0015,2022-04-05,0.1011,True,Cosmetic defect,13.0
QI0000893,PO0004514,V0058,2024-12-26,0.0294,False,,
QI0000894,PO0002100,V0028,2023-03-07,0.0127,False,,
QI0000895,PO0000089,V0002,2026-07-18,0.0143,False,,
QI0000896,PO0003078,V0042,2022-06-16,0.0099,False,,
QI0000897,PO0000777,V0010,2024-10-20,0.046,True,Cosmetic defect,8.0
QI0000898,PO0005458,V0066,2026-06-29,0.038,False,,
QI0000899,PO0000184,V0003,2026-01-07,0.0162,False,,
QI0000900,PO0002723,V0036,2024-05-31,0.0053,False,,
QI0000901,PO0005483,V0067,2025-04-18,0.007,False,,
QI0000902,PO0003356,V0045,2026-01-16,0.0263,False,,
QI0000903,PO0003826,V0053,2022-09-08,0.0051,False,,
QI0000904,PO0005085,V0065,2023-08-17,0.0031,False,,
QI0000905,PO0000735,V0010,2022-04-12,0.0767,True,Cosmetic defect,11.0
QI0000906,PO0004602,V0059,2022-08-28,0.0551,False,,
QI0000907,PO0003065,V0041,2026-07-07,0.0313,False,,
QI0000908,PO0000145,V0003,2024-04-24,0.0359,False,,
QI0000909,PO0003334,V0045,2025-06-28,0.0446,False,,
QI0000910,PO0000446,V0005,2025-09-19,0.0697,True,Dimensional deviation,29.0
QI0000911,PO0005649,V0068,2025-04-26,0.0479,False,,
QI0000912,PO0005545,V0068,2023-01-11,0.0745,True,Dimensional deviation,30.0
QI0000913,PO0000355,V0005,2023-07-25,0.0587,True,Packaging damage,8.0
QI0000914,PO0004713,V0059,2025-01-21,0.1506,True,Labeling/documentation error,21.0
QI0000915,PO0005298,V0066,2023-02-11,0.0167,False,,
QI0000916,PO0004807,V0060,2026-05-14,0.0247,False,,
QI0000917,PO0002804,V0037,2022-10-31,0.0129,False,,
QI0000918,PO0000486,V0006,2022-05-05,0.0402,False,,
QI0000919,PO0005196,V0065,2025-07-09,0.0043,False,,
QI0000920,PO0000453,V0005,2025-11-10,0.0551,False,,
QI0000921,PO0002788,V0037,2022-03-08,0.0183,False,,
QI0000922,PO0003257,V0045,2022-06-29,0.0543,True,Cosmetic defect,0.0
QI0000923,PO0003540,V0048,2022-11-04,0.0018,False,,
QI0000924,PO0004871,V0062,2024-11-17,0.0042,False,,
QI0000925,PO0004680,V0059,2024-05-01,0.0739,True,Cosmetic defect,36.0
QI0000926,PO0000031,V0001,2025-04-22,0.0044,False,,
QI0000927,PO0003465,V0047,2022-11-25,0.0196,False,,
QI0000928,PO0001984,V0026,2023-05-14,0.0001,False,,
QI0000929,PO0005444,V0066,2026-03-14,0.0422,False,,
QI0000930,PO0004964,V0064,2024-07-22,0.0107,False,,
QI0000931,PO0003656,V0049,2025-03-15,0.0016,False,,
QI0000932,PO0001298,V0015,2025-06-15,0.0986,True,Packaging damage,7.0
QI0000933,PO0004923,V0064,2022-06-22,0.0258,False,,
QI0000934,PO0001047,V0013,2022-11-30,0.0053,False,,
QI0000935,PO0002371,V0031,2025-06-23,0.0046,False,,
QI0000936,PO0004918,V0064,2022-05-02,0.0209,False,,
QI0000937,PO0004103,V0054,2025-01-17,0.0039,False,,
QI0000938,PO0002005,V0026,2025-07-16,0.0044,False,,
QI0000939,PO0001282,V0015,2024-12-04,0.0399,False,,
QI0000940,PO0000101,V0003,2022-09-20,0.0248,False,,
QI0000941,PO0003671,V0050,2022-03-05,0.0159,False,,
QI0000942,PO0003772,V0051,2024-05-21,0.0071,False,,
QI0000943,PO0005170,V0065,2025-02-13,0.0039,False,,
QI0000944,PO0002964,V0041,2022-12-11,0.0124,False,,
QI0000945,PO0003616,V0048,2025-12-12,0.004,False,,
QI0000946,PO0003460,V0047,2022-08-21,0.0263,False,,
QI0000947,PO0001502,V0020,2025-11-14,0.0895,True,Cosmetic defect,9.0
QI0000948,PO0002518,V0033,2026-03-10,0.0538,False,,
QI0000949,PO0003108,V0042,2023-08-09,0.0048,False,,
QI0000950,PO0001452,V0019,2023-07-26,0.0014,False,,
QI0000951,PO0004050,V0054,2024-02-11,0.0031,False,,
QI0000952,PO0002446,V0033,2023-04-14,0.0618,True,Cosmetic defect,13.0
QI0000953,PO0000904,V0012,2022-03-07,0.0046,False,,
QI0000954,PO0005532,V0068,2022-09-09,0.0513,False,,
QI0000955,PO0000110,V0003,2022-12-17,0.0204,False,,
QI0000956,PO0004012,V0054,2023-02-24,0.0016,False,,
QI0000957,PO0002472,V0033,2024-05-08,0.0179,False,,
QI0000958,PO0003976,V0054,2022-07-23,0.0041,False,,
QI0000959,PO0001818,V0022,2026-05-12,0.024,False,,
QI0000960,PO0004841,V0062,2022-05-21,0.0043,False,,
QI0000961,PO0001667,V0022,2023-09-06,0.0091,False,,
QI0000962,PO0004405,V0058,2023-01-02,0.0038,False,,
QI0000963,PO0000808,V0011,2022-05-22,0.0522,False,,
QI0000964,PO0001612,V0022,2022-08-14,0.0068,False,,
QI0000965,PO0004834,V0062,2022-01-28,0.0006,False,,
QI0000966,PO0005631,V0068,2024-09-28,0.0125,False,,
QI0000967,PO0001892,V0023,2025-11-13,0.0194,False,,
QI0000968,PO0005293,V0066,2023-01-17,0.0142,False,,
QI0000969,PO0003260,V0045,2022-08-01,0.0265,False,,
QI0000970,PO0005632,V0068,2024-10-28,0.0462,False,,
QI0000971,PO0005475,V0067,2024-04-14,0.0125,False,,
QI0000972,PO0005446,V0066,2026-04-19,0.0368,False,,
QI0000973,PO0001832,V0022,2026-07-24,0.0341,False,,
QI0000974,PO0005756,V0070,2025-06-25,0.0422,False,,
QI0000975,PO0002549,V0034,2024-11-20,0.0029,False,,
QI0000976,PO0003215,V0044,2022-08-02,0.003,False,,
QI0000977,PO0001774,V0022,2025-08-30,0.0233,False,,
QI0000978,PO0001489,V0020,2024-04-06,0.0903,True,Packaging damage,24.0
QI0000979,PO0005421,V0066,2025-10-01,0.0159,False,,
QI0000980,PO0004619,V0059,2022-12-03,0.032,False,,
QI0000981,PO0001296,V0015,2025-04-28,0.0545,False,,
QI0000982,PO0005078,V0065,2023-07-25,0.0016,False,,
QI0000983,PO0003574,V0048,2024-05-31,0.0026,False,,
QI0000984,PO0005490,V0067,2025-06-13,0.0098,False,,
QI0000985,PO0002448,V0033,2023-04-15,0.0332,True,Labeling/documentation error,5.0
QI0000986,PO0001510,V0020,2026-05-08,0.0682,True,Cosmetic defect,24.0
QI0000987,PO0001200,V0015,2022-11-21,0.0638,False,,
QI0000988,PO0003783,V0051,2025-05-31,0.0041,False,,
QI0000989,PO0000810,V0011,2022-06-12,0.0474,True,Packaging damage,7.0
QI0000990,PO0000064,V0002,2023-10-23,0.0053,False,,
QI0000991,PO0002367,V0031,2025-06-04,0.0078,False,,
QI0000992,PO0003847,V0053,2023-04-12,0.0015,False,,
QI0000993,PO0003945,V0053,2026-07-17,0.0034,False,,
QI0000994,PO0003672,V0050,2022-03-29,0.0242,False,,
QI0000995,PO0000309,V0005,2022-10-14,0.0551,False,,
QI0000996,PO0000743,V0010,2022-11-26,0.0023,False,,
QI0000997,PO0005693,V0068,2026-03-31,0.1229,True,Functional failure,22.0
QI0000998,PO0003993,V0054,2022-10-09,0.001,False,,
QI0000999,PO0005674,V0068,2025-10-19,0.1142,True,Functional failure,24.0
QI0001000,PO0001182,V0015,2022-07-20,0.0329,True,Dimensional deviation,39.0
QI0001001,PO0004449,V0058,2023-10-19,0.0417,False,,
QI0001002,PO0005436,V0066,2026-01-14,0.013,False,,
QI0001003,PO0001050,V0013,2022-12-20,0.002,False,,
QI0001004,PO0000264,V0004,2026-05-24,0.0443,False,,
QI0001005,PO0004518,V0058,2025-01-30,0.0609,True,Dimensional deviation,20.0
QI0001006,PO0004094,V0054,2024-11-23,0.0048,False,,
QI0001007,PO0005373,V0066,2024-07-02,0.0125,False,,
QI0001008,PO0005322,V0066,2023-06-25,0.0011,False,,
QI0001009,PO0002478,V0033,2024-07-18,0.0324,False,,
QI0001010,PO0000234,V0004,2024-06-25,0.0226,False,,
QI0001011,PO0003205,V0043,2026-02-19,0.0043,False,,
QI0001012,PO0002457,V0033,2023-09-14,0.0393,False,,
QI0001013,PO0004794,V0060,2024-10-08,0.0167,False,,
QI0001014,PO0002771,V0036,2026-01-03,0.0095,False,,
QI0001015,PO0005718,V0069,2024-07-13,0.0047,False,,
QI0001016,PO0005073,V0065,2023-06-04,0.0017,False,,
QI0001017,PO0003209,V0043,2026-04-08,0.0054,False,,
QI0001018,PO0001633,V0022,2023-01-26,0.0203,False,,
QI0001019,PO0002938,V0040,2024-05-21,0.0393,False,,
QI0001020,PO0001850,V0023,2023-04-30,0.0155,False,,
QI0001021,PO0005412,V0066,2025-07-15,0.0158,False,,
QI0001022,PO0002293,V0029,2023-11-06,0.0131,False,,
QI0001023,PO0002169,V0028,2024-04-10,0.0054,False,,
QI0001024,PO0005711,V0069,2023-06-10,0.0179,False,,
QI0001025,PO0001184,V0015,2022-06-25,0.0369,False,,
QI0001026,PO0005762,V0070,2026-01-29,0.0125,False,,
QI0001027,PO0003605,V0048,2025-08-28,0.002,False,,
QI0001028,PO0000830,V0011,2023-01-26,0.0286,False,,
QI0001029,PO0003956,V0054,2022-04-10,0.0013,False,,
QI0001030,PO0000439,V0005,2025-08-21,0.1191,True,Functional failure,22.0
QI0001031,PO0004592,V0059,2022-03-18,0.0867,True,Functional failure,24.0
QI0001032,PO0001666,V0022,2023-09-02,0.0233,False,,
QI0001033,PO0005122,V0065,2024-05-20,0.0047,False,,
QI0001034,PO0000926,V0012,2022-10-04,0.0025,False,,
QI0001035,PO0003607,V0048,2025-09-06,0.0053,False,,
QI0001036,PO0001488,V0020,2024-04-13,0.042,False,,
QI0001037,PO0002645,V0035,2025-09-26,0.0026,False,,
QI0001038,PO0003131,V0042,2024-08-06,0.008,False,,
QI0001039,PO0003009,V0041,2024-10-19,0.0255,False,,
QI0001040,PO0004438,V0058,2023-07-18,0.0,False,,
QI0001041,PO0000945,V0012,2023-10-09,0.0054,False,,
QI0001042,PO0004586,V0058,2026-08-09,0.1232,True,Functional failure,14.0
QI0001043,PO0004762,V0059,2026-03-06,0.1039,True,Packaging damage,9.0
QI0001044,PO0000013,V0001,2023-05-08,0.003,False,,
QI0001045,PO0004190,V0055,2022-10-05,0.0245,False,,
QI0001046,PO0000643,V0008,2026-06-02,0.1002,True,Labeling/documentation error,17.0
QI0001047,PO0001104,V0013,2025-05-21,0.004,False,,
QI0001048,PO0001236,V0015,2023-11-17,0.1255,True,Cosmetic defect,4.0
QI0001049,PO0005041,V0065,2023-01-15,0.0013,False,,
QI0001050,PO0002237,V0028,2025-07-14,0.0,False,,
QI0001051,PO0003687,V0050,2023-05-15,0.0133,False,,
QI0001052,PO0002095,V0028,2023-01-28,0.0119,False,,
QI0001053,PO0000654,V0009,2022-07-19,0.0419,False,,
QI0001054,PO0000430,V0005,2025-05-03,0.0478,False,,
QI0001055,PO0002630,V0035,2024-12-29,0.0027,False,,
QI0001056,PO0001457,V0019,2024-04-02,0.0053,False,,
QI0001057,PO0002324,V0030,2022-03-19,0.0058,False,,
QI0001058,PO0003908,V0053,2025-05-24,0.002,False,,
QI0001059,PO0001187,V0015,2022-08-05,0.0541,False,,
QI0001060,PO0002340,V0030,2025-08-07,0.0093,False,,
QI0001061,PO0000839,V0011,2023-10-23,0.049,False,,
QI0001062,PO0001468,V0020,2022-03-06,0.0967,True,Contamination,17.0
QI0001063,PO0005146,V0065,2024-10-23,0.0007,False,,
QI0001064,PO0001766,V0022,2025-05-16,0.0344,False,,
QI0001065,PO0003890,V0053,2024-10-16,0.0023,False,,
QI0001066,PO0000857,V0011,2024-09-03,0.0551,True,Contamination,27.0
QI0001067,PO0004779,V0060,2022-11-08,0.0191,False,,
QI0001068,PO0002158,V0028,2024-01-31,0.0141,False,,
QI0001069,PO0004111,V0054,2025-04-07,0.0032,False,,
QI0001070,PO0004559,V0058,2025-11-22,0.0,False,,
QI0001071,PO0001653,V0022,2023-07-14,0.0188,False,,
QI0001072,PO0000694,V0009,2024-07-15,0.0132,False,,
QI0001073,PO0003195,V0043,2023-04-28,0.0022,False,,
QI0001074,PO0001868,V0023,2024-06-19,0.0117,False,,
QI0001075,PO0000288,V0005,2022-06-29,0.0563,True,Packaging damage,35.0
QI0001076,PO0003154,V0042,2025-04-21,0.0198,False,,
QI0001077,PO0001789,V0022,2025-10-11,0.0444,True,Packaging damage,19.0
QI0001078,PO0002639,V0035,2025-05-13,0.0027,False,,
QI0001079,PO0003403,V0046,2024-02-15,0.0274,False,,
QI0001080,PO0003907,V0053,2025-04-28,0.0025,False,,
QI0001081,PO0002349,V0031,2023-01-05,0.0082,False,,
QI0001082,PO0004777,V0060,2022-06-18,0.0831,True,Labeling/documentation error,12.0
QI0001083,PO0001913,V0024,2023-01-10,0.0121,False,,
QI0001084,PO0004300,V0056,2023-09-12,0.0225,False,,
QI0001085,PO0000211,V0004,2022-10-26,0.0224,False,,
QI0001086,PO0002898,V0039,2023-02-16,0.0397,False,,
QI0001087,PO0004420,V0058,2023-03-01,0.0458,False,,
QI0001088,PO0001780,V0022,2025-08-25,0.0124,False,,
QI0001089,PO0005068,V0065,2023-05-04,0.0023,False,,
QI0001090,PO0002319,V0029,2026-04-12,0.0,False,,
QI0001091,PO0002192,V0028,2024-08-28,0.0152,False,,
QI0001092,PO0004356,V0057,2022-10-24,0.0,False,,
QI0001093,PO0002410,V0033,2022-02-07,0.0267,False,,
QI0001094,PO0001819,V0022,2026-05-12,0.044,False,,
QI0001095,PO0004152,V0054,2026-03-05,0.0051,False,,
QI0001096,PO0003054,V0041,2026-01-10,0.018,False,,
QI0001097,PO0003663,V0049,2026-02-28,0.0053,False,,
QI0001098,PO0005493,V0067,2025-08-06,0.0056,False,,
QI0001099,PO0005637,V0068,2025-01-01,0.0286,False,,
QI0001100,PO0003298,V0045,2023-10-26,0.0396,False,,
QI0001101,PO0001938,V0025,2023-02-14,0.0027,False,,
QI0001102,PO0005615,V0068,2024-04-09,0.0117,False,,
QI0001103,PO0004183,V0055,2022-06-09,0.0558,True,Packaging damage,13.0
QI0001104,PO0004642,V0059,2023-07-25,0.02,False,,
QI0001105,PO0002949,V0041,2022-05-16,0.0284,False,,
QI0001106,PO0004582,V0058,2026-06-15,0.0717,True,Contamination,23.0
QI0001107,PO0002722,V0036,2024-05-12,0.0012,False,,
QI0001108,PO0002690,V0036,2023-02-04,0.0088,False,,
QI0001109,PO0004920,V0064,2022-05-18,0.0,False,,
QI0001110,PO0004148,V0054,2026-01-11,0.0032,False,,
QI0001111,PO0004960,V0064,2024-04-30,0.0654,True,Packaging damage,25.0
QI0001112,PO0004166,V0054,2026-06-20,0.0024,False,,
QI0001113,PO0004634,V0059,2023-05-02,0.0546,True,Dimensional deviation,2.0
QI0001114,PO0003212,V0043,2026-08-24,0.0025,False,,
QI0001115,PO0003269,V0045,2022-10-23,0.0365,False,,
QI0001116,PO0000253,V0004,2025-08-24,0.0099,False,,
QI0001117,PO0000351,V0005,2023-07-09,0.0986,True,Labeling/documentation error,29.0
QI0001118,PO0003238,V0044,2026-04-05,0.0078,False,,
QI0001119,PO0004673,V0059,2024-03-13,0.1662,True,Labeling/documentation error,12.0
QI0001120,PO0000458,V0005,2025-12-21,0.0462,False,,
QI0001121,PO0002945,V0040,2026-08-20,0.0771,True,Labeling/documentation error,17.0
QI0001122,PO0000480,V0005,2026-07-15,0.0522,True,Functional failure,30.0
QI0001123,PO0001942,V0025,2023-09-05,0.0275,False,,
QI0001124,PO0000799,V0010,2026-04-24,0.0256,False,,
QI0001125,PO0004018,V0054,2023-04-28,0.0052,False,,
QI0001126,PO0002603,V0035,2024-01-17,0.0052,False,,
QI0001127,PO0000027,V0001,2024-08-21,0.0053,False,,
QI0001128,PO0003024,V0041,2025-03-29,0.0435,False,,
QI0001129,PO0004337,V0056,2025-10-19,0.0232,False,,
QI0001130,PO0001481,V0020,2023-03-09,0.0121,False,,
QI0001131,PO0005344,V0066,2023-10-30,0.0287,False,,
QI0001132,PO0003297,V0045,2023-12-06,0.0529,False,,
QI0001133,PO0003587,V0048,2024-11-23,0.0048,False,,
QI0001134,PO0001408,V0016,2026-02-07,0.0125,False,,
QI0001135,PO0003317,V0045,2025-01-05,0.0696,True,Functional failure,22.0
QI0001136,PO0004957,V0064,2024-03-20,0.0075,False,,
QI0001137,PO0002700,V0036,2023-06-25,0.007,False,,
QI0001138,PO0005258,V0066,2022-05-04,0.0255,False,,
QI0001139,PO0005606,V0068,2024-01-14,0.1139,True,Packaging damage,34.0
QI0001140,PO0000608,V0008,2022-06-19,0.0347,False,,
QI0001141,PO0003787,V0051,2025-11-01,0.0073,False,,
QI0001142,PO0004388,V0058,2022-08-20,0.0141,False,,
QI0001143,PO0004740,V0059,2025-09-30,0.0264,False,,
QI0001144,PO0002348,V0031,2022-10-19,0.0165,False,,
QI0001145,PO0003909,V0053,2025-06-13,0.0066,False,,
QI0001146,PO0004666,V0059,2023-12-27,0.0846,True,Cosmetic defect,23.0
QI0001147,PO0005662,V0068,2025-07-25,0.0546,True,Packaging damage,16.0
QI0001148,PO0005701,V0068,2026-06-23,0.0705,True,Packaging damage,24.0
QI0001149,PO0000204,V0004,2022-04-23,0.0123,False,,
QI0001150,PO0000340,V0005,2023-04-29,0.0462,False,,
QI0001151,PO0005243,V0065,2026-08-29,0.0026,False,,
QI0001152,PO0004185,V0055,2022-06-25,0.0308,False,,
QI0001153,PO0000388,V0005,2024-05-31,0.0725,True,Packaging damage,1.0
QI0001154,PO0004369,V0057,2026-04-14,0.0304,True,Packaging damage,12.0
QI0001155,PO0003296,V0045,2023-10-21,0.0651,True,Functional failure,5.0
QI0001156,PO0002334,V0030,2024-04-23,0.0007,False,,
QI0001157,PO0004555,V0058,2025-11-12,0.0332,False,,
QI0001158,PO0003170,V0042,2025-08-30,0.0029,False,,
QI0001159,PO0004608,V0059,2022-10-10,0.0944,True,Labeling/documentation error,6.0
QI0001160,PO0002122,V0028,2023-07-13,0.0078,False,,
QI0001161,PO0002064,V0028,2022-06-28,0.0059,False,,
QI0001162,PO0001401,V0016,2025-09-18,0.0079,False,,
QI0001163,PO0001394,V0016,2025-07-16,0.0124,False,,
QI0001164,PO0000678,V0009,2023-10-02,0.0824,True,Functional failure,7.0
QI0001165,PO0001316,V0015,2025-10-21,0.0512,False,,
QI0001166,PO0001306,V0015,2025-09-10,0.0,False,,
QI0001167,PO0003989,V0054,2022-09-23,0.0052,False,,
QI0001168,PO0000062,V0002,2023-09-04,0.0107,False,,
QI0001169,PO0004790,V0060,2024-07-08,0.0336,False,,
QI0001170,PO0003868,V0053,2023-11-16,0.0024,False,,
QI0001171,PO0003236,V0044,2026-01-31,0.0123,False,,
QI0001172,PO0001894,V0023,2026-02-13,0.0026,False,,
QI0001173,PO0001195,V0015,2022-10-01,0.0732,False,,
QI0001174,PO0002961,V0041,2022-11-21,0.0283,False,,
QI0001175,PO0005224,V0065,2026-03-06,0.0038,False,,
QI0001176,PO0004621,V0059,2023-01-11,0.0,False,,
QI0001177,PO0003955,V0054,2022-03-25,0.0034,False,,
QI0001178,PO0004223,V0055,2024-01-26,0.0168,False,,
QI0001179,PO0004976,V0064,2025-02-09,0.035,False,,
QI0001180,PO0004688,V0059,2024-07-12,0.0709,True,Dimensional deviation,30.0
QI0001181,PO0004051,V0054,2024-02-10,0.0041,False,,
QI0001182,PO0000734,V0010,2022-02-17,0.0807,True,Functional failure,14.0
QI0001183,PO0003412,V0046,2024-07-28,0.0,False,,
QI0001184,PO0004371,V0057,2026-04-29,0.0386,False,,
QI0001185,PO0004895,V0062,2026-05-18,0.0,False,,
QI0001186,PO0001565,V0021,2025-11-22,0.0263,False,,
QI0001187,PO0004422,V0058,2023-05-10,0.0048,False,,
QI0001188,PO0000528,V0006,2024-05-10,0.0362,False,,
QI0001189,PO0001521,V0021,2023-04-18,0.046,True,Contamination,15.0
QI0001190,PO0002981,V0041,2023-10-05,0.0177,False,,
QI0001191,PO0003728,V0050,2025-04-27,0.0109,False,,
QI0001192,PO0001554,V0021,2025-04-23,0.0112,False,,
QI0001193,PO0004589,V0058,2026-08-20,0.0718,True,Contamination,2.0
QI0001194,PO0000804,V0010,2026-07-18,0.1376,True,Labeling/documentation error,48.0
QI0001195,PO0000858,V0011,2024-09-26,0.0,False,,
QI0001196,PO0003806,V0052,2024-12-14,0.0025,False,,
QI0001197,PO0002234,V0028,2025-07-26,0.0049,False,,
QI0001198,PO0003397,V0046,2023-09-02,0.0037,False,,
QI0001199,PO0005472,V0067,2023-05-31,0.0128,False,,
QI0001200,PO0003752,V0050,2026-04-11,0.0,False,,
QI0001201,PO0000220,V0004,2023-07-18,0.0,False,,
QI0001202,PO0001478,V0020,2023-01-09,0.0202,False,,
QI0001203,PO0001116,V0013,2025-10-20,0.0024,False,,
QI0001204,PO0000583,V0007,2024-04-02,0.0126,False,,
QI0001205,PO0002919,V0039,2025-12-20,0.0231,False,,
QI0001206,PO0000044,V0002,2022-05-12,0.017,False,,
QI0001207,PO0005282,V0066,2022-10-07,0.0123,False,,
QI0001208,PO0001384,V0016,2024-09-11,0.0113,False,,
QI0001209,PO0002612,V0035,2024-06-22,0.0051,False,,
QI0001210,PO0005049,V0065,2023-02-27,0.0043,False,,
QI0001211,PO0003113,V0042,2023-10-22,0.006,False,,
QI0001212,PO0001072,V0013,2023-12-23,0.0021,False,,
QI0001213,PO0000719,V0009,2025-12-18,0.0698,False,,
QI0001214,PO0004182,V0055,2022-05-27,0.0428,False,,
QI0001215,PO0001898,V0023,2026-03-28,0.0024,False,,
QI0001216,PO0000671,V0009,2023-04-02,0.0816,True,Packaging damage,20.0
QI0001217,PO0003602,V0048,2025-05-28,0.0019,False,,
QI0001218,PO0004728,V0059,2025-07-02,0.113,True,Functional failure,19.0
QI0001219,PO0004971,V0064,2024-10-23,0.0027,False,,
QI0001220,PO0004946,V0064,2023-07-10,0.0319,False,,
QI0001221,PO0000898,V0011,2026-05-27,0.0333,False,,
QI0001222,PO0000096,V0003,2022-06-30,0.0299,False,,
QI0001223,PO0002030,V0027,2024-04-25,0.0124,False,,
QI0001224,PO0004831,V0061,2026-05-21,0.0328,False,,
QI0001225,PO0000843,V0011,2023-12-27,0.0498,True,Dimensional deviation,17.0
QI0001226,PO0001648,V0022,2023-06-10,0.0288,False,,
QI0001227,PO0003481,V0047,2023-12-14,0.0177,False,,
QI0001228,PO0004783,V0060,2023-07-07,0.0361,False,,
QI0001229,PO0002415,V0033,2022-03-29,0.0,False,,
QI0001230,PO0004761,V0059,2026-03-08,0.0409,True,Labeling/documentation error,31.0
QI0001231,PO0001329,V0015,2025-12-20,0.1071,True,Cosmetic defect,24.0
QI0001232,PO0004391,V0058,2022-08-30,0.0,False,,
QI0001233,PO0000323,V0005,2022-12-14,0.004,False,,
QI0001234,PO0004181,V0055,2022-05-25,0.0342,False,,
QI0001235,PO0001887,V0023,2025-09-09,0.0154,False,,
QI0001236,PO0002909,V0039,2024-05-09,0.0469,False,,
QI0001237,PO0000335,V0005,2023-03-16,0.0596,True,Packaging damage,19.0
QI0001238,PO0002911,V0039,2025-02-17,0.0328,True,Dimensional deviation,13.0
QI0001239,PO0000333,V0005,2023-03-14,0.0,False,,
QI0001240,PO0000834,V0011,2023-08-23,0.0066,False,,
QI0001241,PO0003795,V0051,2026-06-26,0.0061,False,,
QI0001242,PO0001946,V0025,2024-04-02,0.0117,False,,
QI0001243,PO0004580,V0058,2026-05-10,0.0,False,,
QI0001244,PO0001363,V0016,2023-04-20,0.0094,False,,
QI0001245,PO0002747,V0036,2024-12-07,0.0073,False,,
QI0001246,PO0000732,V0009,2026-08-06,0.0511,True,Packaging damage,24.0
QI0001247,PO0000292,V0005,2022-05-27,0.0,False,,
QI0001248,PO0000185,V0003,2025-12-24,0.0313,False,,
QI0001249,PO0003807,V0052,2025-10-18,0.0412,False,,
QI0001250,PO0004126,V0054,2025-07-22,0.0019,False,,
QI0001251,PO0001965,V0025,2026-03-22,0.0244,False,,
QI0001252,PO0000534,V0006,2024-08-25,0.0032,False,,
QI0001253,PO0002616,V0035,2024-07-22,0.0014,False,,
QI0001254,PO0001871,V0023,2024-10-21,0.0179,False,,
QI0001255,PO0001833,V0022,2026-07-31,0.0264,False,,
QI0001256,PO0002925,V0040,2022-03-27,0.0,False,,
QI0001257,PO0000658,V0009,2022-08-14,0.0614,True,Contamination,13.0
QI0001258,PO0001256,V0015,2024-04-29,0.0639,False,,
QI0001259,PO0002433,V0033,2022-11-20,0.0438,False,,
QI0001260,PO0002307,V0029,2025-02-15,0.0051,False,,
QI0001261,PO0002916,V0039,2025-08-14,0.0352,False,,
QI0001262,PO0005248,V0066,2022-02-18,0.014,False,,
QI0001263,PO0000899,V0011,2026-05-28,0.0429,False,,
QI0001264,PO0000429,V0005,2025-04-23,0.051,True,Dimensional deviation,2.0
QI0001265,PO0003856,V0053,2023-05-26,0.0028,False,,
QI0001266,PO0002128,V0028,2023-08-25,0.0099,False,,
QI0001267,PO0005563,V0068,2023-05-25,0.1129,True,Dimensional deviation,2.0
QI0001268,PO0004571,V0058,2026-02-10,0.0412,True,Contamination,37.0
QI0001269,PO0001223,V0015,2023-06-26,0.0334,False,,
QI0001270,PO0005351,V0066,2024-02-03,0.0318,False,,
QI0001271,PO0001808,V0022,2026-02-13,0.0061,False,,
QI0001272,PO0002877,V0038,2024-05-30,0.0034,False,,
QI0001273,PO0001371,V0016,2023-12-29,0.007,False,,
QI0001274,PO0005367,V0066,2024-05-17,0.0279,False,,
QI0001275,PO0005056,V0065,2023-02-13,0.0002,False,,
QI0001276,PO0005717,V0069,2024-07-11,0.0245,False,,
QI0001277,PO0002265,V0028,2026-03-04,0.0,False,,
QI0001278,PO0003786,V0051,2025-08-10,0.0024,False,,
QI0001279,PO0002223,V0028,2025-04-03,0.0092,False,,
QI0001280,PO0001544,V0021,2024-10-26,0.0276,False,,
QI0001281,PO0005208,V0065,2025-11-02,0.0046,False,,
QI0001282,PO0004764,V0059,2026-04-30,0.0659,True,Labeling/documentation error,37.0
QI0001283,PO0003552,V0048,2023-06-08,0.002,False,,
QI0001284,PO0002136,V0028,2023-09-23,0.0114,False,,
QI0001285,PO0005198,V0065,2025-07-12,0.0052,False,,
QI0001286,PO0004169,V0054,2026-07-16,0.0029,False,,
QI0001287,PO0003943,V0053,2026-07-02,0.0036,False,,
QI0001288,PO0003756,V0050,2026-05-02,0.0071,False,,
QI0001289,PO0004044,V0054,2023-11-10,0.0054,False,,
QI0001290,PO0005070,V0065,2023-05-24,0.0032,False,,
QI0001291,PO0001127,V0013,2026-05-01,0.0015,False,,
QI0001292,PO0001537,V0021,2024-05-09,0.0,False,,
QI0001293,PO0001741,V0022,2025-01-26,0.0196,False,,
QI0001294,PO0005626,V0068,2024-08-02,0.0404,False,,
QI0001295,PO0001293,V0015,2025-04-17,0.0089,False,,
QI0001296,PO0000071,V0002,2024-07-08,0.0097,False,,
QI0001297,PO0001618,V0022,2022-09-15,0.032,False,,
QI0001298,PO0005442,V0066,2026-03-03,0.0128,False,,
QI0001299,PO0002752,V0036,2025-03-03,0.0022,False,,
QI0001300,PO0002729,V0036,2024-06-29,0.008,False,,
QI0001301,PO0005197,V0065,2025-08-14,0.0067,False,,
QI0001302,PO0000832,V0011,2023-06-15,0.0,False,,
QI0001303,PO0001744,V0022,2025-02-07,0.0169,False,,
QI0001304,PO0001551,V0021,2025-03-30,0.0265,False,,
QI0001305,PO0002996,V0041,2024-03-09,0.0328,False,,
QI0001306,PO0000239,V0004,2024-10-06,0.0128,False,,
QI0001307,PO0005314,V0066,2023-04-29,0.023,False,,
QI0001308,PO0002025,V0027,2023-11-27,0.0151,False,,
QI0001309,PO0003725,V0050,2025-04-15,0.0211,False,,
QI0001310,PO0002300,V0029,2024-10-31,0.0102,False,,
QI0001311,PO0005635,V0068,2024-11-24,0.0403,False,,
QI0001312,PO0003183,V0042,2026-04-10,0.0112,False,,
QI0001313,PO0001002,V0012,2025-11-07,0.0025,False,,
QI0001314,PO0001738,V0022,2024-12-21,0.012,False,,
QI0001315,PO0004517,V0058,2025-01-17,0.0551,True,Functional failure,5.0
QI0001316,PO0002108,V0028,2023-04-13,0.0048,False,,
QI0001317,PO0004088,V0054,2024-10-09,0.0024,False,,
QI0001318,PO0000958,V0012,2024-03-09,0.0019,False,,
QI0001319,PO0003516,V0047,2026-07-10,0.0066,False,,
QI0001320,PO0003950,V0054,2022-02-28,0.0036,False,,
QI0001321,PO0002032,V0027,2024-06-28,0.0229,False,,
QI0001322,PO0003784,V0051,2025-06-30,0.0021,False,,
QI0001323,PO0000412,V0005,2024-11-28,0.0142,False,,
QI0001324,PO0003198,V0043,2024-09-28,0.0012,False,,
QI0001325,PO0005535,V0068,2022-09-23,0.0853,True,Dimensional deviation,15.0
QI0001326,PO0005474,V0067,2023-12-31,0.0009,False,,
QI0001327,PO0001345,V0015,2026-05-07,0.0775,True,Cosmetic defect,16.0
QI0001328,PO0003571,V0048,2024-03-26,0.0015,False,,
QI0001329,PO0002143,V0028,2023-10-14,0.0175,False,,
QI0001330,PO0001035,V0013,2022-07-18,0.0063,False,,
QI0001331,PO0002851,V0037,2025-09-25,0.0231,False,,
QI0001332,PO0001718,V0022,2024-08-17,0.0281,False,,
QI0001333,PO0000932,V0012,2023-02-13,0.0027,False,,
QI0001334,PO0005260,V0066,2022-05-20,0.0187,False,,
QI0001335,PO0003077,V0042,2022-06-04,0.0095,False,,
QI0001336,PO0000634,V0008,2024-12-26,0.0239,False,,
QI0001337,PO0001421,V0017,2024-08-09,0.0181,False,,
QI0001338,PO0000499,V0006,2023-03-22,0.0041,False,,
QI0001339,PO0005645,V0068,2025-03-01,0.0237,False,,
QI0001340,PO0000416,V0005,2025-01-15,0.0514,False,,
QI0001341,PO0002381,V0032,2023-03-14,0.0097,False,,
QI0001342,PO0004617,V0059,2022-11-21,0.0999,True,Cosmetic defect,4.0
QI0001343,PO0001972,V0025,2026-06-29,0.0057,False,,
QI0001344,PO0005559,V0068,2023-05-12,0.087,True,Packaging damage,10.0
QI0001345,PO0000758,V0010,2023-08-22,0.0462,False,,
QI0001346,PO0001372,V0016,2024-01-14,0.0144,False,,
QI0001347,PO0001042,V0013,2022-10-30,0.0023,False,,
QI0001348,PO0004900,V0063,2022-04-22,0.0,False,,
QI0001349,PO0004744,V0059,2025-10-21,0.0368,False,,
QI0001350,PO0003850,V0053,2023-05-01,0.005,False,,
QI0001351,PO0002026,V0027,2023-12-23,0.0292,False,,
QI0001352,PO0000597,V0007,2025-08-28,0.0208,False,,
QI0001353,PO0004231,V0055,2024-05-20,0.1057,True,Packaging damage,12.0
QI0001354,PO0001069,V0013,2023-10-21,0.0,False,,
QI0001355,PO0004095,V0054,2024-11-28,0.0017,False,,
QI0001356,PO0002978,V0041,2023-08-22,0.0111,False,,
QI0001357,PO0000653,V0009,2022-06-20,0.0405,True,Functional failure,45.0
QI0001358,PO0004444,V0058,2023-08-06,0.0141,False,,
QI0001359,PO0004623,V0059,2023-01-12,0.0894,True,Dimensional deviation,2.0
QI0001360,PO0002115,V0028,2023-06-06,0.0071,False,,
QI0001361,PO0004725,V0059,2025-06-01,0.0474,False,,
QI0001362,PO0001770,V0022,2025-06-26,0.0212,False,,
QI0001363,PO0005418,V0066,2025-09-08,0.0453,False,,
QI0001364,PO0001545,V0021,2024-10-20,0.0168,False,,
QI0001365,PO0003858,V0053,2023-07-24,0.0019,False,,
QI0001366,PO0000076,V0002,2024-12-28,0.0074,False,,
QI0001367,PO0004889,V0062,2026-02-19,0.0018,False,,
QI0001368,PO0003327,V0045,2025-03-15,0.0188,False,,
QI0001369,PO0005331,V0066,2023-09-11,0.0132,False,,
QI0001370,PO0004257,V0055,2025-10-26,0.0577,True,Labeling/documentation error,10.0
QI0001371,PO0001607,V0022,2022-07-27,0.0067,False,,
QI0001372,PO0002092,V0028,2022-12-26,0.0068,False,,
QI0001373,PO0004324,V0056,2024-12-22,0.0264,False,,
QI0001374,PO0002365,V0031,2024-10-13,0.0056,False,,
QI0001375,PO0002196,V0028,2024-09-28,0.0097,False,,
QI0001376,PO0001011,V0012,2026-05-20,0.0044,False,,
QI0001377,PO0001030,V0013,2022-06-22,0.0031,False,,
QI0001378,PO0002003,V0026,2025-04-05,0.0,False,,
QI0001379,PO0000829,V0011,2023-01-13,0.0504,False,,
QI0001380,PO0002496,V0033,2025-04-28,0.0278,False,,
QI0001381,PO0003469,V0047,2022-12-19,0.0352,False,,
QI0001382,PO0000097,V0003,2022-06-09,0.0295,False,,
QI0001383,PO0004866,V0062,2024-04-21,0.0014,False,,
QI0001384,PO0004419,V0058,2023-03-20,0.0096,False,,
QI0001385,PO0003159,V0042,2025-05-28,0.003,False,,
QI0001386,PO0001201,V0015,2022-11-09,0.0589,False,,
QI0001387,PO0000622,V0008,2024-03-05,0.0633,False,,
QI0001388,PO0000567,V0007,2022-11-26,0.0317,False,,
QI0001389,PO0000544,V0006,2025-07-16,0.0166,False,,
QI0001390,PO0001335,V0015,2026-03-03,0.039,False,,
QI0001391,PO0001781,V0022,2025-08-14,0.0293,False,,
QI0001392,PO0000052,V0002,2022-12-26,0.015,False,,
QI0001393,PO0004853,V0062,2023-05-08,0.0006,False,,
QI0001394,PO0001486,V0020,2023-12-04,0.1946,True,Contamination,60.0
QI0001395,PO0002665,V0036,2022-04-02,0.0148,False,,
QI0001396,PO0000746,V0010,2023-01-04,0.0644,True,Functional failure,44.0
QI0001397,PO0004138,V0054,2025-10-23,0.0,False,,
QI0001398,PO0002942,V0040,2025-09-27,0.0105,False,,
QI0001399,PO0001757,V0022,2025-04-09,0.0208,False,,
QI0001400,PO0000196,V0003,2026-03-28,0.0162,False,,
QI0001401,PO0003609,V0048,2025-10-19,0.0041,False,,
QI0001402,PO0004247,V0055,2025-02-11,0.0383,True,Cosmetic defect,39.0
QI0001403,PO0003495,V0047,2025-04-08,0.0032,False,,
QI0001404,PO0000803,V0010,2026-07-10,0.0397,False,,
QI0001405,PO0003937,V0053,2026-03-26,0.0045,False,,
QI0001406,PO0000621,V0008,2024-01-28,0.065,False,,
QI0001407,PO0001484,V0020,2023-07-31,0.1094,True,Packaging damage,27.0
QI0001408,PO0003882,V0053,2024-05-30,0.0055,False,,
QI0001409,PO0003680,V0050,2022-08-25,0.0342,True,Contamination,38.0
QI0001410,PO0003825,V0053,2022-08-23,0.0021,False,,
QI0001411,PO0001508,V0020,2026-04-06,0.0225,False,,
QI0001412,PO0005737,V0070,2022-09-16,0.1018,True,Contamination,51.0
QI0001413,PO0000645,V0008,2026-06-04,0.0626,True,Functional failure,19.0
QI0001414,PO0004896,V0062,2026-05-21,0.0001,False,,
QI0001415,PO0004316,V0056,2024-05-26,0.0228,False,,
QI0001416,PO0003835,V0053,2023-01-11,0.004,False,,
QI0001417,PO0003878,V0053,2024-04-20,0.0017,False,,
QI0001418,PO0003762,V0051,2022-10-14,0.0033,False,,
QI0001419,PO0000121,V0003,2023-05-01,0.0111,False,,
QI0001420,PO0003962,V0054,2022-05-01,0.0069,False,,
QI0001421,PO0004408,V0058,2023-02-02,0.0146,False,,
QI0001422,PO0003853,V0053,2023-05-09,0.0038,False,,
QI0001423,PO0005376,V0066,2024-07-13,0.0275,False,,
QI0001424,PO0002830,V0037,2024-06-07,0.0323,False,,
QI0001425,PO0001231,V0015,2023-09-02,0.0733,True,Cosmetic defect,13.0
QI0001426,PO0003310,V0045,2024-07-31,0.037,False,,
QI0001427,PO0003208,V0043,2026-03-28,0.0021,False,,
QI0001428,PO0004498,V0058,2024-10-04,0.0585,True,Contamination,13.0
QI0001429,PO0002986,V0041,2023-11-10,0.0277,False,,
QI0001430,PO0000135,V0003,2023-12-31,0.0076,False,,
QI0001431,PO0005209,V0065,2025-10-10,0.0028,False,,
QI0001432,PO0002642,V0035,2025-08-11,0.0018,False,,
QI0001433,PO0002621,V0035,2024-09-26,0.0031,False,,
QI0001434,PO0003114,V0042,2023-10-29,0.0,False,,
QI0001435,PO0004967,V0064,2024-08-09,0.0485,False,,
QI0001436,PO0005516,V0068,2022-04-15,0.0676,False,,
QI0001437,PO0000512,V0006,2023-08-19,0.0302,False,,
QI0001438,PO0000063,V0002,2023-10-21,0.0014,False,,
QI0001439,PO0005127,V0065,2024-06-28,0.0071,False,,
QI0001440,PO0005016,V0065,2022-06-01,0.0031,False,,
QI0001441,PO0004576,V0058,2026-03-15,0.0391,False,,
QI0001442,PO0003541,V0048,2022-11-23,0.0021,False,,
QI0001443,PO0001840,V0023,2022-06-09,0.0054,False,,
QI0001444,PO0003408,V0046,2024-05-02,0.0171,False,,
QI0001445,PO0001212,V0015,2023-03-06,0.1008,True,Functional failure,25.0
QI0001446,PO0000123,V0003,2023-06-05,0.0309,False,,
QI0001447,PO0005720,V0069,2024-10-26,0.0191,False,,
QI0001448,PO0005382,V0066,2024-09-14,0.0169,False,,
QI0001449,PO0003793,V0051,2026-05-13,0.0008,False,,
QI0001450,PO0005550,V0068,2023-01-27,0.0476,False,,
QI0001451,PO0001211,V0015,2023-03-06,0.0,False,,
QI0001452,PO0000568,V0007,2022-12-19,0.0314,True,Cosmetic defect,9.0
QI0001453,PO0004830,V0061,2026-04-20,0.0282,False,,
QI0001454,PO0000549,V0006,2025-12-06,0.0134,False,,
QI0001455,PO0000865,V0011,2024-12-23,0.0433,False,,
QI0001456,PO0005222,V0065,2026-03-04,0.0026,False,,
QI0001457,PO0001393,V0016,2025-07-04,0.0142,False,,
QI0001458,PO0004410,V0058,2023-03-03,0.02,False,,
QI0001459,PO0001703,V0022,2024-06-22,0.0278,False,,
QI0001460,PO0004667,V0059,2024-01-18,0.0358,False,,
QI0001461,PO0003440,V0046,2026-05-25,0.0,False,,
QI0001462,PO0000721,V0009,2026-01-20,0.0238,False,,
QI0001463,PO0003623,V0048,2026-02-20,0.007,False,,
QI0001464,PO0004909,V0063,2025-05-20,0.0021,False,,
QI0001465,PO0000691,V0009,2024-06-19,0.0554,True,Functional failure,15.0
QI0001466,PO0000603,V0007,2026-06-07,0.0255,False,,
QI0001467,PO0001790,V0022,2025-11-01,0.0373,False,,
QI0001468,PO0002289,V0029,2023-05-06,0.0113,False,,
QI0001469,PO0002043,V0027,2025-08-15,0.0222,False,,
QI0001470,PO0003816,V0053,2022-04-02,0.0054,False,,
QI0001471,PO0005284,V0066,2022-10-31,0.0,False,,
QI0001472,PO0005457,V0066,2026-06-25,0.0237,False,,
QI0001473,PO0000319,V0005,2022-11-27,0.0849,True,Cosmetic defect,28.0
QI0001474,PO0001567,V0021,2025-12-18,0.0287,False,,
QI0001475,PO0003167,V0042,2025-07-31,0.0078,False,,
QI0001476,PO0000275,V0005,2022-02-21,0.0124,False,,
QI0001477,PO0004958,V0064,2024-02-13,0.0356,False,,
QI0001478,PO0001362,V0016,2023-04-15,0.0084,False,,
QI0001479,PO0002188,V0028,2024-08-21,0.0028,False,,
QI0001480,PO0003362,V0045,2026-04-15,0.044,False,,
QI0001481,PO0005609,V0068,2024-01-28,0.0821,True,Dimensional deviation,56.0
QI0001482,PO0005126,V0065,2024-06-02,0.0019,False,,
QI0001483,PO0005562,V0068,2023-06-18,0.1143,True,Dimensional deviation,15.0
QI0001484,PO0001733,V0022,2024-11-21,0.0084,False,,
QI0001485,PO0000946,V0012,2023-10-11,0.0053,False,,
QI0001486,PO0005047,V0065,2023-01-09,0.0017,False,,
QI0001487,PO0005557,V0068,2023-04-08,0.0655,True,Packaging damage,18.0
QI0001488,PO0000296,V0005,2022-07-08,0.0248,False,,
QI0001489,PO0003316,V0045,2025-01-02,0.0201,False,,
QI0001490,PO0003520,V0048,2022-04-16,0.0071,False,,
QI0001491,PO0000299,V0005,2022-08-07,0.0736,False,,
QI0001492,PO0000069,V0002,2024-04-20,0.0101,False,,
QI0001493,PO0004216,V0055,2023-08-05,0.0237,False,,
QI0001494,PO0000737,V0010,2022-06-18,0.114,True,Packaging damage,20.0
QI0001495,PO0003510,V0047,2026-04-18,0.0149,False,,
QI0001496,PO0005764,V0070,2026-07-15,0.0342,False,,
QI0001497,PO0004102,V0054,2025-01-02,0.0032,False,,
QI0001498,PO0002836,V0037,2024-09-23,0.0128,False,,
QI0001499,PO0000151,V0003,2024-07-29,0.016,False,,
QI0001500,PO0000757,V0010,2023-08-18,0.0,False,,
QI0001501,PO0003563,V0048,2023-12-29,0.0058,False,,
QI0001502,PO0003686,V0050,2023-04-11,0.0191,False,,
QI0001503,PO0003660,V0049,2025-12-16,0.0125,False,,
QI0001504,PO0002886,V0038,2025-12-25,0.0475,False,,
QI0001505,PO0001927,V0024,2025-10-18,0.0081,False,,
QI0001506,PO0000377,V0005,2024-02-15,0.0727,True,Packaging damage,3.0
QI0001507,PO0005533,V0068,2022-09-03,0.0779,True,Dimensional deviation,22.0
QI0001508,PO0000860,V0011,2024-10-22,0.0048,False,,
QI0001509,PO0005547,V0068,2023-01-15,0.0221,False,,
QI0001510,PO0003723,V0050,2025-03-30,0.0161,False,,
QI0001511,PO0004903,V0063,2023-04-12,0.005,False,,
QI0001512,PO0000379,V0005,2024-04-12,0.1479,True,Contamination,14.0
QI0001513,PO0004392,V0058,2022-09-08,0.038,False,,
QI0001514,PO0001295,V0015,2025-07-17,0.0187,False,,
QI0001515,PO0003289,V0045,2023-09-03,0.0494,False,,
QI0001516,PO0001433,V0018,2022-10-12,0.0248,False,,
QI0001517,PO0002550,V0034,2025-03-03,0.003,False,,
QI0001518,PO0005113,V0065,2024-03-08,0.0028,False,,
QI0001519,PO0005012,V0065,2022-07-05,0.0101,False,,
QI0001520,PO0005203,V0065,2025-08-28,0.0017,False,,
QI0001521,PO0004402,V0058,2022-11-26,0.0482,True,Dimensional deviation,9.0
QI0001522,PO0003277,V0045,2023-02-18,0.0098,False,,
QI0001523,PO0000842,V0011,2023-12-25,0.0375,False,,
QI0001524,PO0004716,V0059,2025-02-18,0.0669,False,,
QI0001525,PO0001190,V0015,2022-08-22,0.0308,False,,
QI0001526,PO0000176,V0003,2025-09-07,0.0141,False,,
QI0001527,PO0005082,V0065,2023-08-13,0.0019,False,,
QI0001528,PO0000928,V0012,2022-11-24,0.0009,False,,
QI0001529,PO0003008,V0041,2024-09-30,0.0303,False,,
QI0001530,PO0000046,V0002,2022-07-28,0.0121,False,,
QI0001531,PO0001261,V0015,2024-06-19,0.0,False,,
QI0001532,PO0001097,V0013,2025-03-09,0.0076,False,,
QI0001533,PO0003791,V0051,2026-02-27,0.0033,False,,
QI0001534,PO0002706,V0036,2023-08-29,0.0042,False,,
QI0001535,PO0002519,V0033,2026-03-19,0.0,False,,
QI0001536,PO0004899,V0063,2022-05-29,0.0052,False,,
QI0001537,PO0003590,V0048,2025-02-05,0.0039,False,,
QI0001538,PO0001031,V0013,2022-07-01,0.0015,False,,
QI0001539,PO0003130,V0042,2024-07-06,0.0081,False,,
QI0001540,PO0004064,V0054,2024-06-07,0.0026,False,,
QI0001541,PO0002329,V0030,2023-04-27,0.0077,False,,
QI0001542,PO0004421,V0058,2023-04-01,0.0726,True,Packaging damage,44.0
QI0001543,PO0000284,V0005,2022-04-23,0.0319,True,Labeling/documentation error,0.0
QI0001544,PO0002304,V0029,2025-01-01,0.0085,False,,
QI0001545,PO0003938,V0053,2026-04-01,0.0039,False,,
QI0001546,PO0004573,V0058,2026-04-01,0.0624,True,Labeling/documentation error,17.0
QI0001547,PO0003095,V0042,2023-01-04,0.0033,False,,
QI0001548,PO0002499,V0033,2025-05-31,0.0109,False,,
QI0001549,PO0001695,V0022,2024-03-23,0.0,False,,
QI0001550,PO0003150,V0042,2025-03-01,0.0127,False,,
QI0001551,PO0001570,V0021,2026-02-26,0.0042,False,,
QI0001552,PO0002828,V0037,2024-06-10,0.0083,False,,
QI0001553,PO0002708,V0036,2023-09-14,0.0116,False,,
QI0001554,PO0005368,V0066,2024-05-17,0.0385,True,Labeling/documentation error,8.0
QI0001555,PO0002105,V0028,2023-04-04,0.0025,False,,
QI0001556,PO0002406,V0032,2026-04-22,0.0087,False,,
QI0001557,PO0004462,V0058,2023-12-10,0.0377,False,,
QI0001558,PO0003940,V0053,2026-04-27,0.0016,False,,
QI0001559,PO0001841,V0023,2022-07-26,0.0049,False,,
QI0001560,PO0002154,V0028,2024-01-11,0.0091,False,,
QI0001561,PO0001727,V0022,2024-10-17,0.0195,False,,
QI0001562,PO0005253,V0066,2022-04-14,0.0255,False,,
QI0001563,PO0000258,V0004,2025-11-14,0.0104,False,,
QI0001564,PO0000508,V0006,2023-07-04,0.0062,False,,
QI0001565,PO0005103,V0065,2023-12-31,0.008,False,,
QI0001566,PO0000100,V0003,2022-08-31,0.0035,False,,
QI0001567,PO0002893,V0039,2022-05-07,0.0848,True,Contamination,9.0
QI0001568,PO0000745,V0010,2022-12-27,0.0841,True,Cosmetic defect,8.0
QI0001569,PO0002520,V0033,2026-04-23,0.0224,False,,
QI0001570,PO0005337,V0066,2023-10-18,0.0077,False,,
QI0001571,PO0005020,V0065,2022-07-27,0.0091,False,,
QI0001572,PO0004611,V0059,2022-10-20,0.0347,False,,
QI0001573,PO0002768,V0036,2025-10-23,0.0108,False,,
QI0001574,PO0001663,V0022,2023-08-25,0.0377,False,,
QI0001575,PO0001158,V0014,2025-07-19,0.0088,False,,
QI0001576,PO0004193,V0055,2022-10-01,0.0651,True,Contamination,1.0
QI0001577,PO0002292,V0029,2023-10-30,0.0109,False,,
QI0001578,PO0004715,V0059,2025-02-01,0.0905,True,Dimensional deviation,3.0
QI0001579,PO0001438,V0018,2023-12-31,0.0127,False,,
QI0001580,PO0000367,V0005,2023-12-06,0.0984,True,Labeling/documentation error,35.0
QI0001581,PO0001955,V0025,2024-11-24,0.009,False,,
QI0001582,PO0002716,V0036,2024-02-09,0.0086,False,,
QI0001583,PO0001906,V0023,2026-07-17,0.0082,False,,
QI0001584,PO0004463,V0058,2023-11-29,0.08,True,Cosmetic defect,39.0
QI0001585,PO0003321,V0045,2025-01-20,0.0562,True,Functional failure,17.0
QI0001586,PO0000950,V0012,2023-11-24,0.006,False,,
QI0001587,PO0003049,V0041,2025-10-31,0.014,False,,
QI0001588,PO0000020,V0001,2023-11-30,0.0046,False,,
QI0001589,PO0000230,V0004,2024-02-26,0.0313,False,,
QI0001590,PO0003952,V0054,2022-03-25,0.0048,False,,
QI0001591,PO0000669,V0009,2023-03-10,0.0268,False,,
QI0001592,PO0000219,V0004,2023-04-14,0.0191,False,,
QI0001593,PO0004814,V0061,2023-02-19,0.0293,False,,
QI0001594,PO0003721,V0050,2025-02-09,0.0351,False,,
QI0001595,PO0004128,V0054,2025-08-21,0.0054,False,,
QI0001596,PO0002681,V0036,2022-10-18,0.0098,False,,
QI0001597,PO0004214,V0055,2023-07-17,0.0363,True,Cosmetic defect,12.0
QI0001598,PO0000586,V0007,2024-07-05,0.0317,False,,
QI0001599,PO0005753,V0070,2025-03-04,0.0418,False,,
QI0001600,PO0003618,V0048,2026-01-26,0.0014,False,,
QI0001601,PO0003927,V0053,2025-10-26,0.0082,False,,
QI0001602,PO0002927,V0040,2022-07-22,0.0371,False,,
QI0001603,PO0000778,V0010,2024-11-24,0.0823,True,Cosmetic defect,8.0
QI0001604,PO0002139,V0028,2023-10-04,0.0068,False,,
QI0001605,PO0001019,V0013,2022-03-18,0.0006,False,,
QI0001606,PO0002314,V0029,2025-08-12,0.0148,False,,
QI0001607,PO0002955,V0041,2022-07-11,0.0051,False,,
QI0001608,PO0001492,V0020,2024-06-29,0.0385,False,,
QI0001609,PO0003270,V0045,2022-11-12,0.039,True,Cosmetic defect,16.0
QI0001610,PO0003384,V0046,2022-10-04,0.0254,False,,
QI0001611,PO0001993,V0026,2024-02-15,0.0035,False,,
QI0001612,PO0004806,V0060,2026-04-27,0.0632,True,Packaging damage,15.0
QI0001613,PO0004311,V0056,2024-04-06,0.0109,False,,
QI0001614,PO0002657,V0035,2026-03-29,0.0036,False,,
QI0001615,PO0001594,V0022,2022-06-03,0.0198,False,,
QI0001616,PO0000518,V0006,2023-10-16,0.0093,False,,
QI0001617,PO0001989,V0026,2023-09-19,0.0058,False,,
QI0001618,PO0003361,V0045,2026-04-01,0.0113,False,,
QI0001619,PO0002522,V0033,2026-05-19,0.0257,False,,
QI0001620,PO0003411,V0046,2024-07-18,0.0034,False,,
QI0001621,PO0000218,V0004,2023-02-18,0.0406,False,,
QI0001622,PO0004817,V0061,2023-03-31,0.0145,False,,
QI0001623,PO0004507,V0058,2024-11-18,0.0375,False,,
QI0001624,PO0000361,V0005,2023-08-26,0.0582,True,Cosmetic defect,5.0
QI0001625,PO0004199,V0055,2022-12-05,0.0513,False,,
QI0001626,PO0003401,V0046,2023-12-13,0.0612,False,,
QI0001627,PO0002779,V0036,2026-04-24,0.0056,False,,
QI0001628,PO0001053,V0013,2022-12-23,0.0044,False,,
QI0001629,PO0001958,V0025,2025-06-13,0.009,False,,
QI0001630,PO0000760,V0010,2023-09-17,0.0,False,,
QI0001631,PO0004485,V0058,2024-08-14,0.0267,False,,
QI0001632,PO0003488,V0047,2024-06-21,0.0377,False,,
QI0001633,PO0001427,V0017,2025-10-22,0.0225,False,,
QI0001634,PO0003204,V0043,2026-02-16,0.0034,False,,
QI0001635,PO0003419,V0046,2025-01-10,0.0189,False,,
QI0001636,PO0000215,V0004,2022-12-20,0.0126,False,,
QI0001637,PO0001615,V0022,2022-08-25,0.0,False,,
QI0001638,PO0004202,V0055,2023-02-09,0.0777,True,Cosmetic defect,10.0
QI0001639,PO0004942,V0064,2023-04-25,0.0191,False,,
QI0001640,PO0003247,V0045,2022-04-14,0.0343,False,,
QI0001641,PO0005361,V0066,2024-04-12,0.0014,False,,
QI0001642,PO0003980,V0054,2022-08-18,0.0046,False,,
QI0001643,PO0002861,V0037,2026-04-16,0.0131,False,,
QI0001644,PO0002802,V0037,2022-10-18,0.0229,False,,
QI0001645,PO0000197,V0003,2026-04-13,0.009,False,,
QI0001646,PO0001787,V0022,2025-10-11,0.0055,False,,
QI0001647,PO0005005,V0064,2026-07-04,0.0413,False,,
QI0001648,PO0001513,V0020,2026-07-17,0.1138,True,Cosmetic defect,10.0
QI0001649,PO0003732,V0050,2025-07-23,0.0214,False,,
QI0001650,PO0004513,V0058,2025-01-11,0.0386,False,,
QI0001651,PO0001057,V0013,2023-02-17,0.0039,False,,
QI0001652,PO0002111,V0028,2023-04-27,0.0075,False,,
QI0001653,PO0000888,V0011,2025-11-13,0.0644,True,Labeling/documentation error,35.0
QI0001654,PO0004516,V0058,2024-12-24,0.0465,False,,
QI0001655,PO0004542,V0058,2025-06-06,0.0284,False,,
QI0001656,PO0003253,V0045,2022-06-28,0.0,False,,
QI0001657,PO0000569,V0007,2023-03-18,0.025,False,,
QI0001658,PO0005230,V0065,2026-05-28,0.003,False,,
QI0001659,PO0003353,V0045,2025-12-13,0.0183,False,,
QI0001660,PO0004363,V0057,2025-02-18,0.0654,False,,
QI0001661,PO0001922,V0024,2024-10-14,0.0028,False,,
QI0001662,PO0000140,V0003,2024-02-12,0.0,False,,
QI0001663,PO0001870,V0023,2024-10-23,0.0115,False,,
QI0001664,PO0005722,V0069,2025-01-01,0.0097,False,,
QI0001665,PO0002914,V0039,2025-06-05,0.0425,False,,
QI0001666,PO0001150,V0014,2024-06-03,0.0254,False,,
QI0001667,PO0002241,V0028,2025-08-16,0.0114,False,,
QI0001668,PO0003977,V0054,2022-07-17,0.0012,False,,
QI0001669,PO0002104,V0028,2023-03-29,0.0122,False,,
QI0001670,PO0000464,V0005,2026-01-24,0.0491,False,,
QI0001671,PO0003803,V0052,2024-07-15,0.0062,False,,
QI0001672,PO0004442,V0058,2023-08-07,0.0,False,,
QI0001673,PO0004793,V0060,2024-07-30,0.0327,False,,
QI0001674,PO0000595,V0007,2025-05-05,0.0196,False,,
QI0001675,PO0002843,V0037,2025-02-02,0.0057,False,,
QI0001676,PO0002848,V0037,2025-08-05,0.0292,False,,
QI0001677,PO0000451,V0005,2025-11-06,0.0893,True,Dimensional deviation,15.0
QI0001678,PO0004679,V0059,2024-04-29,0.1279,True,Contamination,17.0
QI0001679,PO0003996,V0054,2022-11-10,0.0048,False,,
QI0001680,PO0000519,V0006,2023-10-13,0.0239,False,,
QI0001681,PO0005440,V0066,2026-02-08,0.0208,False,,
QI0001682,PO0001756,V0022,2025-04-19,0.0305,False,,
QI0001683,PO0004792,V0060,2024-08-23,0.0382,False,,
QI0001684,PO0005130,V0065,2024-08-11,0.0037,False,,
QI0001685,PO0002442,V0033,2023-02-23,0.0535,True,Functional failure,9.0
QI0001686,PO0004488,V0058,2024-09-02,0.0,False,,
QI0001687,PO0001175,V0015,2022-05-01,0.0962,True,Contamination,23.0
QI0001688,PO0003283,V0045,2023-06-06,0.0348,False,,
QI0001689,PO0000452,V0005,2025-11-23,0.1012,True,Cosmetic defect,9.0
QI0001690,PO0005742,V0070,2023-05-22,0.0389,False,,
QI0001691,PO0002874,V0038,2023-08-21,0.0417,False,,
QI0001692,PO0003911,V0053,2025-06-14,0.0039,False,,
QI0001693,PO0004658,V0059,2023-11-17,0.1811,True,Packaging damage,11.0
QI0001694,PO0001579,V0022,2022-03-27,0.0298,False,,
QI0001695,PO0003828,V0053,2022-11-05,0.0038,False,,
QI0001696,PO0001616,V0022,2022-08-27,0.0155,False,,
QI0001697,PO0004174,V0055,2022-02-11,0.0122,False,,
QI0001698,PO0004835,V0062,2022-03-02,0.0021,False,,
QI0001699,PO0004109,V0054,2025-02-22,0.0052,False,,
QI0001700,PO0001264,V0015,2024-07-08,0.1178,True,Dimensional deviation,10.0
QI0001701,PO0005400,V0066,2025-02-24,0.0019,False,,
QI0001702,PO0001000,V0012,2025-10-14,0.0001,False,,
QI0001703,PO0003480,V0047,2023-12-04,0.0056,False,,
QI0001704,PO0003967,V0054,2022-06-20,0.0019,False,,
QI0001705,PO0002604,V0035,2024-03-04,0.0031,False,,
QI0001706,PO0001477,V0020,2022-11-13,0.0048,False,,
QI0001707,PO0000193,V0003,2026-02-21,0.0153,False,,
QI0001708,PO0004510,V0058,2024-12-04,0.0753,True,Labeling/documentation error,9.0
QI0001709,PO0005191,V0065,2025-05-25,0.0,False,,
QI0001710,PO0004808,V0061,2022-03-21,0.0228,False,,
QI0001711,PO0004255,V0055,2025-09-04,0.0739,True,Contamination,8.0
QI0001712,PO0004864,V0062,2024-02-06,0.0046,False,,
QI0001713,PO0005099,V0065,2023-12-03,0.0041,False,,
QI0001714,PO0001339,V0015,2026-02-19,0.0734,True,Contamination,11.0
QI0001715,PO0002647,V0035,2025-10-16,0.0022,False,,
QI0001716,PO0003347,V0045,2025-11-04,0.0427,True,Functional failure,19.0
QI0001717,PO0002590,V0035,2023-06-12,0.0048,False,,
QI0001718,PO0005048,V0065,2023-01-24,0.0055,False,,
QI0001719,PO0001294,V0015,2025-04-15,0.0209,False,,
QI0001720,PO0004335,V0056,2025-07-10,0.0203,False,,
QI0001721,PO0004823,V0061,2024-06-09,0.0052,False,,
QI0001722,PO0003255,V0045,2022-06-22,0.0353,False,,
QI0001723,PO0002459,V0033,2023-09-13,0.0168,False,,
QI0001724,PO0004727,V0059,2025-05-27,0.0474,True,Labeling/documentation error,26.0
QI0001725,PO0003888,V0053,2024-08-13,0.003,False,,
QI0001726,PO0000369,V0005,2024-03-08,0.0879,True,Packaging damage,13.0
QI0001727,PO0002216,V0028,2025-02-09,0.002,False,,
QI0001728,PO0001152,V0014,2024-07-27,0.0225,False,,
QI0001729,PO0002351,V0031,2023-03-02,0.0059,False,,
QI0001730,PO0003241,V0045,2022-02-21,0.0384,False,,
QI0001731,PO0002174,V0028,2024-05-02,0.0172,False,,
QI0001732,PO0002273,V0028,2026-05-10,0.0172,False,,
QI0001733,PO0003539,V0048,2022-09-26,0.0054,False,,
QI0001734,PO0005671,V0068,2025-09-14,0.0641,True,Contamination,14.0
QI0001735,PO0000192,V0003,2026-02-24,0.0279,False,,
QI0001736,PO0002255,V0028,2025-11-18,0.0134,False,,
QI0001737,PO0000109,V0003,2022-11-19,0.0,False,,
QI0001738,PO0000175,V0003,2025-09-21,0.0238,False,,
QI0001739,PO0003101,V0042,2023-03-25,0.0019,False,,
QI0001740,PO0003546,V0048,2023-04-18,0.0025,False,,
QI0001741,PO0001599,V0022,2022-07-03,0.0093,False,,
QI0001742,PO0001361,V0016,2023-03-20,0.012,False,,
QI0001743,PO0002318,V0029,2026-01-18,0.0065,False,,
QI0001744,PO0005667,V0068,2025-08-08,0.0658,True,Dimensional deviation,3.0
QI0001745,PO0005019,V0065,2022-06-30,0.0071,False,,
QI0001746,PO0005750,V0070,2024-07-16,0.0576,False,,
QI0001747,PO0003544,V0048,2023-02-16,0.0014,False,,
QI0001748,PO0003551,V0048,2023-06-05,0.0043,False,,
QI0001749,PO0002481,V0033,2024-08-26,0.0325,False,,
QI0001750,PO0004743,V0059,2025-10-28,0.1153,True,Dimensional deviation,23.0
QI0001751,PO0000477,V0005,2026-06-28,0.0973,True,Packaging damage,14.0
QI0001752,PO0005036,V0065,2022-11-24,0.0043,False,,
QI0001753,PO0004293,V0056,2023-05-22,0.0171,False,,
QI0001754,PO0004115,V0054,2025-05-23,0.0014,False,,
QI0001755,PO0001617,V0022,2022-09-03,0.0284,False,,
QI0001756,PO0000313,V0005,2022-10-30,0.0976,True,Packaging damage,22.0
QI0001757,PO0005271,V0066,2022-07-10,0.0184,False,,
QI0001758,PO0000509,V0006,2023-07-02,0.0107,False,,
QI0001759,PO0000167,V0003,2025-04-14,0.0328,False,,
QI0001760,PO0005236,V0065,2026-06-19,0.0033,False,,
QI0001761,PO0004999,V0064,2026-03-26,0.0484,True,Packaging damage,9.0
QI0001762,PO0004307,V0056,2024-02-26,0.0285,False,,
QI0001763,PO0001025,V0013,2022-04-16,0.003,False,,
QI0001764,PO0001222,V0015,2023-05-30,0.0042,False,,
QI0001765,PO0003404,V0046,2024-03-11,0.0198,False,,
QI0001766,PO0001120,V0013,2025-12-16,0.0041,False,,
QI0001767,PO0000104,V0003,2022-10-11,0.0404,False,,
QI0001768,PO0005188,V0065,2025-05-04,0.0035,False,,
QI0001769,PO0002230,V0028,2025-06-03,0.0146,False,,
QI0001770,PO0002952,V0041,2022-06-06,0.0225,False,,
QI0001771,PO0004606,V0059,2022-09-16,0.0666,True,Packaging damage,10.0
QI0001772,PO0004726,V0059,2025-06-02,0.0808,True,Packaging damage,7.0
QI0001773,PO0002514,V0033,2026-01-16,0.0445,False,,
QI0001774,PO0001753,V0022,2025-04-03,0.024,False,,
QI0001775,PO0005614,V0068,2024-04-02,0.0225,False,,
QI0001776,PO0004031,V0054,2023-07-17,0.002,False,,
QI0001777,PO0002822,V0037,2024-01-27,0.0041,False,,
QI0001778,PO0002489,V0033,2025-01-26,0.0354,False,,
QI0001779,PO0003949,V0054,2022-02-17,0.0027,False,,
QI0001780,PO0001659,V0022,2023-08-27,0.0272,False,,
QI0001781,PO0000153,V0003,2024-08-01,0.0102,False,,
QI0001782,PO0002385,V0032,2024-01-03,0.0052,False,,
QI0001783,PO0003314,V0045,2024-11-08,0.0327,False,,
QI0001784,PO0001584,V0022,2022-03-31,0.0233,False,,
QI0001785,PO0005408,V0066,2025-05-21,0.0107,False,,
QI0001786,PO0002628,V0035,2024-12-10,0.0028,False,,
QI0001787,PO0000726,V0009,2026-04-11,0.012,False,,
QI0001788,PO0003002,V0041,2024-07-27,0.0206,False,,
QI0001789,PO0001504,V0020,2025-12-21,0.055,True,Cosmetic defect,23.0
QI0001790,PO0002772,V0036,2026-01-06,0.0194,False,,
QI0001791,PO0004509,V0058,2024-11-30,0.0427,True,Functional failure,11.0
QI0001792,PO0004874,V0062,2024-12-17,0.003,False,,
QI0001793,PO0003971,V0054,2022-06-14,0.0023,False,,
QI0001794,PO0005553,V0068,2023-02-19,0.0273,False,,
QI0001795,PO0004355,V0057,2022-08-12,0.0225,False,,
QI0001796,PO0002441,V0033,2023-02-17,0.033,True,Packaging damage,11.0
QI0001797,PO0000032,V0001,2025-05-02,0.0058,False,,
QI0001798,PO0001226,V0015,2023-06-24,0.0427,True,Contamination,5.0
QI0001799,PO0000938,V0012,2023-05-22,0.0,False,,
QI0001800,PO0003961,V0054,2022-05-05,0.0027,False,,
QI0001801,PO0004447,V0058,2023-09-11,0.0086,False,,
QI0001802,PO0000753,V0010,2023-07-09,0.0945,True,Dimensional deviation,23.0
QI0001803,PO0002451,V0033,2023-07-01,0.0178,False,,
QI0001804,PO0000310,V0005,2022-10-11,0.0141,False,,
QI0001805,PO0003214,V0044,2022-07-19,0.0095,False,,
QI0001806,PO0002246,V0028,2025-09-08,0.0086,False,,
QI0001807,PO0004086,V0054,2024-09-27,0.006,False,,
QI0001808,PO0002120,V0028,2023-07-06,0.0092,False,,
QI0001809,PO0003606,V0048,2025-09-06,0.0,False,,
QI0001810,PO0003836,V0053,2023-01-29,0.0058,False,,
QI0001811,PO0002761,V0036,2025-07-10,0.0143,False,,
QI0001812,PO0002405,V0032,2025-10-06,0.0212,False,,
QI0001813,PO0000496,V0006,2022-11-11,0.0294,False,,
QI0001814,PO0001406,V0016,2025-12-26,0.0105,False,,
QI0001815,PO0003983,V0054,2022-08-31,0.0007,False,,
QI0001816,PO0000206,V0004,2022-06-30,0.0109,False,,
QI0001817,PO0001435,V0018,2023-05-16,0.0127,False,,
QI0001818,PO0001136,V0014,2022-04-16,0.0221,False,,
QI0001819,PO0003494,V0047,2025-03-21,0.029,False,,
QI0001820,PO0000869,V0011,2025-02-13,0.0294,False,,
QI0001821,PO0000702,V0009,2024-12-16,0.0568,True,Functional failure,33.0
QI0001822,PO0002719,V0036,2024-04-15,0.0115,False,,
QI0001823,PO0000306,V0005,2022-09-18,0.1354,True,Contamination,9.0
QI0001824,PO0003979,V0054,2022-09-13,0.0027,False,,
QI0001825,PO0001193,V0015,2022-09-05,0.1135,True,Labeling/documentation error,13.0
QI0001826,PO0004544,V0058,2025-07-27,0.0092,False,,
QI0001827,PO0002535,V0034,2023-06-25,0.0047,False,,
QI0001828,PO0001535,V0021,2024-04-26,0.0264,False,,
QI0001829,PO0001062,V0013,2023-04-07,0.0057,False,,
QI0001830,PO0000844,V0011,2024-01-28,0.0188,False,,
QI0001831,PO0003553,V0048,2023-07-12,0.0014,False,,
QI0001832,PO0004097,V0054,2024-12-09,0.0001,False,,
QI0001833,PO0002958,V0041,2022-08-22,0.0149,False,,
QI0001834,PO0001539,V0021,2024-07-31,0.0202,False,,
QI0001835,PO0000212,V0004,2022-10-08,0.0195,False,,
QI0001836,PO0001341,V0015,2026-03-08,0.0405,False,,
QI0001837,PO0001109,V0013,2025-08-01,0.0029,False,,
QI0001838,PO0003442,V0046,2026-07-20,0.0242,False,,
QI0001839,PO0005359,V0066,2024-04-01,0.0148,False,,
QI0001840,PO0000680,V0009,2023-11-30,0.0246,False,,
QI0001841,PO0002147,V0028,2023-12-18,0.0066,False,,
QI0001842,PO0003333,V0045,2025-06-30,0.0,False,,
QI0001843,PO0003831,V0053,2022-11-16,0.0017,False,,
QI0001844,PO0000566,V0007,2022-11-13,0.018,False,,
QI0001845,PO0002926,V0040,2022-06-18,0.0499,True,Contamination,11.0
QI0001846,PO0002379,V0032,2023-01-20,0.0091,False,,
QI0001847,PO0001533,V0021,2024-03-06,0.023,False,,
QI0001848,PO0004649,V0059,2023-09-18,0.0288,False,,
QI0001849,PO0000681,V0009,2024-01-10,0.026,False,,
QI0001850,PO0000181,V0003,2025-10-31,0.0384,False,,
QI0001851,PO0003476,V0047,2023-09-24,0.0185,False,,
QI0001852,PO0002058,V0028,2022-02-22,0.0087,False,,
QI0001853,PO0003039,V0041,2025-07-07,0.0228,False,,
QI0001854,PO0004914,V0063,2026-05-19,0.0045,False,,
QI0001855,PO0000279,V0005,2022-04-06,0.1994,True,Contamination,16.0
QI0001856,PO0001889,V0023,2025-10-08,0.0095,False,,
QI0001857,PO0004155,V0054,2026-03-03,0.0014,False,,
QI0001858,PO0001205,V0015,2022-12-27,0.039,False,,
QI0001859,PO0002210,V0028,2024-12-31,0.0141,False,,
QI0001860,PO0000433,V0005,2025-06-01,0.0765,True,Packaging damage,27.0
QI0001861,PO0000290,V0005,2022-05-23,0.0245,False,,
QI0001862,PO0005528,V0068,2022-09-09,0.0304,False,,
QI0001863,PO0001028,V0013,2022-05-18,0.0028,False,,
QI0001864,PO0000536,V0006,2024-10-17,0.0239,False,,
QI0001865,PO0001560,V0021,2025-07-30,0.042,False,,
QI0001866,PO0000994,V0012,2025-07-22,0.0014,False,,
QI0001867,PO0001188,V0015,2022-08-09,0.0975,True,Cosmetic defect,19.0
QI0001868,PO0000189,V0003,2026-01-27,0.0137,False,,
QI0001869,PO0002846,V0037,2025-05-11,0.0268,False,,
QI0001870,PO0005601,V0068,2024-01-06,0.1141,True,Contamination,32.0
QI0001871,PO0005185,V0065,2025-04-12,0.006,False,,
QI0001872,PO0004023,V0054,2023-05-28,0.0028,False,,
QI0001873,PO0000707,V0009,2025-05-05,0.0053,False,,
QI0001874,PO0004076,V0054,2024-07-06,0.0042,False,,
QI0001875,PO0000271,V0004,2026-08-26,0.0064,False,,
QI0001876,PO0004723,V0059,2025-04-08,0.1042,True,Packaging damage,13.0
QI0001877,PO0004705,V0059,2024-11-20,0.0,False,,
QI0001878,PO0003307,V0045,2024-05-17,0.043,False,,
QI0001879,PO0002560,V0034,2026-07-30,0.0042,False,,
QI0001880,PO0003708,V0050,2024-06-22,0.018,False,,
QI0001881,PO0002068,V0028,2022-06-13,0.0,False,,
QI0001882,PO0004478,V0058,2024-07-13,0.0341,False,,
QI0001883,PO0000112,V0003,2023-01-27,0.0113,False,,
QI0001884,PO0001171,V0015,2022-03-19,0.0228,False,,
QI0001885,PO0001392,V0016,2025-06-09,0.0079,False,,
QI0001886,PO0003780,V0051,2025-03-21,0.002,False,,
QI0001887,PO0000221,V0004,2023-06-19,0.0382,False,,
QI0001888,PO0002715,V0036,2024-01-30,0.0047,False,,
QI0001889,PO0000628,V0008,2024-06-13,0.0543,True,Labeling/documentation error,8.0
QI0001890,PO0002863,V0038,2022-03-15,0.0191,False,,
QI0001891,PO0003163,V0042,2025-05-25,0.0084,False,,
QI0001892,PO0000084,V0002,2025-10-03,0.0093,False,,
QI0001893,PO0003177,V0042,2025-11-13,0.0085,False,,
QI0001894,PO0000791,V0010,2025-09-03,0.0978,True,Contamination,8.0
QI0001895,PO0003529,V0048,2022-07-31,0.0,False,,
QI0001896,PO0000462,V0005,2026-01-18,0.0836,True,Contamination,7.0
QI0001897,PO0005071,V0065,2023-05-22,0.0012,False,,
QI0001898,PO0003322,V0045,2025-01-18,0.0419,False,,
QI0001899,PO0000552,V0006,2026-02-17,0.0191,False,,
QI0001900,PO0001935,V0025,2022-08-23,0.0237,False,,
QI0001901,PO0002572,V0035,2022-08-27,0.0071,False,,
QI0001902,PO0003537,V0048,2022-09-24,0.0003,False,,
QI0001903,PO0000199,V0003,2026-05-14,0.0287,False,,
QI0001904,PO0003387,V0046,2022-10-20,0.0053,False,,
QI0001905,PO0002551,V0034,2025-03-24,0.0037,False,,
QI0001906,PO0000403,V0005,2024-10-14,0.0843,True,Contamination,12.0
QI0001907,PO0004009,V0054,2023-02-02,0.0007,False,,
QI0001908,PO0003965,V0054,2022-05-22,0.004,False,,
QI0001909,PO0005491,V0067,2025-06-24,0.0042,False,,
QI0001910,PO0004039,V0054,2023-08-27,0.0019,False,,
QI0001911,PO0002403,V0032,2025-08-03,0.0088,False,,
QI0001912,PO0005145,V0065,2024-10-16,0.0014,False,,
QI0001913,PO0000651,V0009,2022-04-22,0.0358,True,Labeling/documentation error,15.0
QI0001914,PO0005294,V0066,2023-01-19,0.0151,False,,
QI0001915,PO0000709,V0009,2025-06-14,0.0,False,,
QI0001916,PO0003492,V0047,2024-12-20,0.0276,False,,
QI0001917,PO0005199,V0065,2025-08-03,0.0032,False,,
QI0001918,PO0002164,V0028,2024-04-05,0.0091,False,,
QI0001919,PO0005086,V0065,2023-09-01,0.0031,False,,
QI0001920,PO0005604,V0068,2024-01-02,0.0963,True,Contamination,27.0
QI0001921,PO0002411,V0033,2022-02-12,0.0323,False,,
QI0001922,PO0001425,V0017,2025-09-02,0.0424,False,,
QI0001923,PO0001217,V0015,2023-03-30,0.0379,True,Contamination,25.0
QI0001924,PO0004398,V0058,2022-10-27,0.0281,False,,
QI0001925,PO0001925,V0024,2025-04-28,0.0081,False,,
QI0001926,PO0002523,V0033,2026-05-31,0.0228,False,,
QI0001927,PO0002474,V0033,2024-06-24,0.107,True,Contamination,28.0
QI0001928,PO0001739,V0022,2024-12-23,0.0059,False,,
QI0001929,PO0000315,V0005,2022-11-12,0.0056,False,,
QI0001930,PO0002517,V0033,2026-02-28,0.0129,False,,
QI0001931,PO0005046,V0065,2023-03-09,0.004,False,,
QI0001932,PO0005655,V0068,2025-06-02,0.1836,True,Functional failure,19.0
QI0001933,PO0001428,V0017,2025-10-25,0.0231,False,,
QI0001934,PO0004752,V0059,2026-01-09,0.022,False,,
QI0001935,PO0004862,V0062,2023-12-08,0.0006,False,,
QI0001936,PO0005158,V0065,2024-12-11,0.0026,False,,
QI0001937,PO0003044,V0041,2025-08-14,0.0257,False,,
QI0001938,PO0000114,V0003,2023-02-24,0.0,False,,
QI0001939,PO0000961,V0012,2024-05-05,0.0059,False,,
QI0001940,PO0005743,V0070,2023-06-27,0.0267,False,,
QI0001941,PO0003034,V0041,2025-06-19,0.0295,False,,
QI0001942,PO0001115,V0013,2025-10-02,0.0021,False,,
QI0001943,PO0004238,V0055,2024-10-12,0.0449,False,,
QI0001944,PO0005768,V0070,2026-08-10,0.035,False,,
QI0001945,PO0002330,V0030,2023-10-18,0.0169,False,,
QI0001946,PO0000685,V0009,2024-01-22,0.0432,False,,
QI0001947,PO0003471,V0047,2023-01-30,0.0107,False,,
QI0001948,PO0004303,V0056,2024-01-26,0.0266,False,,
QI0001949,PO0005219,V0065,2026-01-27,0.0017,False,,
QI0001950,PO0001882,V0023,2025-06-24,0.0122,False,,
QI0001951,PO0005042,V0065,2022-12-30,0.0009,False,,
QI0001952,PO0003438,V0046,2026-04-11,0.0194,False,,
QI0001953,PO0003839,V0053,2023-02-18,0.0025,False,,
QI0001954,PO0001635,V0022,2023-02-20,0.0114,False,,
QI0001955,PO0002785,V0036,2026-07-01,0.0079,False,,
QI0001956,PO0004901,V0063,2022-06-02,0.0008,False,,
QI0001957,PO0002510,V0033,2025-09-26,0.0647,False,,
QI0001958,PO0003218,V0044,2023-08-03,0.0083,False,,
QI0001959,PO0002096,V0028,2023-02-15,0.0116,False,,
QI0001960,PO0001859,V0023,2023-12-24,0.0162,False,,
QI0001961,PO0002944,V0040,2026-05-20,0.0468,False,,
QI0001962,PO0000327,V0005,2023-01-28,0.0907,True,Packaging damage,29.0
QI0001963,PO0000605,V0008,2022-04-27,0.0,False,,
QI0001964,PO0004820,V0061,2023-10-21,0.0205,False,,
QI0001965,PO0001696,V0022,2024-04-19,0.0144,False,,
QI0001966,PO0003959,V0054,2022-04-07,0.0033,False,,
QI0001967,PO0002390,V0032,2024-04-12,0.0103,False,,
QI0001968,PO0004672,V0059,2024-03-02,0.016,False,,
QI0001969,PO0004986,V0064,2025-10-02,0.0565,True,Contamination,30.0
QI0001970,PO0003134,V0042,2024-09-25,0.0,False,,
QI0001971,PO0002888,V0038,2026-03-12,0.0438,False,,
QI0001972,PO0002155,V0028,2024-02-10,0.0028,False,,
QI0001973,PO0001289,V0015,2025-02-17,0.0922,True,Dimensional deviation,39.0
QI0001974,PO0002134,V0028,2023-09-10,0.0079,False,,
QI0001975,PO0003746,V0050,2026-02-02,0.0267,False,,
QI0001976,PO0002165,V0028,2024-03-26,0.011,False,,
QI0001977,PO0004435,V0058,2023-06-21,0.0192,False,,
QI0001978,PO0002800,V0037,2022-10-11,0.0153,False,,
QI0001979,PO0002477,V0033,2024-06-21,0.0595,False,,
QI0001980,PO0000349,V0005,2023-07-05,0.1226,True,Cosmetic defect,19.0
QI0001981,PO0002226,V0028,2025-04-26,0.0047,False,,
QI0001982,PO0002438,V0033,2023-01-06,0.0491,True,Cosmetic defect,13.0
QI0001983,PO0005348,V0066,2023-12-12,0.0139,False,,
QI0001984,PO0000790,V0010,2025-09-07,0.0895,True,Labeling/documentation error,40.0
QI0001985,PO0001627,V0022,2023-01-18,0.0249,False,,
QI0001986,PO0003096,V0042,2023-01-14,0.009,False,,
QI0001987,PO0002553,V0034,2025-08-07,0.002,False,,
QI0001988,PO0002264,V0028,2026-02-22,0.0109,False,,
QI0001989,PO0000322,V0005,2022-12-12,0.0458,False,,
QI0001990,PO0000872,V0011,2025-04-03,0.0569,True,Contamination,22.0
QI0001991,PO0003718,V0050,2024-12-10,0.0244,False,,
QI0001992,PO0000170,V0003,2025-07-15,0.0205,False,,
QI0001993,PO0003576,V0048,2024-06-10,0.004,False,,
QI0001994,PO0003444,V0047,2022-02-07,0.0144,False,,
QI0001995,PO0002671,V0036,2022-07-13,0.0096,False,,
QI0001996,PO0001962,V0025,2025-07-18,0.0144,False,,
QI0001997,PO0003827,V0053,2022-10-28,0.0041,False,,
QI0001998,PO0001536,V0021,2024-05-05,0.0199,False,,
QI0001999,PO0004521,V0058,2025-03-02,0.0502,False,,
QI0002000,PO0005242,V0065,2026-07-31,0.003,False,,
QI0002001,PO0000074,V0002,2024-10-15,0.0087,False,,
QI0002002,PO0000421,V0005,2025-03-09,0.076,True,Packaging damage,5.0
QI0002003,PO0004858,V0062,2023-09-18,0.0003,False,,
QI0002004,PO0002146,V0028,2023-12-22,0.008,False,,
QI0002005,PO0003951,V0054,2022-03-06,0.0031,False,,
QI0002006,PO0000093,V0003,2022-04-06,0.0292,False,,
QI0002007,PO0001878,V0023,2025-02-14,0.0104,False,,
QI0002008,PO0005269,V0066,2022-07-12,0.0331,False,,
QI0002009,PO0001624,V0022,2022-12-05,0.0368,False,,
QI0002010,PO0003860,V0053,2023-08-07,0.0033,False,,
QI0002011,PO0004553,V0058,2025-09-20,0.0,False,,
QI0002012,PO0003506,V0047,2026-02-08,0.0208,False,,
QI0002013,PO0004561,V0058,2025-11-26,0.0229,False,,
QI0002014,PO0002458,V0033,2023-09-13,0.0566,True,Functional failure,24.0
QI0002015,PO0003817,V0053,2022-04-12,0.001,False,,
QI0002016,PO0005552,V0068,2023-02-15,0.0993,True,Labeling/documentation error,20.0
QI0002017,PO0000495,V0006,2022-10-06,0.0226,False,,
QI0002018,PO0001376,V0016,2024-03-07,0.0136,False,,
QI0002019,PO0004791,V0060,2024-08-09,0.0059,False,,
QI0002020,PO0002869,V0038,2022-09-30,0.0447,False,,
QI0002021,PO0002856,V0037,2025-12-26,0.0216,False,,
QI0002022,PO0001165,V0014,2026-04-22,0.0098,False,,
QI0002023,PO0003830,V0053,2022-11-16,0.0029,False,,
QI0002024,PO0001271,V0015,2024-09-22,0.0965,True,Dimensional deviation,22.0
QI0002025,PO0003928,V0053,2025-11-12,0.004,False,,
QI0002026,PO0002274,V0028,2026-05-18,0.0119,False,,
QI0002027,PO0002852,V0037,2025-10-04,0.003,False,,
QI0002028,PO0005323,V0066,2023-07-01,0.0123,False,,
QI0002029,PO0004763,V0059,2026-04-18,0.0619,True,Cosmetic defect,16.0
QI0002030,PO0000619,V0008,2023-09-21,0.1327,True,Labeling/documentation error,24.0
QI0002031,PO0004936,V0064,2022-12-25,0.0653,True,Packaging damage,3.0
QI0002032,PO0003525,V0048,2022-06-22,0.0005,False,,
QI0002033,PO0000125,V0003,2023-07-02,0.0273,False,,
QI0002034,PO0002943,V0040,2026-04-29,0.0197,False,,
QI0002035,PO0002418,V0033,2022-06-06,0.0638,True,Functional failure,23.0
QI0002036,PO0002781,V0036,2026-05-10,0.0032,False,,
QI0002037,PO0002482,V0033,2024-09-22,0.0,False,,
QI0002038,PO0003649,V0049,2024-06-04,0.0048,False,,
QI0002039,PO0001414,V0016,2026-08-21,0.0001,False,,
QI0002040,PO0004569,V0058,2026-01-19,0.0457,True,Cosmetic defect,14.0
QI0002041,PO0003589,V0048,2025-02-10,0.0051,False,,
QI0002042,PO0005002,V0064,2026-06-02,0.0562,False,,
QI0002043,PO0000870,V0011,2025-02-20,0.0574,True,Labeling/documentation error,16.0
QI0002044,PO0003558,V0048,2023-10-08,0.0018,False,,
QI0002045,PO0002007,V0026,2025-08-25,0.0029,False,,
QI0002046,PO0001043,V0013,2022-11-03,0.0046,False,,
QI0002047,PO0004218,V0055,2023-09-23,0.0553,True,Functional failure,13.0
QI0002048,PO0003881,V0053,2024-05-26,0.0011,False,,
QI0002049,PO0000357,V0005,2023-08-02,0.048,False,,
QI0002050,PO0001163,V0014,2026-03-03,0.0176,False,,
QI0002051,PO0004376,V0058,2022-04-15,0.0538,False,,
QI0002052,PO0002225,V0028,2025-04-19,0.0053,False,,
QI0002053,PO0005684,V0068,2025-12-24,0.0384,False,,
QI0002054,PO0001891,V0023,2025-10-30,0.0087,False,,
QI0002055,PO0000580,V0007,2024-02-20,0.0207,False,,
QI0002056,PO0003383,V0046,2022-09-11,0.0203,False,,
QI0002057,PO0001692,V0022,2024-02-28,0.0268,False,,
QI0002058,PO0000863,V0011,2024-11-13,0.0808,True,Dimensional deviation,8.0
QI0002059,PO0004145,V0054,2025-12-21,0.0017,False,,
QI0002060,PO0004020,V0054,2023-04-09,0.0006,False,,
QI0002061,PO0004464,V0058,2024-01-14,0.0073,False,,
QI0002062,PO0001117,V0013,2025-11-16,0.0035,False,,
QI0002063,PO0001542,V0021,2024-09-03,0.0211,False,,
QI0002064,PO0002536,V0034,2023-07-19,0.0042,False,,
QI0002065,PO0004439,V0058,2023-06-12,0.06,True,Dimensional deviation,4.0
QI0002066,PO0005305,V0066,2023-03-15,0.0333,False,,
QI0002067,PO0002408,V0032,2026-07-15,0.0042,False,,
QI0002068,PO0005097,V0065,2023-12-16,0.0054,False,,
QI0002069,PO0005112,V0065,2024-04-03,0.0008,False,,
QI0002070,PO0005673,V0068,2025-10-08,0.0175,False,,
QI0002071,PO0002219,V0028,2025-03-17,0.0156,False,,
QI0002072,PO0005502,V0067,2026-03-11,0.0079,False,,
QI0002073,PO0002252,V0028,2025-10-25,0.0185,False,,
QI0002074,PO0005594,V0068,2023-12-06,0.0575,False,,
QI0002075,PO0002053,V0027,2026-05-27,0.017,False,,
QI0002076,PO0001777,V0022,2025-08-04,0.017,False,,
QI0002077,PO0005334,V0066,2023-09-23,0.0203,False,,
QI0002078,PO0004129,V0054,2025-08-07,0.0037,False,,
QI0002079,PO0001593,V0022,2022-05-13,0.0306,False,,
QI0002080,PO0001724,V0022,2024-09-14,0.0152,False,,
QI0002081,PO0004511,V0058,2024-12-06,0.0347,False,,
QI0002082,PO0005383,V0066,2024-10-10,0.0199,False,,
QI0002083,PO0000491,V0006,2022-07-25,0.0335,False,,
QI0002084,PO0004849,V0062,2023-03-04,0.0023,False,,
QI0002085,PO0001007,V0012,2026-03-03,0.001,False,,
QI0002086,PO0002906,V0039,2024-01-22,0.0,False,,
QI0002087,PO0004757,V0059,2026-02-06,0.0466,True,Packaging damage,17.0
QI0002088,PO0001418,V0017,2024-02-28,0.0027,False,,
QI0002089,PO0000026,V0001,2024-06-16,0.002,False,,
QI0002090,PO0001114,V0013,2025-10-07,0.0,False,,
QI0002091,PO0002819,V0037,2024-01-06,0.0226,False,,
QI0002092,PO0001553,V0021,2025-04-26,0.022,False,,
QI0002093,PO0004929,V0064,2022-10-03,0.0638,True,Contamination,5.0
QI0002094,PO0004306,V0056,2024-02-17,0.0251,False,,
QI0002095,PO0000434,V0005,2025-06-10,0.0,False,,
QI0002096,PO0005392,V0066,2025-01-10,0.0018,False,,
QI0002097,PO0002834,V0037,2024-07-23,0.0281,False,,
QI0002098,PO0003712,V0050,2024-09-05,0.0086,False,,
QI0002099,PO0005469,V0067,2022-12-03,0.0129,False,,
QI0002100,PO0002858,V0037,2026-01-09,0.0138,False,,
QI0002101,PO0005051,V0065,2023-01-28,0.0066,False,,
QI0002102,PO0004280,V0056,2022-08-09,0.0033,False,,
QI0002103,PO0002789,V0037,2022-03-01,0.0121,False,,
QI0002104,PO0003818,V0053,2022-06-04,0.0055,False,,
QI0002105,PO0001103,V0013,2025-05-30,0.0045,False,,
QI0002106,PO0003575,V0048,2024-06-03,0.004,False,,
QI0002107,PO0003904,V0053,2025-05-01,0.0,False,,
QI0002108,PO0000195,V0003,2026-03-20,0.0259,False,,
QI0002109,PO0000616,V0008,2023-04-30,0.0191,False,,
QI0002110,PO0000644,V0008,2026-05-26,0.0949,True,Contamination,29.0
QI0002111,PO0005076,V0065,2023-07-09,0.002,False,,
QI0002112,PO0002253,V0028,2025-11-14,0.01,False,,
QI0002113,PO0004877,V0062,2025-02-14,0.0026,False,,
QI0002114,PO0000331,V0005,2023-02-17,0.0991,True,Packaging damage,18.0
QI0002115,PO0005595,V0068,2023-11-27,0.0911,True,Labeling/documentation error,10.0
QI0002116,PO0005417,V0066,2025-08-08,0.0018,False,,
QI0002117,PO0003051,V0041,2025-11-11,0.0,False,,
QI0002118,PO0000484,V0006,2022-04-11,0.0249,False,,
QI0002119,PO0003738,V0050,2025-09-19,0.0113,False,,
QI0002120,PO0002278,V0028,2026-07-25,0.0151,False,,
QI0002121,PO0002060,V0028,2022-03-09,0.0002,False,,
QI0002122,PO0003613,V0048,2025-11-10,0.003,False,,
QI0002123,PO0000033,V0001,2025-09-24,0.0,False,,
QI0002124,PO0003843,V0053,2023-03-20,0.004,False,,
QI0002125,PO0004538,V0058,2025-07-05,0.0502,True,Packaging damage,12.0
QI0002126,PO0004234,V0055,2024-07-09,0.0225,False,,
QI0002127,PO0001445,V0018,2025-12-26,0.0263,False,,
QI0002128,PO0002901,V0039,2023-07-31,0.0018,False,,
QI0002129,PO0005623,V0068,2024-07-07,0.0694,True,Cosmetic defect,21.0
QI0002130,PO0001706,V0022,2024-06-21,0.006,False,,
QI0002131,PO0002211,V0028,2025-01-12,0.0095,False,,
QI0002132,PO0003280,V0045,2023-05-16,0.0204,False,,
QI0002133,PO0001402,V0016,2025-10-08,0.0157,False,,
QI0002134,PO0003124,V0042,2024-05-27,0.0073,False,,
QI0002135,PO0000171,V0003,2025-07-16,0.0076,False,,
QI0002136,PO0000541,V0006,2025-05-28,0.023,False,,
QI0002137,PO0002904,V0039,2023-09-12,0.0213,False,,
QI0002138,PO0004317,V0056,2024-08-13,0.0147,False,,
QI0002139,PO0003685,V0050,2023-01-04,0.0223,False,,
QI0002140,PO0000675,V0009,2023-05-13,0.0582,True,Functional failure,15.0
QI0002141,PO0002695,V0036,2023-04-01,0.0082,False,,
QI0002142,PO0002168,V0028,2024-03-30,0.0193,False,,
QI0002143,PO0001816,V0022,2026-03-27,0.0021,False,,
QI0002144,PO0002358,V0031,2023-12-30,0.0035,False,,
QI0002145,PO0002101,V0028,2023-03-06,0.006,False,,
QI0002146,PO0004339,V0056,2025-12-20,0.0335,False,,
QI0002147,PO0005037,V0065,2022-12-26,0.0027,False,,
QI0002148,PO0002102,V0028,2023-03-06,0.0062,False,,
QI0002149,PO0004886,V0062,2025-11-06,0.0024,False,,
QI0002150,PO0004956,V0064,2023-12-17,0.0432,False,,
QI0002151,PO0001549,V0021,2025-02-28,0.0161,False,,
QI0002152,PO0002790,V0037,2022-04-12,0.0296,False,,
QI0002153,PO0000356,V0005,2023-08-01,0.0653,True,Cosmetic defect,14.0
QI0002154,PO0002305,V0029,2025-01-04,0.0,False,,
QI0002155,PO0002487,V0033,2024-11-29,0.0214,False,,
QI0002156,PO0003429,V0046,2025-10-31,0.0,False,,
QI0002157,PO0005108,V0065,2024-02-14,0.0036,False,,
QI0002158,PO0004101,V0054,2024-12-28,0.0043,False,,
QI0002159,PO0001052,V0013,2022-12-12,0.0049,False,,
QI0002160,PO0003287,V0045,2023-07-11,0.052,False,,
QI0002161,PO0004232,V0055,2024-06-30,0.0382,True,Functional failure,21.0
QI0002162,PO0001752,V0022,2025-03-08,0.0203,False,,
QI0002163,PO0002742,V0036,2024-11-11,0.0063,False,,
QI0002164,PO0001773,V0022,2025-06-28,0.0246,False,,
QI0002165,PO0001197,V0015,2022-10-30,0.0542,True,Functional failure,6.0
QI0002166,PO0001879,V0023,2025-03-04,0.0126,False,,
QI0002167,PO0002017,V0027,2022-07-14,0.0079,False,,
QI0002168,PO0002006,V0026,2025-07-20,0.0039,False,,
QI0002169,PO0003768,V0051,2024-03-01,0.0035,False,,
QI0002170,PO0001483,V0020,2023-07-08,0.0418,False,,
QI0002171,PO0000329,V0005,2023-02-18,0.0635,True,Contamination,51.0
QI0002172,PO0000649,V0009,2022-03-29,0.0169,False,,
QI0002173,PO0004249,V0055,2025-04-07,0.0114,False,,
QI0002174,PO0001124,V0013,2026-03-23,0.0013,False,,
QI0002175,PO0002674,V0036,2022-07-23,0.0066,False,,
QI0002176,PO0002272,V0028,2026-05-02,0.0055,False,,
QI0002177,PO0002624,V0035,2024-10-27,0.008,False,,
QI0002178,PO0003122,V0042,2024-04-16,0.0113,False,,
QI0002179,PO0004828,V0061,2025-04-07,0.0175,False,,
QI0002180,PO0001260,V0015,2024-05-25,0.0125,False,,
QI0002181,PO0002810,V0037,2023-03-02,0.0098,False,,
QI0002182,PO0003155,V0042,2025-03-28,0.0171,False,,
QI0002183,PO0002485,V0033,2024-11-02,0.0511,False,,
QI0002184,PO0001520,V0021,2023-03-08,0.0216,False,,
QI0002185,PO0001379,V0016,2024-07-04,0.0057,False,,
QI0002186,PO0004205,V0055,2023-04-19,0.0388,False,,
QI0002187,PO0001024,V0013,2022-05-22,0.0031,False,,
QI0002188,PO0002656,V0035,2026-03-10,0.0051,False,,
QI0002189,PO0004519,V0058,2025-01-26,0.0668,True,Packaging damage,5.0
QI0002190,PO0004904,V0063,2024-09-05,0.0042,False,,
QI0002191,PO0000913,V0012,2022-05-23,0.0038,False,,
QI0002192,PO0003734,V0050,2025-07-26,0.0136,False,,
QI0002193,PO0001676,V0022,2023-12-01,0.0237,False,,
QI0002194,PO0001747,V0022,2025-02-26,0.0329,False,,
QI0002195,PO0002743,V0036,2024-11-16,0.0055,False,,
QI0002196,PO0001737,V0022,2024-12-08,0.0254,False,,
QI0002197,PO0001630,V0022,2023-01-19,0.048,False,,
QI0002198,PO0003519,V0048,2022-03-31,0.0054,False,,
QI0002199,PO0000431,V0005,2025-06-01,0.1376,True,Functional failure,7.0
QI0002200,PO0001809,V0022,2026-02-21,0.0189,False,,
QI0002201,PO0005380,V0066,2024-08-30,0.0243,False,,
QI0002202,PO0004987,V0064,2025-10-12,0.0,False,,
QI0002203,PO0005254,V0066,2022-04-25,0.0339,False,,
QI0002204,PO0005534,V0068,2022-09-03,0.0956,True,Contamination,33.0
QI0002205,PO0003196,V0043,2023-08-20,0.0006,False,,
QI0002206,PO0002999,V0041,2024-05-07,0.0165,False,,
QI0002207,PO0002982,V0041,2023-10-29,0.0209,False,,
QI0002208,PO0005144,V0065,2024-10-25,0.0005,False,,
QI0002209,PO0004731,V0059,2025-06-23,0.0379,False,,
QI0002210,PO0005121,V0065,2024-04-25,0.0033,False,,
QI0002211,PO0001996,V0026,2024-05-30,0.0007,False,,
QI0002212,PO0003754,V0050,2026-04-27,0.0241,False,,
QI0002213,PO0001107,V0013,2025-07-30,0.0005,False,,
QI0002214,PO0003755,V0050,2026-05-06,0.0174,False,,
QI0002215,PO0000819,V0011,2022-09-07,0.0646,True,Labeling/documentation error,13.0
QI0002216,PO0003765,V0051,2023-07-26,0.0037,False,,
QI0002217,PO0004184,V0055,2022-06-12,0.0219,False,,
QI0002218,PO0001698,V0022,2024-05-05,0.0055,False,,
QI0002219,PO0003797,V0052,2022-05-04,0.0207,False,,
QI0002220,PO0000137,V0003,2024-01-26,0.002,False,,
QI0002221,PO0002989,V0041,2023-11-21,0.0149,False,,
QI0002222,PO0003406,V0046,2024-03-18,0.0177,False,,
QI0002223,PO0005114,V0065,2024-03-30,0.0037,False,,
QI0002224,PO0001181,V0015,2022-07-20,0.0018,False,,
QI0002225,PO0005568,V0068,2023-06-29,0.0174,False,,
QI0002226,PO0000889,V0011,2025-12-20,0.0,False,,
QI0002227,PO0003947,V0054,2022-02-15,0.0005,False,,
QI0002228,PO0004703,V0059,2024-11-05,0.0,False,,
QI0002229,PO0000818,V0011,2022-08-21,0.0752,True,Functional failure,9.0
QI0002230,PO0001112,V0013,2025-09-03,0.0038,False,,
QI0002231,PO0005325,V0066,2023-07-06,0.0105,False,,
QI0002232,PO0003478,V0047,2023-11-01,0.0307,False,,
QI0002233,PO0001265,V0015,2024-08-26,0.0867,True,Contamination,19.0
QI0002234,PO0000991,V0012,2025-05-26,0.0034,False,,
QI0002235,PO0003168,V0042,2025-08-05,0.0145,False,,
QI0002236,PO0001740,V0022,2025-01-10,0.0275,False,,
QI0002237,PO0005231,V0065,2026-05-30,0.0016,False,,
QI0002238,PO0000354,V0005,2023-07-23,0.0972,True,Functional failure,2.0
QI0002239,PO0004393,V0058,2022-09-14,0.0086,False,,
QI0002240,PO0002269,V0028,2026-03-31,0.006,False,,
QI0002241,PO0003995,V0054,2022-11-06,0.0063,False,,
QI0002242,PO0001490,V0020,2024-04-20,0.1424,True,Functional failure,13.0
QI0002243,PO0003632,V0048,2026-07-06,0.0061,False,,
QI0002244,PO0001229,V0015,2023-07-27,0.0635,True,Contamination,25.0
QI0002245,PO0003823,V0053,2022-08-07,0.0025,False,,
QI0002246,PO0005669,V0068,2025-08-14,0.0302,False,,
QI0002247,PO0000053,V0002,2022-12-21,0.0128,False,,
QI0002248,PO0002883,V0038,2025-05-19,0.0648,True,Dimensional deviation,24.0
QI0002249,PO0003651,V0049,2024-07-03,0.0113,False,,
QI0002250,PO0003913,V0053,2025-06-29,0.0018,False,,
QI0002251,PO0003376,V0046,2022-03-12,0.0208,False,,
QI0002252,PO0001590,V0022,2022-04-19,0.0273,False,,
QI0002253,PO0001480,V0020,2023-03-15,0.0129,False,,
QI0002254,PO0001470,V0020,2022-06-03,0.0548,True,Functional failure,58.0
QI0002255,PO0003867,V0053,2023-11-06,0.0036,False,,
QI0002256,PO0002079,V0028,2022-09-16,0.0136,False,,
QI0002257,PO0004616,V0059,2022-11-16,0.0377,False,,
QI0002258,PO0005680,V0068,2025-11-17,0.1039,True,Dimensional deviation,21.0
QI0002259,PO0005713,V0069,2023-10-04,0.02,False,,
QI0002260,PO0000437,V0005,2025-07-20,0.0146,False,,
QI0002261,PO0003617,V0048,2025-12-25,0.0011,False,,
QI0002262,PO0001589,V0022,2022-05-19,0.0068,False,,
QI0002263,PO0004241,V0055,2024-11-22,0.0255,False,,
QI0002264,PO0001591,V0022,2022-05-22,0.0454,True,Packaging damage,4.0
QI0002265,PO0005573,V0068,2023-07-18,0.0446,True,Packaging damage,12.0
QI0002266,PO0000974,V0012,2024-10-26,0.0039,False,,
QI0002267,PO0001239,V0015,2023-12-08,0.0306,False,,
QI0002268,PO0002500,V0033,2025-05-28,0.0484,True,Contamination,5.0
QI0002269,PO0003318,V0045,2025-01-06,0.0372,False,,
QI0002270,PO0004926,V0064,2022-08-02,0.0481,True,Labeling/documentation error,12.0
QI0002271,PO0002232,V0028,2025-07-04,0.0074,False,,
QI0002272,PO0002488,V0033,2024-12-19,0.0219,False,,
QI0002273,PO0001498,V0020,2024-10-13,0.0364,True,Dimensional deviation,8.0
QI0002274,PO0000450,V0005,2025-11-01,0.0796,True,Labeling/documentation error,46.0
QI0002275,PO0004352,V0057,2022-05-26,0.0735,True,Functional failure,5.0
QI0002276,PO0005179,V0065,2025-03-22,0.0032,False,,
QI0002277,PO0002766,V0036,2025-10-14,0.004,False,,
QI0002278,PO0001552,V0021,2025-04-08,0.0224,False,,
QI0002279,PO0005116,V0065,2024-03-22,0.0031,False,,
QI0002280,PO0001147,V0014,2024-01-05,0.0184,False,,
QI0002281,PO0003456,V0047,2022-08-12,0.0202,False,,
QI0002282,PO0002093,V0028,2022-12-29,0.0086,False,,
QI0002283,PO0001314,V0015,2025-10-12,0.0912,True,Contamination,76.0
QI0002284,PO0002016,V0027,2022-06-27,0.0113,False,,
QI0002285,PO0003568,V0048,2024-03-03,0.0052,False,,
QI0002286,PO0002516,V0033,2026-01-26,0.0528,False,,
QI0002287,PO0002777,V0036,2026-03-13,0.0111,False,,
QI0002288,PO0004016,V0054,2023-03-18,0.005,False,,
QI0002289,PO0002998,V0041,2024-04-07,0.0038,False,,
QI0002290,PO0000414,V0005,2025-01-10,0.0822,True,Functional failure,5.0
QI0002291,PO0000942,V0012,2023-08-30,0.0028,False,,
QI0002292,PO0000802,V0010,2026-07-03,0.0909,True,Functional failure,12.0
QI0002293,PO0002313,V0029,2025-07-04,0.0075,False,,
QI0002294,PO0003722,V0050,2025-03-17,0.0143,False,,
QI0002295,PO0000257,V0004,2025-11-04,0.0281,False,,
QI0002296,PO0005656,V0068,2025-06-11,0.0996,True,Contamination,3.0
QI0002297,PO0002236,V0028,2025-07-15,0.0091,False,,
QI0002298,PO0000648,V0009,2022-03-06,0.0415,True,Contamination,33.0
QI0002299,PO0001768,V0022,2025-06-09,0.0351,True,Dimensional deviation,5.0
QI0002300,PO0003810,V0052,2026-07-25,0.0109,False,,
QI0002301,PO0002303,V0029,2024-11-25,0.0006,False,,
QI0002302,PO0002755,V0036,2025-03-23,0.0117,False,,
QI0002303,PO0004443,V0058,2023-08-12,0.0196,False,,
QI0002304,PO0000025,V0001,2024-06-05,0.0017,False,,
QI0002305,PO0001089,V0013,2024-10-17,0.0014,False,,
QI0002306,PO0002618,V0035,2024-08-01,0.0044,False,,
QI0002307,PO0005283,V0066,2022-10-15,0.0185,False,,
QI0002308,PO0000113,V0003,2023-01-30,0.0107,False,,
QI0002309,PO0002555,V0034,2025-09-21,0.0029,False,,
QI0002310,PO0000057,V0002,2023-04-19,0.0108,False,,
QI0002311,PO0001310,V0015,2025-09-13,0.0294,False,,
QI0002312,PO0000696,V0009,2024-08-04,0.0704,False,,
QI0002313,PO0004191,V0055,2022-09-17,0.0159,False,,
QI0002314,PO0001228,V0015,2023-07-15,0.0422,False,,
QI0002315,PO0004583,V0058,2026-06-30,0.033,False,,
QI0002316,PO0000277,V0005,2022-03-01,0.163,True,Packaging damage,6.0
QI0002317,PO0005401,V0066,2025-04-01,0.0253,False,,
QI0002318,PO0001834,V0023,2022-02-11,0.0102,False,,
QI0002319,PO0000683,V0009,2024-02-03,0.0434,False,,
QI0002320,PO0004267,V0055,2026-04-29,0.0522,False,,
QI0002321,PO0004161,V0054,2026-05-12,0.0026,False,,
QI0002322,PO0001138,V0014,2022-07-30,0.0256,False,,
QI0002323,PO0005726,V0069,2025-08-04,0.0029,False,,
QI0002324,PO0004953,V0064,2023-11-20,0.0639,False,,
QI0002325,PO0003166,V0042,2025-07-24,0.0057,False,,
QI0002326,PO0001347,V0015,2026-06-06,0.0569,False,,
QI0002327,PO0004297,V0056,2023-06-14,0.0219,False,,
QI0002328,PO0005496,V0067,2025-09-09,0.0148,False,,
QI0002329,PO0002586,V0035,2023-03-25,0.0002,False,,
QI0002330,PO0004565,V0058,2026-01-03,0.0132,False,,
QI0002331,PO0003933,V0053,2026-01-09,0.0029,False,,
QI0002332,PO0003003,V0041,2024-07-16,0.0355,False,,
QI0002333,PO0002407,V0032,2026-04-20,0.008,False,,
QI0002334,PO0003340,V0045,2025-09-02,0.0413,False,,
QI0002335,PO0004771,V0059,2026-08-08,0.0726,False,,
QI0002336,PO0005165,V0065,2025-01-31,0.0005,False,,
QI0002337,PO0004796,V0060,2024-12-31,0.0019,False,,
QI0002338,PO0005471,V0067,2023-05-22,0.0126,False,,
QI0002339,PO0000082,V0002,2025-07-05,0.0064,False,,
QI0002340,PO0001973,V0026,2022-02-10,0.0,False,,
QI0002341,PO0001715,V0022,2024-07-30,0.0147,False,,
QI0002342,PO0002576,V0035,2022-10-20,0.0017,False,,
QI0002343,PO0005319,V0066,2023-06-16,0.0203,False,,
QI0002344,PO0001947,V0025,2024-04-08,0.0334,False,,
QI0002345,PO0003066,V0041,2026-07-12,0.0071,False,,
QI0002346,PO0003990,V0054,2022-09-22,0.0052,False,,
QI0002347,PO0001611,V0022,2022-08-13,0.012,False,,
QI0002348,PO0004073,V0054,2024-06-19,0.0032,False,,
QI0002349,PO0002670,V0036,2022-05-30,0.0106,False,,
QI0002350,PO0005150,V0065,2024-11-14,0.0,False,,
QI0002351,PO0005634,V0068,2024-11-15,0.093,True,Contamination,22.0
QI0002352,PO0004445,V0058,2023-08-31,0.0914,True,Contamination,16.0
QI0002353,PO0000666,V0009,2022-12-28,0.0383,False,,
QI0002354,PO0002195,V0028,2024-09-28,0.0174,False,,
QI0002355,PO0004735,V0059,2025-08-10,0.0703,True,Functional failure,13.0
QI0002356,PO0004906,V0063,2025-03-26,0.0017,False,,
QI0002357,PO0001018,V0013,2022-03-01,0.0041,False,,
QI0002358,PO0000558,V0006,2026-08-19,0.0282,False,,
QI0002359,PO0003709,V0050,2024-05-31,0.0327,False,,
QI0002360,PO0005564,V0068,2023-05-29,0.0503,False,,
QI0002361,PO0001208,V0015,2023-01-15,0.1167,True,Functional failure,19.0
QI0002362,PO0002878,V0038,2024-08-26,0.0432,True,Functional failure,42.0
QI0002363,PO0002793,V0037,2022-06-01,0.0377,True,Dimensional deviation,9.0
QI0002364,PO0001511,V0020,2026-06-28,0.0726,False,,
QI0002365,PO0003409,V0046,2024-06-10,0.018,False,,
QI0002366,PO0003759,V0051,2022-07-05,0.0031,False,,
QI0002367,PO0004206,V0055,2023-05-09,0.0088,False,,
QI0002368,PO0000267,V0004,2026-07-13,0.0242,False,,
QI0002369,PO0003800,V0052,2023-06-03,0.0103,False,,
QI0002370,PO0003097,V0042,2023-01-17,0.0134,False,,
QI0002371,PO0002112,V0028,2023-05-21,0.0077,False,,
QI0002372,PO0003615,V0048,2025-12-01,0.003,False,,
QI0002373,PO0001910,V0024,2022-12-05,0.0024,False,,
QI0002374,PO0002865,V0038,2022-05-16,0.0629,True,Dimensional deviation,8.0
QI0002375,PO0003939,V0053,2026-04-30,0.0037,False,,
QI0002376,PO0004360,V0057,2023-12-31,0.0381,True,Dimensional deviation,21.0
QI0002377,PO0003729,V0050,2025-05-06,0.0125,False,,
QI0002378,PO0005246,V0065,2026-09-27,0.0069,False,,
QI0002379,PO0001785,V0022,2025-09-16,0.0108,False,,
QI0002380,PO0001238,V0015,2023-11-19,0.0746,True,Dimensional deviation,36.0
QI0002381,PO0005694,V0068,2026-04-04,0.0394,False,,
QI0002382,PO0005333,V0066,2023-09-17,0.0214,False,,
QI0002383,PO0005689,V0068,2026-01-30,0.1126,True,Functional failure,12.0
QI0002384,PO0002187,V0028,2024-08-20,0.0149,False,,
QI0002385,PO0004173,V0054,2026-07-31,0.0031,False,,
QI0002386,PO0000909,V0012,2022-06-18,0.0032,False,,
QI0002387,PO0001304,V0015,2025-08-19,0.0592,False,,
QI0002388,PO0005386,V0066,2024-10-20,0.0064,False,,
QI0002389,PO0001628,V0022,2023-01-11,0.0,False,,
QI0002390,PO0001523,V0021,2023-05-12,0.0391,False,,
QI0002391,PO0000836,V0011,2023-09-20,0.0253,False,,
QI0002392,PO0000359,V0005,2023-08-28,0.0385,False,,
QI0002393,PO0000139,V0003,2024-02-05,0.0342,False,,
QI0002394,PO0000300,V0005,2022-09-17,0.0648,True,Functional failure,17.0
QI0002395,PO0001557,V0021,2025-05-28,0.0092,False,,
QI0002396,PO0001004,V0012,2026-01-07,0.0003,False,,
QI0002397,PO0000383,V0005,2024-04-27,0.0333,False,,
QI0002398,PO0002578,V0035,2022-12-10,0.0007,False,,
QI0002399,PO0000762,V0010,2023-11-09,0.0631,True,Functional failure,13.0
QI0002400,PO0003335,V0045,2025-06-29,0.0509,True,Dimensional deviation,22.0
QI0002401,PO0002880,V0038,2024-11-29,0.0457,False,,
QI0002402,PO0003286,V0045,2023-07-14,0.0472,False,,
QI0002403,PO0004661,V0059,2023-12-10,0.1466,True,Dimensional deviation,13.0
QI0002404,PO0003832,V0053,2022-11-26,0.0027,False,,
QI0002405,PO0001403,V0016,2025-10-16,0.0075,False,,
QI0002406,PO0004379,V0058,2022-04-27,0.0136,False,,
QI0002407,PO0004950,V0064,2023-10-13,0.0206,False,,
QI0002408,PO0001933,V0025,2022-07-12,0.0248,False,,
QI0002409,PO0003107,V0042,2023-07-26,0.0078,False,,
QI0002410,PO0004404,V0058,2022-12-10,0.0292,False,,
QI0002411,PO0004594,V0059,2022-04-11,0.1308,True,Dimensional deviation,8.0
QI0002412,PO0004928,V0064,2022-09-06,0.0281,False,,
QI0002413,PO0002608,V0035,2024-04-12,0.0041,False,,
QI0002414,PO0003581,V0048,2024-08-20,0.0056,False,,
QI0002415,PO0000059,V0002,2023-06-10,0.0063,False,,
QI0002416,PO0000077,V0002,2025-01-14,0.0152,False,,
QI0002417,PO0000797,V0010,2026-03-26,0.0905,True,Packaging damage,36.0
QI0002418,PO0002417,V0033,2022-06-03,0.0549,False,,
QI0002419,PO0003046,V0041,2025-09-15,0.0174,False,,
QI0002420,PO0004211,V0055,2023-06-20,0.0181,False,,
QI0002421,PO0000786,V0010,2025-07-30,0.1082,True,Contamination,4.0
QI0002422,PO0002678,V0036,2022-09-03,0.0,False,,
QI0002423,PO0002756,V0036,2025-04-02,0.0089,False,,
QI0002424,PO0002218,V0028,2025-03-14,0.0097,False,,
QI0002425,PO0005670,V0068,2025-08-16,0.0,False,,
QI0002426,PO0003528,V0048,2022-07-26,0.0,False,,
QI0002427,PO0004459,V0058,2023-12-11,0.0195,False,,
QI0002428,PO0005657,V0068,2025-06-19,0.0592,False,,
QI0002429,PO0004448,V0058,2023-08-17,0.0347,False,,
QI0002430,PO0000911,V0012,2022-05-23,0.0041,False,,
QI0002431,PO0002173,V0028,2024-05-01,0.0155,False,,
QI0002432,PO0003254,V0045,2022-06-23,0.0079,False,,
QI0002433,PO0002310,V0029,2025-05-26,0.0136,False,,
QI0002434,PO0005403,V0066,2025-04-16,0.0189,False,,
QI0002435,PO0001258,V0015,2024-06-18,0.0348,False,,
QI0002436,PO0005406,V0066,2025-05-12,0.0246,False,,
QI0002437,PO0003430,V0046,2025-12-27,0.0177,False,,
QI0002438,PO0001179,V0015,2022-06-06,0.0713,False,,
QI0002439,PO0004336,V0056,2025-07-19,0.0392,False,,
QI0002440,PO0004708,V0059,2024-12-16,0.0608,False,,
QI0002441,PO0000443,V0005,2025-09-13,0.1175,True,Labeling/documentation error,14.0
QI0002442,PO0003760,V0051,2022-08-20,0.0045,False,,
QI0002443,PO0002806,V0037,2022-11-24,0.0019,False,,
QI0002444,PO0003045,V0041,2025-09-20,0.0181,False,,
QI0002445,PO0005498,V0067,2025-12-13,0.0046,False,,
QI0002446,PO0001055,V0013,2023-01-05,0.0051,False,,
QI0002447,PO0002463,V0033,2024-01-26,0.014,False,,
QI0002448,PO0004418,V0058,2023-03-20,0.0326,False,,
QI0002449,PO0005330,V0066,2023-09-07,0.0069,False,,
QI0002450,PO0001416,V0017,2023-07-29,0.0231,False,,
QI0002451,PO0002373,V0031,2025-12-25,0.0109,False,,
QI0002452,PO0004040,V0054,2023-09-20,0.0021,False,,
QI0002453,PO0005321,V0066,2023-06-14,0.0245,False,,
QI0002454,PO0003648,V0049,2024-04-06,0.0027,False,,
QI0002455,PO0004162,V0054,2026-05-15,0.004,False,,
QI0002456,PO0003987,V0054,2022-09-10,0.0014,False,,
QI0002457,PO0001503,V0020,2025-11-22,0.1542,True,Labeling/documentation error,15.0
QI0002458,PO0002875,V0038,2024-01-24,0.0119,False,,
QI0002459,PO0003556,V0048,2023-09-03,0.0021,False,,
QI0002460,PO0002012,V0026,2026-03-19,0.0042,False,,
QI0002461,PO0004366,V0057,2025-05-26,0.0292,False,,
QI0002462,PO0002835,V0037,2024-08-31,0.0,False,,
QI0002463,PO0004650,V0059,2023-09-18,0.0941,True,Labeling/documentation error,24.0
QI0002464,PO0004353,V0057,2022-08-10,0.0402,False,,
QI0002465,PO0000007,V0001,2023-02-10,0.0031,False,,
QI0002466,PO0000679,V0009,2023-10-16,0.0169,False,,
QI0002467,PO0001944,V0025,2023-10-29,0.0309,False,,
QI0002468,PO0005462,V0066,2026-07-30,0.0158,False,,
QI0002469,PO0005306,V0066,2023-04-06,0.0317,False,,
QI0002470,PO0003076,V0042,2022-06-09,0.0012,False,,
QI0002471,PO0004424,V0058,2023-04-30,0.0302,False,,
QI0002472,PO0004662,V0059,2023-12-27,0.0,False,,
QI0002473,PO0005303,V0066,2023-03-19,0.0137,False,,
QI0002474,PO0001065,V0013,2023-07-07,0.0044,False,,
QI0002475,PO0004656,V0059,2023-11-08,0.0844,True,Labeling/documentation error,30.0
QI0002476,PO0002243,V0028,2025-08-29,0.0124,False,,
QI0002477,PO0001475,V0020,2022-09-20,0.1375,True,Dimensional deviation,14.0
QI0002478,PO0004273,V0056,2022-03-30,0.0143,False,,
QI0002479,PO0001890,V0023,2025-10-29,0.0104,False,,
QI0002480,PO0003194,V0043,2023-04-27,0.004,False,,
QI0002481,PO0002022,V0027,2023-06-17,0.012,False,,
QI0002482,PO0004537,V0058,2025-05-31,0.0506,False,,
QI0002483,PO0005044,V0065,2022-12-27,0.0046,False,,
QI0002484,PO0002468,V0033,2024-03-08,0.066,False,,
QI0002485,PO0005399,V0066,2025-02-21,0.0372,True,Dimensional deviation,11.0
QI0002486,PO0001131,V0013,2026-06-14,0.005,False,,
QI0002487,PO0001462,V0019,2025-05-28,0.0035,False,,
QI0002488,PO0002910,V0039,2024-07-02,0.0395,False,,
QI0002489,PO0005220,V0065,2026-02-03,0.0048,False,,
QI0002490,PO0004253,V0055,2025-06-16,0.0429,False,,
QI0002491,PO0003291,V0045,2023-09-20,0.0187,False,,
QI0002492,PO0000223,V0004,2023-10-18,0.0056,False,,
QI0002493,PO0005347,V0066,2023-11-30,0.0367,False,,
QI0002494,PO0000049,V0002,2022-10-14,0.0029,False,,
QI0002495,PO0000574,V0007,2023-07-27,0.0374,True,Dimensional deviation,16.0
QI0002496,PO0001237,V0015,2023-11-18,0.0668,False,,
QI0002497,PO0004383,V0058,2022-06-17,0.0074,False,,
QI0002498,PO0005587,V0068,2023-11-13,0.0353,False,,
QI0002499,PO0005182,V0065,2025-03-28,0.0034,False,,
QI0002500,PO0002283,V0029,2022-10-12,0.0051,False,,
QI0002501,PO0003707,V0050,2024-05-10,0.0252,False,,
QI0002502,PO0000268,V0004,2026-07-29,0.0051,False,,
QI0002503,PO0001105,V0013,2025-05-27,0.0013,False,,
QI0002504,PO0002306,V0029,2025-02-02,0.0044,False,,
QI0002505,PO0004536,V0058,2025-05-26,0.0384,False,,
QI0002506,PO0001936,V0025,2022-08-15,0.013,False,,
QI0002507,PO0000387,V0005,2024-05-26,0.0487,False,,
QI0002508,PO0001702,V0022,2024-06-07,0.0051,False,,
QI0002509,PO0004577,V0058,2026-04-08,0.0101,False,,
QI0002510,PO0002953,V0041,2022-07-11,0.0081,False,,
QI0002511,PO0002759,V0036,2025-05-17,0.0129,False,,
QI0002512,PO0005045,V0065,2023-02-08,0.0022,False,,
QI0002513,PO0001564,V0021,2025-10-01,0.0216,False,,
QI0002514,PO0003308,V0045,2024-06-21,0.0436,False,,
QI0002515,PO0000210,V0004,2022-10-02,0.0024,False,,
QI0002516,PO0000910,V0012,2022-05-15,0.0054,False,,
QI0002517,PO0001290,V0015,2025-02-15,0.0872,True,Contamination,11.0
QI0002518,PO0004350,V0057,2022-02-13,0.0352,False,,
QI0002519,PO0003566,V0048,2024-02-10,0.0034,False,,
QI0002520,PO0001843,V0023,2022-11-27,0.0062,False,,
QI0002521,PO0002498,V0033,2025-07-03,0.047,False,,
QI0002522,PO0004714,V0059,2025-02-03,0.0091,False,,
QI0002523,PO0003363,V0045,2026-04-20,0.0537,False,,
QI0002524,PO0000959,V0012,2024-03-14,0.0049,False,,
QI0002525,PO0001794,V0022,2025-11-12,0.0328,False,,
QI0002526,PO0002089,V0028,2022-11-27,0.006,False,,
QI0002527,PO0000332,V0005,2023-02-22,0.1162,True,Packaging damage,18.0
QI0002528,PO0003083,V0042,2022-07-28,0.0104,False,,
QI0002529,PO0003591,V0048,2025-02-24,0.0042,False,,
QI0002530,PO0002764,V0036,2025-09-12,0.0057,False,,
QI0002531,PO0002460,V0033,2023-10-18,0.0811,True,Contamination,37.0
QI0002532,PO0001775,V0022,2025-07-17,0.0181,False,,
QI0002533,PO0004003,V0054,2022-12-21,0.0042,False,,
QI0002534,PO0005143,V0065,2024-10-06,0.0039,False,,
QI0002535,PO0004049,V0054,2024-01-21,0.0053,False,,
QI0002536,PO0004681,V0059,2024-05-01,0.0434,False,,
QI0002537,PO0002651,V0035,2025-12-03,0.0017,False,,
QI0002538,PO0003484,V0047,2024-03-12,0.0235,False,,
QI0002539,PO0002593,V0035,2023-07-14,0.0033,False,,
QI0002540,PO0001711,V0022,2024-07-20,0.0109,False,,
QI0002541,PO0004401,V0058,2022-11-27,0.0187,False,,
QI0002542,PO0002479,V0033,2024-08-16,0.0356,False,,
QI0002543,PO0001367,V0016,2023-08-01,0.0053,False,,
QI0002544,PO0000174,V0003,2025-08-19,0.002,False,,
QI0002545,PO0003735,V0050,2025-07-26,0.0225,False,,
QI0002546,PO0004627,V0059,2023-02-18,0.1193,True,Packaging damage,16.0
QI0002547,PO0002896,V0039,2022-12-03,0.0746,True,Contamination,26.0
QI0002548,PO0005026,V0065,2022-08-27,0.0056,False,,
QI0002549,PO0001953,V0025,2024-09-29,0.0184,False,,
QI0002550,PO0002956,V0041,2022-08-03,0.0166,False,,
QI0002551,PO0003102,V0042,2023-04-06,0.0023,False,,
QI0002552,PO0002037,V0027,2024-12-02,0.0145,False,,
QI0002553,PO0004468,V0058,2024-03-28,0.081,True,Packaging damage,28.0
QI0002554,PO0004605,V0059,2022-08-30,0.0283,False,,
QI0002555,PO0005661,V0068,2025-08-14,0.0923,True,Labeling/documentation error,5.0
QI0002556,PO0000001,V0001,2022-04-11,0.0049,False,,
QI0002557,PO0002175,V0028,2024-05-15,0.0034,False,,
QI0002558,PO0001357,V0016,2022-10-17,0.0081,False,,
QI0002559,PO0004289,V0056,2023-04-01,0.0129,False,,
QI0002560,PO0005627,V0068,2024-08-13,0.0601,True,Packaging damage,29.0
QI0002561,PO0002917,V0039,2025-09-24,0.0219,False,,
QI0002562,PO0000397,V0005,2024-09-03,0.0951,True,Labeling/documentation error,13.0
QI0002563,PO0004330,V0056,2025-05-24,0.0175,False,,
QI0002564,PO0003090,V0042,2022-11-03,0.0116,False,,
QI0002565,PO0001813,V0022,2026-03-23,0.0194,False,,
QI0002566,PO0003862,V0053,2023-08-27,0.0006,False,,
QI0002567,PO0004093,V0054,2024-11-21,0.0036,False,,
QI0002568,PO0000817,V0011,2022-08-16,0.0255,False,,
QI0002569,PO0001573,V0021,2026-05-14,0.0245,False,,
QI0002570,PO0003884,V0053,2024-06-18,0.0005,False,,
QI0002571,PO0001801,V0022,2026-01-07,0.0164,False,,
QI0002572,PO0002281,V0029,2022-05-29,0.0105,False,,
QI0002573,PO0003498,V0047,2025-07-18,0.0162,False,,
QI0002574,PO0004562,V0058,2025-12-13,0.052,True,Dimensional deviation,19.0
QI0002575,PO0004357,V0057,2023-02-23,0.0582,True,Dimensional deviation,1.0
QI0002576,PO0003251,V0045,2022-05-20,0.0366,False,,
QI0002577,PO0005087,V0065,2023-08-30,0.0045,False,,
QI0002578,PO0003572,V0048,2024-04-24,0.0056,False,,
QI0002579,PO0004036,V0054,2023-08-21,0.0056,False,,
QI0002580,PO0003470,V0047,2023-01-26,0.0266,False,,
QI0002581,PO0004259,V0055,2026-01-19,0.0302,False,,
QI0002582,PO0004451,V0058,2023-10-15,0.0362,False,,
QI0002583,PO0000555,V0006,2026-04-12,0.0263,False,,
QI0002584,PO0001160,V0014,2025-10-27,0.0281,False,,
QI0002585,PO0001214,V0015,2023-03-13,0.059,False,,
QI0002586,PO0002891,V0039,2022-02-26,0.0319,False,,
QI0002587,PO0001326,V0015,2025-12-09,0.0352,False,,
QI0002588,PO0003035,V0041,2025-06-01,0.0308,False,,
QI0002589,PO0005591,V0068,2023-11-19,0.0564,False,,
QI0002590,PO0000701,V0009,2024-11-22,0.0419,False,,
QI0002591,PO0004120,V0054,2025-06-14,0.0034,False,,
QI0002592,PO0004025,V0054,2023-06-10,0.0063,False,,
QI0002593,PO0004230,V0055,2024-05-03,0.0408,False,,
QI0002594,PO0001456,V0019,2024-04-21,0.0022,False,,
QI0002595,PO0004826,V0061,2025-01-20,0.0162,False,,
QI0002596,PO0002724,V0036,2024-06-07,0.0125,False,,
QI0002597,PO0002643,V0035,2025-08-09,0.0003,False,,
QI0002598,PO0000867,V0011,2025-01-16,0.0477,True,Contamination,36.0
QI0002599,PO0001645,V0022,2023-05-02,0.0215,False,,
QI0002600,PO0002141,V0028,2023-10-10,0.0102,False,,
QI0002601,PO0005574,V0068,2023-07-23,0.035,False,,
QI0002602,PO0003188,V0042,2026-07-31,0.002,False,,
QI0002603,PO0001491,V0020,2024-05-18,0.165,True,Dimensional deviation,46.0
QI0002604,PO0004077,V0054,2024-07-19,0.004,False,,
QI0002605,PO0000730,V0009,2026-06-07,0.0304,False,,
QI0002606,PO0005725,V0069,2025-06-30,0.0149,False,,
QI0002607,PO0005186,V0065,2025-04-21,0.0013,False,,
QI0002608,PO0001937,V0025,2022-12-21,0.0173,False,,
QI0002609,PO0002903,V0039,2023-08-29,0.0724,True,Cosmetic defect,7.0
QI0002610,PO0001111,V0013,2025-09-06,0.0024,False,,
QI0002611,PO0004684,V0059,2024-05-08,0.0491,False,,
QI0002612,PO0005154,V0065,2024-12-04,0.0027,False,,
QI0002613,PO0002395,V0032,2024-09-23,0.0144,False,,
QI0002614,PO0001186,V0015,2022-07-02,0.0222,False,,
QI0002615,PO0002008,V0026,2025-10-29,0.0052,False,,
QI0002616,PO0000194,V0003,2026-03-02,0.0182,False,,
QI0002617,PO0001516,V0021,2022-04-19,0.0201,False,,
QI0002618,PO0000579,V0007,2024-02-18,0.0027,False,,
QI0002619,PO0002124,V0028,2023-07-21,0.009,False,,
QI0002620,PO0001430,V0018,2022-03-19,0.0239,False,,
QI0002621,PO0000772,V0010,2024-07-22,0.0101,False,,
QI0002622,PO0003309,V0045,2024-07-01,0.0039,False,,
QI0002623,PO0002396,V0032,2024-10-01,0.0077,False,,
QI0002624,PO0005710,V0069,2023-04-16,0.0147,False,,
QI0002625,PO0001847,V0023,2023-02-01,0.0061,False,,
QI0002626,PO0000132,V0003,2023-10-18,0.0161,False,,
QI0002627,PO0000179,V0003,2025-10-28,0.0249,False,,
QI0002628,PO0005149,V0065,2024-11-13,0.0041,False,,
QI0002629,PO0003524,V0048,2022-07-20,0.0048,False,,
QI0002630,PO0003837,V0053,2023-02-07,0.0042,False,,
QI0002631,PO0002581,V0035,2023-02-12,0.0005,False,,
QI0002632,PO0003350,V0045,2025-12-19,0.0362,False,,
QI0002633,PO0003104,V0042,2023-04-24,0.0066,False,,
QI0002634,PO0003434,V0046,2026-01-24,0.0302,False,,
QI0002635,PO0002074,V0028,2022-09-02,0.0178,False,,
QI0002636,PO0000659,V0009,2022-09-02,0.0349,False,,
QI0002637,PO0001897,V0023,2026-03-29,0.004,False,,
QI0002638,PO0004867,V0062,2024-06-16,0.0021,False,,
QI0002639,PO0004769,V0059,2026-06-07,0.0548,True,Functional failure,9.0
QI0002640,PO0002222,V0028,2025-04-03,0.0207,False,,
QI0002641,PO0005460,V0066,2026-06-30,0.0217,False,,
QI0002642,PO0002380,V0032,2023-02-05,0.0185,False,,
QI0002643,PO0005481,V0067,2024-09-28,0.0018,False,,
QI0002644,PO0000343,V0005,2023-06-04,0.0877,True,Cosmetic defect,18.0
QI0002645,PO0004326,V0056,2025-01-08,0.0173,False,,
QI0002646,PO0002528,V0034,2022-06-04,0.0043,False,,
QI0002647,PO0000728,V0009,2026-05-13,0.0238,False,,
QI0002648,PO0004540,V0058,2025-06-15,0.0314,False,,
QI0002649,PO0000977,V0012,2024-12-18,0.0028,False,,
QI0002650,PO0002664,V0036,2022-03-28,0.0102,False,,
QI0002651,PO0003902,V0053,2025-03-26,0.0013,False,,
QI0002652,PO0001929,V0025,2022-04-22,0.0225,False,,
QI0002653,PO0004417,V0058,2023-03-27,0.0,False,,
QI0002654,PO0005560,V0068,2023-06-20,0.0,False,,
QI0002655,PO0001300,V0015,2025-07-10,0.0178,False,,
QI0002656,PO0003922,V0053,2025-09-22,0.0027,False,,
QI0002657,PO0005295,V0066,2023-01-28,0.0094,False,,
QI0002658,PO0000661,V0009,2022-09-15,0.0354,False,,
QI0002659,PO0001791,V0022,2025-11-07,0.0533,False,,
QI0002660,PO0003136,V0042,2024-10-09,0.0119,False,,
QI0002661,PO0005651,V0068,2025-05-08,0.1318,True,Labeling/documentation error,20.0
QI0002662,PO0003898,V0053,2025-03-06,0.001,False,,
QI0002663,PO0005433,V0066,2026-02-05,0.0093,False,,
QI0002664,PO0004005,V0054,2022-12-29,0.0048,False,,
QI0002665,PO0003517,V0047,2026-07-19,0.0407,False,,
QI0002666,PO0003559,V0048,2023-10-23,0.0042,False,,
QI0002667,PO0005308,V0066,2023-03-28,0.0306,False,,
QI0002668,PO0001086,V0013,2024-08-26,0.0,False,,
QI0002669,PO0005445,V0066,2026-04-03,0.0194,False,,
QI0002670,PO0000695,V0009,2024-08-02,0.014,False,,
QI0002671,PO0001279,V0015,2024-11-12,0.0767,True,Dimensional deviation,60.0
QI0002672,PO0005402,V0066,2025-04-17,0.0208,False,,
QI0002673,PO0001622,V0022,2022-11-13,0.0,False,,
QI0002674,PO0002562,V0035,2022-02-14,0.0019,False,,
QI0002675,PO0003957,V0054,2022-03-26,0.0044,False,,
QI0002676,PO0003706,V0050,2024-04-18,0.0247,False,,
QI0002677,PO0000068,V0002,2024-04-26,0.0178,False,,
QI0002678,PO0003985,V0054,2022-08-22,0.0,False,,
QI0002679,PO0002782,V0036,2026-05-30,0.0029,False,,
QI0002680,PO0002270,V0028,2026-04-24,0.0082,False,,
QI0002681,PO0005416,V0066,2025-08-06,0.0192,False,,
QI0002682,PO0005021,V0065,2022-07-02,0.0024,False,,
QI0002683,PO0000821,V0011,2022-10-27,0.0332,False,,
QI0002684,PO0001227,V0015,2023-06-23,0.0106,False,,
QI0002685,PO0004367,V0057,2025-07-22,0.0,False,,
QI0002686,PO0004818,V0061,2023-07-04,0.0107,False,,
QI0002687,PO0002368,V0031,2025-05-31,0.0134,False,,
QI0002688,PO0002808,V0037,2023-01-22,0.0096,False,,
QI0002689,PO0003593,V0048,2025-03-28,0.003,False,,
QI0002690,PO0002513,V0033,2025-10-25,0.0289,False,,
QI0002691,PO0005138,V0065,2024-08-21,0.0042,False,,
QI0002692,PO0004910,V0063,2025-10-26,0.0014,False,,
QI0002693,PO0004258,V0055,2025-12-09,0.0339,False,,
QI0002694,PO0001144,V0014,2023-08-08,0.0211,False,,
QI0002695,PO0000398,V0005,2024-09-11,0.1025,True,Cosmetic defect,27.0
QI0002696,PO0003808,V0052,2025-11-22,0.0193,False,,
QI0002697,PO0004945,V0064,2023-07-11,0.0118,False,,
QI0002698,PO0003614,V0048,2025-11-17,0.0036,False,,
QI0002699,PO0001399,V0016,2025-08-28,0.0035,False,,
QI0002700,PO0001660,V0022,2023-08-04,0.0217,False,,
QI0002701,PO0002221,V0028,2025-03-30,0.0054,False,,
QI0002702,PO0000980,V0012,2024-12-19,0.0,False,,
QI0002703,PO0002332,V0030,2024-01-15,0.0078,False,,
QI0002704,PO0001299,V0015,2025-06-15,0.1504,True,Dimensional deviation,6.0
QI0002705,PO0002973,V0041,2023-05-10,0.0221,False,,
QI0002706,PO0000083,V0002,2025-07-26,0.0029,False,,
QI0002707,PO0002860,V0037,2026-01-17,0.0,False,,
QI0002708,PO0003221,V0044,2024-02-20,0.0087,False,,
QI0002709,PO0004506,V0058,2024-11-01,0.0377,False,,
QI0002710,PO0003635,V0049,2022-05-10,0.0116,False,,
QI0002711,PO0004539,V0058,2025-06-05,0.0375,False,,
QI0002712,PO0003001,V0041,2024-06-25,0.0281,False,,
QI0002713,PO0000424,V0005,2025-03-25,0.1215,True,Packaging damage,13.0
QI0002714,PO0004990,V0064,2025-12-03,0.0512,True,Functional failure,12.0
QI0002715,PO0001905,V0023,2026-06-27,0.0077,False,,
QI0002716,PO0005229,V0065,2026-05-02,0.0054,False,,
QI0002717,PO0001531,V0021,2024-01-24,0.0115,False,,
QI0002718,PO0004839,V0062,2022-04-08,0.0019,False,,
QI0002719,PO0001566,V0021,2025-11-11,0.0297,False,,
QI0002720,PO0004260,V0055,2026-01-08,0.0028,False,,
QI0002721,PO0000840,V0011,2023-10-25,0.0553,False,,
QI0002722,PO0000501,V0006,2023-04-03,0.0311,False,,
QI0002723,PO0003838,V0053,2023-02-02,0.0011,False,,
QI0002724,PO0000142,V0003,2024-02-28,0.0235,False,,
QI0002725,PO0004758,V0059,2026-02-02,0.1386,True,Contamination,9.0
QI0002726,PO0002606,V0035,2024-03-23,0.0015,False,,
QI0002727,PO0001378,V0016,2024-05-26,0.0065,False,,
QI0002728,PO0004480,V0058,2024-06-20,0.0215,False,,
QI0002729,PO0005652,V0068,2025-05-12,0.0601,True,Cosmetic defect,18.0
QI0002730,PO0002267,V0028,2026-03-29,0.0,False,,
QI0002731,PO0003389,V0046,2022-11-25,0.0159,False,,
QI0002732,PO0001139,V0014,2022-08-10,0.0083,False,,
QI0002733,PO0002258,V0028,2026-01-04,0.0059,False,,
QI0002734,PO0003329,V0045,2025-04-15,0.0413,False,,
QI0002735,PO0001788,V0022,2025-10-07,0.0167,False,,
QI0002736,PO0003359,V0045,2026-02-23,0.0569,True,Cosmetic defect,19.0
QI0002737,PO0000551,V0006,2026-02-22,0.0189,False,,
QI0002738,PO0004067,V0054,2024-05-20,0.0067,False,,
QI0002739,PO0002020,V0027,2022-07-30,0.0434,False,,
QI0002740,PO0000949,V0012,2023-11-21,0.0028,False,,
QI0002741,PO0002969,V0041,2023-03-21,0.0083,False,,
QI0002742,PO0002882,V0038,2025-02-08,0.0472,True,Packaging damage,32.0
QI0002743,PO0000533,V0006,2024-09-15,0.0269,False,,
QI0002744,PO0003893,V0053,2024-11-30,0.0044,False,,
QI0002745,PO0001830,V0022,2026-07-27,0.0139,False,,
QI0002746,PO0003820,V0053,2022-07-16,0.004,False,,
QI0002747,PO0005091,V0065,2023-11-03,0.0051,False,,
QI0002748,PO0004591,V0059,2022-03-23,0.1334,True,Functional failure,5.0
QI0002749,PO0004693,V0059,2024-08-21,0.1065,True,Packaging damage,12.0
QI0002750,PO0001603,V0022,2022-07-01,0.0295,False,,
QI0002751,PO0002239,V0028,2025-07-31,0.0069,False,,
QI0002752,PO0000640,V0008,2026-01-31,0.0834,True,Dimensional deviation,3.0
QI0002753,PO0005567,V0068,2023-06-19,0.0517,True,Contamination,15.0
QI0002754,PO0000968,V0012,2024-08-01,0.0053,False,,
QI0002755,PO0004873,V0062,2024-11-23,0.0051,False,,
QI0002756,PO0003432,V0046,2026-01-19,0.0103,False,,
QI0002757,PO0001684,V0022,2024-01-09,0.0083,False,,
QI0002758,PO0002249,V0028,2025-10-07,0.0149,False,,
QI0002759,PO0005721,V0069,2024-12-01,0.0179,False,,
QI0002760,PO0005153,V0065,2024-11-16,0.0012,False,,
QI0002761,PO0004563,V0058,2025-11-30,0.0,False,,
QI0002762,PO0000156,V0003,2024-09-28,0.0209,False,,
QI0002763,PO0002296,V0029,2024-04-08,0.0091,False,,
QI0002764,PO0003258,V0045,2022-07-13,0.0901,True,Contamination,9.0
QI0002765,PO0003716,V0050,2024-11-26,0.0117,False,,
QI0002766,PO0001090,V0013,2024-11-04,0.0049,False,,
QI0002767,PO0003468,V0047,2022-12-11,0.0207,False,,
QI0002768,PO0002320,V0029,2026-04-15,0.0081,False,,
QI0002769,PO0004878,V0062,2025-03-16,0.0,False,,
QI0002770,PO0000289,V0005,2022-06-06,0.07,True,Dimensional deviation,8.0
QI0002771,PO0000931,V0012,2023-02-16,0.0039,False,,
QI0002772,PO0005622,V0068,2024-06-29,0.0224,False,,
QI0002773,PO0005660,V0068,2025-07-12,0.0752,True,Labeling/documentation error,3.0
QI0002774,PO0005214,V0065,2025-12-26,0.0023,False,,
QI0002775,PO0002971,V0041,2023-04-01,0.0172,False,,
QI0002776,PO0005581,V0068,2023-09-09,0.039,False,,
QI0002777,PO0004274,V0056,2022-04-15,0.0277,False,,
QI0002778,PO0003099,V0042,2023-02-10,0.0085,False,,
QI0002779,PO0005682,V0068,2025-12-12,0.0636,True,Cosmetic defect,9.0
QI0002780,PO0000943,V0012,2023-08-29,0.0032,False,,
QI0002781,PO0002355,V0031,2023-08-02,0.0126,False,,
QI0002782,PO0004941,V0064,2023-03-17,0.0382,False,,
QI0002783,PO0005488,V0067,2025-06-08,0.003,False,,
QI0002784,PO0005378,V0066,2024-08-02,0.0143,False,,
QI0002785,PO0001699,V0022,2024-06-02,0.0083,False,,
QI0002786,PO0005429,V0066,2025-12-06,0.0155,False,,
QI0002787,PO0003870,V0053,2023-11-21,0.0059,False,,
QI0002788,PO0005032,V0065,2022-09-08,0.0022,False,,
QI0002789,PO0004845,V0062,2023-02-07,0.0052,False,,
QI0002790,PO0004066,V0054,2024-05-06,0.0047,False,,
QI0002791,PO0000986,V0012,2025-02-27,0.0022,False,,
QI0002792,PO0003631,V0048,2026-06-25,0.005,False,,
QI0002793,PO0004560,V0058,2025-12-17,0.027,False,,
QI0002794,PO0002923,V0039,2026-06-23,0.0447,False,,
QI0002795,PO0005603,V0068,2023-12-29,0.0,False,,
QI0002796,PO0000982,V0012,2025-01-27,0.0034,False,,
QI0002797,PO0003263,V0045,2022-09-16,0.0542,True,Labeling/documentation error,12.0
QI0002798,PO0003012,V0041,2024-11-30,0.0348,False,,
QI0002799,PO0005247,V0066,2022-02-15,0.0278,False,,
QI0002800,PO0003186,V0042,2026-07-03,0.0118,False,,
QI0002801,PO0004123,V0054,2025-06-27,0.0019,False,,
QI0002802,PO0004615,V0059,2022-11-12,0.1215,True,Contamination,3.0
QI0002803,PO0004372,V0058,2022-04-13,0.0533,True,Packaging damage,38.0
QI0002804,PO0004288,V0056,2023-03-06,0.0205,False,,
QI0002805,PO0004575,V0058,2026-03-22,0.0574,True,Functional failure,15.0
QI0002806,PO0001458,V0019,2024-07-17,0.0022,False,,
QI0002807,PO0001396,V0016,2025-07-24,0.0068,False,,
QI0002808,PO0000265,V0004,2026-07-09,0.0099,False,,
QI0002809,PO0002749,V0036,2024-12-29,0.0085,False,,
QI0002810,PO0003169,V0042,2025-08-23,0.0011,False,,
QI0002811,PO0002693,V0036,2023-03-05,0.005,False,,
QI0002812,PO0000930,V0012,2023-02-06,0.0022,False,,
QI0002813,PO0004017,V0054,2023-04-09,0.0031,False,,
QI0002814,PO0004473,V0058,2024-05-22,0.068,True,Functional failure,27.0
QI0002815,PO0002401,V0032,2025-03-28,0.0167,False,,
QI0002816,PO0002179,V0028,2024-05-31,0.0065,False,,
QI0002817,PO0003521,V0048,2022-05-15,0.0064,False,,
QI0002818,PO0000247,V0004,2025-02-05,0.0234,False,,
QI0002819,PO0001595,V0022,2022-05-20,0.0319,False,,
QI0002820,PO0001759,V0022,2025-04-26,0.0244,False,,
QI0002821,PO0005608,V0068,2024-02-01,0.0454,True,Cosmetic defect,26.0
QI0002822,PO0004245,V0055,2025-02-09,0.0205,False,,
QI0002823,PO0000924,V0012,2022-10-08,0.0,False,,
QI0002824,PO0003071,V0042,2022-03-28,0.0059,False,,
QI0002825,PO0000269,V0004,2026-08-24,0.0023,False,,
QI0002826,PO0000670,V0009,2023-03-24,0.037,False,,
QI0002827,PO0003584,V0048,2024-11-09,0.0024,False,,
QI0002828,PO0001911,V0024,2022-12-11,0.0082,False,,
QI0002829,PO0003915,V0053,2025-07-29,0.0027,False,,
QI0002830,PO0001153,V0014,2024-07-15,0.0,False,,
QI0002831,PO0005548,V0068,2023-01-13,0.0661,False,,
QI0002832,PO0004323,V0056,2024-12-04,0.0222,False,,
QI0002833,PO0002697,V0036,2023-05-22,0.0068,False,,
QI0002834,PO0002592,V0035,2023-06-27,0.0028,False,,
QI0002835,PO0004879,V0062,2025-03-24,0.0037,False,,
QI0002836,PO0001782,V0022,2025-08-28,0.0301,False,,
QI0002837,PO0002414,V0033,2022-03-22,0.0654,True,Cosmetic defect,12.0
QI0002838,PO0002308,V0029,2025-03-23,0.0134,False,,
QI0002839,PO0002842,V0037,2025-01-05,0.016,False,,
QI0002840,PO0003910,V0053,2025-06-15,0.0057,False,,
QI0002841,PO0001916,V0024,2023-04-07,0.0086,False,,
QI0002842,PO0000613,V0008,2023-01-15,0.0385,False,,
QI0002843,PO0003149,V0042,2025-02-16,0.0082,False,,
QI0002844,PO0002268,V0028,2026-04-06,0.003,False,,
QI0002845,PO0002534,V0034,2023-05-31,0.0006,False,,
QI0002846,PO0000040,V0001,2026-07-27,0.0042,False,,
QI0002847,PO0001899,V0023,2026-04-02,0.0105,False,,
QI0002848,PO0001650,V0022,2023-06-09,0.0087,False,,
QI0002849,PO0003211,V0043,2026-07-01,0.0016,False,,
QI0002850,PO0000259,V0004,2025-12-02,0.0223,False,,
QI0002851,PO0002435,V0033,2022-12-09,0.0284,False,,
QI0002852,PO0000848,V0011,2024-02-25,0.0373,False,,
QI0002853,PO0002823,V0037,2024-02-16,0.0294,False,,
QI0002854,PO0004225,V0055,2024-03-07,0.0668,True,Labeling/documentation error,12.0
QI0002855,PO0004890,V0062,2026-03-11,0.0009,False,,
QI0002856,PO0003366,V0045,2026-06-07,0.0476,False,,
QI0002857,PO0001234,V0015,2023-11-04,0.0521,False,,
QI0002858,PO0001128,V0013,2026-05-21,0.003,False,,
QI0002859,PO0004772,V0059,2026-07-31,0.0105,False,,
QI0002860,PO0001968,V0025,2026-04-08,0.0326,False,,
QI0002861,PO0000559,V0006,2026-08-20,0.0183,False,,
QI0002862,PO0000905,V0012,2022-03-07,0.0073,False,,
QI0002863,PO0002615,V0035,2024-07-17,0.0056,False,,
QI0002864,PO0000485,V0006,2022-04-12,0.0174,False,,
QI0002865,PO0002212,V0028,2025-01-16,0.0026,False,,
QI0002866,PO0001321,V0015,2025-11-17,0.0588,False,,
QI0002867,PO0003081,V0042,2022-07-19,0.0,False,,
QI0002868,PO0002556,V0034,2025-12-04,0.0034,False,,
QI0002869,PO0000008,V0001,2023-02-26,0.006,False,,
QI0002870,PO0002316,V0029,2025-09-30,0.0013,False,,
QI0002871,PO0004884,V0062,2025-09-06,0.0071,False,,
QI0002872,PO0004208,V0055,2023-05-20,0.0678,True,Contamination,21.0
QI0002873,PO0004142,V0054,2025-11-20,0.0023,False,,
QI0002874,PO0005067,V0065,2023-04-17,0.002,False,,
QI0002875,PO0001451,V0019,2023-01-24,0.0038,False,,
QI0002876,PO0001202,V0015,2022-11-10,0.0,False,,
QI0002877,PO0002427,V0033,2022-09-02,0.0333,False,,
QI0002878,PO0002649,V0035,2025-10-20,0.004,False,,
QI0002879,PO0001815,V0022,2026-03-31,0.0285,False,,
QI0002880,PO0002727,V0036,2024-06-15,0.0079,False,,
QI0002881,PO0000774,V0010,2024-08-28,0.0304,False,,
QI0002882,PO0002275,V0028,2026-05-14,0.0,False,,
QI0002883,PO0001012,V0012,2026-05-19,0.0,False,,
QI0002884,PO0003689,V0050,2023-07-08,0.0173,False,,
QI0002885,PO0003207,V0043,2026-03-07,0.0036,False,,
QI0002886,PO0001992,V0026,2023-12-22,0.0,False,,
QI0002887,PO0001278,V0015,2024-11-02,0.0668,True,Cosmetic defect,27.0
QI0002888,PO0001784,V0022,2025-09-08,0.0307,False,,
QI0002889,PO0004074,V0054,2024-07-12,0.004,False,,
QI0002890,PO0000447,V0005,2025-10-11,0.0495,False,,
QI0002891,PO0000881,V0011,2025-08-01,0.0132,False,,
QI0002892,PO0005141,V0065,2024-10-02,0.0062,False,,
QI0002893,PO0002728,V0036,2024-06-21,0.0153,False,,
QI0002894,PO0000782,V0010,2025-04-05,0.0176,False,,
QI0002895,PO0002652,V0035,2025-12-26,0.0065,False,,
QI0002896,PO0005599,V0068,2023-12-07,0.0592,True,Packaging damage,22.0
QI0002897,PO0001750,V0022,2025-03-09,0.0151,False,,
QI0002898,PO0002127,V0028,2023-08-22,0.0138,False,,
QI0002899,PO0003400,V0046,2023-12-01,0.0244,False,,
QI0002900,PO0003936,V0053,2026-03-25,0.0007,False,,
QI0002901,PO0002424,V0033,2022-08-03,0.0549,False,,
QI0002902,PO0005628,V0068,2024-08-31,0.125,True,Dimensional deviation,31.0
QI0002903,PO0004970,V0064,2024-10-21,0.0724,True,Dimensional deviation,7.0
QI0002904,PO0000884,V0011,2025-09-07,0.012,False,,
QI0002905,PO0003106,V0042,2023-07-25,0.0209,False,,
QI0002906,PO0001092,V0013,2024-12-07,0.0031,False,,
QI0002907,PO0004220,V0055,2023-11-11,0.0423,False,,
QI0002908,PO0005696,V0068,2026-05-26,0.1288,True,Dimensional deviation,3.0
QI0002909,PO0000532,V0006,2024-09-01,0.0146,False,,
QI0002910,PO0003320,V0045,2025-01-18,0.045,False,,
QI0002911,PO0002439,V0033,2023-02-05,0.0318,False,,
QI0002912,PO0004675,V0059,2024-03-30,0.0,False,,
QI0002913,PO0004239,V0055,2024-10-18,0.0702,True,Functional failure,2.0
QI0002914,PO0003657,V0049,2025-05-18,0.0026,False,,
QI0002915,PO0005035,V0065,2022-10-24,0.0081,False,,
QI0002916,PO0002291,V0029,2023-10-25,0.0018,False,,
QI0002917,PO0001728,V0022,2024-10-29,0.0116,False,,
QI0002918,PO0000611,V0008,2022-11-07,0.0436,True,Packaging damage,14.0
QI0002919,PO0000571,V0007,2023-05-13,0.0275,False,,
QI0002920,PO0003490,V0047,2024-08-07,0.0178,False,,
QI0002921,PO0003974,V0054,2022-06-27,0.0005,False,,
QI0002922,PO0000344,V0005,2023-06-14,0.1162,True,Dimensional deviation,41.0
QI0002923,PO0003935,V0053,2026-02-23,0.0051,False,,
QI0002924,PO0000637,V0008,2025-05-04,0.0686,True,Labeling/documentation error,15.0
QI0002925,PO0000435,V0005,2025-07-09,0.1211,True,Labeling/documentation error,4.0
QI0002926,PO0001904,V0023,2026-06-15,0.0039,False,,
QI0002927,PO0000098,V0003,2022-08-01,0.0,False,,
QI0002928,PO0002933,V0040,2023-11-20,0.0352,False,,
QI0002929,PO0003126,V0042,2024-06-21,0.0078,False,,
QI0002930,PO0002070,V0028,2022-06-08,0.0013,False,,
QI0002931,PO0001538,V0021,2024-05-15,0.0157,False,,
QI0002932,PO0004106,V0054,2025-01-30,0.005,False,,
QI0002933,PO0003857,V0053,2023-06-24,0.0053,False,,
QI0002934,PO0004588,V0058,2026-08-15,0.0271,False,,
QI0002935,PO0003072,V0042,2022-04-22,0.008,False,,
QI0002936,PO0001518,V0021,2022-07-08,0.0068,False,,
QI0002937,PO0000966,V0012,2024-06-28,0.0012,False,,
QI0002938,PO0005075,V0065,2023-06-27,0.0032,False,,
QI0002939,PO0000529,V0006,2024-04-24,0.0222,False,,
QI0002940,PO0000177,V0003,2025-09-22,0.0237,False,,
QI0002941,PO0002471,V0033,2024-04-08,0.0311,False,,
QI0002942,PO0004343,V0056,2026-03-21,0.0,False,,
QI0002943,PO0004626,V0059,2023-02-23,0.1178,True,Functional failure,5.0
QI0002944,PO0004940,V0064,2023-03-07,0.0517,False,,
QI0002945,PO0000573,V0007,2023-07-29,0.0103,False,,
QI0002946,PO0003015,V0041,2025-01-04,0.0068,False,,
QI0002947,PO0000593,V0007,2025-01-24,0.036,False,,
QI0002948,PO0004782,V0060,2023-05-29,0.0067,False,,
QI0002949,PO0003222,V0044,2024-12-06,0.0014,False,,
QI0002950,PO0002375,V0031,2026-04-29,0.0088,False,,
QI0002951,PO0005411,V0066,2025-06-20,0.0258,False,,
QI0002952,PO0004696,V0059,2024-09-12,0.0732,True,Dimensional deviation,22.0
QI0002953,PO0003380,V0046,2022-06-09,0.0148,False,,
QI0002954,PO0002209,V0028,2024-12-29,0.0072,False,,
QI0002955,PO0003358,V0045,2026-02-24,0.0478,True,Cosmetic defect,18.0
QI0002956,PO0002493,V0033,2025-03-01,0.0408,False,,
QI0002957,PO0003608,V0048,2025-10-27,0.0013,False,,
QI0002958,PO0000384,V0005,2024-04-23,0.1694,True,Cosmetic defect,35.0
QI0002959,PO0000853,V0011,2024-06-08,0.0366,False,,
QI0002960,PO0001881,V0023,2025-04-06,0.0081,False,,
QI0002961,PO0000371,V0005,2023-12-21,0.0335,False,,
QI0002962,PO0003110,V0042,2023-08-29,0.0114,False,,
QI0002963,PO0004029,V0054,2023-07-08,0.0052,False,,
QI0002964,PO0004972,V0064,2024-11-05,0.0413,False,,
QI0002965,PO0001106,V0013,2025-06-20,0.0086,False,,
QI0002966,PO0003367,V0045,2026-06-06,0.0294,False,,
QI0002967,PO0002362,V0031,2024-06-13,0.0093,False,,
QI0002968,PO0004635,V0059,2023-05-02,0.02,False,,
QI0002969,PO0001337,V0015,2026-02-19,0.0487,True,Cosmetic defect,5.0
QI0002970,PO0002190,V0028,2024-08-29,0.0103,False,,
QI0002971,PO0005289,V0066,2022-12-23,0.0146,False,,
QI0002972,PO0005195,V0065,2025-07-13,0.0003,False,,
QI0002973,PO0004668,V0059,2024-01-08,0.0418,False,,
QI0002974,PO0002247,V0028,2025-09-14,0.0068,False,,
QI0002975,PO0003833,V0053,2022-12-11,0.0013,False,,
QI0002976,PO0005584,V0068,2023-09-30,0.0715,True,Packaging damage,34.0
QI0002977,PO0001172,V0015,2022-03-26,0.1383,True,Contamination,12.0
QI0002978,PO0004832,V0061,2026-06-20,0.0243,False,,
QI0002979,PO0005164,V0065,2025-01-29,0.0021,False,,
QI0002980,PO0001423,V0017,2025-06-21,0.0759,True,Labeling/documentation error,9.0
QI0002981,PO0002687,V0036,2022-12-16,0.0071,False,,
QI0002982,PO0003067,V0041,2026-08-08,0.0073,False,,
QI0002983,PO0004652,V0059,2023-09-28,0.0444,False,,
QI0002984,PO0005058,V0065,2023-04-15,0.0032,False,,
QI0002985,PO0001465,V0019,2026-01-08,0.0026,False,,
QI0002986,PO0000875,V0011,2025-05-29,0.0413,True,Labeling/documentation error,24.0
QI0002987,PO0002298,V0029,2024-05-24,0.0078,False,,
QI0002988,PO0002644,V0035,2025-09-11,0.0052,False,,
QI0002989,PO0003050,V0041,2025-11-17,0.0029,False,,
QI0002990,PO0004991,V0064,2025-12-14,0.0,False,,
QI0002991,PO0001252,V0015,2024-04-09,0.0716,True,Dimensional deviation,14.0
QI0002992,PO0003075,V0042,2022-05-20,0.0181,False,,
QI0002993,PO0000841,V0011,2023-10-22,0.0,False,,
QI0002994,PO0004026,V0054,2023-06-11,0.0033,False,,
QI0002995,PO0000582,V0007,2024-03-25,0.0324,False,,
QI0002996,PO0000205,V0004,2022-06-21,0.0421,False,,
QI0002997,PO0001642,V0022,2023-03-27,0.0189,False,,
QI0002998,PO0002015,V0027,2022-03-02,0.0138,False,,
QI0002999,PO0000906,V0012,2022-03-19,0.0012,False,,
QI0003000,PO0000632,V0008,2024-10-30,0.1183,True,Cosmetic defect,11.0
QI0003001,PO0004056,V0054,2024-03-26,0.0036,False,,
QI0003002,PO0001975,V0026,2022-02-28,0.0016,False,,
QI0003003,PO0000163,V0003,2025-01-29,0.0392,True,Dimensional deviation,3.0
QI0003004,PO0005237,V0065,2026-06-16,0.0018,False,,
QI0003005,PO0003750,V0050,2026-03-23,0.0111,False,,
QI0003006,PO0005181,V0065,2025-04-05,0.0054,False,,
QI0003007,PO0003249,V0045,2022-04-18,0.0388,False,,
QI0003008,PO0000618,V0008,2023-09-06,0.0941,True,Packaging damage,14.0
QI0003009,PO0000876,V0011,2025-07-08,0.0117,False,,
QI0003010,PO0001432,V0018,2022-09-25,0.0235,False,,
QI0003011,PO0002974,V0041,2023-05-14,0.0,False,,
QI0003012,PO0003880,V0053,2024-05-08,0.0029,False,,
QI0003013,PO0000548,V0006,2025-11-19,0.0175,False,,
QI0003014,PO0004246,V0055,2025-02-12,0.0717,False,,
QI0003015,PO0005338,V0066,2023-10-29,0.0218,False,,
QI0003016,PO0004898,V0062,2026-06-15,0.0013,False,,
QI0003017,PO0003127,V0042,2024-06-28,0.0037,False,,
QI0003018,PO0003482,V0047,2023-12-30,0.0358,False,,
QI0003019,PO0003338,V0045,2025-07-28,0.0074,False,,
QI0003020,PO0004701,V0059,2024-10-19,0.0,False,,
QI0003021,PO0002857,V0037,2026-01-01,0.0307,False,,
QI0003022,PO0001862,V0023,2024-03-28,0.0092,False,,
QI0003023,PO0002660,V0035,2026-07-03,0.0035,False,,
QI0003024,PO0005292,V0066,2023-01-19,0.0227,False,,
QI0003025,PO0000641,V0008,2026-03-07,0.0458,True,Dimensional deviation,13.0
QI0003026,PO0003894,V0053,2024-12-05,0.0061,False,,
QI0003027,PO0003917,V0053,2025-08-09,0.0005,False,,
QI0003028,PO0005633,V0068,2024-11-03,0.0322,False,,
QI0003029,PO0000638,V0008,2025-08-05,0.0996,True,Labeling/documentation error,9.0
QI0003030,PO0004709,V0059,2024-12-18,0.0886,True,Labeling/documentation error,18.0
QI0003031,PO0004327,V0056,2025-02-05,0.024,False,,
QI0003032,PO0002309,V0029,2025-04-17,0.0085,False,,
QI0003033,PO0003916,V0053,2025-08-10,0.0024,False,,
QI0003034,PO0004875,V0062,2025-01-08,0.0012,False,,
QI0003035,PO0002097,V0028,2023-02-19,0.001,False,,
QI0003036,PO0003248,V0045,2022-04-12,0.0344,True,Packaging damage,7.0
QI0003037,PO0004598,V0059,2022-06-07,0.1349,True,Labeling/documentation error,21.0
QI0003038,PO0001373,V0016,2024-01-31,0.0186,False,,
QI0003039,PO0003719,V0050,2024-12-03,0.0221,False,,
QI0003040,PO0000922,V0012,2022-09-19,0.0073,False,,
QI0003041,PO0000547,V0006,2025-09-02,0.0,False,,
QI0003042,PO0001450,V0019,2022-11-28,0.0017,False,,
QI0003043,PO0002805,V0037,2022-11-03,0.0,False,,
QI0003044,PO0002611,V0035,2024-07-23,0.0035,False,,
QI0003045,PO0001901,V0023,2026-04-17,0.007,False,,
QI0003046,PO0002758,V0036,2025-04-21,0.0009,False,,
QI0003047,PO0002029,V0027,2024-02-22,0.0286,False,,
QI0003048,PO0002302,V0029,2024-11-21,0.0142,False,,
QI0003049,PO0001886,V0023,2025-08-27,0.0042,False,,
QI0003050,PO0001643,V0022,2023-03-27,0.0168,False,,
QI0003051,PO0000973,V0012,2024-10-24,0.0035,False,,
QI0003052,PO0005540,V0068,2022-11-23,0.0099,False,,
QI0003053,PO0002098,V0028,2023-02-17,0.0096,False,,
QI0003054,PO0005009,V0065,2022-04-12,0.0084,False,,
QI0003055,PO0004397,V0058,2022-10-09,0.0241,False,,
QI0003056,PO0005180,V0065,2025-03-19,0.0015,False,,
QI0003057,PO0005727,V0069,2025-08-16,0.0161,False,,
QI0003058,PO0000837,V0011,2023-10-09,0.0396,True,Labeling/documentation error,7.0
QI0003059,PO0000602,V0007,2026-02-23,0.0101,False,,
QI0003060,PO0002185,V0028,2024-07-10,0.0133,False,,
QI0003061,PO0004585,V0058,2026-08-17,0.045,True,Cosmetic defect,4.0
QI0003062,PO0005301,V0066,2023-02-21,0.0074,False,,
QI0003063,PO0004952,V0064,2023-11-04,0.0221,False,,
QI0003064,PO0001583,V0022,2022-03-25,0.015,False,,
QI0003065,PO0004907,V0063,2025-03-08,0.0041,False,,
QI0003066,PO0003771,V0051,2024-04-18,0.0013,False,,
QI0003067,PO0004529,V0058,2025-03-20,0.0496,False,,
QI0003068,PO0001071,V0013,2023-12-06,0.0036,False,,
QI0003069,PO0001776,V0022,2025-08-10,0.0098,False,,
QI0003070,PO0005539,V0068,2022-10-22,0.046,False,,
QI0003071,PO0001284,V0015,2024-12-20,0.0351,False,,
QI0003072,PO0004004,V0054,2022-12-24,0.0018,False,,
QI0003073,PO0004527,V0058,2025-03-03,0.0898,True,Dimensional deviation,24.0
QI0003074,PO0005480,V0067,2024-08-04,0.0077,False,,
QI0003075,PO0001837,V0023,2022-04-19,0.0151,False,,
QI0003076,PO0004880,V0062,2025-04-21,0.0045,False,,
QI0003077,PO0001020,V0013,2022-03-28,0.0005,False,,
QI0003078,PO0000971,V0012,2024-10-05,0.0018,False,,
QI0003079,PO0001327,V0015,2025-12-06,0.0341,False,,
QI0003080,PO0005630,V0068,2024-10-03,0.0474,False,,
QI0003081,PO0000476,V0005,2026-06-25,0.0156,False,,
QI0003082,PO0002811,V0037,2023-03-16,0.0262,False,,
QI0003083,PO0004318,V0056,2024-08-26,0.0,False,,
QI0003084,PO0001652,V0022,2023-06-21,0.0226,False,,
QI0003085,PO0005590,V0068,2023-11-12,0.0752,False,,
QI0003086,PO0004927,V0064,2022-09-12,0.0231,False,,
QI0003087,PO0002529,V0034,2022-10-14,0.004,False,,
QI0003088,PO0003413,V0046,2024-08-22,0.0,False,,
QI0003089,PO0003246,V0045,2022-04-09,0.0377,False,,
QI0003090,PO0004689,V0059,2024-07-19,0.1764,True,Dimensional deviation,30.0
QI0003091,PO0001374,V0016,2024-02-03,0.0068,False,,
QI0003092,PO0000740,V0010,2022-08-17,0.1133,True,Dimensional deviation,60.0
QI0003093,PO0004429,V0058,2023-06-05,0.0163,False,,
QI0003094,PO0003197,V0043,2024-05-12,0.0064,False,,
QI0003095,PO0000868,V0011,2025-01-21,0.0141,False,,
QI0003096,PO0002975,V0041,2023-07-28,0.0273,False,,
QI0003097,PO0001141,V0014,2022-12-08,0.0272,False,,
QI0003098,PO0000998,V0012,2025-09-30,0.0003,False,,
QI0003099,PO0001338,V0015,2026-02-19,0.0328,True,Packaging damage,3.0
QI0003100,PO0000542,V0006,2025-07-12,0.0282,False,,
QI0003101,PO0001100,V0013,2025-04-22,0.0031,False,,
QI0003102,PO0001133,V0013,2026-07-06,0.0031,False,,
QI0003103,PO0005588,V0068,2023-10-30,0.0618,True,Labeling/documentation error,18.0
QI0003104,PO0003555,V0048,2023-08-22,0.0018,False,,
QI0003105,PO0002259,V0028,2025-12-20,0.0126,False,,
QI0003106,PO0004657,V0059,2023-11-17,0.1547,True,Cosmetic defect,10.0
QI0003107,PO0002963,V0041,2022-12-04,0.0178,False,,
QI0003108,PO0000060,V0002,2023-07-20,0.0085,False,,
QI0003109,PO0003775,V0051,2024-07-10,0.0029,False,,
QI0003110,PO0001939,V0025,2023-03-08,0.0122,False,,
QI0003111,PO0005272,V0066,2022-07-16,0.0218,False,,
QI0003112,PO0005692,V0068,2026-03-07,0.0981,True,Cosmetic defect,35.0
QI0003113,PO0003140,V0042,2024-11-10,0.0085,False,,
QI0003114,PO0002814,V0037,2023-09-03,0.0008,False,,
QI0003115,PO0004992,V0064,2025-12-02,0.0611,True,Dimensional deviation,10.0
QI0003116,PO0003164,V0042,2025-06-11,0.0057,False,,
QI0003117,PO0001079,V0013,2024-05-09,0.005,False,,
QI0003118,PO0004354,V0057,2022-07-24,0.0666,False,,
QI0003119,PO0003821,V0053,2022-07-01,0.0023,False,,
QI0003120,PO0004100,V0054,2024-12-08,0.0072,False,,
QI0003121,PO0004905,V0063,2025-01-20,0.0019,False,,
QI0003122,PO0002631,V0035,2025-01-08,0.0062,False,,
QI0003123,PO0003259,V0045,2022-07-17,0.0522,True,Packaging damage,3.0
QI0003124,PO0003448,V0047,2022-03-11,0.0216,False,,
QI0003125,PO0000941,V0012,2023-07-30,0.0064,False,,
QI0003126,PO0001081,V0013,2024-05-01,0.0035,False,,
QI0003127,PO0000188,V0003,2026-02-10,0.003,False,,
QI0003128,PO0003443,V0046,2026-09-03,0.0149,False,,
QI0003129,PO0005375,V0066,2024-07-03,0.0203,False,,
QI0003130,PO0002086,V0028,2022-11-03,0.0087,False,,
QI0003131,PO0002250,V0028,2025-12-06,0.0144,False,,
QI0003132,PO0003410,V0046,2024-08-15,0.0,False,,
QI0003133,PO0005639,V0068,2024-12-18,0.1287,True,Dimensional deviation,8.0
QI0003134,PO0002024,V0027,2023-09-21,0.01,False,,
QI0003135,PO0004332,V0056,2025-07-10,0.0101,False,,
QI0003136,PO0001493,V0020,2024-06-12,0.1333,True,Packaging damage,11.0
QI0003137,PO0004685,V0059,2024-05-09,0.0493,False,,
QI0003138,PO0000227,V0004,2023-12-27,0.0,False,,
QI0003139,PO0001014,V0012,2026-06-14,0.0048,False,,
QI0003140,PO0002584,V0035,2023-03-08,0.0072,False,,
QI0003141,PO0001930,V0025,2022-06-17,0.0,False,,
QI0003142,PO0004465,V0058,2024-03-09,0.0779,True,Functional failure,4.0
QI0003143,PO0005175,V0065,2025-03-06,0.0069,False,,
QI0003144,PO0001405,V0016,2025-12-16,0.0164,False,,
QI0003145,PO0002180,V0028,2024-06-08,0.0023,False,,
QI0003146,PO0000698,V0009,2024-09-19,0.0476,True,Cosmetic defect,18.0
QI0003147,PO0001125,V0013,2026-03-22,0.0019,False,,
QI0003148,PO0003662,V0049,2026-02-26,0.0125,False,,
QI0003149,PO0003822,V0053,2022-07-25,0.005,False,,
QI0003150,PO0001779,V0022,2025-08-09,0.0397,False,,
QI0003151,PO0002635,V0035,2025-04-04,0.0019,False,,
QI0003152,PO0003092,V0042,2022-11-23,0.01,False,,
QI0003153,PO0003743,V0050,2026-01-20,0.0143,False,,
QI0003154,PO0001038,V0013,2022-08-10,0.0,False,,
QI0003155,PO0004801,V0060,2025-04-28,0.0564,True,Dimensional deviation,15.0
QI0003156,PO0002257,V0028,2025-12-19,0.0032,False,,
QI0003157,PO0003489,V0047,2024-07-20,0.0224,False,,
QI0003158,PO0005698,V0068,2026-06-30,0.031,False,,
QI0003159,PO0000314,V0005,2022-11-05,0.0802,True,Labeling/documentation error,3.0
QI0003160,PO0002650,V0035,2025-11-05,0.0012,False,,
QI0003161,PO0002282,V0029,2022-07-03,0.0057,False,,
QI0003162,PO0003415,V0046,2024-11-10,0.0238,False,,
QI0003163,PO0004114,V0054,2025-05-12,0.0031,False,,
QI0003164,PO0002548,V0034,2024-09-26,0.0051,False,,
QI0003165,PO0001417,V0017,2024-02-06,0.065,True,Contamination,17.0
QI0003166,PO0001037,V0013,2022-08-06,0.0035,False,,
QI0003167,PO0002160,V0028,2024-02-07,0.0009,False,,
QI0003168,PO0002985,V0041,2023-11-29,0.034,False,,
QI0003169,PO0003138,V0042,2024-10-24,0.0001,False,,
QI0003170,PO0004789,V0060,2024-07-03,0.0801,True,Cosmetic defect,3.0
QI0003171,PO0001755,V0022,2025-05-04,0.0161,False,,
QI0003172,PO0004085,V0054,2024-09-27,0.0036,False,,
QI0003173,PO0003681,V0050,2022-09-01,0.0261,False,,
QI0003174,PO0003530,V0048,2022-08-05,0.0022,False,,
QI0003175,PO0003683,V0050,2022-12-04,0.0141,False,,
QI0003176,PO0002521,V0033,2026-04-22,0.0311,False,,
QI0003177,PO0000874,V0011,2025-05-27,0.05,False,,
QI0003178,PO0004254,V0055,2025-08-31,0.0382,False,,
QI0003179,PO0005177,V0065,2025-03-03,0.0035,False,,
QI0003180,PO0001507,V0020,2026-03-30,0.0689,True,Dimensional deviation,38.0
QI0003181,PO0003600,V0048,2025-05-09,0.0048,False,,
QI0003182,PO0001924,V0024,2025-04-03,0.009,False,,
QI0003183,PO0000449,V0005,2025-10-23,0.1391,True,Labeling/documentation error,2.0
QI0003184,PO0003200,V0043,2025-06-21,0.0011,False,,
QI0003185,PO0003306,V0045,2024-03-27,0.0892,True,Contamination,4.0
QI0003186,PO0005729,V0069,2026-02-27,0.0291,False,,
QI0003187,PO0004281,V0056,2022-08-29,0.0078,False,,
QI0003188,PO0000362,V0005,2023-10-03,0.0956,True,Contamination,25.0
QI0003189,PO0002184,V0028,2024-07-06,0.0124,False,,
QI0003190,PO0001135,V0014,2022-04-16,0.0164,False,,
QI0003191,PO0004596,V0059,2022-05-25,0.0622,False,,
QI0003192,PO0002156,V0028,2024-01-02,0.0078,False,,
QI0003193,PO0001831,V0022,2026-07-30,0.0284,False,,
QI0003194,PO0001054,V0013,2023-01-10,0.0016,False,,
QI0003195,PO0002461,V0033,2023-11-04,0.0107,False,,
QI0003196,PO0000023,V0001,2024-04-05,0.0031,False,,
QI0003197,PO0002067,V0028,2022-05-22,0.0061,False,,
QI0003198,PO0001654,V0022,2023-07-06,0.0108,False,,
QI0003199,PO0003385,V0046,2022-10-04,0.0,False,,
QI0003200,PO0004158,V0054,2026-04-11,0.0028,False,,
QI0003201,PO0002744,V0036,2024-12-01,0.0126,False,,
QI0003202,PO0004512,V0058,2024-12-18,0.0382,False,,
QI0003203,PO0004686,V0059,2024-07-30,0.0715,False,,
QI0003204,PO0002469,V0033,2024-03-27,0.035,False,,
QI0003205,PO0002326,V0030,2022-07-29,0.0062,False,,
QI0003206,PO0000461,V0005,2026-01-17,0.1074,True,Cosmetic defect,21.0
QI0003207,PO0001068,V0013,2023-09-01,0.0037,False,,
QI0003208,PO0000088,V0002,2026-07-29,0.0055,False,,
QI0003209,PO0001431,V0018,2022-06-29,0.021,False,,
QI0003210,PO0003459,V0047,2022-08-20,0.009,False,,
QI0003211,PO0000283,V0005,2022-04-21,0.0344,False,,
QI0003212,PO0002484,V0033,2024-10-23,0.0812,True,Contamination,13.0
QI0003213,PO0000463,V0005,2026-01-20,0.0522,False,,
QI0003214,PO0000213,V0004,2022-11-06,0.0316,False,,
QI0003215,PO0002589,V0035,2023-05-15,0.003,False,,
QI0003216,PO0003271,V0045,2022-11-23,0.0584,False,,
QI0003217,PO0002908,V0039,2024-04-17,0.058,False,,
QI0003218,PO0002582,V0035,2023-02-13,0.0044,False,,
QI0003219,PO0001369,V0016,2023-08-15,0.004,False,,
QI0003220,PO0000235,V0004,2024-06-22,0.0122,False,,
QI0003221,PO0005140,V0065,2024-10-01,0.0063,False,,
QI0003222,PO0000598,V0007,2025-09-20,0.0184,False,,
QI0003223,PO0005094,V0065,2023-12-14,0.0041,False,,
QI0003224,PO0002251,V0028,2025-10-14,0.0105,False,,
QI0003225,PO0005499,V0067,2025-12-27,0.0112,False,,
QI0003226,PO0002284,V0029,2022-10-27,0.0141,False,,
QI0003227,PO0000663,V0009,2022-11-08,0.0804,True,Labeling/documentation error,7.0
QI0003228,PO0005723,V0069,2025-05-11,0.0153,False,,
QI0003229,PO0002286,V0029,2023-01-27,0.0054,False,,
QI0003230,PO0005438,V0066,2026-02-13,0.0228,False,,
QI0003231,PO0004734,V0059,2025-07-24,0.1123,True,Dimensional deviation,34.0
QI0003232,PO0003407,V0046,2024-04-02,0.0064,False,,
QI0003233,PO0005262,V0066,2022-05-29,0.029,False,,
QI0003234,PO0003275,V0045,2022-12-22,0.0737,True,Contamination,2.0
QI0003235,PO0002991,V0041,2023-11-28,0.0328,False,,
QI0003236,PO0005129,V0065,2024-08-13,0.001,False,,
QI0003237,PO0000780,V0010,2025-03-01,0.0,False,,
QI0003238,PO0002545,V0034,2024-03-15,0.0,False,,
QI0003239,PO0004472,V0058,2024-05-29,0.0499,True,Contamination,46.0
QI0003240,PO0004308,V0056,2024-03-22,0.0053,False,,
QI0003241,PO0004813,V0061,2023-02-08,0.0016,False,,
QI0003242,PO0004636,V0059,2023-06-01,0.0288,False,,
QI0003243,PO0004741,V0059,2025-10-08,0.0337,False,,
QI0003244,PO0005570,V0068,2023-07-19,0.0764,True,Dimensional deviation,20.0
QI0003245,PO0000686,V0009,2024-02-07,0.0642,True,Cosmetic defect,16.0
QI0003246,PO0003244,V0045,2022-04-02,0.0621,False,,
QI0003247,PO0001749,V0022,2025-04-01,0.0088,False,,
QI0003248,PO0004933,V0064,2022-11-13,0.0302,False,,
QI0003249,PO0004457,V0058,2023-12-03,0.0433,True,Contamination,3.0
QI0003250,PO0002838,V0037,2024-11-06,0.0263,False,,
QI0003251,PO0003033,V0041,2025-05-22,0.0137,False,,
QI0003252,PO0002172,V0028,2024-05-15,0.0013,False,,
QI0003253,PO0003485,V0047,2024-03-24,0.0145,False,,
QI0003254,PO0001851,V0023,2023-07-30,0.0054,False,,
QI0003255,PO0000488,V0006,2022-06-14,0.0084,False,,
QI0003256,PO0001689,V0022,2024-02-03,0.019,False,,
QI0003257,PO0002231,V0028,2025-06-09,0.0065,False,,
QI0003258,PO0004210,V0055,2023-06-10,0.0,False,,
QI0003259,PO0002321,V0029,2026-04-19,0.0057,False,,
QI0003260,PO0000783,V0010,2025-05-01,0.1018,True,Functional failure,51.0
QI0003261,PO0000522,V0006,2024-01-03,0.0188,False,,
QI0003262,PO0000523,V0006,2024-02-02,0.047,False,,
QI0003263,PO0004014,V0054,2023-03-03,0.0022,False,,
QI0003264,PO0002940,V0040,2024-10-13,0.016,False,,
QI0003265,PO0004640,V0059,2023-07-19,0.0866,True,Labeling/documentation error,13.0
QI0003266,PO0002399,V0032,2025-01-27,0.0146,False,,
QI0003267,PO0002208,V0028,2025-01-08,0.0027,False,,
QI0003268,PO0004340,V0056,2026-01-19,0.0117,False,,
QI0003269,PO0000781,V0010,2025-04-09,0.1379,True,Labeling/documentation error,9.0
QI0003270,PO0004505,V0058,2024-10-22,0.0583,False,,
QI0003271,PO0003859,V0053,2023-08-07,0.0024,False,,
QI0003272,PO0001512,V0020,2026-07-13,0.0666,True,Contamination,18.0
QI0003273,PO0001883,V0023,2025-06-18,0.0084,False,,
QI0003274,PO0000652,V0009,2022-05-10,0.04,False,,
QI0003275,PO0003650,V0049,2024-07-07,0.0195,False,,
QI0003276,PO0004052,V0054,2024-04-01,0.003,False,,
QI0003277,PO0000370,V0005,2023-12-10,0.1052,True,Functional failure,6.0
QI0003278,PO0005034,V0065,2022-11-06,0.004,False,,
QI0003279,PO0003451,V0047,2022-07-01,0.0334,False,,
QI0003280,PO0000119,V0003,2023-04-12,0.0115,False,,
QI0003281,PO0000378,V0005,2024-02-18,0.0848,True,Cosmetic defect,5.0
QI0003282,PO0003986,V0054,2022-08-29,0.0032,False,,
QI0003283,PO0002217,V0028,2025-02-22,0.0045,False,,
QI0003284,PO0004380,V0058,2022-05-25,0.0,False,,
QI0003285,PO0001614,V0022,2022-08-26,0.0271,False,,
QI0003286,PO0002884,V0038,2025-09-17,0.0368,False,,
QI0003287,PO0004081,V0054,2024-09-01,0.0025,False,,
QI0003288,PO0000963,V0012,2024-05-11,0.0068,False,,
QI0003289,PO0005190,V0065,2025-05-16,0.0053,False,,
QI0003290,PO0002511,V0033,2025-09-23,0.0468,False,,
QI0003291,PO0005413,V0066,2025-08-07,0.0241,False,,
QI0003292,PO0004385,V0058,2022-08-02,0.0343,False,,
QI0003293,PO0003695,V0050,2023-09-12,0.014,False,,
QI0003294,PO0000360,V0005,2023-08-27,0.0149,False,,
QI0003295,PO0003981,V0054,2022-07-26,0.0034,False,,
QI0003296,PO0003918,V0053,2025-08-14,0.0062,False,,
QI0003297,PO0002416,V0033,2022-05-18,0.0528,False,,
QI0003298,PO0005364,V0066,2024-05-31,0.0228,False,,
QI0003299,PO0005366,V0066,2024-05-20,0.0101,False,,
QI0003300,PO0002186,V0028,2024-08-04,0.0063,False,,
QI0003301,PO0003693,V0050,2023-09-15,0.0248,False,,
QI0003302,PO0002568,V0035,2022-06-01,0.0048,False,,
QI0003303,PO0002038,V0027,2024-12-30,0.0189,False,,
QI0003304,PO0004902,V0063,2022-10-10,0.0049,False,,
QI0003305,PO0000773,V0010,2024-08-27,0.0933,True,Contamination,15.0
QI0003306,PO0001285,V0015,2025-01-04,0.0907,True,Functional failure,6.0
QI0003307,PO0005299,V0066,2023-02-20,0.0286,False,,
QI0003308,PO0005461,V0066,2026-07-20,0.0153,False,,
QI0003309,PO0002588,V0035,2023-05-09,0.0019,False,,
QI0003310,PO0005270,V0066,2022-07-18,0.0052,False,,
QI0003311,PO0001415,V0017,2022-05-02,0.0517,False,,
QI0003312,PO0001235,V0015,2023-11-17,0.0956,True,Labeling/documentation error,44.0
QI0003313,PO0003782,V0051,2025-05-18,0.0037,False,,
QI0003314,PO0000436,V0005,2025-07-03,0.0876,True,Contamination,24.0
QI0003315,PO0001675,V0022,2023-11-22,0.0173,False,,
QI0003316,PO0003300,V0045,2024-01-29,0.0165,False,,
QI0003317,PO0000366,V0005,2023-10-27,0.0544,False,,
QI0003318,PO0003461,V0047,2022-09-28,0.0116,False,,
QI0003319,PO0000232,V0004,2024-04-09,0.0321,False,,
QI0003320,PO0004908,V0063,2025-04-28,0.0021,False,,
QI0003321,PO0000148,V0003,2024-05-22,0.0,False,,
QI0003322,PO0005066,V0065,2023-04-06,0.0013,False,,
QI0003323,PO0003089,V0042,2022-10-13,0.0076,False,,
QI0003324,PO0005300,V0066,2023-02-20,0.0018,False,,
QI0003325,PO0000408,V0005,2024-11-12,0.0244,False,,
QI0003326,PO0002091,V0028,2022-12-19,0.0142,False,,
QI0003327,PO0000087,V0002,2026-06-23,0.0033,False,,
QI0003328,PO0003272,V0045,2022-12-11,0.0263,False,,
QI0003329,PO0000845,V0011,2024-02-14,0.0,False,,
QI0003330,PO0001032,V0013,2022-07-07,0.0054,False,,
QI0003331,PO0003439,V0046,2026-05-08,0.0168,False,,
QI0003332,PO0004156,V0054,2026-03-11,0.0037,False,,
QI0003333,PO0004215,V0055,2023-07-28,0.0177,False,,
QI0003334,PO0002988,V0041,2023-11-20,0.0193,False,,
QI0003335,PO0005136,V0065,2024-09-10,0.0038,False,,
QI0003336,PO0002629,V0035,2024-12-05,0.0045,False,,
QI0003337,PO0003472,V0047,2023-03-10,0.0059,False,,
QI0003338,PO0004846,V0062,2023-02-04,0.0021,False,,
QI0003339,PO0000856,V0011,2024-08-26,0.0487,True,Packaging damage,15.0
QI0003340,PO0003004,V0041,2024-07-24,0.018,False,,
QI0003341,PO0000079,V0002,2025-04-05,0.0022,False,,
QI0003342,PO0002993,V0041,2024-01-22,0.0288,False,,
QI0003343,PO0002248,V0028,2025-10-01,0.0008,False,,
QI0003344,PO0003751,V0050,2026-03-21,0.0207,False,,
QI0003345,PO0005264,V0066,2022-06-29,0.019,False,,
QI0003346,PO0005302,V0066,2023-03-01,0.0059,False,,
QI0003347,PO0000759,V0010,2023-09-06,0.0622,True,Contamination,11.0
QI0003348,PO0003814,V0053,2022-02-22,0.0007,False,,
QI0003349,PO0005304,V0066,2023-03-14,0.0174,False,,
QI0003350,PO0002280,V0029,2022-05-14,0.0108,False,,
QI0003351,PO0005542,V0068,2022-12-19,0.0571,True,Contamination,10.0
QI0003352,PO0004059,V0054,2024-04-29,0.0047,False,,
QI0003353,PO0005077,V0065,2023-07-14,0.004,False,,
QI0003354,PO0004590,V0058,2026-09-20,0.0557,False,,
QI0003355,PO0004310,V0056,2024-04-12,0.0073,False,,
QI0003356,PO0005566,V0068,2023-06-19,0.0552,True,Contamination,5.0
QI0003357,PO0002177,V0028,2024-05-22,0.0077,False,,
QI0003358,PO0000425,V0005,2025-03-31,0.0465,False,,
QI0003359,PO0000393,V0005,2024-07-21,0.0887,True,Labeling/documentation error,35.0
QI0003360,PO0005691,V0068,2026-02-22,0.0719,True,Functional failure,51.0
QI0003361,PO0005448,V0066,2026-04-29,0.0074,False,,
QI0003362,PO0002240,V0028,2025-08-14,0.007,False,,
QI0003363,PO0000105,V0003,2022-10-15,0.0188,False,,
QI0003364,PO0002673,V0036,2022-07-18,0.0008,False,,
QI0003365,PO0005724,V0069,2025-04-14,0.0011,False,,
QI0003366,PO0004732,V0059,2025-07-21,0.0964,True,Labeling/documentation error,29.0
QI0003367,PO0002069,V0028,2022-06-03,0.0172,False,,
QI0003368,PO0005610,V0068,2024-02-16,0.1386,True,Contamination,14.0
QI0003369,PO0001949,V0025,2024-04-17,0.0027,False,,
QI0003370,PO0001460,V0019,2024-07-26,0.0023,False,,
QI0003371,PO0001769,V0022,2025-06-09,0.0185,False,,
QI0003372,PO0003299,V0045,2023-12-02,0.0411,False,,
QI0003373,PO0003670,V0050,2022-02-15,0.0165,False,,
QI0003374,PO0003543,V0048,2023-01-10,0.0049,False,,
QI0003375,PO0005520,V0068,2022-06-22,0.0637,False,,
QI0003376,PO0001588,V0022,2022-04-03,0.0412,False,,
QI0003377,PO0004458,V0058,2023-12-13,0.0604,True,Labeling/documentation error,26.0
QI0003378,PO0001732,V0022,2024-11-18,0.0276,False,,
QI0003379,PO0005492,V0067,2025-07-24,0.0107,False,,
QI0003380,PO0004490,V0058,2024-09-08,0.0254,False,,
QI0003381,PO0000183,V0003,2025-12-11,0.0286,False,,
QI0003382,PO0001792,V0022,2025-11-02,0.0053,False,,
QI0003383,PO0002356,V0031,2023-08-30,0.0,False,,
QI0003384,PO0001941,V0025,2023-09-11,0.0165,False,,
QI0003385,PO0000703,V0009,2024-12-25,0.0374,False,,
QI0003386,PO0002443,V0033,2023-02-28,0.033,False,,
QI0003387,PO0004978,V0064,2025-03-22,0.0615,False,,
QI0003388,PO0000497,V0006,2022-12-19,0.0111,False,,
QI0003389,PO0004481,V0058,2024-07-08,0.0439,False,,
QI0003390,PO0000465,V0005,2026-01-18,0.048,False,,
QI0003391,PO0004917,V0064,2022-04-05,0.0499,False,,
QI0003392,PO0004984,V0064,2025-09-05,0.0375,False,,
QI0003393,PO0000173,V0003,2025-08-13,0.0146,False,,
QI0003394,PO0004032,V0054,2023-07-22,0.0042,False,,
QI0003395,PO0005527,V0068,2022-08-30,0.0019,False,,
QI0003396,PO0005134,V0065,2024-08-27,0.0033,False,,
QI0003397,PO0002541,V0034,2024-01-19,0.0052,False,,
QI0003398,PO0005716,V0069,2024-07-12,0.0186,False,,
QI0003399,PO0003863,V0053,2023-08-31,0.006,False,,
QI0003400,PO0002261,V0028,2026-01-21,0.0057,False,,
QI0003401,PO0003085,V0042,2022-09-29,0.004,False,,
QI0003402,PO0002113,V0028,2023-06-01,0.0056,False,,
QI0003403,PO0000901,V0011,2026-07-13,0.0382,False,,
QI0003404,PO0001447,V0019,2022-05-23,0.0061,False,,
QI0003405,PO0001912,V0024,2023-01-07,0.0082,False,,
QI0003406,PO0002698,V0036,2023-06-02,0.0049,False,,
QI0003407,PO0003711,V0050,2024-07-27,0.0063,False,,
QI0003408,PO0000742,V0010,2022-11-24,0.1131,True,Dimensional deviation,5.0
QI0003409,PO0002294,V0029,2023-11-12,0.0019,False,,
QI0003410,PO0002453,V0033,2023-07-25,0.0472,True,Contamination,75.0
QI0003411,PO0003427,V0046,2025-09-23,0.0069,False,,
QI0003412,PO0004707,V0059,2024-12-06,0.0705,True,Functional failure,17.0
QI0003413,PO0001207,V0015,2023-01-16,0.0643,False,,
QI0003414,PO0000510,V0006,2023-07-16,0.0218,False,,
QI0003415,PO0005589,V0068,2023-11-17,0.0484,False,,
QI0003416,PO0003425,V0046,2025-08-05,0.0043,False,,
QI0003417,PO0003690,V0050,2023-07-04,0.0054,False,,
QI0003418,PO0005221,V0065,2026-02-19,0.0008,False,,
QI0003419,PO0001550,V0021,2025-03-27,0.0081,False,,
QI0003420,PO0003030,V0041,2025-04-24,0.0117,False,,
QI0003421,PO0004344,V0056,2026-05-21,0.0084,False,,
QI0003422,PO0002203,V0028,2024-11-26,0.0083,False,,
QI0003423,PO0002567,V0035,2022-06-07,0.002,False,,
QI0003424,PO0003505,V0047,2026-01-28,0.0258,False,,
QI0003425,PO0002045,V0027,2025-08-19,0.0027,False,,
QI0003426,PO0000768,V0010,2024-04-16,0.0763,True,Contamination,2.0
QI0003427,PO0005618,V0068,2024-04-14,0.0184,False,,
QI0003428,PO0001509,V0020,2026-04-25,0.0873,True,Labeling/documentation error,11.0
QI0003429,PO0003135,V0042,2024-09-25,0.0138,False,,
QI0003430,PO0005605,V0068,2024-01-15,0.127,True,Contamination,5.0
QI0003431,PO0000422,V0005,2025-04-07,0.0624,True,Contamination,10.0
QI0003432,PO0000124,V0003,2023-06-30,0.0209,False,,
QI0003433,PO0004788,V0060,2024-02-25,0.0502,False,,
QI0003434,PO0003436,V0046,2026-02-11,0.0239,False,,
QI0003435,PO0003845,V0053,2023-04-08,0.001,False,,
QI0003436,PO0000820,V0011,2022-09-19,0.0395,False,,
QI0003437,PO0001404,V0016,2025-11-21,0.0121,False,,
QI0003438,PO0001383,V0016,2024-09-20,0.0,False,,
QI0003439,PO0002149,V0028,2024-01-08,0.0125,False,,
QI0003440,PO0004851,V0062,2023-04-05,0.0032,False,,
QI0003441,PO0001576,V0022,2022-02-01,0.0104,False,,
QI0003442,PO0001639,V0022,2023-03-22,0.0269,False,,
QI0003443,PO0001796,V0022,2025-12-04,0.0172,False,,
QI0003444,PO0003332,V0045,2025-06-14,0.0264,False,,
QI0003445,PO0005546,V0068,2023-01-07,0.017,False,,
QI0003446,PO0005132,V0065,2024-08-03,0.0027,False,,
QI0003447,PO0000400,V0005,2024-10-17,0.0383,False,,
QI0003448,PO0003152,V0042,2025-03-11,0.0071,False,,
QI0003449,PO0002311,V0029,2025-05-30,0.0201,False,,
QI0003450,PO0000883,V0011,2025-08-27,0.0373,False,,
QI0003451,PO0005733,V0070,2022-03-08,0.0701,True,Contamination,12.0
QI0003452,PO0003796,V0052,2022-04-24,0.0144,False,,
QI0003453,PO0001353,V0016,2022-09-12,0.005,False,,
QI0003454,PO0004104,V0054,2025-01-30,0.0013,False,,
QI0003455,PO0005244,V0065,2026-09-13,0.0012,False,,
QI0003456,PO0002131,V0028,2023-08-28,0.0127,False,,
QI0003457,PO0000983,V0012,2025-01-19,0.0036,False,,
QI0003458,PO0000457,V0005,2026-01-12,0.03,False,,
QI0003459,PO0001487,V0020,2023-12-18,0.0881,True,Packaging damage,20.0
QI0003460,PO0001080,V0013,2024-04-22,0.0019,False,,
QI0003461,PO0001951,V0025,2024-07-21,0.0312,False,,
QI0003462,PO0004961,V0064,2024-06-21,0.0343,False,,
QI0003463,PO0000690,V0009,2024-05-02,0.0294,False,,
QI0003464,PO0002430,V0033,2022-10-31,0.0,False,,
QI0003465,PO0000642,V0008,2026-04-06,0.0661,False,,
QI0003466,PO0002393,V0032,2024-07-11,0.0135,False,,
QI0003467,PO0002826,V0037,2024-04-10,0.0284,False,,
QI0003468,PO0001954,V0025,2024-10-12,0.0112,False,,
QI0003469,PO0004812,V0061,2022-11-27,0.0232,False,,
QI0003470,PO0003059,V0041,2026-04-05,0.0161,False,,
QI0003471,PO0003622,V0048,2026-02-12,0.0071,False,,
QI0003472,PO0004315,V0056,2024-05-30,0.0247,False,,
QI0003473,PO0002711,V0036,2023-11-03,0.0046,False,,
QI0003474,PO0001084,V0013,2024-07-30,0.0001,False,,
QI0003475,PO0004272,V0056,2022-02-23,0.0117,False,,
QI0003476,PO0005494,V0067,2025-08-14,0.0055,False,,
QI0003477,PO0003834,V0053,2022-12-24,0.0032,False,,
QI0003478,PO0001885,V0023,2025-07-04,0.0137,False,,
QI0003479,PO0004333,V0056,2025-07-07,0.0045,False,,
QI0003480,PO0000390,V0005,2024-07-14,0.1406,True,Contamination,42.0
QI0003481,PO0002495,V0033,2025-04-10,0.0853,True,Dimensional deviation,12.0
QI0003482,PO0004090,V0054,2024-10-29,0.0019,False,,
QI0003483,PO0003037,V0041,2025-07-10,0.039,False,,
QI0003484,PO0004222,V0055,2024-01-07,0.0339,False,,
QI0003485,PO0000846,V0011,2024-03-17,0.0741,True,Labeling/documentation error,2.0
QI0003486,PO0000543,V0006,2025-06-23,0.0437,True,Contamination,11.0
QI0003487,PO0000092,V0003,2022-03-14,0.0043,False,,
QI0003488,PO0005515,V0068,2022-04-06,0.0793,True,Packaging damage,12.0
QI0003489,PO0003652,V0049,2024-08-19,0.0072,False,,
QI0003490,PO0001980,V0026,2022-11-11,0.0024,False,,
QI0003491,PO0003245,V0045,2022-03-28,0.0204,False,,
QI0003492,PO0003679,V0050,2022-07-31,0.0189,False,,
QI0003493,PO0003151,V0042,2025-03-16,0.0068,False,,
QI0003494,PO0004710,V0059,2025-01-03,0.0686,False,,
QI0003495,PO0003804,V0052,2024-08-11,0.0114,False,,
QI0003496,PO0005168,V0065,2025-02-01,0.0038,False,,
QI0003497,PO0002965,V0041,2022-12-26,0.019,False,,
QI0003498,PO0003464,V0047,2022-11-15,0.0145,False,,
QI0003499,PO0002530,V0034,2022-12-04,0.0015,False,,
QI0003500,PO0005001,V0064,2026-04-24,0.0302,False,,
QI0003501,PO0001677,V0022,2023-11-24,0.0312,False,,
QI0003502,PO0001049,V0013,2022-12-04,0.001,False,,
QI0003503,PO0002950,V0041,2022-05-17,0.0199,False,,
QI0003504,PO0001961,V0025,2025-07-16,0.0244,False,,
QI0003505,PO0002531,V0034,2022-11-22,0.0049,False,,
QI0003506,PO0004236,V0055,2024-07-29,0.0406,False,,
QI0003507,PO0004546,V0058,2025-08-21,0.0199,False,,
QI0003508,PO0000238,V0004,2024-08-11,0.0175,False,,
QI0003509,PO0005476,V0067,2024-03-29,0.0094,False,,
QI0003510,PO0005479,V0067,2024-07-14,0.0048,False,,
QI0003511,PO0001134,V0013,2026-07-27,0.0048,False,,
QI0003512,PO0002881,V0038,2024-12-26,0.0476,False,,
QI0003513,PO0001806,V0022,2026-02-03,0.0204,False,,
QI0003514,PO0004767,V0059,2026-06-17,0.0886,True,Packaging damage,20.0
QI0003515,PO0000164,V0003,2025-03-09,0.0111,False,,
QI0003516,PO0004349,V0056,2026-08-03,0.0146,False,,
QI0003517,PO0005485,V0067,2025-04-16,0.0016,False,,
QI0003518,PO0005430,V0066,2025-12-10,0.0152,False,,
QI0003519,PO0004252,V0055,2025-08-06,0.0524,False,,
QI0003520,PO0004321,V0056,2024-11-12,0.0162,False,,
QI0003521,PO0004153,V0054,2026-02-21,0.0035,False,,
QI0003522,PO0000266,V0004,2026-07-27,0.0165,False,,
QI0003523,PO0002002,V0026,2025-02-15,0.0008,False,,
QI0003524,PO0001812,V0022,2026-03-08,0.0279,False,,
QI0003525,PO0003278,V0045,2023-02-14,0.0005,False,,
QI0003526,PO0002979,V0041,2023-08-23,0.0382,True,Packaging damage,22.0
QI0003527,PO0004082,V0054,2024-09-12,0.001,False,,
QI0003528,PO0002907,V0039,2024-01-22,0.0642,False,,
QI0003529,PO0004263,V0055,2026-02-13,0.0566,False,,
QI0003530,PO0001429,V0017,2026-05-22,0.0424,True,Labeling/documentation error,3.0
QI0003531,PO0000399,V0005,2024-09-19,0.0454,False,,
QI0003532,PO0003892,V0053,2024-11-23,0.0028,False,,
QI0003533,PO0000948,V0012,2023-12-07,0.0029,False,,
QI0003534,PO0003079,V0042,2022-06-12,0.0168,False,,
QI0003535,PO0003139,V0042,2024-11-07,0.0,False,,
QI0003536,PO0005142,V0065,2024-10-26,0.0022,False,,
QI0003537,PO0004733,V0059,2025-08-10,0.0,False,,
QI0003538,PO0005358,V0066,2024-04-14,0.0088,False,,
QI0003539,PO0004951,V0064,2023-10-22,0.0537,False,,
QI0003540,PO0003230,V0044,2025-08-13,0.0119,False,,
QI0003541,PO0003692,V0050,2023-09-01,0.0176,False,,
QI0003542,PO0001453,V0019,2023-08-09,0.0025,False,,
QI0003543,PO0000594,V0007,2025-01-30,0.009,False,,
QI0003544,PO0002726,V0036,2024-06-19,0.0102,False,,
QI0003545,PO0000042,V0001,2026-09-03,0.0025,False,,
QI0003546,PO0000561,V0007,2022-05-19,0.0285,False,,
QI0003547,PO0004645,V0059,2023-08-26,0.0,False,,
QI0003548,PO0003842,V0053,2023-03-12,0.0013,False,,
QI0003549,PO0004501,V0058,2024-10-07,0.0086,False,,
QI0003550,PO0000244,V0004,2024-12-31,0.0117,False,,
QI0003551,PO0003173,V0042,2025-09-29,0.0111,False,,
QI0003552,PO0001340,V0015,2026-02-26,0.0811,True,Contamination,12.0
QI0003553,PO0003640,V0049,2022-12-23,0.014,False,,
QI0003554,PO0003875,V0053,2024-01-14,0.0028,False,,
QI0003555,PO0000406,V0005,2024-11-07,0.0438,False,,
QI0003556,PO0001443,V0018,2025-02-25,0.0224,False,,
QI0003557,PO0000262,V0004,2026-04-18,0.025,False,,
QI0003558,PO0003619,V0048,2026-03-03,0.0038,False,,
QI0003559,PO0003538,V0048,2022-09-23,0.0036,False,,
QI0003560,PO0005257,V0066,2022-05-06,0.0209,False,,
QI0003561,PO0001690,V0022,2024-01-24,0.0144,False,,
QI0003562,PO0003479,V0047,2023-11-29,0.0228,False,,
QI0003563,PO0001726,V0022,2024-10-16,0.0208,False,,
QI0003564,PO0001204,V0015,2022-12-27,0.0789,True,Dimensional deviation,20.0
QI0003565,PO0000835,V0011,2023-09-08,0.0194,False,,
QI0003566,PO0001867,V0023,2024-06-08,0.009,False,,
QI0003567,PO0002497,V0033,2025-05-10,0.0705,True,Cosmetic defect,6.0
QI0003568,PO0003017,V0041,2024-12-25,0.0205,False,,
QI0003569,PO0004334,V0056,2025-08-05,0.0,False,,
QI0003570,PO0002011,V0026,2026-02-23,0.0023,False,,
QI0003571,PO0003801,V0052,2023-11-09,0.0084,False,,
QI0003572,PO0000341,V0005,2023-05-21,0.1257,True,Dimensional deviation,29.0
QI0003573,PO0003920,V0053,2025-09-06,0.0049,False,,
QI0003574,PO0001602,V0022,2022-06-14,0.006,False,,
QI0003575,PO0002797,V0037,2022-08-17,0.0061,False,,
QI0003576,PO0003941,V0053,2026-05-20,0.0018,False,,
QI0003577,PO0005414,V0066,2025-07-18,0.0233,False,,
QI0003578,PO0000481,V0005,2026-07-26,0.0163,False,,
QI0003579,PO0003698,V0050,2024-01-06,0.0147,False,,
QI0003580,PO0002786,V0036,2026-07-09,0.0065,False,,
QI0003581,PO0001524,V0021,2023-06-26,0.0024,False,,
QI0003582,PO0004291,V0056,2023-04-17,0.0014,False,,
QI0003583,PO0005118,V0065,2024-04-11,0.0009,False,,
QI0003584,PO0005345,V0066,2023-11-10,0.0095,False,,
QI0003585,PO0004329,V0056,2025-03-31,0.0302,False,,
QI0003586,PO0000800,V0010,2026-06-27,0.0768,True,Cosmetic defect,7.0
QI0003587,PO0001767,V0022,2025-06-11,0.0098,False,,
QI0003588,PO0005157,V0065,2024-12-17,0.0056,False,,
QI0003589,PO0003026,V0041,2025-05-26,0.0392,True,Contamination,8.0
QI0003590,PO0002454,V0033,2023-07-31,0.0587,False,,
QI0003591,PO0003766,V0051,2023-09-28,0.0008,False,,
QI0003592,PO0004557,V0058,2025-10-25,0.0589,False,,
QI0003593,PO0004669,V0059,2024-01-19,0.1064,True,Labeling/documentation error,38.0
QI0003594,PO0005395,V0066,2025-02-03,0.0222,False,,
QI0003595,PO0000364,V0005,2023-10-17,0.0,False,,
QI0003596,PO0001272,V0015,2024-09-16,0.0628,True,Functional failure,7.0
QI0003597,PO0004038,V0054,2023-08-28,0.0031,False,,
QI0003598,PO0005187,V0065,2025-05-29,0.0009,False,,
QI0003599,PO0004057,V0054,2024-03-26,0.0044,False,,
QI0003600,PO0005407,V0066,2025-05-15,0.0396,False,,
QI0003601,PO0004766,V0059,2026-06-05,0.0644,True,Cosmetic defect,7.0
QI0003602,PO0000348,V0005,2023-06-26,0.1174,True,Labeling/documentation error,21.0
QI0003603,PO0004130,V0054,2025-08-29,0.0043,False,,
QI0003604,PO0004597,V0059,2022-05-27,0.0436,False,,
QI0003605,PO0005324,V0066,2023-07-04,0.0256,False,,
QI0003606,PO0002563,V0035,2022-03-21,0.0066,False,,
QI0003607,PO0003028,V0041,2025-05-17,0.0362,False,,
QI0003608,PO0005285,V0066,2022-11-20,0.0073,False,,
QI0003609,PO0001424,V0017,2025-07-12,0.0349,False,,
QI0003610,PO0000657,V0009,2022-08-04,0.0547,True,Dimensional deviation,4.0
QI0003611,PO0003084,V0042,2022-09-11,0.0121,False,,
QI0003612,PO0005310,V0066,2023-04-04,0.0283,False,,
QI0003613,PO0002103,V0028,2023-03-12,0.0054,False,,
QI0003614,PO0000633,V0008,2024-12-05,0.1214,True,Contamination,23.0
QI0003615,PO0003790,V0051,2025-11-03,0.0023,False,,
QI0003616,PO0002494,V0033,2025-04-14,0.0173,False,,
QI0003617,PO0002666,V0036,2022-05-01,0.0096,False,,
QI0003618,PO0005004,V0064,2026-07-06,0.0101,False,,
QI0003619,PO0004541,V0058,2025-05-23,0.0,False,,
QI0003620,PO0004530,V0058,2025-05-06,0.0751,True,Labeling/documentation error,32.0
QI0003621,PO0005523,V0068,2022-07-07,0.0809,True,Labeling/documentation error,7.0
QI0003622,PO0004061,V0054,2024-04-04,0.0034,False,,
QI0003623,PO0003549,V0048,2023-04-28,0.0034,False,,
QI0003624,PO0004415,V0058,2023-03-05,0.0,False,,
QI0003625,PO0002501,V0033,2025-05-31,0.0507,True,Dimensional deviation,21.0
QI0003626,PO0003620,V0048,2026-02-03,0.0026,False,,
QI0003627,PO0001466,V0019,2026-03-20,0.0041,False,,
QI0003628,PO0005159,V0065,2024-12-24,0.0036,False,,
QI0003629,PO0005758,V0070,2025-09-14,0.043,False,,
QI0003630,PO0000116,V0003,2023-04-06,0.0025,False,,
QI0003631,PO0001822,V0022,2026-05-23,0.0039,False,,
QI0003632,PO0001495,V0020,2024-07-22,0.1261,True,Packaging damage,38.0
QI0003633,PO0002402,V0032,2025-07-13,0.0022,False,,
QI0003634,PO0001233,V0015,2023-10-14,0.0379,True,Contamination,54.0
QI0003635,PO0002662,V0036,2022-02-24,0.007,False,,
QI0003636,PO0002818,V0037,2023-12-11,0.0307,False,,
QI0003637,PO0004437,V0058,2023-07-06,0.0521,True,Functional failure,12.0
QI0003638,PO0005267,V0066,2022-06-26,0.0195,False,,
QI0003639,PO0001154,V0014,2024-10-20,0.0275,False,,
QI0003640,PO0004578,V0058,2026-04-03,0.021,False,,
QI0003641,PO0005123,V0065,2024-05-21,0.0,False,,
QI0003642,PO0000058,V0002,2023-04-28,0.0036,False,,
QI0003643,PO0004292,V0056,2023-05-19,0.0165,False,,
QI0003644,PO0003062,V0041,2026-06-19,0.023,False,,
QI0003645,PO0005388,V0066,2024-11-09,0.03,False,,
QI0003646,PO0005703,V0068,2026-08-12,0.1157,True,Functional failure,12.0
QI0003647,PO0001736,V0022,2024-12-03,0.0116,False,,
QI0003648,PO0005193,V0065,2025-06-02,0.0003,False,,
QI0003649,PO0002824,V0037,2024-03-20,0.0184,False,,
QI0003650,PO0002197,V0028,2024-10-06,0.0098,False,,
QI0003651,PO0000160,V0003,2025-01-02,0.0322,False,,
QI0003652,PO0004587,V0058,2026-08-17,0.0395,False,,
QI0003653,PO0002476,V0033,2024-06-20,0.0497,False,,
QI0003654,PO0002565,V0035,2022-05-18,0.0043,False,,
QI0003655,PO0005027,V0065,2022-09-16,0.0059,False,,
QI0003656,PO0003873,V0053,2024-01-10,0.0066,False,,
QI0003657,PO0002609,V0035,2024-04-21,0.0018,False,,
QI0003658,PO0004455,V0058,2023-12-09,0.0225,False,,
QI0003659,PO0000708,V0009,2025-05-19,0.0666,False,,
QI0003660,PO0003047,V0041,2025-10-08,0.0274,False,,
QI0003661,PO0004921,V0064,2022-06-06,0.04,False,,
QI0003662,PO0001094,V0013,2025-02-03,0.0011,False,,
QI0003663,PO0004396,V0058,2022-09-27,0.0464,False,,
QI0003664,PO0001377,V0016,2024-04-04,0.0099,False,,
QI0003665,PO0005666,V0068,2025-08-13,0.16,True,Dimensional deviation,63.0
QI0003666,PO0000073,V0002,2024-09-09,0.0,False,,
QI0003667,PO0001923,V0024,2025-03-14,0.014,False,,
QI0003668,PO0005398,V0066,2025-02-10,0.0165,False,,
QI0003669,PO0001765,V0022,2025-05-07,0.0339,False,,
QI0003670,PO0000744,V0010,2022-12-16,0.0347,True,Dimensional deviation,23.0
QI0003671,PO0005234,V0065,2026-06-16,0.0038,False,,
QI0003672,PO0001006,V0012,2026-03-01,0.0027,False,,
QI0003673,PO0002669,V0036,2022-05-21,0.0061,False,,
QI0003674,PO0001191,V0015,2022-09-05,0.0339,False,,
QI0003675,PO0005363,V0066,2024-05-01,0.0038,False,,
QI0003676,PO0002602,V0035,2024-01-09,0.0027,False,,
QI0003677,PO0001126,V0013,2026-03-23,0.002,False,,
QI0003678,PO0001242,V0015,2024-02-02,0.0824,True,Functional failure,15.0
QI0003679,PO0003733,V0050,2025-07-17,0.0188,False,,
QI0003680,PO0005166,V0065,2025-01-23,0.0065,False,,
QI0003681,PO0004754,V0059,2025-12-28,0.0637,False,,
QI0003682,PO0005434,V0066,2026-01-07,0.0257,False,,
QI0003683,PO0003352,V0045,2026-02-16,0.0204,False,,
QI0003684,PO0000999,V0012,2025-09-14,0.0009,False,,
QI0003685,PO0004285,V0056,2023-01-25,0.0,False,,
QI0003686,PO0003879,V0053,2024-04-26,0.0038,False,,
QI0003687,PO0002685,V0036,2022-11-19,0.0102,False,,
QI0003688,PO0004995,V0064,2026-02-25,0.0,False,,
QI0003689,PO0001578,V0022,2022-02-20,0.013,False,,
QI0003690,PO0003669,V0050,2022-02-07,0.021,False,,
QI0003691,PO0005521,V0068,2022-06-27,0.0554,False,,
QI0003692,PO0001827,V0022,2026-06-25,0.0091,False,,
QI0003693,PO0001344,V0015,2026-05-09,0.0687,True,Labeling/documentation error,10.0
QI0003694,PO0005752,V0070,2024-11-07,0.0112,False,,
QI0003695,PO0004441,V0058,2023-07-24,0.0426,False,,
QI0003696,PO0004760,V0059,2026-03-18,0.1302,True,Packaging damage,24.0
QI0003697,PO0000441,V0005,2025-09-05,0.0368,False,,
QI0003698,PO0005709,V0069,2023-02-14,0.0219,False,,
QI0003699,PO0001101,V0013,2025-05-15,0.0027,False,,
QI0003700,PO0002638,V0035,2025-05-04,0.0067,False,,
QI0003701,PO0004013,V0054,2023-02-25,0.0021,False,,
QI0003702,PO0000650,V0009,2022-04-08,0.0285,False,,
QI0003703,PO0001547,V0021,2025-01-27,0.0264,False,,
QI0003704,PO0003232,V0044,2025-11-09,0.0066,False,,
QI0003705,PO0004314,V0056,2024-05-03,0.026,False,,
QI0003706,PO0004378,V0058,2022-05-19,0.0662,False,,
QI0003707,PO0004395,V0058,2022-09-23,0.0399,False,,
QI0003708,PO0002853,V0037,2025-10-12,0.018,False,,
QI0003709,PO0003504,V0047,2025-10-07,0.0181,False,,
QI0003710,PO0005000,V0064,2026-04-07,0.0564,True,Cosmetic defect,14.0
QI0003711,PO0004508,V0058,2024-11-25,0.0361,False,,
QI0003712,PO0000631,V0008,2024-07-31,0.1226,True,Labeling/documentation error,2.0
QI0003713,PO0000673,V0009,2023-04-13,0.0369,False,,
QI0003714,PO0001250,V0015,2024-04-12,0.0628,True,Packaging damage,28.0
QI0003715,PO0005409,V0066,2025-06-09,0.0216,False,,
QI0003716,PO0000483,V0005,2026-07-28,0.0264,False,,
QI0003717,PO0001585,V0022,2022-03-26,0.0188,False,,
QI0003718,PO0004033,V0054,2023-07-20,0.0046,False,,
QI0003719,PO0005328,V0066,2023-08-27,0.0091,False,,
QI0003720,PO0005393,V0066,2025-01-05,0.0264,False,,
QI0003721,PO0001463,V0019,2025-06-05,0.0017,False,,
QI0003722,PO0003041,V0041,2025-07-30,0.0248,False,,
QI0003723,PO0004624,V0059,2023-02-21,0.0269,False,,
QI0003724,PO0004491,V0058,2024-09-10,0.0473,False,,
QI0003725,PO0005741,V0070,2023-02-02,0.0145,False,,
QI0003726,PO0003274,V0045,2022-12-24,0.0459,False,,
QI0003727,PO0003239,V0044,2026-04-09,0.0097,False,,
QI0003728,PO0003132,V0042,2024-08-06,0.0151,False,,
QI0003729,PO0003684,V0050,2022-12-03,0.0147,False,,
QI0003730,PO0002579,V0035,2022-11-30,0.0034,False,,
QI0003731,PO0004547,V0058,2025-08-05,0.0337,False,,
QI0003732,PO0000050,V0002,2022-10-18,0.0121,False,,
QI0003733,PO0004931,V0064,2022-11-04,0.038,True,Contamination,8.0
QI0003734,PO0004011,V0054,2023-02-15,0.0022,False,,
QI0003735,PO0000859,V0011,2024-09-20,0.0396,False,,
QI0003736,PO0003226,V0044,2025-03-11,0.0165,False,,
QI0003737,PO0001073,V0013,2024-01-12,0.0037,False,,
QI0003738,PO0000720,V0009,2025-12-14,0.0,False,,
QI0003739,PO0002200,V0028,2024-10-20,0.018,False,,
QI0003740,PO0002632,V0035,2025-02-18,0.0041,False,,
QI0003741,PO0005663,V0068,2025-08-27,0.0737,True,Contamination,20.0
QI0003742,PO0001661,V0022,2023-08-12,0.0099,False,,
QI0003743,PO0001657,V0022,2023-07-19,0.0201,False,,
QI0003744,PO0002426,V0033,2022-08-22,0.0104,False,,
QI0003745,PO0004370,V0057,2026-04-22,0.0709,True,Contamination,10.0
QI0003746,PO0004861,V0062,2023-11-17,0.0036,False,,
QI0003747,PO0005734,V0070,2022-03-22,0.0364,False,,
QI0003748,PO0004825,V0061,2024-11-29,0.0071,False,,
QI0003749,PO0003098,V0042,2023-01-25,0.0163,False,,
