vendor_id,quarter,category,country,region,tier,annual_spend_usd,single_source_flag,concentration_risk_flag,on_time_delivery_rate,avg_defect_rate,avg_cost_variance_pct,delay_days_std,disruption_severity_score,credit_health_score,otd_risk,quality_risk,cost_risk,leadtime_risk,disruption_risk,financial_risk,composite_risk_score,risk_tier,high_risk_next_quarter
V0001,2022Q2,PCB / PCBA,South Korea,APAC,Tier 3,247500.0,False,False,0.0,0.0,0.01,0.0,0.0,81.3,100.0,5.49,3.32,0.0,0.0,1.98,26.79,Low,1.0
V0001,2022Q3,PCB / PCBA,South Korea,APAC,Tier 3,247500.0,False,False,0.5,0.0,-0.01,6.4,0.0,81.4,50.0,0.0,6.93,31.3,0.0,1.79,18.41,Low,0.0
V0001,2023Q1,PCB / PCBA,South Korea,APAC,Tier 3,247500.0,False,False,1.0,0.0,-0.01,0.96,0.0,81.3,0.0,4.48,4.75,4.68,0.0,1.98,2.51,Low,0.0
V0001,2023Q2,PCB / PCBA,South Korea,APAC,Tier 3,247500.0,False,False,1.0,0.0,0.0,0.41,0.0,81.2,0.0,4.37,0.82,2.0,0.0,2.18,1.51,Low,0.0
V0001,2023Q3,PCB / PCBA,South Korea,APAC,Tier 3,247500.0,False,False,1.0,0.0,0.01,0.5,0.0,81.1,0.0,3.3,3.97,2.45,0.0,2.38,1.86,Low,1.0
V0001,2023Q4,PCB / PCBA,South Korea,APAC,Tier 3,247500.0,False,False,0.5,0.0,-0.0,9.19,0.0,81.0,50.0,5.15,2.34,44.98,0.0,2.58,20.89,Low,0.0
V0001,2024Q1,PCB / PCBA,South Korea,APAC,Tier 3,247500.0,False,False,1.0,0.0,0.01,0.0,0.0,80.6,0.0,0.0,3.85,0.0,0.0,3.37,0.92,Low,0.0
V0001,2024Q2,PCB / PCBA,South Korea,APAC,Tier 3,247500.0,False,False,0.75,0.0,-0.01,3.37,0.0,80.3,25.0,2.77,7.6,16.47,0.0,3.97,10.81,Low,0.0
V0001,2024Q3,PCB / PCBA,South Korea,APAC,Tier 3,247500.0,False,False,1.0,0.01,-0.01,0.71,0.0,80.5,0.0,5.94,7.77,3.46,0.0,3.57,3.23,Low,0.0
V0001,2025Q1,PCB / PCBA,South Korea,APAC,Tier 3,247500.0,False,False,1.0,0.0,-0.02,0.0,0.0,80.2,0.0,0.0,10.34,0.0,0.0,4.17,1.97,Low,0.0
V0001,2025Q2,PCB / PCBA,South Korea,APAC,Tier 3,247500.0,False,False,1.0,0.0,-0.03,1.15,0.0,79.5,0.0,4.07,17.11,5.65,0.0,5.56,4.78,Low,0.0
V0001,2025Q3,PCB / PCBA,South Korea,APAC,Tier 3,247500.0,False,False,1.0,0.0,-0.01,0.0,0.0,79.9,0.0,0.0,4.32,0.0,0.0,4.76,1.12,Low,1.0
V0001,2025Q4,PCB / PCBA,South Korea,APAC,Tier 3,247500.0,False,False,0.0,0.01,0.03,0.0,0.0,79.8,100.0,6.05,15.08,0.0,0.0,4.96,28.97,Low,0.0
V0001,2026Q1,PCB / PCBA,South Korea,APAC,Tier 3,247500.0,False,False,1.0,0.0,-0.03,0.0,0.0,80.0,0.0,0.0,15.13,0.0,0.0,4.56,2.73,Low,0.0
V0001,2026Q2,PCB / PCBA,South Korea,APAC,Tier 3,247500.0,False,False,1.0,0.0,-0.01,1.15,0.0,80.5,0.0,3.81,4.31,5.65,0.0,3.57,2.61,Low,
V0002,2022Q2,Displays,Mexico,AMER,Tier 3,27800.0,False,False,1.0,0.02,0.06,0.0,0.0,72.5,0.0,19.04,35.01,0.0,0.0,19.44,11.0,Low,0.0
V0002,2022Q3,Displays,Mexico,AMER,Tier 3,27800.0,False,False,1.0,0.01,-0.03,0.5,0.0,72.3,0.0,11.27,15.67,2.45,0.0,19.84,6.96,Low,0.0
V0002,2022Q4,Displays,Mexico,AMER,Tier 3,27800.0,False,False,1.0,0.01,0.01,1.0,0.0,71.8,0.0,11.98,2.94,4.89,0.0,20.83,5.66,Low,0.0
V0002,2023Q1,Displays,Mexico,AMER,Tier 3,27800.0,False,False,1.0,0.0,0.0,1.15,0.0,71.4,0.0,0.0,2.4,5.65,0.0,21.63,3.37,Low,0.0
V0002,2023Q2,Displays,Mexico,AMER,Tier 3,27800.0,False,False,1.0,0.01,0.0,0.58,0.0,71.5,0.0,7.73,2.31,2.82,0.0,21.43,4.46,Low,0.0
V0002,2023Q3,Displays,Mexico,AMER,Tier 3,27800.0,False,False,1.0,0.01,0.02,0.58,0.0,71.8,0.0,10.75,10.36,2.82,0.0,20.83,6.21,Low,0.0
V0002,2023Q4,Displays,Mexico,AMER,Tier 3,27800.0,False,False,1.0,0.0,-0.02,0.0,0.0,71.7,0.0,3.75,9.33,0.0,0.0,21.03,4.25,Low,0.0
V0002,2024Q1,Displays,Mexico,AMER,Tier 3,27800.0,False,False,1.0,0.01,0.02,0.0,0.0,71.8,0.0,11.42,13.31,0.0,0.0,20.83,6.36,Low,0.0
V0002,2024Q2,Displays,Mexico,AMER,Tier 3,27800.0,False,False,1.0,0.01,0.07,0.58,0.0,72.0,0.0,15.15,35.85,2.82,0.0,20.44,10.88,Low,1.0
V0002,2024Q3,Displays,Mexico,AMER,Tier 3,27800.0,False,False,0.67,0.01,-0.02,9.81,0.0,72.4,33.33,7.13,12.49,48.02,0.0,19.64,20.8,Low,0.0
V0002,2024Q4,Displays,Mexico,AMER,Tier 3,27800.0,False,False,1.0,0.01,-0.01,0.0,0.0,72.7,0.0,9.01,3.13,0.0,0.0,19.05,4.18,Low,0.0
V0002,2025Q1,Displays,Mexico,AMER,Tier 3,27800.0,False,False,1.0,0.02,-0.08,0.0,0.0,72.1,0.0,17.02,45.0,0.0,0.0,20.24,12.18,Low,0.0
V0002,2025Q2,Displays,Mexico,AMER,Tier 3,27800.0,False,False,1.0,0.01,-0.04,0.0,0.0,72.1,0.0,7.33,22.23,0.0,0.0,20.24,6.83,Low,1.0
V0002,2025Q3,Displays,Mexico,AMER,Tier 3,27800.0,False,False,0.67,0.01,-0.03,15.01,0.0,72.2,33.33,7.84,17.44,73.45,0.0,20.04,25.54,Low,1.0
V0002,2025Q4,Displays,Mexico,AMER,Tier 3,27800.0,False,False,0.67,0.01,0.02,4.04,0.0,72.2,33.33,9.52,10.13,19.77,0.0,20.04,16.73,Low,0.0
V0002,2026Q2,Displays,Mexico,AMER,Tier 3,27800.0,False,False,1.0,0.0,-0.04,0.0,0.0,72.7,0.0,3.7,19.97,0.0,0.0,19.05,5.64,Low,
V0003,2022Q1,PCB / PCBA,China,APAC,Tier 2,1239600.0,False,False,1.0,0.01,-0.06,0.58,0.0,62.3,0.0,16.35,31.46,2.82,0.0,39.68,12.38,Low,0.0
V0003,2022Q2,PCB / PCBA,China,APAC,Tier 2,1239600.0,False,False,0.8,0.03,0.02,6.71,0.0,62.4,20.0,34.97,9.93,32.82,0.0,39.48,22.35,Low,1.0
V0003,2022Q3,PCB / PCBA,China,APAC,Tier 2,1239600.0,False,False,0.5,0.01,0.02,8.54,0.0,62.3,50.0,10.56,10.84,41.8,0.0,39.68,26.48,Low,0.0
V0003,2022Q4,PCB / PCBA,China,APAC,Tier 2,1239600.0,False,False,0.9,0.03,0.01,4.03,0.0,62.1,10.0,28.33,2.8,19.73,0.0,40.08,15.55,Low,0.0
V0003,2023Q1,PCB / PCBA,China,APAC,Tier 2,1239600.0,False,False,0.8,0.01,-0.03,7.31,0.0,62.0,20.0,8.21,17.69,35.79,0.0,40.28,18.69,Low,0.0
V0003,2023Q2,PCB / PCBA,China,APAC,Tier 2,1239600.0,False,False,0.88,0.02,0.05,7.07,0.0,62.6,12.5,17.34,27.23,34.6,0.0,39.09,19.78,Low,0.0
V0003,2023Q3,PCB / PCBA,China,APAC,Tier 2,1239600.0,False,False,1.0,0.03,0.05,0.82,0.0,62.6,0.0,30.57,26.4,3.99,0.0,39.09,14.58,Low,0.0
V0003,2023Q4,PCB / PCBA,China,APAC,Tier 2,1239600.0,False,False,1.0,0.02,-0.06,0.0,0.0,62.4,0.0,20.27,30.31,0.0,0.0,39.48,12.55,Low,0.0
V0003,2024Q1,PCB / PCBA,China,APAC,Tier 2,1239600.0,False,False,0.75,0.02,-0.01,11.88,0.0,62.1,25.0,17.25,6.7,58.11,0.0,40.08,23.43,Low,1.0
V0003,2024Q2,PCB / PCBA,China,APAC,Tier 2,1239600.0,False,False,0.5,0.03,-0.03,12.39,0.0,61.2,50.0,29.64,17.06,60.61,0.0,41.87,34.27,Moderate,0.0
V0003,2024Q3,PCB / PCBA,China,APAC,Tier 2,1239600.0,False,False,0.75,0.02,-0.02,17.28,0.0,61.7,25.0,17.18,10.23,84.54,0.0,40.87,27.99,Low,1.0
V0003,2024Q4,PCB / PCBA,China,APAC,Tier 2,1239600.0,False,False,0.67,0.02,-0.04,1.53,0.0,61.9,33.33,19.26,19.29,7.47,0.0,40.48,20.25,Low,1.0
V0003,2025Q1,PCB / PCBA,China,APAC,Tier 2,1239600.0,False,False,1.0,0.03,-0.01,0.0,0.0,62.1,0.0,30.8,6.87,0.0,0.0,40.08,11.2,Low,1.0
V0003,2025Q2,PCB / PCBA,China,APAC,Tier 2,1239600.0,False,False,0.33,0.03,-0.06,0.58,0.0,62.2,66.67,34.94,35.0,2.82,0.0,39.88,33.32,Moderate,1.0
V0003,2025Q3,PCB / PCBA,China,APAC,Tier 2,1239600.0,False,False,0.56,0.02,-0.0,4.59,0.0,61.3,44.44,17.18,2.62,22.44,0.0,41.67,22.47,Low,1.0
V0003,2025Q4,PCB / PCBA,China,APAC,Tier 2,1239600.0,False,False,0.12,0.03,0.0,6.11,0.0,61.2,87.5,29.91,0.51,29.9,0.0,41.87,36.61,Moderate,1.0
V0003,2026Q1,PCB / PCBA,China,APAC,Tier 2,1239600.0,False,False,0.55,0.02,-0.0,10.94,0.0,61.6,45.45,19.09,1.95,53.52,0.0,41.07,27.61,Low,0.0
V0003,2026Q2,PCB / PCBA,China,APAC,Tier 2,1239600.0,False,False,1.0,0.02,-0.05,0.0,0.0,61.2,0.0,19.6,28.89,0.0,0.0,41.87,12.44,Low,
V0004,2022Q2,Semiconductors,Taiwan,APAC,Tier 2,1129700.0,True,False,0.67,0.02,-0.08,15.89,0.0,59.7,33.33,24.37,44.77,77.72,0.0,44.84,36.07,Moderate,1.0
V0004,2022Q3,Semiconductors,Taiwan,APAC,Tier 2,1129700.0,True,False,0.0,0.0,0.23,25.46,0.0,59.2,100.0,0.0,100.0,100.0,0.0,45.83,59.58,High,1.0
V0004,2022Q4,Semiconductors,Taiwan,APAC,Tier 2,1129700.0,True,False,0.29,0.02,-0.13,9.3,0.0,58.5,71.43,20.12,70.89,45.52,0.0,47.22,44.06,Moderate,1.0
V0004,2023Q1,Semiconductors,Taiwan,APAC,Tier 2,1129700.0,True,False,0.33,0.04,0.17,11.24,0.0,58.3,66.67,45.46,93.95,54.99,0.0,47.62,52.86,High,0.0
V0004,2023Q2,Semiconductors,Taiwan,APAC,Tier 2,1129700.0,True,False,1.0,0.03,-0.03,0.71,0.0,59.0,0.0,32.08,18.88,3.46,0.0,46.23,14.39,Low,0.0
V0004,2023Q3,Semiconductors,Taiwan,APAC,Tier 2,1129700.0,True,False,1.0,0.01,0.04,0.71,0.0,59.0,0.0,14.33,22.24,3.46,0.0,46.23,11.34,Low,0.0
V0004,2023Q4,Semiconductors,Taiwan,APAC,Tier 2,1129700.0,True,False,0.83,0.0,0.01,10.54,0.0,59.1,16.67,4.11,4.47,51.57,0.0,46.03,18.0,Low,1.0
V0004,2024Q1,Semiconductors,Taiwan,APAC,Tier 2,1129700.0,True,False,1.0,0.03,-0.0,0.0,0.0,59.3,0.0,32.55,1.25,0.0,0.0,45.63,11.26,Low,1.0
V0004,2024Q2,Semiconductors,Taiwan,APAC,Tier 2,1129700.0,True,False,0.6,0.02,0.01,8.5,0.0,59.0,40.0,24.97,5.25,41.57,0.0,46.23,26.64,Low,0.0
V0004,2024Q3,Semiconductors,Taiwan,APAC,Tier 2,1129700.0,True,False,1.0,0.02,-0.04,0.71,0.0,58.7,0.0,19.6,24.51,3.46,0.0,46.83,12.8,Low,0.0
V0004,2024Q4,Semiconductors,Taiwan,APAC,Tier 2,1129700.0,True,False,0.83,0.01,-0.02,9.24,0.0,59.6,16.67,14.84,12.61,45.21,0.0,45.04,20.31,Low,0.0
V0004,2025Q1,Semiconductors,Taiwan,APAC,Tier 2,1129700.0,True,False,0.75,0.02,0.08,1.5,0.0,59.6,25.0,19.97,44.04,7.34,0.0,45.04,22.46,Low,0.0
V0004,2025Q2,Semiconductors,Taiwan,APAC,Tier 2,1129700.0,True,False,1.0,0.0,0.07,0.0,0.0,59.9,0.0,2.58,39.65,0.0,0.0,44.44,10.91,Low,1.0
V0004,2025Q3,Semiconductors,Taiwan,APAC,Tier 2,1129700.0,True,False,0.2,0.01,0.04,7.48,0.0,59.8,80.0,9.18,19.48,36.61,0.0,44.64,34.71,Moderate,0.0
V0004,2025Q4,Semiconductors,Taiwan,APAC,Tier 2,1129700.0,True,False,1.0,0.02,0.01,0.58,0.0,59.9,0.0,22.7,3.38,2.82,0.0,44.44,9.91,Low,0.0
V0004,2026Q1,Semiconductors,Taiwan,APAC,Tier 2,1129700.0,True,False,1.0,0.03,-0.04,0.71,0.0,59.8,0.0,30.68,23.66,3.46,0.0,44.64,14.67,Low,0.0
V0004,2026Q2,Semiconductors,Taiwan,APAC,Tier 2,1129700.0,True,False,1.0,0.03,0.01,1.0,0.0,59.9,0.0,38.8,5.24,4.89,0.0,44.44,13.72,Low,
V0005,2022Q1,Connectors,Japan,APAC,Tier 1,4216800.0,False,False,0.86,0.09,-0.15,6.18,0.0,34.1,14.29,96.6,80.91,30.22,0.0,95.63,49.12,Moderate,1.0
V0005,2022Q2,Connectors,Japan,APAC,Tier 1,4216800.0,False,False,0.47,0.07,-0.0,12.34,0.0,33.4,53.33,80.23,2.1,60.37,0.0,97.02,48.45,Moderate,1.0
V0005,2022Q3,Connectors,Japan,APAC,Tier 1,4216800.0,False,False,0.38,0.08,-0.05,20.84,0.0,33.5,61.54,89.27,28.39,100.0,0.0,96.83,62.18,High,1.0
V0005,2022Q4,Connectors,Japan,APAC,Tier 1,4216800.0,False,False,0.53,0.06,0.0,5.68,0.0,33.3,47.37,68.53,1.17,27.8,0.0,97.22,39.62,Moderate,1.0
V0005,2023Q1,Connectors,Japan,APAC,Tier 1,4216800.0,False,False,0.91,0.07,0.02,3.86,0.0,33.2,9.09,74.16,9.92,18.87,0.0,97.42,31.17,Moderate,1.0
V0005,2023Q2,Connectors,Japan,APAC,Tier 1,4216800.0,False,False,0.67,0.09,0.07,3.35,0.0,33.7,33.33,100.0,36.74,16.41,0.0,96.43,45.95,Moderate,1.0
V0005,2023Q3,Connectors,Japan,APAC,Tier 1,4216800.0,False,False,0.77,0.06,-0.06,3.54,0.0,33.7,23.08,67.41,34.18,17.32,0.0,96.43,36.62,Moderate,1.0
V0005,2023Q4,Connectors,Japan,APAC,Tier 1,4216800.0,False,False,0.5,0.08,0.03,8.23,0.0,33.6,50.0,84.23,16.89,40.28,0.0,96.63,47.58,Moderate,1.0
V0005,2024Q1,Connectors,Japan,APAC,Tier 1,4216800.0,False,False,0.38,0.06,0.04,28.99,0.0,33.5,62.5,66.38,19.35,100.0,0.0,96.83,56.49,High,1.0
V0005,2024Q2,Connectors,Japan,APAC,Tier 1,4216800.0,False,False,0.56,0.09,0.08,18.91,0.0,33.3,44.44,100.0,42.86,92.52,0.0,97.22,61.14,High,1.0
V0005,2024Q3,Connectors,Japan,APAC,Tier 1,4216800.0,False,False,0.58,0.08,0.07,13.47,2.0,32.8,41.67,90.83,35.81,65.91,100.0,98.21,68.66,High,1.0
V0005,2024Q4,Connectors,Japan,APAC,Tier 1,4216800.0,False,False,0.54,0.05,-0.01,6.89,0.0,32.6,46.15,58.55,4.52,33.69,0.0,98.61,38.84,Moderate,1.0
V0005,2025Q1,Connectors,Japan,APAC,Tier 1,4216800.0,False,False,0.45,0.06,-0.11,4.9,0.0,33.2,54.55,71.74,58.05,23.98,0.0,97.42,50.03,High,1.0
V0005,2025Q2,Connectors,Japan,APAC,Tier 1,4216800.0,False,False,0.3,0.06,-0.03,10.92,0.0,33.4,70.0,65.29,16.24,53.42,0.0,97.02,50.71,High,1.0
V0005,2025Q3,Connectors,Japan,APAC,Tier 1,4216800.0,False,False,0.36,0.07,-0.1,9.6,0.0,33.3,63.64,80.05,53.39,46.99,0.0,97.22,56.7,High,1.0
V0005,2025Q4,Connectors,Japan,APAC,Tier 1,4216800.0,False,False,0.57,0.07,-0.05,10.47,0.0,33.4,42.86,77.47,27.82,51.23,0.0,97.02,47.77,Moderate,1.0
V0005,2026Q1,Connectors,Japan,APAC,Tier 1,4216800.0,False,False,0.33,0.08,-0.07,11.12,0.0,33.6,66.67,85.64,37.71,54.42,0.0,96.63,57.28,High,1.0
V0005,2026Q2,Connectors,Japan,APAC,Tier 1,4216800.0,False,False,0.83,0.06,-0.05,2.45,0.0,33.6,16.67,66.9,28.5,11.98,0.0,96.63,33.28,Moderate,
V0006,2022Q2,Semiconductors,Czech Republic,EMEA,Tier 2,1494800.0,True,False,0.67,0.02,-0.02,2.16,0.0,62.7,33.33,26.43,12.94,10.57,0.0,38.89,21.03,Low,0.0
V0006,2022Q3,Semiconductors,Czech Republic,EMEA,Tier 2,1494800.0,True,False,1.0,0.03,-0.0,0.55,0.0,63.3,0.0,35.55,0.89,2.68,0.0,37.7,11.42,Low,0.0
V0006,2022Q4,Semiconductors,Czech Republic,EMEA,Tier 2,1494800.0,True,False,1.0,0.02,-0.02,0.0,0.0,63.4,0.0,23.55,12.98,0.0,0.0,37.5,10.41,Low,0.0
V0006,2023Q1,Semiconductors,Czech Republic,EMEA,Tier 2,1494800.0,True,False,0.8,0.01,-0.02,3.58,0.0,63.6,20.0,14.37,10.01,17.5,0.0,37.1,15.71,Low,0.0
V0006,2023Q2,Semiconductors,Czech Republic,EMEA,Tier 2,1494800.0,True,False,1.0,0.03,-0.02,0.89,0.0,63.8,0.0,28.44,10.92,4.38,0.0,36.71,11.65,Low,0.0
V0006,2023Q3,Semiconductors,Czech Republic,EMEA,Tier 2,1494800.0,True,False,1.0,0.02,0.04,0.71,0.0,63.6,0.0,19.29,20.24,3.46,0.0,37.1,11.12,Low,0.0
V0006,2023Q4,Semiconductors,Czech Republic,EMEA,Tier 2,1494800.0,True,False,1.0,0.02,0.02,0.41,0.0,63.5,0.0,18.59,8.56,2.0,0.0,37.3,9.03,Low,0.0
V0006,2024Q1,Semiconductors,Czech Republic,EMEA,Tier 2,1494800.0,True,False,1.0,0.03,0.01,1.0,0.0,63.4,0.0,36.84,3.09,4.89,0.0,37.5,12.32,Low,1.0
V0006,2024Q2,Semiconductors,Czech Republic,EMEA,Tier 2,1494800.0,True,False,0.67,0.03,-0.03,10.03,0.0,62.8,33.33,32.7,18.15,49.09,0.0,38.69,28.83,Low,1.0
V0006,2024Q3,Semiconductors,Czech Republic,EMEA,Tier 2,1494800.0,True,False,0.6,0.02,-0.04,9.21,0.0,62.4,40.0,17.38,21.3,45.06,0.0,39.48,27.38,Low,0.0
V0006,2024Q4,Semiconductors,Czech Republic,EMEA,Tier 2,1494800.0,True,False,1.0,0.02,-0.04,0.0,0.0,62.1,0.0,26.76,22.6,0.0,0.0,40.08,12.75,Low,0.0
V0006,2025Q1,Semiconductors,Czech Republic,EMEA,Tier 2,1494800.0,True,False,1.0,0.02,-0.06,1.15,0.0,61.9,0.0,23.74,30.94,5.65,0.0,40.48,14.28,Low,1.0
V0006,2025Q2,Semiconductors,Czech Republic,EMEA,Tier 2,1494800.0,True,False,1.0,0.03,-0.05,0.0,0.0,62.3,0.0,37.35,27.85,0.0,0.0,39.68,15.61,Low,0.0
V0006,2025Q3,Semiconductors,Czech Republic,EMEA,Tier 2,1494800.0,True,False,0.8,0.02,0.0,10.88,0.0,61.7,20.0,18.56,2.72,53.22,0.0,40.87,21.19,Low,0.0
V0006,2025Q4,Semiconductors,Czech Republic,EMEA,Tier 2,1494800.0,True,False,1.0,0.02,-0.07,0.58,0.0,61.1,0.0,21.69,38.98,2.82,0.0,42.06,14.81,Low,1.0
V0006,2026Q1,Semiconductors,Czech Republic,EMEA,Tier 2,1494800.0,True,False,0.0,0.02,-0.1,27.74,0.0,61.6,100.0,21.28,55.6,100.0,0.0,41.07,56.7,High,0.0
V0006,2026Q2,Semiconductors,Czech Republic,EMEA,Tier 2,1494800.0,True,False,1.0,0.02,-0.02,0.0,0.0,61.7,0.0,22.21,10.09,0.0,0.0,40.87,10.04,Low,
V0007,2022Q1,Enclosures / Metal,Taiwan,APAC,Tier 3,271800.0,False,False,1.0,0.0,-0.08,0.0,0.0,61.9,0.0,0.0,42.85,0.0,0.0,40.48,10.48,Low,0.0
V0007,2022Q2,Enclosures / Metal,Taiwan,APAC,Tier 3,271800.0,False,False,1.0,0.02,-0.06,0.0,0.0,61.4,0.0,26.32,33.17,0.0,0.0,41.47,14.39,Low,1.0
V0007,2022Q3,Enclosures / Metal,Taiwan,APAC,Tier 3,271800.0,False,False,0.67,0.01,-0.02,3.79,0.0,61.7,33.33,6.72,12.83,18.52,0.0,40.87,18.47,Low,1.0
V0007,2022Q4,Enclosures / Metal,Taiwan,APAC,Tier 3,271800.0,False,False,1.0,0.03,-0.02,0.0,0.0,62.0,0.0,30.27,9.64,0.0,0.0,40.28,11.53,Low,0.0
V0007,2023Q1,Enclosures / Metal,Taiwan,APAC,Tier 3,271800.0,False,False,1.0,0.02,-0.07,0.0,0.0,62.4,0.0,28.0,37.35,0.0,0.0,39.48,15.15,Low,0.0
V0007,2023Q2,Enclosures / Metal,Taiwan,APAC,Tier 3,271800.0,False,False,1.0,0.03,-0.03,0.0,0.0,62.5,0.0,30.8,16.67,0.0,0.0,39.29,12.59,Low,1.0
V0007,2023Q3,Enclosures / Metal,Taiwan,APAC,Tier 3,271800.0,False,False,1.0,0.02,0.04,0.0,0.0,62.6,0.0,26.71,20.19,0.0,0.0,39.09,12.28,Low,1.0
V0007,2023Q4,Enclosures / Metal,Taiwan,APAC,Tier 3,271800.0,False,False,0.0,0.0,-0.04,0.0,0.0,63.3,100.0,0.0,22.91,0.0,0.0,37.7,32.21,Moderate,0.0
V0007,2024Q1,Enclosures / Metal,Taiwan,APAC,Tier 3,271800.0,False,False,1.0,0.02,-0.01,0.0,0.0,63.0,0.0,25.26,3.61,0.0,0.0,38.29,9.42,Low,1.0
V0007,2024Q2,Enclosures / Metal,Taiwan,APAC,Tier 3,271800.0,False,False,0.0,0.02,-0.06,7.0,0.0,62.5,100.0,17.13,31.62,34.25,0.0,39.29,42.24,Moderate,0.0
V0007,2024Q3,Enclosures / Metal,Taiwan,APAC,Tier 3,271800.0,False,False,0.75,0.03,-0.0,8.85,0.0,62.7,25.0,32.19,1.71,43.28,0.0,38.89,23.33,Low,1.0
V0007,2024Q4,Enclosures / Metal,Taiwan,APAC,Tier 3,271800.0,False,False,0.0,0.03,0.05,0.0,0.0,62.7,100.0,37.63,26.97,0.0,0.0,38.89,40.46,Moderate,0.0
V0007,2025Q1,Enclosures / Metal,Taiwan,APAC,Tier 3,271800.0,False,False,1.0,0.02,-0.03,0.82,0.0,62.1,0.0,25.2,17.53,3.99,0.0,40.08,12.28,Low,1.0
V0007,2025Q2,Enclosures / Metal,Taiwan,APAC,Tier 3,271800.0,False,False,0.0,0.02,0.0,0.0,0.0,61.7,100.0,21.95,0.94,0.0,0.0,40.87,33.62,Moderate,1.0
V0007,2025Q3,Enclosures / Metal,Taiwan,APAC,Tier 3,271800.0,False,False,0.33,0.02,0.01,12.1,0.0,61.3,66.67,21.95,7.73,59.19,0.0,41.67,35.26,Moderate,1.0
V0007,2025Q4,Enclosures / Metal,Taiwan,APAC,Tier 3,271800.0,False,False,0.33,0.01,-0.03,6.81,0.0,61.6,66.67,14.95,16.95,33.3,0.0,41.07,31.3,Moderate,0.0
V0007,2026Q1,Enclosures / Metal,Taiwan,APAC,Tier 3,271800.0,False,False,1.0,0.01,0.09,0.0,0.0,61.8,0.0,11.31,46.93,0.0,0.0,40.67,13.37,Low,0.0
V0007,2026Q2,Enclosures / Metal,Taiwan,APAC,Tier 3,271800.0,False,False,1.0,0.03,0.01,0.71,0.0,61.9,0.0,28.56,5.66,3.46,0.0,40.48,11.13,Low,
V0008,2022Q2,Displays,China,APAC,Tier 3,377000.0,False,False,0.25,0.04,0.01,13.65,0.0,33.3,75.0,39.94,8.02,66.77,0.0,97.22,47.68,Moderate,0.0
V0008,2022Q3,Displays,China,APAC,Tier 3,377000.0,False,False,1.0,0.0,-0.08,0.0,0.0,33.5,0.0,0.0,42.46,0.0,0.0,96.83,16.05,Low,1.0
V0008,2022Q4,Displays,China,APAC,Tier 3,377000.0,False,False,1.0,0.03,0.31,0.0,0.0,33.6,0.0,36.11,100.0,0.0,0.0,96.63,31.89,Moderate,1.0
V0008,2023Q1,Displays,China,APAC,Tier 3,377000.0,False,False,0.67,0.04,0.12,13.86,1.0,34.0,33.33,45.07,64.35,67.8,50.0,95.83,54.25,High,1.0
V0008,2023Q2,Displays,China,APAC,Tier 3,377000.0,False,False,0.5,0.02,0.13,2.12,0.0,34.2,50.0,21.39,70.55,10.38,0.0,95.44,38.46,Moderate,1.0
V0008,2023Q3,Displays,China,APAC,Tier 3,377000.0,False,False,1.0,0.11,0.02,0.71,0.0,34.4,0.0,100.0,10.44,3.46,0.0,95.04,31.59,Moderate,1.0
V0008,2023Q4,Displays,China,APAC,Tier 3,377000.0,False,False,0.0,0.0,-0.21,0.0,0.0,34.5,100.0,0.0,100.0,0.0,0.0,94.84,49.48,Moderate,1.0
V0008,2024Q1,Displays,China,APAC,Tier 3,377000.0,False,False,0.0,0.1,-0.1,5.62,0.0,34.2,100.0,100.0,54.12,27.5,0.0,95.44,66.79,High,1.0
V0008,2024Q2,Displays,China,APAC,Tier 3,377000.0,False,False,0.4,0.06,-0.11,13.22,0.0,34.2,60.0,66.32,60.21,64.69,0.0,95.44,56.54,High,1.0
V0008,2024Q3,Displays,China,APAC,Tier 3,377000.0,False,False,1.0,0.12,-0.18,0.71,0.0,34.1,0.0,100.0,97.76,3.46,0.0,95.63,44.75,Moderate,1.0
V0008,2024Q4,Displays,China,APAC,Tier 3,377000.0,False,False,0.75,0.09,0.19,4.0,0.0,33.1,25.0,98.39,100.0,19.57,0.0,97.62,53.63,High,0.0
V0008,2025Q1,Displays,China,APAC,Tier 3,377000.0,False,False,1.0,0.0,-0.04,0.0,2.0,33.0,0.0,0.0,19.99,0.0,100.0,97.82,27.78,Low,1.0
V0008,2025Q2,Displays,China,APAC,Tier 3,377000.0,False,False,0.0,0.07,-0.23,0.0,0.0,32.9,100.0,76.82,100.0,0.0,0.0,98.02,65.17,High,1.0
V0008,2025Q3,Displays,China,APAC,Tier 3,377000.0,False,False,0.0,0.1,-0.06,0.0,0.0,32.6,100.0,100.0,30.77,0.0,0.0,98.61,59.48,High,0.0
V0008,2025Q4,Displays,China,APAC,Tier 3,377000.0,False,False,1.0,0.0,-0.34,0.0,0.0,32.1,0.0,0.0,100.0,0.0,0.0,99.6,24.96,Low,1.0
V0008,2026Q1,Displays,China,APAC,Tier 3,377000.0,False,False,0.5,0.06,0.06,5.66,0.0,32.1,50.0,72.34,31.4,27.68,0.0,99.6,45.79,Moderate,1.0
V0008,2026Q2,Displays,China,APAC,Tier 3,377000.0,False,False,0.2,0.08,-0.05,8.17,0.0,32.7,80.0,90.65,26.32,39.96,0.0,98.41,57.91,High,
V0009,2022Q1,Batteries,Taiwan,APAC,Tier 2,920500.0,False,False,0.67,0.03,-0.11,3.46,0.0,47.3,33.33,32.7,60.6,16.95,0.0,69.44,33.45,Moderate,1.0
V0009,2022Q2,Batteries,Taiwan,APAC,Tier 2,920500.0,False,False,1.0,0.04,-0.04,1.15,0.0,47.1,0.0,40.54,23.52,5.65,0.0,69.84,19.47,Low,1.0
V0009,2022Q3,Batteries,Taiwan,APAC,Tier 2,920500.0,False,False,0.75,0.04,0.04,5.78,1.0,47.0,25.0,47.58,24.18,28.28,50.0,70.04,38.14,Moderate,1.0
V0009,2022Q4,Batteries,Taiwan,APAC,Tier 2,920500.0,False,False,0.8,0.06,0.01,1.22,0.0,47.0,20.0,66.46,6.56,5.99,0.0,70.04,27.18,Low,1.0
V0009,2023Q1,Batteries,Taiwan,APAC,Tier 2,920500.0,False,False,0.5,0.03,0.02,10.39,0.0,47.1,50.0,35.72,11.02,50.85,0.0,69.84,35.91,Moderate,1.0
V0009,2023Q2,Batteries,Taiwan,APAC,Tier 2,920500.0,False,False,0.83,0.06,0.03,7.35,1.0,46.8,16.67,65.96,15.15,35.95,50.0,70.44,39.57,Moderate,1.0
V0009,2023Q3,Batteries,Taiwan,APAC,Tier 2,920500.0,False,False,0.0,0.01,0.23,0.0,0.0,46.8,100.0,9.41,100.0,0.0,0.0,70.44,48.92,Moderate,1.0
V0009,2023Q4,Batteries,Taiwan,APAC,Tier 2,920500.0,False,False,1.0,0.05,0.05,0.5,0.0,46.8,0.0,56.94,29.2,2.45,0.0,70.44,23.18,Low,1.0
V0009,2024Q1,Batteries,Taiwan,APAC,Tier 2,920500.0,False,False,0.43,0.04,0.02,11.89,0.0,46.1,57.14,46.97,12.06,58.2,0.0,71.83,41.4,Moderate,1.0
V0009,2024Q2,Batteries,Taiwan,APAC,Tier 2,920500.0,False,False,0.5,0.04,-0.02,9.74,0.0,46.1,50.0,47.48,10.42,47.67,0.0,71.83,37.89,Moderate,1.0
V0009,2024Q3,Batteries,Taiwan,APAC,Tier 2,920500.0,False,False,0.83,0.04,-0.03,9.91,0.0,45.8,16.67,47.28,14.57,48.48,0.0,72.42,30.32,Moderate,1.0
V0009,2024Q4,Batteries,Taiwan,APAC,Tier 2,920500.0,False,False,0.4,0.05,0.05,12.94,0.0,45.8,60.0,50.8,24.94,63.32,0.0,72.42,45.64,Moderate,1.0
V0009,2025Q1,Batteries,Taiwan,APAC,Tier 2,920500.0,False,False,0.0,0.0,-0.02,6.36,0.0,46.2,100.0,0.0,8.37,31.14,0.0,71.63,38.09,Moderate,1.0
V0009,2025Q2,Batteries,Taiwan,APAC,Tier 2,920500.0,False,False,0.6,0.03,0.09,3.58,0.0,45.5,40.0,38.38,50.95,17.5,0.0,73.02,35.25,Moderate,1.0
V0009,2025Q3,Batteries,Taiwan,APAC,Tier 2,920500.0,False,False,0.71,0.07,0.01,8.01,0.0,45.8,28.57,76.04,3.54,39.19,0.0,72.42,36.0,Moderate,1.0
V0009,2025Q4,Batteries,Taiwan,APAC,Tier 2,920500.0,False,False,0.33,0.03,0.07,5.86,0.0,45.3,66.67,39.08,39.88,28.67,0.0,73.41,42.11,Moderate,0.0
V0009,2026Q1,Batteries,Taiwan,APAC,Tier 2,920500.0,False,False,0.8,0.03,0.04,20.57,0.0,45.5,20.0,37.1,20.33,100.0,0.0,73.02,37.77,Moderate,1.0
V0009,2026Q2,Batteries,Taiwan,APAC,Tier 2,920500.0,False,False,0.67,0.03,-0.02,6.4,0.0,45.8,33.33,34.41,10.56,31.32,0.0,72.42,28.74,Low,
V0010,2022Q1,Connectors,South Korea,APAC,Tier 2,625500.0,True,False,1.0,0.08,-0.05,0.0,0.0,34.0,0.0,90.37,24.92,0.0,0.0,95.83,31.39,Moderate,1.0
V0010,2022Q2,Connectors,South Korea,APAC,Tier 2,625500.0,True,False,0.67,0.1,0.25,4.93,0.0,33.1,33.33,100.0,100.0,24.14,0.0,97.62,56.72,High,1.0
V0010,2022Q3,Connectors,South Korea,APAC,Tier 2,625500.0,True,False,0.67,0.1,-0.11,21.36,0.0,32.9,33.33,100.0,62.92,100.0,0.0,98.02,62.57,High,1.0
V0010,2022Q4,Connectors,South Korea,APAC,Tier 2,625500.0,True,False,0.8,0.06,0.02,3.03,0.0,32.9,20.0,65.57,9.13,14.84,0.0,98.02,31.51,Moderate,1.0
V0010,2023Q1,Connectors,South Korea,APAC,Tier 2,625500.0,True,False,0.67,0.06,-0.07,10.97,0.0,32.9,33.33,71.52,36.96,53.67,0.0,98.02,46.03,Moderate,1.0
V0010,2023Q2,Connectors,South Korea,APAC,Tier 2,625500.0,True,False,0.75,0.05,0.18,9.0,0.0,33.0,25.0,60.81,97.69,44.03,0.0,97.82,49.45,Moderate,1.0
V0010,2023Q3,Connectors,South Korea,APAC,Tier 2,625500.0,True,False,0.89,0.04,0.01,6.3,0.0,33.0,11.11,49.33,6.01,30.83,0.0,97.82,27.95,Low,1.0
V0010,2023Q4,Connectors,South Korea,APAC,Tier 2,625500.0,True,False,0.33,0.05,0.14,8.19,0.0,33.0,66.67,51.29,78.3,40.05,0.0,97.82,54.46,High,1.0
V0010,2024Q1,Connectors,South Korea,APAC,Tier 2,625500.0,True,False,0.67,0.12,0.29,9.87,0.0,32.5,33.33,100.0,100.0,48.27,0.0,98.81,60.45,High,1.0
V0010,2024Q2,Connectors,South Korea,APAC,Tier 2,625500.0,True,False,0.0,0.08,-0.01,11.44,0.0,32.1,100.0,85.44,5.04,55.98,0.0,99.6,61.2,High,1.0
V0010,2024Q3,Connectors,South Korea,APAC,Tier 2,625500.0,True,False,0.5,0.04,-0.14,5.85,0.0,32.0,50.0,49.94,76.6,28.63,0.0,99.8,48.25,Moderate,1.0
V0010,2024Q4,Connectors,South Korea,APAC,Tier 2,625500.0,True,False,0.33,0.06,0.14,16.26,0.0,32.4,66.67,71.84,76.34,79.55,0.0,99.01,64.32,High,0.0
V0010,2025Q1,Connectors,South Korea,APAC,Tier 2,625500.0,True,False,1.0,0.0,0.17,0.0,1.0,32.7,0.0,0.0,96.06,0.0,50.0,98.41,31.75,Moderate,1.0
V0010,2025Q2,Connectors,South Korea,APAC,Tier 2,625500.0,True,False,0.4,0.08,0.05,12.47,0.0,32.8,60.0,85.86,27.16,61.01,0.0,98.21,55.22,High,1.0
V0010,2025Q3,Connectors,South Korea,APAC,Tier 2,625500.0,True,False,0.14,0.09,0.05,9.32,0.0,32.9,85.71,100.0,24.71,45.59,0.0,98.02,61.78,High,1.0
V0010,2025Q4,Connectors,South Korea,APAC,Tier 2,625500.0,True,False,0.75,0.05,0.24,7.18,4.0,33.2,25.0,56.55,100.0,35.14,100.0,97.42,62.57,High,1.0
V0010,2026Q1,Connectors,South Korea,APAC,Tier 2,625500.0,True,False,1.0,0.09,-0.16,0.0,0.0,33.4,0.0,100.0,88.68,0.0,0.0,97.02,43.0,Moderate,1.0
V0010,2026Q2,Connectors,South Korea,APAC,Tier 2,625500.0,True,False,1.0,0.05,-0.27,0.5,0.0,33.7,0.0,56.18,100.0,2.45,0.0,96.43,36.25,Moderate,
V0011,2022Q2,Enclosures / Metal,Poland,EMEA,Tier 2,1704700.0,False,False,1.0,0.03,-0.08,0.0,0.0,48.4,0.0,34.2,43.88,0.0,0.0,67.26,20.15,Low,1.0
V0011,2022Q3,Enclosures / Metal,Poland,EMEA,Tier 2,1704700.0,False,False,0.89,0.05,0.05,1.62,0.0,48.2,11.11,55.17,26.86,7.91,0.0,67.66,25.79,Low,1.0
V0011,2022Q4,Enclosures / Metal,Poland,EMEA,Tier 2,1704700.0,False,False,0.67,0.03,-0.07,6.74,0.0,48.2,33.33,37.18,38.92,32.99,0.0,67.66,33.32,Moderate,0.0
V0011,2023Q1,Enclosures / Metal,Poland,EMEA,Tier 2,1704700.0,False,False,0.75,0.04,-0.07,9.04,0.0,48.3,25.0,44.23,41.07,44.22,0.0,67.46,34.64,Moderate,0.0
V0011,2023Q2,Enclosures / Metal,Poland,EMEA,Tier 2,1704700.0,False,False,1.0,0.0,0.04,0.0,0.0,48.4,0.0,0.0,24.14,0.0,0.0,67.26,10.35,Low,0.0
V0011,2023Q3,Enclosures / Metal,Poland,EMEA,Tier 2,1704700.0,False,False,1.0,0.02,0.1,0.0,0.0,48.5,0.0,19.15,52.4,0.0,0.0,67.06,18.4,Low,1.0
V0011,2023Q4,Enclosures / Metal,Poland,EMEA,Tier 2,1704700.0,False,False,0.29,0.04,0.03,5.88,0.0,48.6,71.43,43.15,15.87,28.79,0.0,66.87,39.87,Moderate,1.0
V0011,2024Q1,Enclosures / Metal,Poland,EMEA,Tier 2,1704700.0,False,False,0.6,0.03,0.09,12.03,0.0,48.1,40.0,36.45,47.35,58.86,0.0,67.86,40.01,Moderate,1.0
V0011,2024Q2,Enclosures / Metal,Poland,EMEA,Tier 2,1704700.0,False,False,0.83,0.05,-0.08,11.76,0.0,48.1,16.67,58.96,44.83,57.56,0.0,67.86,38.1,Moderate,1.0
V0011,2024Q3,Enclosures / Metal,Poland,EMEA,Tier 2,1704700.0,False,False,1.0,0.04,0.02,0.89,0.0,48.3,0.0,40.15,9.32,4.38,0.0,67.46,16.83,Low,1.0
V0011,2024Q4,Enclosures / Metal,Poland,EMEA,Tier 2,1704700.0,False,False,1.0,0.05,0.02,0.38,0.0,48.4,0.0,53.81,9.93,1.85,0.0,67.26,19.25,Low,1.0
V0011,2025Q1,Enclosures / Metal,Poland,EMEA,Tier 2,1704700.0,False,False,0.8,0.04,0.05,2.61,0.0,48.6,20.0,41.6,25.03,12.76,0.0,66.87,25.68,Low,1.0
V0011,2025Q2,Enclosures / Metal,Poland,EMEA,Tier 2,1704700.0,False,False,0.8,0.05,0.01,15.99,0.0,48.6,20.0,55.32,4.44,78.25,0.0,66.87,35.15,Moderate,1.0
V0011,2025Q3,Enclosures / Metal,Poland,EMEA,Tier 2,1704700.0,False,False,0.5,0.03,-0.06,11.8,0.0,48.2,50.0,38.15,33.57,57.71,0.0,67.66,40.59,Moderate,1.0
V0011,2025Q4,Enclosures / Metal,Poland,EMEA,Tier 2,1704700.0,False,False,0.71,0.04,0.07,8.54,0.0,47.9,28.57,42.07,37.3,41.8,0.0,68.25,34.25,Moderate,0.0
V0011,2026Q1,Enclosures / Metal,Poland,EMEA,Tier 2,1704700.0,False,False,0.8,0.07,-0.05,5.1,0.0,48.0,20.0,74.69,26.75,24.95,0.0,68.06,34.5,Moderate,0.0
V0011,2026Q2,Enclosures / Metal,Poland,EMEA,Tier 2,1704700.0,False,False,1.0,0.04,-0.04,1.15,0.0,48.5,0.0,40.39,21.07,5.65,0.0,67.06,18.79,Low,
V0012,2022Q1,Displays,Taiwan,APAC,Tier 2,1781000.0,True,True,1.0,0.0,-0.0,0.0,0.0,81.9,0.0,4.89,2.13,0.0,0.0,0.79,1.58,Low,1.0
V0012,2022Q2,Displays,Taiwan,APAC,Tier 2,1781000.0,True,True,0.7,0.01,0.0,10.61,0.0,81.1,30.0,5.63,2.06,51.91,0.0,2.38,19.5,Low,1.0
V0012,2022Q3,Displays,Taiwan,APAC,Tier 2,1781000.0,True,True,0.71,0.01,0.02,22.03,0.0,81.6,28.57,8.17,9.77,100.0,0.0,1.39,29.19,Low,0.0
V0012,2022Q4,Displays,Taiwan,APAC,Tier 2,1781000.0,True,True,1.0,0.0,-0.0,0.45,0.0,81.8,0.0,2.1,2.68,2.19,0.0,0.99,1.44,Low,0.0
V0012,2023Q1,Displays,Taiwan,APAC,Tier 2,1781000.0,True,True,0.86,0.0,-0.0,5.97,0.0,81.4,14.29,3.25,1.34,29.2,0.0,1.79,10.33,Low,0.0
V0012,2023Q2,Displays,Taiwan,APAC,Tier 2,1781000.0,True,True,1.0,0.0,-0.0,0.58,0.0,81.3,0.0,0.0,0.31,2.82,0.0,1.98,0.77,Low,0.0
V0012,2023Q3,Displays,Taiwan,APAC,Tier 2,1781000.0,True,True,0.83,0.0,-0.0,6.34,0.0,81.2,16.67,4.63,1.2,31.01,0.0,2.18,11.66,Low,0.0
V0012,2023Q4,Displays,Taiwan,APAC,Tier 2,1781000.0,True,True,1.0,0.0,0.0,0.35,0.0,81.1,0.0,5.02,0.92,1.73,0.0,2.38,1.89,Low,1.0
V0012,2024Q1,Displays,Taiwan,APAC,Tier 2,1781000.0,True,True,0.5,0.0,-0.0,6.88,0.0,80.7,50.0,3.51,2.31,33.67,0.0,3.17,21.75,Low,1.0
V0012,2024Q2,Displays,Taiwan,APAC,Tier 2,1781000.0,True,True,0.6,0.0,0.03,9.29,0.0,79.8,40.0,5.19,15.02,45.45,0.0,4.96,23.69,Low,1.0
V0012,2024Q3,Displays,Taiwan,APAC,Tier 2,1781000.0,True,True,0.6,0.0,0.01,14.87,0.0,79.1,40.0,4.29,2.87,72.77,0.0,6.35,26.27,Low,0.0
V0012,2024Q4,Displays,Taiwan,APAC,Tier 2,1781000.0,True,True,0.8,0.0,0.0,1.62,0.0,79.5,20.0,2.43,1.24,7.92,0.0,5.56,8.53,Low,0.0
V0012,2025Q1,Displays,Taiwan,APAC,Tier 2,1781000.0,True,True,0.88,0.0,-0.0,1.2,0.0,79.5,12.5,3.43,1.16,5.85,0.0,5.56,6.23,Low,0.0
V0012,2025Q2,Displays,Taiwan,APAC,Tier 2,1781000.0,True,True,0.8,0.0,0.02,9.39,0.0,79.0,20.0,3.81,12.75,45.95,0.0,6.55,17.5,Low,1.0
V0012,2025Q3,Displays,Taiwan,APAC,Tier 2,1781000.0,True,True,0.17,0.0,0.02,9.27,0.0,79.1,83.33,1.57,10.25,45.34,0.0,6.35,34.64,Moderate,1.0
V0012,2025Q4,Displays,Taiwan,APAC,Tier 2,1781000.0,True,True,0.5,0.0,-0.01,8.81,0.0,79.1,50.0,3.06,4.97,43.1,0.0,6.35,24.1,Low,0.0
V0012,2026Q1,Displays,Taiwan,APAC,Tier 2,1781000.0,True,True,0.75,0.0,-0.01,1.71,0.0,79.4,25.0,1.49,7.21,8.36,0.0,5.75,10.88,Low,0.0
V0012,2026Q2,Displays,Taiwan,APAC,Tier 2,1781000.0,True,True,1.0,0.0,0.01,0.74,0.0,79.8,0.0,3.43,4.32,3.64,0.0,4.96,2.73,Low,
V0013,2022Q1,PCB / PCBA,South Korea,APAC,Tier 2,1420100.0,False,False,1.0,0.0,0.0,0.5,0.0,82.1,0.0,2.69,1.11,2.45,0.0,0.4,1.11,Low,1.0
V0013,2022Q2,PCB / PCBA,South Korea,APAC,Tier 2,1420100.0,False,False,0.56,0.0,-0.02,10.35,0.0,81.5,44.44,3.43,10.11,50.62,0.0,1.59,21.07,Low,1.0
V0013,2022Q3,PCB / PCBA,South Korea,APAC,Tier 2,1420100.0,False,False,0.7,0.0,0.0,1.43,0.0,82.0,30.0,2.6,0.1,7.01,0.0,0.6,9.15,Low,0.0
V0013,2022Q4,PCB / PCBA,South Korea,APAC,Tier 2,1420100.0,False,False,0.85,0.0,-0.0,4.26,0.0,82.2,15.38,3.67,2.58,20.85,0.0,0.2,8.11,Low,0.0
V0013,2023Q1,PCB / PCBA,South Korea,APAC,Tier 2,1420100.0,False,False,1.0,0.0,-0.01,0.49,0.0,81.7,0.0,4.12,3.35,2.39,0.0,1.19,1.8,Low,0.0
V0013,2023Q2,PCB / PCBA,South Korea,APAC,Tier 2,1420100.0,False,False,1.0,0.01,0.01,1.0,0.0,82.1,0.0,6.38,2.93,4.89,0.0,0.4,2.49,Low,0.0
V0013,2023Q3,PCB / PCBA,South Korea,APAC,Tier 2,1420100.0,False,False,1.0,0.0,-0.0,0.5,0.0,81.9,0.0,4.54,1.87,2.45,0.0,0.79,1.63,Low,0.0
V0013,2023Q4,PCB / PCBA,South Korea,APAC,Tier 2,1420100.0,False,False,1.0,0.0,0.0,0.5,0.0,81.9,0.0,2.13,0.13,2.45,0.0,0.79,0.89,Low,1.0
V0013,2024Q1,PCB / PCBA,South Korea,APAC,Tier 2,1420100.0,False,False,0.5,0.0,0.01,22.09,0.0,81.0,50.0,4.42,3.15,100.0,0.0,2.58,29.11,Low,1.0
V0013,2024Q2,PCB / PCBA,South Korea,APAC,Tier 2,1420100.0,False,False,0.6,0.0,-0.02,6.4,0.0,80.9,40.0,3.88,12.61,31.33,0.0,2.78,17.64,Low,0.0
V0013,2024Q3,PCB / PCBA,South Korea,APAC,Tier 2,1420100.0,False,False,1.0,0.0,0.0,0.58,0.0,81.3,0.0,2.72,2.15,2.82,0.0,1.98,1.49,Low,0.0
V0013,2024Q4,PCB / PCBA,South Korea,APAC,Tier 2,1420100.0,False,False,1.0,0.0,-0.0,0.89,0.0,81.2,0.0,3.11,1.06,4.38,0.0,2.18,1.66,Low,0.0
V0013,2025Q1,PCB / PCBA,South Korea,APAC,Tier 2,1420100.0,False,False,0.83,0.0,0.01,1.33,0.0,81.3,16.67,4.01,3.05,6.5,0.0,1.98,6.6,Low,1.0
V0013,2025Q2,PCB / PCBA,South Korea,APAC,Tier 2,1420100.0,False,False,0.12,0.0,-0.01,9.27,0.0,81.1,87.5,4.13,3.07,45.35,0.0,2.38,30.2,Moderate,0.0
V0013,2025Q3,PCB / PCBA,South Korea,APAC,Tier 2,1420100.0,False,False,0.86,0.0,-0.01,2.94,0.0,81.1,14.29,3.34,3.9,14.36,0.0,2.38,7.22,Low,0.0
V0013,2025Q4,PCB / PCBA,South Korea,APAC,Tier 2,1420100.0,False,False,0.88,0.0,-0.0,1.39,0.0,80.7,12.5,3.04,2.5,6.79,0.0,3.17,5.44,Low,0.0
V0013,2026Q1,PCB / PCBA,South Korea,APAC,Tier 2,1420100.0,False,False,1.0,0.0,0.0,0.89,0.0,81.0,0.0,3.25,1.27,4.38,0.0,2.58,1.75,Low,0.0
V0013,2026Q2,PCB / PCBA,South Korea,APAC,Tier 2,1420100.0,False,False,1.0,0.0,-0.0,0.82,0.0,80.6,0.0,2.96,0.6,3.99,0.0,3.37,1.62,Low,
V0014,2022Q2,Batteries,Germany,EMEA,Tier 3,313000.0,False,False,1.0,0.02,0.04,0.58,0.0,62.2,0.0,21.56,21.79,2.82,0.0,39.88,11.99,Low,0.0
V0014,2022Q3,Batteries,Germany,EMEA,Tier 3,313000.0,False,False,1.0,0.02,0.09,0.0,0.0,61.5,0.0,18.98,46.91,0.0,0.0,41.27,14.96,Low,1.0
V0014,2022Q4,Batteries,Germany,EMEA,Tier 3,313000.0,False,False,0.5,0.03,-0.02,0.71,0.0,61.5,50.0,30.46,10.19,3.46,0.0,41.27,24.77,Low,0.0
V0014,2023Q2,Batteries,Germany,EMEA,Tier 3,313000.0,False,False,0.5,0.0,0.08,10.61,0.0,61.3,50.0,0.0,46.17,51.9,0.0,41.67,31.38,Moderate,0.0
V0014,2023Q3,Batteries,Germany,EMEA,Tier 3,313000.0,False,False,1.0,0.01,0.04,1.41,0.0,61.2,0.0,16.63,24.36,6.92,0.0,41.87,12.2,Low,0.0
V0014,2023Q4,Batteries,Germany,EMEA,Tier 3,313000.0,False,False,1.0,0.0,0.01,0.0,0.0,61.4,0.0,0.0,3.22,0.0,0.0,41.47,4.63,Low,0.0
V0014,2024Q1,Batteries,Germany,EMEA,Tier 3,313000.0,False,False,1.0,0.02,0.06,0.0,0.0,61.6,0.0,20.6,35.66,0.0,0.0,41.07,13.58,Low,0.0
V0014,2024Q2,Batteries,Germany,EMEA,Tier 3,313000.0,False,False,1.0,0.03,0.07,0.0,0.0,61.2,0.0,28.44,35.78,0.0,0.0,41.87,15.24,Low,1.0
V0014,2024Q3,Batteries,Germany,EMEA,Tier 3,313000.0,False,False,0.67,0.01,-0.11,11.55,0.0,61.4,33.33,12.6,59.82,56.5,0.0,41.47,32.45,Moderate,0.0
V0014,2024Q4,Batteries,Germany,EMEA,Tier 3,313000.0,False,False,1.0,0.03,-0.03,0.0,0.0,61.5,0.0,30.8,14.45,0.0,0.0,41.27,12.45,Low,0.0
V0014,2025Q1,Batteries,Germany,EMEA,Tier 3,313000.0,False,False,1.0,0.0,-0.04,0.0,0.0,61.4,0.0,0.0,19.85,0.0,0.0,41.47,7.12,Low,1.0
V0014,2025Q2,Batteries,Germany,EMEA,Tier 3,313000.0,False,False,0.0,0.0,-0.04,0.0,0.0,61.4,100.0,0.0,20.91,0.0,0.0,41.47,32.28,Moderate,0.0
V0014,2025Q3,Batteries,Germany,EMEA,Tier 3,313000.0,False,False,1.0,0.01,-0.07,0.0,0.0,61.4,0.0,9.85,38.19,0.0,0.0,41.47,11.85,Low,1.0
V0014,2025Q4,Batteries,Germany,EMEA,Tier 3,313000.0,False,False,0.25,0.02,0.04,10.69,0.0,60.8,75.0,19.15,20.74,52.3,0.0,42.66,37.8,Moderate,1.0
V0014,2026Q1,Batteries,Germany,EMEA,Tier 3,313000.0,False,False,1.0,0.03,-0.11,0.71,0.0,61.1,0.0,28.84,58.36,3.46,0.0,42.06,19.25,Low,0.0
V0014,2026Q2,Batteries,Germany,EMEA,Tier 3,313000.0,False,False,1.0,0.01,0.1,0.71,0.0,61.2,0.0,10.97,56.0,3.46,0.0,41.87,15.3,Low,
V0015,2022Q1,PCB / PCBA,Taiwan,APAC,Tier 1,10273300.0,False,False,1.0,0.08,0.07,0.38,0.0,34.4,0.0,90.4,36.94,1.85,0.0,95.04,33.4,Moderate,1.0
V0015,2022Q2,PCB / PCBA,Taiwan,APAC,Tier 1,10273300.0,False,False,0.33,0.06,-0.01,11.08,4.0,34.1,66.67,71.99,7.77,54.2,100.0,95.63,64.92,High,1.0
V0015,2022Q3,PCB / PCBA,Taiwan,APAC,Tier 1,10273300.0,False,False,0.54,0.05,0.04,14.59,8.0,33.9,46.15,52.26,19.71,71.37,100.0,96.03,60.26,High,1.0
V0015,2022Q4,PCB / PCBA,Taiwan,APAC,Tier 1,10273300.0,False,False,0.7,0.05,0.03,6.24,0.0,34.0,30.0,52.48,16.56,30.55,0.0,95.83,34.65,Moderate,1.0
V0015,2023Q1,PCB / PCBA,Taiwan,APAC,Tier 1,10273300.0,False,False,0.82,0.07,0.06,3.91,0.0,33.8,18.18,80.75,30.65,19.12,0.0,96.23,37.79,Moderate,1.0
V0015,2023Q2,PCB / PCBA,Taiwan,APAC,Tier 1,10273300.0,False,False,0.55,0.05,-0.03,7.74,0.0,34.1,45.45,60.28,17.34,37.86,0.0,95.63,41.26,Moderate,1.0
V0015,2023Q3,PCB / PCBA,Taiwan,APAC,Tier 1,10273300.0,False,False,0.5,0.06,-0.17,1.5,2.0,33.8,50.0,66.82,94.75,7.34,100.0,96.23,65.8,High,1.0
V0015,2023Q4,PCB / PCBA,Taiwan,APAC,Tier 1,10273300.0,False,False,0.62,0.07,-0.07,3.93,0.0,33.9,37.5,72.86,37.51,19.21,0.0,96.03,42.06,Moderate,1.0
V0015,2024Q1,PCB / PCBA,Taiwan,APAC,Tier 1,10273300.0,False,False,0.4,0.08,-0.08,13.84,0.0,33.5,60.0,87.12,42.58,67.7,0.0,96.83,58.65,High,1.0
V0015,2024Q2,PCB / PCBA,Taiwan,APAC,Tier 1,10273300.0,False,False,0.42,0.04,-0.03,14.77,0.0,32.9,58.33,42.62,18.16,72.27,0.0,98.02,46.47,Moderate,1.0
V0015,2024Q3,PCB / PCBA,Taiwan,APAC,Tier 1,10273300.0,False,False,0.42,0.07,0.0,12.07,0.0,33.3,58.33,78.98,0.71,59.05,0.0,97.22,49.06,Moderate,1.0
V0015,2024Q4,PCB / PCBA,Taiwan,APAC,Tier 1,10273300.0,False,False,0.7,0.05,0.04,12.68,0.0,33.9,30.0,61.17,22.73,62.05,0.0,96.03,42.05,Moderate,1.0
V0015,2025Q1,PCB / PCBA,Taiwan,APAC,Tier 1,10273300.0,False,False,0.67,0.08,-0.01,7.33,0.0,34.0,33.33,86.53,3.86,35.87,0.0,95.83,41.18,Moderate,1.0
V0015,2025Q2,PCB / PCBA,Taiwan,APAC,Tier 1,10273300.0,False,False,0.5,0.07,0.17,12.37,2.0,34.2,50.0,74.65,93.03,60.53,100.0,95.44,75.01,Critical,1.0
V0015,2025Q3,PCB / PCBA,Taiwan,APAC,Tier 1,10273300.0,False,False,0.27,0.03,-0.03,20.33,0.0,34.2,73.33,34.6,15.69,99.49,0.0,95.44,52.07,High,1.0
V0015,2025Q4,PCB / PCBA,Taiwan,APAC,Tier 1,10273300.0,False,False,0.24,0.06,-0.12,8.25,0.0,33.5,76.47,71.78,64.3,40.34,0.0,96.83,58.85,High,1.0
V0015,2026Q1,PCB / PCBA,Taiwan,APAC,Tier 1,10273300.0,False,False,0.58,0.05,0.05,8.18,0.0,33.7,41.67,60.04,29.7,40.05,0.0,96.43,42.53,Moderate,1.0
V0015,2026Q2,PCB / PCBA,Taiwan,APAC,Tier 1,10273300.0,False,False,0.4,0.07,-0.14,5.55,0.0,34.0,60.0,78.7,74.56,27.15,0.0,95.83,55.58,High,
V0016,2022Q2,Displays,China,APAC,Tier 2,766100.0,True,False,0.5,0.01,-0.02,1.41,0.0,72.1,50.0,12.49,9.12,6.92,0.0,20.24,19.43,Low,1.0
V0016,2022Q3,Displays,China,APAC,Tier 2,766100.0,True,False,0.5,0.0,-0.04,17.8,4.0,72.0,50.0,5.6,23.38,87.07,100.0,20.44,47.23,Moderate,0.0
V0016,2022Q4,Displays,China,APAC,Tier 2,766100.0,True,False,0.75,0.01,0.01,10.0,1.0,71.9,25.0,9.07,5.55,48.93,50.0,20.63,25.8,Low,0.0
V0016,2023Q1,Displays,China,APAC,Tier 2,766100.0,True,False,1.0,0.01,0.03,0.0,0.0,71.7,0.0,13.44,16.87,0.0,0.0,21.03,7.32,Low,1.0
V0016,2023Q2,Displays,China,APAC,Tier 2,766100.0,True,False,0.5,0.01,0.04,2.06,0.0,72.0,50.0,9.97,24.67,10.09,0.0,20.44,21.75,Low,0.0
V0016,2023Q3,Displays,China,APAC,Tier 2,766100.0,True,False,1.0,0.0,0.0,0.45,0.0,72.6,0.0,5.21,1.14,2.19,0.0,19.25,3.47,Low,0.0
V0016,2023Q4,Displays,China,APAC,Tier 2,766100.0,True,False,1.0,0.01,0.12,0.0,0.0,72.8,0.0,7.84,67.52,0.0,0.0,18.85,13.58,Low,0.0
V0016,2024Q1,Displays,China,APAC,Tier 2,766100.0,True,False,0.8,0.01,0.02,3.35,0.0,72.6,20.0,14.8,9.79,16.37,0.0,19.25,13.81,Low,1.0
V0016,2024Q2,Displays,China,APAC,Tier 2,766100.0,True,False,0.5,0.01,0.03,14.85,0.0,72.2,50.0,9.18,18.89,72.65,0.0,20.04,30.07,Moderate,1.0
V0016,2024Q3,Displays,China,APAC,Tier 2,766100.0,True,False,0.5,0.01,0.02,15.24,0.0,71.9,50.0,7.67,11.28,74.55,0.0,20.63,28.97,Low,1.0
V0016,2024Q4,Displays,China,APAC,Tier 2,766100.0,True,False,0.5,0.0,-0.04,1.41,0.0,72.2,50.0,0.0,23.46,6.92,0.0,20.04,19.06,Low,0.0
V0016,2025Q1,Displays,China,APAC,Tier 2,766100.0,True,False,1.0,0.0,-0.01,1.0,0.0,72.3,0.0,0.0,6.91,4.89,0.0,19.84,3.75,Low,1.0
V0016,2025Q2,Displays,China,APAC,Tier 2,766100.0,True,False,1.0,0.01,-0.0,0.0,4.0,71.9,0.0,8.85,2.22,0.0,100.0,20.63,19.17,Low,0.0
V0016,2025Q3,Displays,China,APAC,Tier 2,766100.0,True,False,0.89,0.01,0.02,1.12,0.0,71.8,11.11,10.66,8.44,5.47,0.0,20.83,9.08,Low,1.0
V0016,2025Q4,Displays,China,APAC,Tier 2,766100.0,True,False,0.67,0.01,0.01,6.12,0.0,71.8,33.33,14.17,5.11,29.95,0.0,20.83,18.51,Low,0.0
V0016,2026Q1,Displays,China,APAC,Tier 2,766100.0,True,False,1.0,0.01,0.03,0.0,0.0,71.9,0.0,14.0,16.55,0.0,0.0,20.63,7.35,Low,0.0
V0016,2026Q2,Displays,China,APAC,Tier 2,766100.0,True,False,1.0,0.01,0.0,0.71,0.0,72.1,0.0,7.39,2.66,3.46,0.0,20.24,4.42,Low,
V0017,2022Q2,PCB / PCBA,United States,AMER,Tier 3,351200.0,False,False,1.0,0.05,-0.03,0.0,0.0,47.9,0.0,57.89,18.72,0.0,0.0,68.25,21.21,Low,0.0
V0017,2023Q3,PCB / PCBA,United States,AMER,Tier 3,351200.0,False,False,1.0,0.02,-0.13,0.0,0.0,48.8,0.0,25.87,70.03,0.0,0.0,66.47,22.33,Low,0.0
V0017,2024Q1,PCB / PCBA,United States,AMER,Tier 3,351200.0,False,False,0.33,0.03,0.06,3.61,0.0,47.8,66.67,37.91,30.3,17.64,0.0,68.45,38.28,Moderate,0.0
V0017,2024Q3,PCB / PCBA,United States,AMER,Tier 3,351200.0,False,False,0.0,0.04,-0.03,0.71,0.0,48.4,100.0,43.06,17.54,3.46,0.0,67.26,43.49,Moderate,1.0
V0017,2024Q4,PCB / PCBA,United States,AMER,Tier 3,351200.0,False,False,1.0,0.06,-0.01,0.0,0.0,48.6,0.0,63.72,5.31,0.0,0.0,66.87,20.23,Low,0.0
V0017,2025Q2,PCB / PCBA,United States,AMER,Tier 3,351200.0,False,False,0.0,0.08,-0.04,0.0,0.0,48.7,100.0,84.99,20.49,0.0,0.0,66.67,51.74,High,1.0
V0017,2025Q3,PCB / PCBA,United States,AMER,Tier 3,351200.0,False,False,0.33,0.05,-0.07,4.04,0.0,48.9,66.67,50.58,37.47,19.77,0.0,66.27,42.0,Moderate,1.0
V0017,2025Q4,PCB / PCBA,United States,AMER,Tier 3,351200.0,False,False,0.5,0.02,0.08,13.44,0.0,48.2,50.0,25.53,41.28,65.73,0.0,67.66,40.42,Moderate,0.0
V0017,2026Q2,PCB / PCBA,United States,AMER,Tier 3,351200.0,False,False,1.0,0.04,-0.18,0.0,0.0,48.0,0.0,47.48,97.14,0.0,0.0,68.06,30.87,Moderate,
V0018,2022Q1,Displays,Malaysia,APAC,Tier 3,140800.0,True,False,1.0,0.02,-0.01,0.0,0.0,61.7,0.0,26.76,7.13,0.0,0.0,40.87,10.51,Low,0.0
V0018,2022Q2,Displays,Malaysia,APAC,Tier 3,140800.0,True,False,1.0,0.02,-0.05,0.0,0.0,61.3,0.0,23.52,26.47,0.0,0.0,41.67,12.84,Low,0.0
V0018,2022Q3,Displays,Malaysia,APAC,Tier 3,140800.0,True,False,1.0,0.02,-0.08,0.0,0.0,61.4,0.0,26.32,41.71,0.0,0.0,41.47,15.67,Low,0.0
V0018,2022Q4,Displays,Malaysia,APAC,Tier 3,140800.0,True,False,1.0,0.02,0.14,0.0,0.0,61.5,0.0,27.77,74.3,0.0,0.0,41.27,20.83,Low,0.0
V0018,2023Q1,Displays,Malaysia,APAC,Tier 3,140800.0,True,False,1.0,0.01,-0.13,0.0,0.0,61.4,0.0,7.17,72.64,0.0,0.0,41.47,16.48,Low,0.0
V0018,2023Q2,Displays,Malaysia,APAC,Tier 3,140800.0,True,False,1.0,0.01,-0.06,0.71,0.0,61.3,0.0,14.22,31.81,3.46,0.0,41.67,12.3,Low,0.0
V0018,2023Q4,Displays,Malaysia,APAC,Tier 3,140800.0,True,False,0.0,0.02,0.02,0.71,0.0,61.2,100.0,19.43,9.66,3.46,0.0,41.87,35.04,Moderate,1.0
V0018,2024Q1,Displays,Malaysia,APAC,Tier 3,140800.0,True,False,1.0,0.04,0.0,0.0,0.0,61.2,0.0,44.01,1.48,0.0,0.0,41.87,13.21,Low,0.0
V0018,2024Q2,Displays,Malaysia,APAC,Tier 3,140800.0,True,False,1.0,0.0,-0.04,0.0,0.0,60.5,0.0,0.0,24.0,0.0,0.0,43.25,7.93,Low,0.0
V0018,2024Q4,Displays,Malaysia,APAC,Tier 3,140800.0,True,False,0.5,0.0,0.01,4.24,0.0,61.0,50.0,0.0,3.07,20.76,0.0,42.26,20.3,Low,0.0
V0018,2025Q1,Displays,Malaysia,APAC,Tier 3,140800.0,True,False,1.0,0.02,-0.0,0.0,0.0,60.8,0.0,25.08,2.2,0.0,0.0,42.66,9.61,Low,0.0
V0018,2025Q4,Displays,Malaysia,APAC,Tier 3,140800.0,True,False,0.0,0.03,-0.02,1.41,0.0,60.5,100.0,29.45,12.22,6.92,0.0,43.25,38.09,Moderate,0.0
V0018,2026Q2,Displays,Malaysia,APAC,Tier 3,140800.0,True,False,1.0,0.0,0.16,0.0,0.0,60.8,0.0,0.0,87.67,0.0,0.0,42.66,17.42,Low,
V0019,2022Q2,Batteries,Czech Republic,EMEA,Tier 3,214100.0,False,False,1.0,0.01,-0.0,0.71,0.0,82.0,0.0,6.83,0.74,3.46,0.0,0.6,2.06,Low,0.0
V0019,2022Q3,Batteries,Czech Republic,EMEA,Tier 3,214100.0,False,False,1.0,0.0,0.02,0.0,0.0,82.3,0.0,1.9,11.29,0.0,0.0,0.0,2.07,Low,0.0
V0019,2022Q4,Batteries,Czech Republic,EMEA,Tier 3,214100.0,False,False,1.0,0.0,-0.02,0.0,0.0,82.5,0.0,1.9,12.47,0.0,0.0,0.0,2.25,Low,0.0
V0019,2023Q1,Batteries,Czech Republic,EMEA,Tier 3,214100.0,False,False,1.0,0.0,0.04,0.0,0.0,82.4,0.0,4.26,19.63,0.0,0.0,0.0,3.8,Low,0.0
V0019,2023Q3,Batteries,Czech Republic,EMEA,Tier 3,214100.0,False,False,1.0,0.0,-0.0,0.0,0.0,82.5,0.0,2.18,0.56,0.0,0.0,0.0,0.52,Low,0.0
V0019,2023Q4,Batteries,Czech Republic,EMEA,Tier 3,214100.0,False,False,1.0,0.0,-0.03,0.0,0.0,82.3,0.0,4.59,14.8,0.0,0.0,0.0,3.14,Low,0.0
V0019,2024Q2,Batteries,Czech Republic,EMEA,Tier 3,214100.0,False,False,0.5,0.0,-0.04,14.85,0.0,81.3,50.0,4.2,20.53,72.65,0.0,1.98,27.52,Low,1.0
V0019,2024Q3,Batteries,Czech Republic,EMEA,Tier 3,214100.0,False,False,0.67,0.0,-0.0,3.21,0.0,81.3,33.33,2.52,0.22,15.73,0.0,1.98,11.43,Low,0.0
V0019,2024Q4,Batteries,Czech Republic,EMEA,Tier 3,214100.0,False,False,1.0,0.0,0.03,0.0,0.0,81.1,0.0,0.0,17.03,0.0,0.0,2.38,2.79,Low,0.0
V0019,2025Q2,Batteries,Czech Republic,EMEA,Tier 3,214100.0,False,False,1.0,0.0,-0.03,0.0,0.0,81.5,0.0,2.91,14.22,0.0,0.0,1.59,2.87,Low,0.0
V0019,2025Q4,Batteries,Czech Republic,EMEA,Tier 3,214100.0,False,False,1.0,0.0,0.0,0.0,0.0,80.7,0.0,0.0,2.37,0.0,0.0,3.17,0.67,Low,1.0
V0019,2026Q1,Batteries,Czech Republic,EMEA,Tier 3,214100.0,False,False,0.0,0.0,-0.0,6.36,0.0,80.6,100.0,3.75,0.76,31.14,0.0,3.37,30.87,Moderate,0.0
V0019,2026Q2,Batteries,Czech Republic,EMEA,Tier 3,214100.0,False,False,1.0,0.0,-0.03,0.0,0.0,79.9,0.0,0.0,16.66,0.0,0.0,4.76,2.98,Low,
V0020,2022Q1,Batteries,South Korea,APAC,Tier 3,217100.0,False,False,0.0,0.1,0.18,0.0,0.0,34.2,100.0,100.0,100.0,0.0,0.0,95.44,69.54,High,1.0
V0020,2022Q2,Batteries,South Korea,APAC,Tier 3,217100.0,False,False,0.0,0.06,0.05,17.68,0.0,33.2,100.0,65.06,28.52,86.49,0.0,97.42,65.01,High,1.0
V0020,2022Q3,Batteries,South Korea,APAC,Tier 3,217100.0,False,False,0.6,0.09,-0.05,2.88,0.0,33.7,40.0,98.38,26.89,14.1,0.0,96.43,45.47,Moderate,1.0
V0020,2022Q4,Batteries,South Korea,APAC,Tier 3,217100.0,False,False,0.5,0.0,-0.02,10.61,0.0,33.8,50.0,5.38,8.51,51.9,0.0,96.23,32.26,Moderate,0.0
V0020,2023Q1,Batteries,South Korea,APAC,Tier 3,217100.0,False,False,0.75,0.02,0.05,5.85,0.0,33.8,25.0,16.87,27.01,28.63,0.0,96.23,27.59,Low,1.0
V0020,2023Q2,Batteries,South Korea,APAC,Tier 3,217100.0,False,False,0.0,0.0,0.02,0.0,0.0,33.7,100.0,0.0,10.1,0.0,0.0,96.43,36.16,Moderate,1.0
V0020,2023Q3,Batteries,South Korea,APAC,Tier 3,217100.0,False,False,0.0,0.08,-0.05,4.51,0.0,34.3,100.0,84.66,28.73,22.06,0.0,95.24,59.07,High,1.0
V0020,2023Q4,Batteries,South Korea,APAC,Tier 3,217100.0,False,False,1.0,0.14,0.08,0.0,0.0,34.2,0.0,100.0,43.49,0.0,0.0,95.44,36.07,Moderate,0.0
V0020,2024Q2,Batteries,South Korea,APAC,Tier 3,217100.0,False,False,0.33,0.1,-0.14,16.0,0.0,32.9,66.67,100.0,76.03,78.26,0.0,98.02,69.61,High,1.0
V0020,2024Q3,Batteries,South Korea,APAC,Tier 3,217100.0,False,False,0.5,0.13,0.0,7.78,0.0,32.7,50.0,100.0,0.75,38.06,0.0,98.41,48.16,Moderate,1.0
V0020,2024Q4,Batteries,South Korea,APAC,Tier 3,217100.0,False,False,1.0,0.08,-0.03,0.84,0.0,32.9,0.0,89.7,14.48,4.09,0.0,98.02,30.53,Moderate,0.0
V0020,2025Q2,Batteries,South Korea,APAC,Tier 3,217100.0,False,False,1.0,0.0,-0.14,0.0,0.0,32.7,0.0,0.0,78.79,0.0,0.0,98.41,21.66,Low,0.0
V0020,2025Q4,Batteries,South Korea,APAC,Tier 3,217100.0,False,False,0.75,0.09,-0.06,4.69,4.0,32.5,25.0,100.0,35.05,22.95,100.0,98.81,59.83,High,1.0
V0020,2026Q1,Batteries,South Korea,APAC,Tier 3,217100.0,False,False,1.0,0.1,-0.12,0.0,2.0,32.3,0.0,100.0,67.02,0.0,100.0,99.21,54.97,High,1.0
V0020,2026Q2,Batteries,South Korea,APAC,Tier 3,217100.0,False,False,0.5,0.06,-0.14,10.23,0.0,32.5,50.0,70.16,76.69,50.06,0.0,98.81,55.42,High,
V0021,2022Q1,PCB / PCBA,Brazil,AMER,Tier 2,881400.0,True,False,1.0,0.02,0.12,0.0,0.0,61.7,0.0,24.3,66.48,0.0,0.0,40.87,18.92,Low,0.0
V0021,2022Q2,PCB / PCBA,Brazil,AMER,Tier 2,881400.0,True,False,1.0,0.02,0.0,0.0,0.0,61.8,0.0,24.36,1.02,0.0,0.0,40.67,9.09,Low,1.0
V0021,2022Q3,PCB / PCBA,Brazil,AMER,Tier 2,881400.0,True,False,0.5,0.01,-0.05,2.83,0.0,61.9,50.0,7.61,27.5,13.84,0.0,40.48,24.27,Low,0.0
V0021,2023Q1,PCB / PCBA,Brazil,AMER,Tier 2,881400.0,True,False,0.0,0.02,-0.0,0.0,0.0,62.4,100.0,24.19,2.14,0.0,0.0,39.48,34.11,Moderate,1.0
V0021,2023Q2,PCB / PCBA,Brazil,AMER,Tier 2,881400.0,True,False,1.0,0.03,-0.01,1.15,0.0,62.5,0.0,32.66,3.94,5.65,0.0,39.29,11.9,Low,0.0
V0021,2023Q3,PCB / PCBA,Brazil,AMER,Tier 2,881400.0,True,False,0.75,0.02,-0.06,12.84,0.0,62.6,25.0,23.07,34.56,62.83,0.0,39.09,29.38,Low,1.0
V0021,2023Q4,PCB / PCBA,Brazil,AMER,Tier 2,881400.0,True,False,0.5,0.0,0.05,7.78,0.0,62.8,50.0,0.0,26.44,38.06,0.0,38.69,26.04,Low,1.0
V0021,2024Q1,PCB / PCBA,Brazil,AMER,Tier 2,881400.0,True,False,0.67,0.02,0.04,2.08,0.0,62.5,33.33,19.32,22.99,10.19,0.0,39.29,21.1,Low,0.0
V0021,2024Q2,PCB / PCBA,Brazil,AMER,Tier 2,881400.0,True,False,1.0,0.01,-0.02,0.0,0.0,62.9,0.0,13.89,12.0,0.0,0.0,38.49,8.43,Low,0.0
V0021,2024Q3,PCB / PCBA,Brazil,AMER,Tier 2,881400.0,True,False,1.0,0.02,-0.03,0.89,0.0,63.0,0.0,23.33,18.91,4.38,0.0,38.29,11.99,Low,1.0
V0021,2024Q4,PCB / PCBA,Brazil,AMER,Tier 2,881400.0,True,False,0.0,0.02,-0.01,6.66,0.0,62.6,100.0,26.47,6.44,32.58,0.0,39.09,40.05,Moderate,0.0
V0021,2025Q1,PCB / PCBA,Brazil,AMER,Tier 2,881400.0,True,False,1.0,0.02,0.01,0.89,0.0,62.6,0.0,21.58,4.34,4.38,0.0,39.09,9.53,Low,1.0
V0021,2025Q2,PCB / PCBA,Brazil,AMER,Tier 2,881400.0,True,False,0.71,0.02,0.04,7.79,0.0,62.6,28.57,18.94,23.46,38.09,0.0,39.09,24.07,Low,1.0
V0021,2025Q3,PCB / PCBA,Brazil,AMER,Tier 2,881400.0,True,False,0.25,0.03,-0.01,7.14,0.0,62.4,75.0,29.94,7.91,34.91,0.0,39.48,35.11,Moderate,0.0
V0021,2025Q4,PCB / PCBA,Brazil,AMER,Tier 2,881400.0,True,False,0.8,0.03,0.02,8.43,0.0,62.6,20.0,28.89,10.33,41.23,0.0,39.09,22.42,Low,0.0
V0021,2026Q1,PCB / PCBA,Brazil,AMER,Tier 2,881400.0,True,False,1.0,0.0,-0.08,0.0,0.0,62.4,0.0,4.7,43.4,0.0,0.0,39.48,11.4,Low,0.0
V0021,2026Q2,PCB / PCBA,Brazil,AMER,Tier 2,881400.0,True,False,0.75,0.02,0.06,7.5,0.0,62.6,25.0,27.44,30.8,36.7,0.0,39.09,25.77,Low,
V0022,2022Q1,Passive Components,Malaysia,APAC,Tier 1,13807500.0,False,False,0.92,0.02,-0.04,6.59,0.0,62.2,8.33,21.54,20.16,32.24,0.0,39.88,18.24,Low,1.0
V0022,2022Q2,Passive Components,Malaysia,APAC,Tier 1,13807500.0,False,False,0.46,0.02,-0.03,15.57,0.0,62.0,53.85,24.6,18.19,76.19,0.0,40.28,36.57,Moderate,1.0
V0022,2022Q3,Passive Components,Malaysia,APAC,Tier 1,13807500.0,False,False,0.63,0.02,-0.03,13.17,0.0,62.3,36.84,19.18,18.85,64.42,0.0,39.68,29.51,Low,0.0
V0022,2022Q4,Passive Components,Malaysia,APAC,Tier 1,13807500.0,False,False,1.0,0.02,-0.01,0.0,0.0,62.2,0.0,25.16,3.17,0.0,0.0,39.88,9.49,Low,0.0
V0022,2023Q1,Passive Components,Malaysia,APAC,Tier 1,13807500.0,False,False,0.76,0.02,-0.02,2.86,0.0,62.1,23.53,22.99,13.1,13.97,0.0,40.08,18.55,Low,1.0
V0022,2023Q2,Passive Components,Malaysia,APAC,Tier 1,13807500.0,False,False,0.8,0.02,0.0,11.82,0.0,62.2,20.0,23.7,2.41,57.84,0.0,39.88,22.77,Low,0.0
V0022,2023Q3,Passive Components,Malaysia,APAC,Tier 1,13807500.0,False,False,0.89,0.02,0.01,7.19,0.0,62.7,11.11,21.92,4.72,35.16,0.0,38.89,17.03,Low,0.0
V0022,2023Q4,Passive Components,Malaysia,APAC,Tier 1,13807500.0,False,False,0.9,0.02,-0.0,3.1,0.0,62.7,10.0,24.17,0.1,15.16,0.0,38.89,13.51,Low,1.0
V0022,2024Q1,Passive Components,Malaysia,APAC,Tier 1,13807500.0,False,False,0.57,0.01,0.01,13.04,0.0,61.5,42.86,14.84,7.77,63.79,0.0,41.27,28.54,Low,1.0
V0022,2024Q2,Passive Components,Malaysia,APAC,Tier 1,13807500.0,False,False,0.5,0.01,0.03,11.81,0.0,61.0,50.0,11.22,17.18,57.8,0.0,42.26,30.22,Moderate,0.0
V0022,2024Q3,Passive Components,Malaysia,APAC,Tier 1,13807500.0,False,False,0.83,0.01,0.0,4.24,0.0,61.3,16.67,14.78,0.55,20.74,0.0,41.67,14.48,Low,0.0
V0022,2024Q4,Passive Components,Malaysia,APAC,Tier 1,13807500.0,False,False,0.93,0.01,-0.0,1.29,0.0,61.0,6.67,15.64,1.23,6.32,0.0,42.26,10.15,Low,0.0
V0022,2025Q1,Passive Components,Malaysia,APAC,Tier 1,13807500.0,False,False,1.0,0.02,-0.0,0.39,0.0,61.3,0.0,26.25,2.42,1.9,0.0,41.67,10.06,Low,1.0
V0022,2025Q2,Passive Components,Malaysia,APAC,Tier 1,13807500.0,False,False,0.6,0.02,-0.01,10.97,0.0,61.1,40.0,26.85,6.72,53.66,0.0,42.06,28.63,Low,1.0
V0022,2025Q3,Passive Components,Malaysia,APAC,Tier 1,13807500.0,False,False,0.53,0.02,0.0,14.15,0.0,60.8,46.67,23.3,0.06,69.24,0.0,42.66,30.99,Moderate,1.0
V0022,2025Q4,Passive Components,Malaysia,APAC,Tier 1,13807500.0,False,False,0.64,0.03,0.01,4.76,0.0,60.4,35.71,29.75,5.59,23.3,0.0,43.45,23.56,Low,0.0
V0022,2026Q1,Passive Components,Malaysia,APAC,Tier 1,13807500.0,False,False,0.93,0.02,0.04,1.13,0.0,60.4,6.67,19.81,19.48,5.51,0.0,43.45,13.72,Low,0.0
V0022,2026Q2,Passive Components,Malaysia,APAC,Tier 1,13807500.0,False,False,0.92,0.02,-0.0,9.18,0.0,60.3,8.33,21.47,0.27,44.91,0.0,43.65,17.52,Low,
V0023,2022Q1,Connectors,Brazil,AMER,Tier 2,1618600.0,False,False,1.0,0.01,-0.05,0.0,0.0,73.0,0.0,5.71,27.23,0.0,0.0,18.45,7.07,Low,0.0
V0023,2022Q2,Connectors,Brazil,AMER,Tier 2,1618600.0,False,False,0.75,0.02,0.01,6.5,0.0,73.2,25.0,17.1,8.2,31.8,0.0,18.06,17.48,Low,0.0
V0023,2022Q3,Connectors,Brazil,AMER,Tier 2,1618600.0,False,False,1.0,0.0,-0.0,0.0,0.0,72.7,0.0,5.49,0.04,0.0,0.0,19.05,3.01,Low,1.0
V0023,2022Q4,Connectors,Brazil,AMER,Tier 2,1618600.0,False,False,0.5,0.01,-0.01,9.19,0.0,73.1,50.0,6.94,4.44,44.98,0.0,18.25,23.13,Low,0.0
V0023,2023Q1,Connectors,Brazil,AMER,Tier 2,1618600.0,False,False,1.0,0.01,-0.01,0.0,0.0,72.6,0.0,9.18,5.84,0.0,0.0,19.25,4.64,Low,0.0
V0023,2023Q2,Connectors,Brazil,AMER,Tier 2,1618600.0,False,False,1.0,0.02,0.0,0.0,0.0,72.4,0.0,17.36,0.14,0.0,0.0,19.64,5.46,Low,1.0
V0023,2023Q3,Connectors,Brazil,AMER,Tier 2,1618600.0,False,False,0.67,0.01,0.02,4.23,0.0,72.8,33.33,6.05,13.29,20.68,0.0,18.85,16.52,Low,0.0
V0023,2023Q4,Connectors,Brazil,AMER,Tier 2,1618600.0,False,False,1.0,0.02,0.04,1.15,0.0,72.4,0.0,18.14,20.53,5.65,0.0,19.64,9.52,Low,0.0
V0023,2024Q1,Connectors,Brazil,AMER,Tier 2,1618600.0,False,False,1.0,0.01,-0.01,0.58,0.0,72.6,0.0,9.82,5.98,2.82,0.0,19.25,5.21,Low,0.0
V0023,2024Q2,Connectors,Brazil,AMER,Tier 2,1618600.0,False,False,0.83,0.01,0.01,1.21,0.0,72.8,16.67,7.78,4.57,5.93,0.0,18.85,9.18,Low,0.0
V0023,2024Q3,Connectors,Brazil,AMER,Tier 2,1618600.0,False,False,1.0,0.0,0.04,0.0,0.0,73.0,0.0,0.0,24.49,0.0,0.0,18.45,5.52,Low,0.0
V0023,2024Q4,Connectors,Brazil,AMER,Tier 2,1618600.0,False,False,0.83,0.01,0.03,6.79,0.0,72.9,16.67,11.48,15.56,33.24,0.0,18.65,15.65,Low,0.0
V0023,2025Q1,Connectors,Brazil,AMER,Tier 2,1618600.0,False,False,1.0,0.01,0.0,0.5,0.0,72.9,0.0,8.59,2.68,2.45,0.0,18.65,4.35,Low,1.0
V0023,2025Q2,Connectors,Brazil,AMER,Tier 2,1618600.0,False,False,0.5,0.01,-0.01,30.12,0.0,72.5,50.0,11.53,3.72,100.0,0.0,19.44,32.31,Moderate,0.0
V0023,2025Q3,Connectors,Brazil,AMER,Tier 2,1618600.0,False,False,1.0,0.01,0.03,0.5,0.0,72.6,0.0,10.69,17.72,2.45,0.0,19.25,7.09,Low,1.0
V0023,2025Q4,Connectors,Brazil,AMER,Tier 2,1618600.0,False,False,0.67,0.01,0.02,8.82,0.0,72.7,33.33,11.49,11.97,43.17,0.0,19.05,20.81,Low,0.0
V0023,2026Q1,Connectors,Brazil,AMER,Tier 2,1618600.0,False,False,1.0,0.0,-0.03,0.89,0.0,72.2,0.0,5.4,16.34,4.38,0.0,20.04,6.19,Low,0.0
V0023,2026Q2,Connectors,Brazil,AMER,Tier 2,1618600.0,False,False,1.0,0.01,0.0,0.79,0.0,72.1,0.0,8.4,1.71,3.85,0.0,20.24,4.54,Low,
V0024,2022Q1,Packaging,India,APAC,Tier 3,54300.0,False,False,1.0,0.0,0.01,0.0,0.0,72.9,0.0,0.0,5.72,0.0,0.0,18.65,2.72,Low,0.0
V0024,2022Q3,Packaging,India,APAC,Tier 3,54300.0,False,False,1.0,0.01,0.02,0.0,0.0,72.4,0.0,7.84,11.6,0.0,0.0,19.64,5.27,Low,0.0
V0024,2022Q4,Packaging,India,APAC,Tier 3,54300.0,False,False,1.0,0.01,-0.01,0.0,0.0,72.5,0.0,5.94,8.2,0.0,0.0,19.44,4.36,Low,0.0
V0024,2023Q1,Packaging,India,APAC,Tier 3,54300.0,False,False,1.0,0.01,0.02,0.96,0.0,72.8,0.0,11.37,10.61,4.68,0.0,18.85,6.45,Low,0.0
V0024,2023Q2,Packaging,India,APAC,Tier 3,54300.0,False,False,1.0,0.01,0.03,0.0,0.0,72.9,0.0,9.63,17.86,0.0,0.0,18.65,6.47,Low,0.0
V0024,2023Q4,Packaging,India,APAC,Tier 3,54300.0,False,False,1.0,0.0,0.01,0.0,0.0,72.8,0.0,0.0,7.2,0.0,0.0,18.85,2.96,Low,0.0
V0024,2024Q1,Packaging,India,APAC,Tier 3,54300.0,False,False,1.0,0.0,0.09,0.71,0.0,72.3,0.0,4.59,47.53,3.46,0.0,19.84,10.55,Low,0.0
V0024,2024Q3,Packaging,India,APAC,Tier 3,54300.0,False,False,1.0,0.01,0.01,0.71,0.0,71.5,0.0,11.31,7.51,3.46,0.0,21.43,6.05,Low,0.0
V0024,2024Q4,Packaging,India,APAC,Tier 3,54300.0,False,False,1.0,0.0,-0.03,0.0,0.0,72.1,0.0,3.14,15.31,0.0,0.0,20.24,4.95,Low,1.0
V0024,2025Q1,Packaging,India,APAC,Tier 3,54300.0,False,False,0.0,0.01,-0.01,0.0,0.0,72.6,100.0,15.68,5.31,0.0,0.0,19.25,30.86,Moderate,0.0
V0024,2025Q2,Packaging,India,APAC,Tier 3,54300.0,False,False,1.0,0.01,-0.01,1.15,0.0,72.6,0.0,9.57,8.04,5.65,0.0,19.25,5.89,Low,0.0
V0024,2025Q4,Packaging,India,APAC,Tier 3,54300.0,False,False,1.0,0.01,0.09,0.0,0.0,72.9,0.0,9.07,46.73,0.0,0.0,18.65,10.69,Low,0.0
V0025,2022Q1,Connectors,Taiwan,APAC,Tier 3,26300.0,False,False,1.0,0.0,-0.09,0.0,1.0,61.8,0.0,0.0,52.02,0.0,50.0,40.67,19.37,Low,1.0
V0025,2022Q2,Connectors,Taiwan,APAC,Tier 3,26300.0,False,False,0.67,0.01,0.01,14.43,0.0,61.1,33.33,12.6,8.01,70.62,0.0,42.06,26.85,Low,1.0
V0025,2022Q3,Connectors,Taiwan,APAC,Tier 3,26300.0,False,False,0.2,0.02,0.05,12.64,0.0,61.2,80.0,22.96,28.94,61.83,0.0,41.87,42.39,Moderate,1.0
V0025,2022Q4,Connectors,Taiwan,APAC,Tier 3,26300.0,False,False,0.0,0.02,-0.06,0.0,0.0,61.2,100.0,19.37,34.27,0.0,0.0,41.87,38.2,Moderate,1.0
V0025,2023Q1,Connectors,Taiwan,APAC,Tier 3,26300.0,False,False,0.5,0.01,-0.03,2.12,0.0,61.8,50.0,8.34,13.83,10.38,0.0,40.67,21.87,Low,0.0
V0025,2023Q2,Connectors,Taiwan,APAC,Tier 3,26300.0,False,False,1.0,0.0,-0.07,0.0,0.0,62.1,0.0,0.0,40.25,0.0,0.0,40.08,10.04,Low,1.0
V0025,2023Q3,Connectors,Taiwan,APAC,Tier 3,26300.0,False,False,0.67,0.02,0.03,4.04,0.0,62.0,33.33,17.84,15.77,19.77,0.0,40.28,21.26,Low,0.0
V0025,2023Q4,Connectors,Taiwan,APAC,Tier 3,26300.0,False,False,1.0,0.03,0.0,0.0,0.0,62.0,0.0,34.6,0.0,0.0,0.0,40.28,10.95,Low,0.0
V0025,2024Q1,Connectors,Taiwan,APAC,Tier 3,26300.0,False,False,1.0,0.0,-0.02,0.0,0.0,60.7,0.0,0.0,11.17,0.0,0.0,42.86,5.96,Low,1.0
V0025,2024Q2,Connectors,Taiwan,APAC,Tier 3,26300.0,False,False,0.4,0.02,-0.01,9.13,0.0,61.1,60.0,17.84,7.29,44.66,0.0,42.06,30.57,Moderate,0.0
V0025,2024Q3,Connectors,Taiwan,APAC,Tier 3,26300.0,False,False,1.0,0.03,-0.04,0.58,0.0,60.8,0.0,29.26,22.16,2.82,0.0,42.66,13.87,Low,1.0
V0025,2024Q4,Connectors,Taiwan,APAC,Tier 3,26300.0,False,False,0.5,0.01,0.03,3.54,0.0,61.0,50.0,11.31,17.71,17.3,0.0,42.26,24.24,Low,0.0
V0025,2025Q1,Connectors,Taiwan,APAC,Tier 3,26300.0,False,False,1.0,0.0,-0.06,0.0,0.0,61.3,0.0,0.0,34.97,0.0,0.0,41.67,9.41,Low,0.0
V0025,2025Q2,Connectors,Taiwan,APAC,Tier 3,26300.0,False,False,1.0,0.01,0.09,0.0,0.0,61.0,0.0,10.08,51.97,0.0,0.0,42.26,14.04,Low,0.0
V0025,2025Q3,Connectors,Taiwan,APAC,Tier 3,26300.0,False,False,0.75,0.02,-0.0,2.87,0.0,61.1,25.0,19.11,0.33,14.05,0.0,42.06,16.44,Low,0.0
V0025,2025Q4,Connectors,Taiwan,APAC,Tier 3,26300.0,False,False,1.0,0.0,0.1,0.0,0.0,61.2,0.0,0.0,55.5,0.0,0.0,41.87,12.51,Low,0.0
V0025,2026Q1,Connectors,Taiwan,APAC,Tier 3,26300.0,False,False,1.0,0.03,-0.1,0.71,0.0,61.4,0.0,31.19,55.67,3.46,0.0,41.47,19.25,Low,0.0
V0025,2026Q2,Connectors,Taiwan,APAC,Tier 3,26300.0,False,False,1.0,0.02,-0.01,0.41,0.0,62.0,0.0,17.02,7.6,2.0,0.0,40.28,8.87,Low,
V0026,2022Q1,Connectors,China,APAC,Tier 3,376000.0,False,False,1.0,0.0,-0.03,1.15,0.0,82.3,0.0,2.28,14.55,5.65,0.0,0.0,3.49,Low,0.0
V0026,2022Q2,Connectors,China,APAC,Tier 3,376000.0,False,False,1.0,0.0,-0.04,0.0,0.0,81.4,0.0,0.0,20.21,0.0,0.0,1.79,3.21,Low,0.0
V0026,2022Q3,Connectors,China,APAC,Tier 3,376000.0,False,False,1.0,0.0,0.01,0.0,0.0,81.0,0.0,0.0,4.68,0.0,0.0,2.58,0.96,Low,0.0
V0026,2022Q4,Connectors,China,APAC,Tier 3,376000.0,False,False,1.0,0.0,0.02,0.0,0.0,80.9,0.0,3.58,13.02,0.0,0.0,2.78,2.95,Low,1.0
V0026,2023Q1,Connectors,China,APAC,Tier 3,376000.0,False,False,0.67,0.0,0.02,11.55,0.0,81.2,33.33,0.0,8.61,56.5,0.0,2.18,18.32,Low,0.0
V0026,2023Q2,Connectors,China,APAC,Tier 3,376000.0,False,False,1.0,0.0,-0.01,0.5,0.0,81.1,0.0,0.11,3.1,2.45,0.0,2.38,1.09,Low,0.0
V0026,2023Q3,Connectors,China,APAC,Tier 3,376000.0,False,False,1.0,0.01,0.01,0.0,0.0,81.3,0.0,6.49,4.59,0.0,0.0,1.98,2.19,Low,1.0
V0026,2023Q4,Connectors,China,APAC,Tier 3,376000.0,False,False,0.33,0.0,0.0,3.51,0.0,81.5,66.67,0.0,0.93,17.18,0.0,1.59,19.54,Low,0.0
V0026,2024Q1,Connectors,China,APAC,Tier 3,376000.0,False,False,1.0,0.0,0.01,1.41,0.0,81.4,0.0,3.92,3.27,6.92,0.0,1.79,2.49,Low,1.0
V0026,2024Q2,Connectors,China,APAC,Tier 3,376000.0,False,False,0.67,0.0,-0.0,15.59,0.0,81.7,33.33,0.78,1.19,76.27,0.0,1.19,20.23,Low,0.0
V0026,2024Q3,Connectors,China,APAC,Tier 3,376000.0,False,False,1.0,0.0,0.01,0.0,0.0,82.0,0.0,0.0,2.92,0.0,0.0,0.6,0.5,Low,0.0
V0026,2024Q4,Connectors,China,APAC,Tier 3,376000.0,False,False,1.0,0.0,-0.02,0.71,0.0,81.9,0.0,0.0,8.99,3.46,0.0,0.79,1.95,Low,0.0
V0026,2025Q1,Connectors,China,APAC,Tier 3,376000.0,False,False,1.0,0.0,0.0,0.0,0.0,81.6,0.0,0.9,1.75,0.0,0.0,1.39,0.58,Low,0.0
V0026,2025Q2,Connectors,China,APAC,Tier 3,376000.0,False,False,1.0,0.0,0.01,0.0,0.0,81.3,0.0,0.0,3.74,0.0,0.0,1.98,0.76,Low,1.0
V0026,2025Q3,Connectors,China,APAC,Tier 3,376000.0,False,False,0.67,0.0,-0.01,4.04,0.0,81.1,33.33,4.18,3.34,19.77,0.0,2.38,12.87,Low,1.0
V0026,2025Q4,Connectors,China,APAC,Tier 3,376000.0,False,False,0.67,0.01,0.0,2.89,0.0,81.2,33.33,5.82,2.45,14.12,0.0,2.18,12.2,Low,1.0
V0026,2026Q1,Connectors,China,APAC,Tier 3,376000.0,False,False,0.5,0.0,-0.01,2.83,0.0,81.5,50.0,3.64,7.75,13.84,0.0,1.59,16.62,Low,0.0
V0026,2026Q2,Connectors,China,APAC,Tier 3,376000.0,False,False,1.0,0.0,0.02,0.71,0.0,81.8,0.0,0.0,8.64,3.46,0.0,0.99,1.91,Low,
V0027,2022Q1,Batteries,United States,AMER,Tier 3,270800.0,False,False,1.0,0.01,-0.13,0.0,0.0,62.2,0.0,15.45,69.82,0.0,0.0,39.88,17.55,Low,0.0
V0027,2022Q2,Batteries,United States,AMER,Tier 3,270800.0,False,False,1.0,0.01,-0.02,0.0,0.0,62.2,0.0,12.65,11.02,0.0,0.0,39.88,8.17,Low,0.0
V0027,2022Q3,Batteries,United States,AMER,Tier 3,270800.0,False,False,1.0,0.02,-0.03,0.5,0.0,62.7,0.0,21.95,18.08,2.45,0.0,38.89,11.36,Low,0.0
V0027,2023Q2,Batteries,United States,AMER,Tier 3,270800.0,False,False,1.0,0.01,0.03,0.0,0.0,62.6,0.0,13.44,17.62,0.0,0.0,39.09,9.24,Low,0.0
V0027,2023Q3,Batteries,United States,AMER,Tier 3,270800.0,False,False,1.0,0.01,0.04,0.71,0.0,62.8,0.0,12.99,23.32,3.46,0.0,38.69,10.48,Low,1.0
V0027,2023Q4,Batteries,United States,AMER,Tier 3,270800.0,False,False,0.5,0.02,0.07,8.49,0.0,62.3,50.0,24.8,38.57,41.52,0.0,39.68,33.44,Moderate,0.0
V0027,2024Q1,Batteries,United States,AMER,Tier 3,270800.0,False,False,1.0,0.03,0.03,1.0,0.0,62.6,0.0,32.03,16.75,4.89,0.0,39.09,13.56,Low,1.0
V0027,2024Q2,Batteries,United States,AMER,Tier 3,270800.0,False,False,0.67,0.02,0.03,2.31,0.0,62.4,33.33,19.76,16.01,11.3,0.0,39.48,20.33,Low,0.0
V0027,2024Q3,Batteries,United States,AMER,Tier 3,270800.0,False,False,1.0,0.03,-0.02,0.0,0.0,62.1,0.0,29.0,11.55,0.0,0.0,40.08,11.54,Low,0.0
V0027,2024Q4,Batteries,United States,AMER,Tier 3,270800.0,False,False,1.0,0.02,-0.04,0.58,0.0,62.0,0.0,18.7,19.73,2.82,0.0,40.28,11.15,Low,0.0
V0027,2025Q1,Batteries,United States,AMER,Tier 3,270800.0,False,False,1.0,0.0,-0.05,0.0,0.0,62.6,0.0,0.0,25.18,0.0,0.0,39.09,7.69,Low,1.0
V0027,2025Q2,Batteries,United States,AMER,Tier 3,270800.0,False,False,0.5,0.0,0.03,4.24,0.0,62.3,50.0,0.0,14.66,20.76,0.0,39.68,21.78,Low,0.0
V0027,2025Q3,Batteries,United States,AMER,Tier 3,270800.0,False,False,0.75,0.02,-0.01,14.5,0.0,61.9,25.0,19.75,7.26,70.94,0.0,40.48,25.98,Low,1.0
V0027,2025Q4,Batteries,United States,AMER,Tier 3,270800.0,False,False,0.5,0.0,-0.08,16.26,0.0,62.5,50.0,0.0,41.28,79.57,0.0,39.29,34.56,Moderate,0.0
V0027,2026Q1,Batteries,United States,AMER,Tier 3,270800.0,False,False,1.0,0.0,0.03,0.0,0.0,62.9,0.0,0.0,15.57,0.0,0.0,38.49,6.18,Low,0.0
V0027,2026Q2,Batteries,United States,AMER,Tier 3,270800.0,False,False,1.0,0.02,-0.02,0.58,0.0,63.1,0.0,21.22,12.38,2.82,0.0,38.1,10.33,Low,
V0028,2022Q1,Connectors,China,APAC,Tier 1,13705400.0,False,False,1.0,0.0,0.01,0.41,0.0,73.2,0.0,4.98,4.45,2.0,0.0,18.06,3.77,Low,1.0
V0028,2022Q2,Connectors,China,APAC,Tier 1,13705400.0,False,False,0.67,0.01,-0.02,17.61,0.0,72.7,33.33,6.83,10.53,86.15,0.0,19.05,26.11,Low,0.0
V0028,2022Q3,Connectors,China,APAC,Tier 1,13705400.0,False,False,0.78,0.01,-0.01,12.79,0.0,72.8,22.22,11.58,3.94,62.56,0.0,18.85,19.73,Low,0.0
V0028,2022Q4,Connectors,China,APAC,Tier 1,13705400.0,False,False,0.92,0.01,-0.03,2.89,0.0,73.0,8.33,9.67,15.97,14.15,0.0,18.45,10.38,Low,0.0
V0028,2023Q1,Connectors,China,APAC,Tier 1,13705400.0,False,False,0.91,0.01,-0.01,1.04,0.0,72.6,9.09,10.47,3.08,5.11,0.0,19.25,7.52,Low,0.0
V0028,2023Q2,Connectors,China,APAC,Tier 1,13705400.0,False,False,0.92,0.01,-0.01,1.12,0.0,72.3,7.69,7.17,3.37,5.48,0.0,19.84,6.67,Low,0.0
V0028,2023Q3,Connectors,China,APAC,Tier 1,13705400.0,False,False,0.95,0.01,-0.01,0.97,0.0,73.0,4.76,9.79,4.95,4.76,0.0,18.45,6.45,Low,1.0
V0028,2023Q4,Connectors,China,APAC,Tier 1,13705400.0,False,False,0.73,0.01,0.01,3.49,0.0,73.3,27.27,11.66,4.95,17.09,0.0,17.86,14.24,Low,1.0
V0028,2024Q1,Connectors,China,APAC,Tier 1,13705400.0,False,False,0.44,0.01,0.0,20.16,0.0,72.3,56.25,10.85,1.86,98.65,0.0,19.84,33.29,Moderate,0.0
V0028,2024Q2,Connectors,China,APAC,Tier 1,13705400.0,False,False,0.75,0.01,-0.01,6.46,0.0,71.9,25.0,9.29,4.34,31.6,0.0,20.63,15.56,Low,0.0
V0028,2024Q3,Connectors,China,APAC,Tier 1,13705400.0,False,False,0.87,0.01,0.01,3.36,0.0,72.7,13.33,11.74,4.45,16.46,0.0,19.05,10.72,Low,0.0
V0028,2024Q4,Connectors,China,APAC,Tier 1,13705400.0,False,False,0.92,0.01,-0.0,0.97,0.0,72.6,7.69,12.35,1.61,4.73,0.0,19.25,7.27,Low,1.0
V0028,2025Q1,Connectors,China,APAC,Tier 1,13705400.0,False,False,0.58,0.01,0.01,3.95,0.0,72.7,41.67,7.08,4.8,19.33,0.0,19.05,17.36,Low,0.0
V0028,2025Q2,Connectors,China,APAC,Tier 1,13705400.0,False,False,1.0,0.01,0.05,0.65,0.0,72.6,0.0,10.13,25.04,3.16,0.0,19.25,8.18,Low,1.0
V0028,2025Q3,Connectors,China,APAC,Tier 1,13705400.0,False,False,0.6,0.01,0.01,8.6,0.0,72.6,40.0,8.53,4.91,42.08,0.0,19.25,20.68,Low,0.0
V0028,2025Q4,Connectors,China,APAC,Tier 1,13705400.0,False,False,0.75,0.01,-0.02,15.39,0.0,72.0,25.0,11.98,8.82,75.29,0.0,20.44,23.31,Low,0.0
V0028,2026Q1,Connectors,China,APAC,Tier 1,13705400.0,False,False,0.89,0.0,0.01,3.28,0.0,72.4,11.11,5.32,6.49,16.06,0.0,19.64,9.19,Low,0.0
V0028,2026Q2,Connectors,China,APAC,Tier 1,13705400.0,False,False,0.89,0.01,-0.01,1.33,0.0,73.3,11.11,8.48,4.27,6.52,0.0,17.86,7.88,Low,
V0029,2022Q1,Packaging,Germany,EMEA,Tier 3,316400.0,True,False,1.0,0.0,0.02,0.0,0.0,72.9,0.0,0.0,9.76,0.0,0.0,18.65,3.33,Low,0.0
V0029,2022Q2,Packaging,Germany,EMEA,Tier 3,316400.0,True,False,1.0,0.01,0.01,0.71,0.0,72.7,0.0,11.93,4.03,3.46,0.0,19.05,5.41,Low,0.0
V0029,2022Q3,Packaging,Germany,EMEA,Tier 3,316400.0,True,False,1.0,0.01,0.05,0.0,0.0,72.3,0.0,6.38,30.06,0.0,0.0,19.84,7.77,Low,0.0
V0029,2022Q4,Packaging,Germany,EMEA,Tier 3,316400.0,True,False,1.0,0.01,-0.01,1.41,0.0,72.2,0.0,10.75,5.02,6.92,0.0,20.04,5.94,Low,0.0
V0029,2023Q1,Packaging,Germany,EMEA,Tier 3,316400.0,True,False,1.0,0.01,0.0,0.58,0.0,72.5,0.0,9.35,1.27,2.82,0.0,19.44,4.43,Low,0.0
V0029,2023Q2,Packaging,Germany,EMEA,Tier 3,316400.0,True,False,1.0,0.01,-0.01,0.0,0.0,72.6,0.0,7.05,2.97,0.0,0.0,19.25,3.78,Low,0.0
V0029,2023Q3,Packaging,Germany,EMEA,Tier 3,316400.0,True,False,1.0,0.0,0.01,0.0,0.0,72.7,0.0,0.0,7.87,0.0,0.0,19.05,3.09,Low,0.0
V0029,2023Q4,Packaging,Germany,EMEA,Tier 3,316400.0,True,False,1.0,0.01,-0.01,0.82,0.0,72.3,0.0,7.75,2.91,3.99,0.0,19.84,4.57,Low,1.0
V0029,2024Q1,Packaging,Germany,EMEA,Tier 3,316400.0,True,False,0.0,0.0,0.04,0.0,0.0,71.9,100.0,0.0,22.25,0.0,0.0,20.63,30.4,Moderate,1.0
V0029,2024Q2,Packaging,Germany,EMEA,Tier 3,316400.0,True,False,0.67,0.01,0.02,12.12,0.0,71.7,33.33,9.46,11.79,59.32,0.0,21.03,23.0,Low,0.0
V0029,2024Q3,Packaging,Germany,EMEA,Tier 3,316400.0,True,False,1.0,0.01,-0.02,0.0,0.0,71.5,0.0,6.72,11.45,0.0,0.0,21.43,5.2,Low,1.0
V0029,2024Q4,Packaging,Germany,EMEA,Tier 3,316400.0,True,False,1.0,0.01,0.02,0.0,4.0,71.8,0.0,9.33,10.83,0.0,100.0,20.83,20.57,Low,0.0
V0029,2025Q1,Packaging,Germany,EMEA,Tier 3,316400.0,True,False,1.0,0.01,0.02,0.45,0.0,71.0,0.0,7.03,12.59,2.19,0.0,22.42,5.87,Low,0.0
V0029,2025Q2,Packaging,Germany,EMEA,Tier 3,316400.0,True,False,1.0,0.01,0.0,0.5,0.0,70.5,0.0,14.5,1.9,2.45,0.0,23.41,5.89,Low,0.0
V0029,2025Q3,Packaging,Germany,EMEA,Tier 3,316400.0,True,False,0.75,0.01,0.05,2.0,0.0,70.1,25.0,10.3,27.42,9.79,0.0,24.21,16.31,Low,0.0
V0029,2025Q4,Packaging,Germany,EMEA,Tier 3,316400.0,True,False,1.0,0.0,-0.05,0.0,0.0,70.5,0.0,3.7,27.03,0.0,0.0,23.41,7.13,Low,1.0
V0029,2026Q1,Packaging,Germany,EMEA,Tier 3,316400.0,True,False,0.0,0.01,-0.04,0.0,0.0,70.3,100.0,7.28,19.42,0.0,0.0,23.81,31.75,Moderate,0.0
V0029,2026Q2,Packaging,Germany,EMEA,Tier 3,316400.0,True,False,1.0,0.01,-0.02,0.5,0.0,70.5,0.0,6.86,8.55,2.45,0.0,23.41,5.36,Low,
V0030,2022Q1,Displays,Mexico,AMER,Tier 3,58600.0,True,False,1.0,0.01,-0.04,0.0,0.0,72.8,0.0,6.49,21.64,0.0,0.0,18.85,6.43,Low,0.0
V0030,2022Q3,Displays,Mexico,AMER,Tier 3,58600.0,True,False,1.0,0.01,-0.01,0.0,0.0,71.9,0.0,6.94,6.78,0.0,0.0,20.63,4.47,Low,0.0
V0030,2023Q1,Displays,Mexico,AMER,Tier 3,58600.0,True,False,1.0,0.0,0.07,0.0,0.0,72.1,0.0,0.0,38.37,0.0,0.0,20.24,7.78,Low,0.0
V0030,2023Q2,Displays,Mexico,AMER,Tier 3,58600.0,True,False,1.0,0.01,-0.03,0.0,0.0,72.7,0.0,8.62,15.81,0.0,0.0,19.05,6.0,Low,0.0
V0030,2023Q4,Displays,Mexico,AMER,Tier 3,58600.0,True,False,1.0,0.01,-0.01,0.0,0.0,72.5,0.0,13.66,6.65,0.0,0.0,19.44,5.68,Low,0.0
V0030,2024Q1,Displays,Mexico,AMER,Tier 3,58600.0,True,False,1.0,0.01,0.01,0.0,0.0,72.1,0.0,8.73,5.33,0.0,0.0,20.24,4.57,Low,0.0
V0030,2024Q2,Displays,Mexico,AMER,Tier 3,58600.0,True,False,1.0,0.0,-0.02,0.0,0.0,72.7,0.0,0.78,13.3,0.0,0.0,19.05,4.06,Low,1.0
V0030,2024Q3,Displays,Mexico,AMER,Tier 3,58600.0,True,False,0.5,0.0,0.0,4.24,0.0,72.4,50.0,0.0,0.43,20.76,0.0,19.64,17.64,Low,1.0
V0030,2024Q4,Displays,Mexico,AMER,Tier 3,58600.0,True,False,0.5,0.01,0.01,9.19,0.0,72.1,50.0,13.44,6.1,44.98,0.0,20.24,24.87,Low,0.0
V0030,2025Q1,Displays,Mexico,AMER,Tier 3,58600.0,True,False,1.0,0.0,-0.07,0.0,0.0,72.0,0.0,0.0,38.16,0.0,0.0,20.44,7.77,Low,0.0
V0030,2025Q3,Displays,Mexico,AMER,Tier 3,58600.0,True,False,0.5,0.01,-0.07,14.85,0.0,71.1,50.0,10.41,36.11,72.65,0.0,22.22,33.12,Moderate,0.0
V0030,2025Q4,Displays,Mexico,AMER,Tier 3,58600.0,True,False,1.0,0.01,0.03,0.0,0.0,71.1,0.0,10.3,14.91,0.0,0.0,22.22,6.52,Low,0.0
V0030,2026Q1,Displays,Mexico,AMER,Tier 3,58600.0,True,False,1.0,0.01,-0.08,0.0,0.0,71.1,0.0,5.94,45.69,0.0,0.0,22.22,10.26,Low,0.0
V0031,2022Q2,Displays,Malaysia,APAC,Tier 3,105200.0,True,False,1.0,0.02,-0.08,1.41,0.0,72.8,0.0,16.91,43.06,6.92,0.0,18.85,12.76,Low,0.0
V0031,2022Q3,Displays,Malaysia,APAC,Tier 3,105200.0,True,False,1.0,0.01,-0.03,0.0,0.0,73.0,0.0,8.73,17.11,0.0,0.0,18.45,6.16,Low,1.0
V0031,2022Q4,Displays,Malaysia,APAC,Tier 3,105200.0,True,False,0.0,0.02,-0.0,0.0,0.0,72.9,100.0,18.48,2.15,0.0,0.0,18.65,30.88,Moderate,0.0
V0031,2023Q1,Displays,Malaysia,APAC,Tier 3,105200.0,True,False,1.0,0.01,-0.04,0.0,0.0,73.0,0.0,7.89,24.53,0.0,0.0,18.45,7.1,Low,0.0
V0031,2023Q2,Displays,Malaysia,APAC,Tier 3,105200.0,True,False,1.0,0.01,0.02,0.71,0.0,72.9,0.0,12.54,9.44,3.46,0.0,18.65,6.31,Low,0.0
V0031,2023Q3,Displays,Malaysia,APAC,Tier 3,105200.0,True,False,0.75,0.01,0.02,5.0,0.0,72.7,25.0,7.05,12.17,24.46,0.0,19.05,15.06,Low,0.0
V0031,2023Q4,Displays,Malaysia,APAC,Tier 3,105200.0,True,False,1.0,0.0,0.01,0.0,0.0,72.7,0.0,3.92,7.41,0.0,0.0,19.05,3.8,Low,1.0
V0031,2024Q1,Displays,Malaysia,APAC,Tier 3,105200.0,True,False,0.0,0.0,0.16,0.0,0.0,72.4,100.0,0.0,87.77,0.0,0.0,19.64,40.13,Moderate,1.0
V0031,2024Q2,Displays,Malaysia,APAC,Tier 3,105200.0,True,False,0.33,0.01,0.02,10.97,0.0,71.5,66.67,10.41,9.65,53.67,0.0,21.43,30.39,Moderate,1.0
V0031,2024Q3,Displays,Malaysia,APAC,Tier 3,105200.0,True,False,0.5,0.0,0.01,37.48,0.0,70.7,50.0,0.0,6.74,100.0,0.0,23.02,30.81,Moderate,0.0
V0031,2024Q4,Displays,Malaysia,APAC,Tier 3,105200.0,True,False,1.0,0.01,-0.04,0.0,0.0,71.0,0.0,6.27,21.63,0.0,0.0,22.42,6.74,Low,0.0
V0031,2025Q2,Displays,Malaysia,APAC,Tier 3,105200.0,True,False,0.67,0.01,0.04,7.31,0.0,70.8,33.33,11.73,22.1,35.79,0.0,22.82,21.64,Low,0.0
V0031,2025Q3,Displays,Malaysia,APAC,Tier 3,105200.0,True,False,1.0,0.0,-0.0,0.0,0.0,71.2,0.0,0.0,0.71,0.0,0.0,22.02,2.31,Low,0.0
V0031,2025Q4,Displays,Malaysia,APAC,Tier 3,105200.0,True,False,1.0,0.01,0.04,0.0,0.0,71.2,0.0,12.21,21.86,0.0,0.0,22.02,7.92,Low,0.0
V0031,2026Q1,Displays,Malaysia,APAC,Tier 3,105200.0,True,False,1.0,0.0,-0.03,0.0,0.0,72.0,0.0,5.49,15.59,0.0,0.0,20.44,5.48,Low,1.0
V0031,2026Q2,Displays,Malaysia,APAC,Tier 3,105200.0,True,False,0.0,0.01,0.02,4.24,0.0,72.2,100.0,9.85,12.57,20.76,0.0,20.04,33.97,Moderate,
V0032,2022Q2,Enclosures / Metal,Germany,EMEA,Tier 3,269900.0,True,False,1.0,0.0,-0.02,0.0,0.0,73.4,0.0,0.0,11.26,0.0,0.0,17.66,3.46,Low,0.0
V0032,2022Q4,Enclosures / Metal,Germany,EMEA,Tier 3,269900.0,True,False,1.0,0.01,-0.03,0.0,0.0,73.3,0.0,8.62,14.12,0.0,0.0,17.86,5.63,Low,1.0
V0032,2023Q1,Enclosures / Metal,Germany,EMEA,Tier 3,269900.0,True,False,0.67,0.01,0.02,12.7,0.0,73.4,33.33,13.92,11.82,62.15,0.0,17.66,23.98,Low,0.0
V0032,2023Q2,Enclosures / Metal,Germany,EMEA,Tier 3,269900.0,True,False,1.0,0.0,-0.01,0.0,0.0,73.5,0.0,0.0,3.19,0.0,0.0,17.46,2.23,Low,0.0
V0032,2023Q3,Enclosures / Metal,Germany,EMEA,Tier 3,269900.0,True,False,1.0,0.0,-0.03,0.0,0.0,73.3,0.0,0.0,17.67,0.0,0.0,17.86,4.44,Low,0.0
V0032,2024Q1,Enclosures / Metal,Germany,EMEA,Tier 3,269900.0,True,False,0.8,0.0,0.06,3.58,0.0,73.4,20.0,3.73,35.51,17.5,0.0,17.66,15.46,Low,1.0
V0032,2024Q2,Enclosures / Metal,Germany,EMEA,Tier 3,269900.0,True,False,0.33,0.01,0.01,31.09,0.0,73.1,66.67,11.53,7.4,100.0,0.0,18.25,36.91,Moderate,1.0
V0032,2024Q3,Enclosures / Metal,Germany,EMEA,Tier 3,269900.0,True,False,0.67,0.01,-0.02,7.51,0.0,73.1,33.33,15.62,9.57,36.72,0.0,18.25,20.23,Low,0.0
V0032,2024Q4,Enclosures / Metal,Germany,EMEA,Tier 3,269900.0,True,False,1.0,0.01,0.03,0.58,0.0,73.3,0.0,8.62,18.61,2.82,0.0,17.86,6.73,Low,0.0
V0032,2025Q1,Enclosures / Metal,Germany,EMEA,Tier 3,269900.0,True,False,1.0,0.01,-0.0,0.58,0.0,74.0,0.0,13.33,0.57,2.82,0.0,16.47,4.82,Low,0.0
V0032,2025Q3,Enclosures / Metal,Germany,EMEA,Tier 3,269900.0,True,False,0.33,0.01,0.05,7.09,0.0,73.5,66.67,6.16,29.32,34.71,0.0,17.46,29.25,Low,0.0
V0032,2025Q4,Enclosures / Metal,Germany,EMEA,Tier 3,269900.0,True,False,1.0,0.02,-0.03,0.0,0.0,73.5,0.0,23.74,18.36,0.0,0.0,17.46,9.25,Low,0.0
V0032,2026Q2,Enclosures / Metal,Germany,EMEA,Tier 3,269900.0,True,False,1.0,0.01,0.02,0.71,0.0,74.1,0.0,9.35,12.18,3.46,0.0,16.27,5.84,Low,
V0033,2022Q1,Passive Components,China,APAC,Tier 2,1029000.0,False,False,0.71,0.04,-0.02,20.06,0.0,47.4,28.57,40.94,10.21,98.14,0.0,69.25,38.51,Moderate,1.0
V0033,2022Q2,Passive Components,China,APAC,Tier 2,1029000.0,False,False,0.8,0.06,0.1,2.17,0.0,46.9,20.0,64.5,57.38,10.61,0.0,70.24,35.12,Moderate,1.0
V0033,2022Q3,Passive Components,China,APAC,Tier 2,1029000.0,False,False,0.57,0.04,-0.03,6.9,0.0,47.5,42.86,46.43,15.79,33.78,0.0,69.05,34.34,Moderate,0.0
V0033,2022Q4,Passive Components,China,APAC,Tier 2,1029000.0,False,False,0.89,0.02,0.02,1.12,0.0,47.4,11.11,26.95,9.82,5.47,0.0,69.25,17.39,Low,1.0
V0033,2023Q1,Passive Components,China,APAC,Tier 2,1029000.0,False,False,0.75,0.04,0.03,2.39,0.0,47.3,25.0,44.68,17.66,11.7,0.0,69.44,26.53,Low,1.0
V0033,2023Q2,Passive Components,China,APAC,Tier 2,1029000.0,False,False,0.67,0.05,-0.04,5.93,0.0,47.5,33.33,53.19,21.61,29.03,0.0,69.05,33.47,Moderate,1.0
V0033,2023Q3,Passive Components,China,APAC,Tier 2,1029000.0,False,False,0.78,0.03,-0.01,2.93,0.0,47.8,22.22,37.82,7.84,14.36,0.0,68.45,23.29,Low,1.0
V0033,2023Q4,Passive Components,China,APAC,Tier 2,1029000.0,False,False,1.0,0.05,-0.12,0.0,0.0,47.6,0.0,51.4,68.0,0.0,0.0,68.85,27.37,Low,1.0
V0033,2024Q1,Passive Components,China,APAC,Tier 2,1029000.0,False,False,0.43,0.04,-0.02,14.84,0.0,47.0,57.14,46.44,8.31,72.61,0.0,70.04,42.71,Moderate,1.0
V0033,2024Q2,Passive Components,China,APAC,Tier 2,1029000.0,False,False,0.43,0.05,0.02,7.02,0.0,46.8,57.14,59.4,12.89,34.35,0.0,70.44,40.29,Moderate,1.0
V0033,2024Q3,Passive Components,China,APAC,Tier 2,1029000.0,False,False,0.5,0.03,-0.02,9.21,0.0,46.9,50.0,28.14,13.08,45.06,0.0,70.24,33.87,Moderate,1.0
V0033,2024Q4,Passive Components,China,APAC,Tier 2,1029000.0,False,False,0.83,0.04,-0.04,2.0,0.0,46.8,16.67,49.16,19.64,9.79,0.0,70.44,25.46,Low,0.0
V0033,2025Q1,Passive Components,China,APAC,Tier 2,1029000.0,False,False,1.0,0.04,-0.06,0.45,0.0,46.4,0.0,42.67,33.43,2.19,0.0,71.23,21.0,Low,1.0
V0033,2025Q2,Passive Components,China,APAC,Tier 2,1029000.0,False,False,0.64,0.05,-0.05,4.27,0.0,46.2,36.36,53.09,25.4,20.9,0.0,71.63,33.82,Moderate,0.0
V0033,2025Q3,Passive Components,China,APAC,Tier 2,1029000.0,False,False,0.86,0.04,-0.13,16.66,0.0,46.1,14.29,48.85,72.46,81.52,0.0,71.83,43.62,Moderate,0.0
V0033,2025Q4,Passive Components,China,APAC,Tier 2,1029000.0,False,False,1.0,0.03,0.03,0.71,0.0,46.0,0.0,32.36,15.09,3.46,0.0,72.02,16.46,Low,1.0
V0033,2026Q1,Passive Components,China,APAC,Tier 2,1029000.0,False,False,0.67,0.03,-0.08,3.35,0.0,46.3,33.33,36.73,41.64,16.37,0.0,71.43,31.52,Moderate,1.0
V0033,2026Q2,Passive Components,China,APAC,Tier 2,1029000.0,False,False,0.67,0.03,-0.05,12.48,0.0,46.4,33.33,34.31,28.99,61.08,0.0,71.23,35.83,Moderate,
V0034,2022Q2,PCB / PCBA,Malaysia,APAC,Tier 3,94200.0,False,False,1.0,0.0,0.0,0.0,0.0,81.9,0.0,4.82,1.47,0.0,0.0,0.79,1.26,Low,0.0
V0034,2022Q4,PCB / PCBA,Malaysia,APAC,Tier 3,94200.0,False,False,0.75,0.0,0.01,10.0,0.0,81.4,25.0,4.54,6.41,48.93,0.0,1.79,15.64,Low,0.0
V0034,2023Q2,PCB / PCBA,Malaysia,APAC,Tier 3,94200.0,False,False,1.0,0.0,0.01,0.58,0.0,81.3,0.0,2.97,6.75,2.82,0.0,1.98,2.23,Low,1.0
V0034,2023Q3,PCB / PCBA,Malaysia,APAC,Tier 3,94200.0,False,False,0.67,0.0,0.03,9.87,0.0,81.3,33.33,4.59,14.62,48.27,0.0,1.98,18.88,Low,0.0
V0034,2023Q4,PCB / PCBA,Malaysia,APAC,Tier 3,94200.0,False,False,1.0,0.0,-0.01,0.0,0.0,81.2,0.0,0.0,3.23,0.0,0.0,2.18,0.7,Low,0.0
V0034,2024Q1,PCB / PCBA,Malaysia,APAC,Tier 3,94200.0,False,False,0.8,0.0,0.0,2.24,0.0,80.6,20.0,2.54,2.33,10.94,0.0,3.37,7.84,Low,0.0
V0034,2024Q3,PCB / PCBA,Malaysia,APAC,Tier 3,94200.0,False,False,1.0,0.01,0.0,0.58,0.0,80.0,0.0,5.71,2.72,2.82,0.0,4.56,2.43,Low,0.0
V0034,2024Q4,PCB / PCBA,Malaysia,APAC,Tier 3,94200.0,False,False,1.0,0.0,-0.01,0.0,0.0,80.3,0.0,3.25,6.34,0.0,0.0,3.97,2.0,Low,0.0
V0034,2025Q1,PCB / PCBA,Malaysia,APAC,Tier 3,94200.0,False,False,1.0,0.0,0.0,1.41,0.0,80.6,0.0,3.75,0.22,6.92,0.0,3.37,2.16,Low,1.0
V0034,2025Q2,PCB / PCBA,Malaysia,APAC,Tier 3,94200.0,False,False,0.0,0.0,0.01,0.0,0.0,80.3,100.0,0.0,7.93,0.0,0.0,3.97,26.59,Low,1.0
V0034,2025Q3,PCB / PCBA,Malaysia,APAC,Tier 3,94200.0,False,False,0.67,0.0,-0.0,3.79,0.0,80.3,33.33,2.74,0.35,18.52,0.0,3.97,12.11,Low,0.0
V0034,2025Q4,PCB / PCBA,Malaysia,APAC,Tier 3,94200.0,False,False,1.0,0.0,-0.0,0.0,2.0,80.0,0.0,3.81,1.98,0.0,100.0,4.56,16.52,Low,0.0
V0034,2026Q1,PCB / PCBA,Malaysia,APAC,Tier 3,94200.0,False,False,1.0,0.0,-0.01,1.41,0.0,80.0,0.0,0.0,4.35,6.92,0.0,4.56,2.15,Low,0.0
V0034,2026Q2,PCB / PCBA,Malaysia,APAC,Tier 3,94200.0,False,False,1.0,0.0,0.02,0.0,0.0,79.9,0.0,0.0,8.96,0.0,0.0,4.76,1.82,Low,
V0035,2022Q1,Enclosures / Metal,India,APAC,Tier 2,1926300.0,False,False,1.0,0.0,0.03,0.0,0.0,81.8,0.0,4.76,16.44,0.0,0.0,0.99,3.52,Low,1.0
V0035,2022Q2,Enclosures / Metal,India,APAC,Tier 2,1926300.0,False,False,0.6,0.0,0.01,3.63,0.0,81.9,40.0,4.14,4.17,17.78,0.0,0.79,14.2,Low,1.0
V0035,2022Q3,Enclosures / Metal,India,APAC,Tier 2,1926300.0,False,False,0.67,0.0,-0.0,19.66,0.0,81.6,33.33,5.01,1.7,96.18,0.0,1.39,24.16,Low,0.0
V0035,2022Q4,Enclosures / Metal,India,APAC,Tier 2,1926300.0,False,False,0.8,0.0,0.01,8.84,0.0,81.3,20.0,1.72,5.1,43.27,0.0,1.98,12.8,Low,0.0
V0035,2023Q1,Enclosures / Metal,India,APAC,Tier 2,1926300.0,False,False,1.0,0.0,0.0,0.53,0.0,81.3,0.0,2.93,1.07,2.62,0.0,1.98,1.34,Low,0.0
V0035,2023Q2,Enclosures / Metal,India,APAC,Tier 2,1926300.0,False,False,1.0,0.0,-0.0,0.52,0.0,81.5,0.0,3.09,1.71,2.53,0.0,1.59,1.41,Low,0.0
V0035,2023Q3,Enclosures / Metal,India,APAC,Tier 2,1926300.0,False,False,1.0,0.0,0.01,0.58,0.0,81.4,0.0,2.58,3.57,2.82,0.0,1.79,1.65,Low,0.0
V0035,2023Q4,Enclosures / Metal,India,APAC,Tier 2,1926300.0,False,False,1.0,0.01,0.0,0.0,0.0,82.2,0.0,5.66,2.66,0.0,0.0,0.2,1.55,Low,1.0
V0035,2024Q1,Enclosures / Metal,India,APAC,Tier 2,1926300.0,False,False,0.67,0.0,-0.0,7.04,0.0,82.2,33.33,4.12,0.88,34.46,0.0,0.2,14.48,Low,1.0
V0035,2024Q2,Enclosures / Metal,India,APAC,Tier 2,1926300.0,False,False,0.6,0.0,-0.01,8.67,0.0,81.6,40.0,4.09,7.31,42.43,0.0,1.39,18.42,Low,1.0
V0035,2024Q3,Enclosures / Metal,India,APAC,Tier 2,1926300.0,False,False,0.7,0.0,0.01,10.29,0.0,81.4,30.0,4.08,2.84,50.33,0.0,1.79,16.47,Low,0.0
V0035,2024Q4,Enclosures / Metal,India,APAC,Tier 2,1926300.0,False,False,1.0,0.0,-0.0,0.33,0.0,81.6,0.0,4.39,2.21,1.63,0.0,1.39,1.59,Low,0.0
V0035,2025Q1,Enclosures / Metal,India,APAC,Tier 2,1926300.0,False,False,1.0,0.0,0.02,0.5,0.0,81.8,0.0,4.55,8.41,2.45,0.0,0.99,2.64,Low,0.0
V0035,2025Q2,Enclosures / Metal,India,APAC,Tier 2,1926300.0,False,False,0.83,0.0,-0.0,1.33,0.0,81.6,16.67,4.22,0.97,6.5,0.0,1.39,6.27,Low,0.0
V0035,2025Q3,Enclosures / Metal,India,APAC,Tier 2,1926300.0,False,False,0.8,0.0,-0.02,3.05,0.0,81.4,20.0,2.35,13.69,14.92,0.0,1.79,9.94,Low,0.0
V0035,2025Q4,Enclosures / Metal,India,APAC,Tier 2,1926300.0,False,False,0.86,0.0,0.0,2.21,0.0,80.9,14.29,3.9,0.24,10.84,0.0,2.78,6.29,Low,0.0
V0035,2026Q1,Enclosures / Metal,India,APAC,Tier 2,1926300.0,False,False,1.0,0.0,-0.0,0.0,0.0,81.1,0.0,4.96,2.36,0.0,0.0,2.38,1.58,Low,1.0
V0035,2026Q2,Enclosures / Metal,India,APAC,Tier 2,1926300.0,False,False,0.5,0.0,0.02,4.24,0.0,81.1,50.0,0.0,10.94,20.76,0.0,2.38,17.49,Low,
V0036,2022Q1,Packaging,United States,AMER,Tier 2,1941800.0,False,False,0.75,0.01,-0.01,12.34,0.0,73.3,25.0,8.73,7.3,60.39,0.0,17.86,19.94,Low,0.0
V0036,2022Q2,Packaging,United States,AMER,Tier 2,1941800.0,False,False,1.0,0.01,0.01,0.41,0.0,73.7,0.0,11.51,5.44,2.0,0.0,17.06,5.12,Low,0.0
V0036,2022Q3,Packaging,United States,AMER,Tier 2,1941800.0,False,False,0.78,0.01,0.0,2.13,0.0,73.6,22.22,5.71,0.95,10.41,0.0,17.26,10.13,Low,0.0
V0036,2022Q4,Packaging,United States,AMER,Tier 2,1941800.0,False,False,1.0,0.01,0.02,0.35,0.0,73.7,0.0,10.21,10.2,1.73,0.0,17.06,5.54,Low,0.0
V0036,2023Q1,Packaging,United States,AMER,Tier 2,1941800.0,False,False,1.0,0.01,-0.0,0.82,0.0,72.6,0.0,6.61,1.17,3.99,0.0,19.25,4.02,Low,1.0
V0036,2023Q2,Packaging,United States,AMER,Tier 2,1941800.0,False,False,0.57,0.01,-0.01,9.03,0.0,73.1,42.86,7.88,4.33,44.2,0.0,18.25,21.4,Low,0.0
V0036,2023Q3,Packaging,United States,AMER,Tier 2,1941800.0,False,False,1.0,0.01,0.01,0.89,0.0,73.5,0.0,7.86,2.8,4.34,0.0,17.46,4.39,Low,0.0
V0036,2023Q4,Packaging,United States,AMER,Tier 2,1941800.0,False,False,0.8,0.0,0.01,5.27,0.0,73.3,20.0,5.15,5.09,25.8,0.0,17.86,12.45,Low,0.0
V0036,2024Q1,Packaging,United States,AMER,Tier 2,1941800.0,False,False,1.0,0.01,0.01,0.89,0.0,73.4,0.0,7.45,5.01,4.38,0.0,17.66,4.66,Low,0.0
V0036,2024Q2,Packaging,United States,AMER,Tier 2,1941800.0,False,False,0.91,0.01,-0.0,2.41,0.0,73.2,9.09,10.06,1.63,11.8,0.0,18.06,8.11,Low,0.0
V0036,2024Q3,Packaging,United States,AMER,Tier 2,1941800.0,False,False,0.88,0.01,0.0,2.76,0.0,73.0,12.5,13.1,1.27,13.53,0.0,18.45,9.81,Low,0.0
V0036,2024Q4,Packaging,United States,AMER,Tier 2,1941800.0,False,False,1.0,0.01,0.0,0.45,0.0,73.0,0.0,9.0,2.64,2.21,0.0,18.45,4.37,Low,1.0
V0036,2025Q1,Packaging,United States,AMER,Tier 2,1941800.0,False,False,0.67,0.01,-0.01,2.53,0.0,73.0,33.33,6.76,7.13,12.38,0.0,18.45,14.46,Low,0.0
V0036,2025Q2,Packaging,United States,AMER,Tier 2,1941800.0,False,False,1.0,0.01,0.03,0.0,0.0,72.8,0.0,10.64,14.57,0.0,0.0,18.85,6.2,Low,1.0
V0036,2025Q3,Packaging,United States,AMER,Tier 2,1941800.0,False,False,0.5,0.01,-0.02,2.31,0.0,72.7,50.0,11.2,8.74,11.3,0.0,19.05,19.65,Low,0.0
V0036,2025Q4,Packaging,United States,AMER,Tier 2,1941800.0,False,False,0.83,0.01,0.03,12.52,2.0,72.4,16.67,10.64,17.31,61.25,100.0,19.64,35.04,Moderate,1.0
V0036,2026Q1,Packaging,United States,AMER,Tier 2,1941800.0,False,False,0.75,0.01,0.02,4.84,4.0,72.0,25.0,14.03,10.63,23.68,100.0,20.44,31.25,Moderate,1.0
V0036,2026Q2,Packaging,United States,AMER,Tier 2,1941800.0,False,False,0.67,0.0,-0.02,7.01,0.0,71.9,33.33,4.37,8.33,34.32,0.0,20.63,17.67,Low,
V0037,2022Q1,PCB / PCBA,Mexico,AMER,Tier 2,1290900.0,False,False,1.0,0.02,0.04,0.0,0.0,61.9,0.0,17.02,20.36,0.0,0.0,40.48,10.51,Low,1.0
V0037,2022Q2,PCB / PCBA,Mexico,AMER,Tier 2,1290900.0,False,False,0.4,0.03,0.0,8.17,0.0,61.7,60.0,37.68,0.1,39.99,0.0,40.87,32.64,Moderate,0.0
V0037,2022Q3,PCB / PCBA,Mexico,AMER,Tier 2,1290900.0,False,False,0.75,0.01,-0.01,17.5,0.0,62.0,25.0,15.83,5.12,85.62,0.0,40.28,27.05,Low,0.0
V0037,2022Q4,PCB / PCBA,Mexico,AMER,Tier 2,1290900.0,False,False,0.88,0.01,0.06,2.47,0.0,61.2,12.5,14.5,31.47,12.11,0.0,41.87,16.75,Low,0.0
V0037,2023Q1,PCB / PCBA,Mexico,AMER,Tier 2,1290900.0,False,False,0.8,0.02,0.0,7.5,0.0,61.2,20.0,17.02,2.02,36.71,0.0,41.87,18.4,Low,0.0
V0037,2023Q2,PCB / PCBA,Mexico,AMER,Tier 2,1290900.0,False,False,1.0,0.0,0.05,0.0,0.0,60.9,0.0,0.0,27.08,0.0,0.0,42.46,8.31,Low,0.0
V0037,2023Q3,PCB / PCBA,Mexico,AMER,Tier 2,1290900.0,False,False,1.0,0.01,0.02,1.15,0.0,61.1,0.0,9.29,13.31,5.65,0.0,42.06,8.91,Low,0.0
V0037,2023Q4,PCB / PCBA,Mexico,AMER,Tier 2,1290900.0,False,False,0.75,0.03,0.11,1.41,0.0,61.4,25.0,29.0,62.8,6.92,0.0,41.47,26.66,Low,0.0
V0037,2024Q1,PCB / PCBA,Mexico,AMER,Tier 2,1290900.0,False,False,1.0,0.01,0.01,1.03,0.0,61.7,0.0,16.71,5.92,5.05,0.0,40.87,9.07,Low,0.0
V0037,2024Q2,PCB / PCBA,Mexico,AMER,Tier 2,1290900.0,False,False,0.83,0.02,-0.01,2.66,0.0,61.2,16.67,19.71,5.07,13.01,0.0,41.87,15.01,Low,0.0
V0037,2024Q3,PCB / PCBA,Mexico,AMER,Tier 2,1290900.0,False,False,0.8,0.01,-0.02,1.79,0.0,61.1,20.0,15.27,9.43,8.75,0.0,42.06,14.99,Low,0.0
V0037,2024Q4,PCB / PCBA,Mexico,AMER,Tier 2,1290900.0,False,False,0.75,0.02,0.05,7.5,0.0,60.5,25.0,27.6,27.23,36.7,0.0,43.25,25.68,Low,0.0
V0037,2025Q1,PCB / PCBA,Mexico,AMER,Tier 2,1290900.0,False,False,0.75,0.01,0.01,3.37,0.0,60.4,25.0,16.09,7.96,16.47,0.0,43.45,17.48,Low,1.0
V0037,2025Q2,PCB / PCBA,Mexico,AMER,Tier 2,1290900.0,False,False,0.67,0.03,-0.04,8.66,0.0,60.3,33.33,29.28,22.83,42.37,0.0,43.65,28.34,Low,1.0
V0037,2025Q3,PCB / PCBA,Mexico,AMER,Tier 2,1290900.0,False,False,0.5,0.03,-0.06,11.59,0.0,60.3,50.0,29.28,31.5,56.69,0.0,43.65,35.95,Moderate,0.0
V0037,2025Q4,PCB / PCBA,Mexico,AMER,Tier 2,1290900.0,False,False,1.0,0.01,-0.0,0.45,0.0,60.0,0.0,15.9,1.86,2.19,0.0,44.25,8.21,Low,0.0
V0037,2026Q1,PCB / PCBA,Mexico,AMER,Tier 2,1290900.0,False,False,0.75,0.01,-0.0,1.5,0.0,59.9,25.0,16.38,2.72,7.34,0.0,44.44,15.48,Low,1.0
V0037,2026Q2,PCB / PCBA,Mexico,AMER,Tier 2,1290900.0,False,False,0.5,0.01,0.04,6.36,0.0,60.6,50.0,14.67,24.35,31.14,0.0,43.06,28.06,Low,
V0038,2022Q1,PCB / PCBA,Taiwan,APAC,Tier 3,73200.0,False,False,0.5,0.02,-0.06,6.36,0.0,47.7,50.0,21.39,33.45,31.14,0.0,68.65,33.33,Moderate,1.0
V0038,2022Q2,PCB / PCBA,Taiwan,APAC,Tier 3,73200.0,False,False,1.0,0.06,0.54,0.0,0.0,47.3,0.0,70.44,100.0,0.0,0.0,69.44,36.03,Moderate,1.0
V0038,2022Q3,PCB / PCBA,Taiwan,APAC,Tier 3,73200.0,False,False,0.75,0.03,-0.1,10.84,0.0,47.0,25.0,34.01,55.66,53.05,0.0,70.04,36.36,Moderate,0.0
V0038,2022Q4,PCB / PCBA,Taiwan,APAC,Tier 3,73200.0,False,False,1.0,0.0,-0.05,0.71,0.0,46.7,0.0,0.0,30.14,3.46,0.0,70.63,12.1,Low,0.0
V0038,2023Q2,PCB / PCBA,Taiwan,APAC,Tier 3,73200.0,False,False,1.0,0.0,0.08,0.0,0.0,47.7,0.0,0.0,45.55,0.0,0.0,68.65,13.7,Low,0.0
V0038,2023Q3,PCB / PCBA,Taiwan,APAC,Tier 3,73200.0,False,False,1.0,0.04,0.09,0.71,2.0,48.0,0.0,46.7,50.24,3.46,100.0,68.06,39.2,Moderate,0.0
V0038,2024Q1,PCB / PCBA,Taiwan,APAC,Tier 3,73200.0,False,False,1.0,0.01,0.07,0.71,0.0,46.9,0.0,13.33,37.01,3.46,0.0,70.24,15.76,Low,1.0
V0038,2024Q2,PCB / PCBA,Taiwan,APAC,Tier 3,73200.0,False,False,0.0,0.0,-0.18,0.0,0.0,46.9,100.0,3.81,96.95,0.0,0.0,70.24,47.33,Moderate,1.0
V0038,2024Q3,PCB / PCBA,Taiwan,APAC,Tier 3,73200.0,False,False,0.5,0.04,0.11,4.95,0.0,46.3,50.0,48.38,58.4,24.22,0.0,71.43,41.71,Moderate,1.0
V0038,2024Q4,PCB / PCBA,Taiwan,APAC,Tier 3,73200.0,False,False,0.5,0.05,-0.0,25.46,0.0,46.5,50.0,52.24,0.87,100.0,0.0,71.03,45.18,Moderate,1.0
V0038,2025Q1,PCB / PCBA,Taiwan,APAC,Tier 3,73200.0,False,False,0.0,0.05,-0.16,0.0,0.0,46.8,100.0,52.86,85.33,0.0,0.0,70.44,55.41,High,1.0
V0038,2025Q2,PCB / PCBA,Taiwan,APAC,Tier 3,73200.0,False,False,1.0,0.06,-0.1,0.0,0.0,46.3,0.0,72.56,52.56,0.0,0.0,71.43,29.54,Low,1.0
V0038,2025Q3,PCB / PCBA,Taiwan,APAC,Tier 3,73200.0,False,False,0.0,0.04,0.09,0.0,0.0,46.1,100.0,41.21,50.05,0.0,0.0,71.83,47.93,Moderate,1.0
V0038,2025Q4,PCB / PCBA,Taiwan,APAC,Tier 3,73200.0,False,False,0.0,0.05,-0.05,1.41,0.0,46.6,100.0,53.19,25.01,6.92,0.0,70.83,47.51,Moderate,0.0
V0038,2026Q1,PCB / PCBA,Taiwan,APAC,Tier 3,73200.0,False,False,1.0,0.04,-0.08,0.0,0.0,46.9,0.0,41.66,45.44,0.0,0.0,70.24,22.17,Low,0.0
V0039,2022Q1,Passive Components,Thailand,APAC,Tier 3,131600.0,False,False,1.0,0.03,-0.08,0.71,0.0,47.9,0.0,35.72,43.79,3.46,0.0,68.25,21.06,Low,1.0
V0039,2022Q2,Passive Components,Thailand,APAC,Tier 3,131600.0,False,False,0.67,0.08,-0.03,13.89,4.0,47.4,33.33,94.62,15.48,67.97,100.0,69.25,61.7,High,0.0
V0039,2022Q4,Passive Components,Thailand,APAC,Tier 3,131600.0,False,False,0.5,0.06,-0.01,2.12,0.0,47.9,50.0,63.16,3.01,10.38,0.0,68.25,33.96,Moderate,1.0
V0039,2023Q1,Passive Components,Thailand,APAC,Tier 3,131600.0,False,False,0.67,0.04,0.07,8.66,0.0,47.8,33.33,44.46,36.38,42.37,0.0,68.45,35.88,Moderate,0.0
V0039,2023Q2,Passive Components,Thailand,APAC,Tier 3,131600.0,False,False,1.0,0.03,-0.18,0.0,0.0,47.9,0.0,36.39,99.65,0.0,0.0,68.25,29.05,Low,1.0
V0039,2023Q3,Passive Components,Thailand,APAC,Tier 3,131600.0,False,False,0.75,0.03,-0.04,3.0,0.0,47.7,25.0,35.65,22.19,14.68,0.0,68.65,25.77,Low,0.0
V0039,2023Q4,Passive Components,Thailand,APAC,Tier 3,131600.0,False,False,1.0,0.0,0.13,0.0,0.0,47.8,0.0,0.0,72.52,0.0,0.0,68.45,17.72,Low,1.0
V0039,2024Q1,Passive Components,Thailand,APAC,Tier 3,131600.0,False,False,0.5,0.03,-0.05,4.95,0.0,47.2,50.0,35.95,26.98,24.22,0.0,69.64,34.33,Moderate,1.0
V0039,2024Q2,Passive Components,Thailand,APAC,Tier 3,131600.0,False,False,0.5,0.05,-0.05,12.02,0.0,46.7,50.0,58.73,25.94,58.81,0.0,70.63,44.02,Moderate,0.0
V0039,2024Q3,Passive Components,Thailand,APAC,Tier 3,131600.0,False,False,1.0,0.04,-0.09,0.0,0.0,46.2,0.0,44.23,50.52,0.0,0.0,71.63,23.59,Low,0.0
V0039,2025Q1,Passive Components,Thailand,APAC,Tier 3,131600.0,False,False,1.0,0.03,-0.13,0.0,0.0,46.8,0.0,36.73,71.28,0.0,0.0,70.44,25.08,Low,1.0
V0039,2025Q2,Passive Components,Thailand,APAC,Tier 3,131600.0,False,False,0.0,0.04,0.07,0.0,0.0,46.8,100.0,47.59,37.74,0.0,0.0,70.44,47.22,Moderate,1.0
V0039,2025Q3,Passive Components,Thailand,APAC,Tier 3,131600.0,False,False,0.33,0.03,-0.01,5.03,0.0,47.0,66.67,31.97,3.7,24.63,0.0,70.04,34.31,Moderate,1.0
V0039,2025Q4,Passive Components,Thailand,APAC,Tier 3,131600.0,False,False,0.5,0.04,0.05,2.83,0.0,46.8,50.0,40.03,29.37,13.84,0.0,70.44,34.03,Moderate,0.0
V0039,2026Q1,Passive Components,Thailand,APAC,Tier 3,131600.0,False,False,1.0,0.0,-0.08,0.0,0.0,47.1,0.0,0.0,44.92,0.0,0.0,69.84,13.72,Low,1.0
V0039,2026Q2,Passive Components,Thailand,APAC,Tier 3,131600.0,False,False,0.67,0.05,-0.06,6.35,0.0,46.1,33.33,53.58,30.72,31.07,0.0,71.83,35.5,Moderate,
V0040,2022Q1,Displays,United States,AMER,Tier 3,323400.0,False,False,0.0,0.0,0.01,0.0,0.0,47.7,100.0,0.0,6.1,0.0,0.0,68.65,32.78,Moderate,1.0
V0040,2022Q2,Displays,United States,AMER,Tier 3,323400.0,False,False,1.0,0.05,-0.04,0.0,0.0,47.2,0.0,55.88,19.72,0.0,0.0,69.64,21.1,Low,0.0
V0040,2022Q3,Displays,United States,AMER,Tier 3,323400.0,False,False,1.0,0.04,0.07,0.0,2.0,47.6,0.0,41.55,40.97,0.0,100.0,68.85,36.34,Moderate,0.0
V0040,2023Q2,Displays,United States,AMER,Tier 3,323400.0,False,False,1.0,0.08,0.01,1.41,0.0,47.5,0.0,84.99,5.09,6.92,0.0,69.05,25.71,Low,1.0
V0040,2023Q3,Displays,United States,AMER,Tier 3,323400.0,False,False,1.0,0.08,-0.03,0.58,0.0,47.3,0.0,93.5,18.0,2.82,0.0,69.44,28.77,Low,1.0
V0040,2023Q4,Displays,United States,AMER,Tier 3,323400.0,False,False,0.5,0.04,0.08,1.41,0.0,47.1,50.0,39.42,43.27,6.92,0.0,69.84,34.9,Moderate,1.0
V0040,2024Q1,Displays,United States,AMER,Tier 3,323400.0,False,False,0.33,0.0,-0.02,5.51,0.0,47.5,66.67,0.0,13.44,26.95,0.0,69.05,29.63,Low,1.0
V0040,2024Q2,Displays,United States,AMER,Tier 3,323400.0,False,False,0.0,0.04,-0.2,0.0,0.0,47.1,100.0,44.01,100.0,0.0,0.0,69.84,55.79,High,0.0
V0040,2024Q3,Displays,United States,AMER,Tier 3,323400.0,False,False,1.0,0.0,-0.06,0.0,0.0,46.8,0.0,0.0,32.45,0.0,0.0,70.44,11.91,Low,1.0
V0040,2024Q4,Displays,United States,AMER,Tier 3,323400.0,False,False,0.0,0.02,0.16,0.0,0.0,47.2,100.0,17.92,90.54,0.0,0.0,69.64,49.13,Moderate,0.0
V0040,2025Q3,Displays,United States,AMER,Tier 3,323400.0,False,False,0.5,0.03,0.04,39.6,0.0,46.1,50.0,31.19,19.79,100.0,0.0,71.83,43.89,Moderate,0.0
V0040,2026Q2,Displays,United States,AMER,Tier 3,323400.0,False,False,1.0,0.03,0.07,1.41,0.0,45.4,0.0,37.23,40.56,6.92,0.0,73.21,21.89,Low,
V0041,2022Q1,PCB / PCBA,Mexico,AMER,Tier 2,550400.0,True,False,1.0,0.01,-0.05,0.0,0.0,61.5,0.0,14.11,29.55,0.0,0.0,41.27,11.38,Low,0.0
V0041,2022Q2,PCB / PCBA,Mexico,AMER,Tier 2,550400.0,True,False,0.8,0.02,0.03,1.14,0.0,61.3,20.0,26.43,17.44,5.58,0.0,41.67,17.91,Low,1.0
V0041,2022Q3,PCB / PCBA,Mexico,AMER,Tier 2,550400.0,True,False,1.0,0.01,0.07,0.79,4.0,61.3,0.0,12.51,36.52,3.85,100.0,41.67,27.73,Low,0.0
V0041,2022Q4,PCB / PCBA,Mexico,AMER,Tier 2,550400.0,True,False,0.83,0.02,-0.01,7.69,0.0,61.0,16.67,21.7,4.14,37.6,0.0,42.26,18.99,Low,1.0
V0041,2023Q1,PCB / PCBA,Mexico,AMER,Tier 2,550400.0,True,False,0.6,0.01,-0.03,5.2,0.0,61.2,40.0,9.29,15.42,25.42,0.0,41.87,22.17,Low,0.0
V0041,2023Q2,PCB / PCBA,Mexico,AMER,Tier 2,550400.0,True,False,1.0,0.01,-0.05,1.0,0.0,61.7,0.0,14.67,30.04,4.89,0.0,40.87,12.26,Low,1.0
V0041,2023Q3,PCB / PCBA,Mexico,AMER,Tier 2,550400.0,True,False,0.83,0.03,-0.03,1.6,0.0,61.4,16.67,28.59,16.18,7.84,0.0,41.47,17.63,Low,0.0
V0041,2023Q4,PCB / PCBA,Mexico,AMER,Tier 2,550400.0,True,False,0.75,0.02,0.01,5.26,0.0,62.0,25.0,23.44,7.66,25.75,0.0,40.28,19.98,Low,0.0
V0041,2024Q1,PCB / PCBA,Mexico,AMER,Tier 2,550400.0,True,False,1.0,0.02,0.06,0.45,0.0,62.9,0.0,22.99,33.99,2.19,0.0,38.49,13.87,Low,0.0
V0041,2024Q2,PCB / PCBA,Mexico,AMER,Tier 2,550400.0,True,False,1.0,0.02,-0.02,0.0,0.0,63.3,0.0,18.07,10.41,0.0,0.0,37.7,8.95,Low,0.0
V0041,2024Q3,PCB / PCBA,Mexico,AMER,Tier 2,550400.0,True,False,0.86,0.03,0.01,1.89,0.0,63.2,14.29,29.23,6.1,9.25,0.0,37.9,15.51,Low,1.0
V0041,2024Q4,PCB / PCBA,Mexico,AMER,Tier 2,550400.0,True,False,0.62,0.02,-0.01,3.18,0.0,62.8,37.5,18.01,4.89,15.57,0.0,38.69,19.92,Low,0.0
V0041,2025Q1,PCB / PCBA,Mexico,AMER,Tier 2,550400.0,True,False,0.78,0.02,-0.02,5.3,0.0,62.6,22.22,21.11,11.41,25.94,0.0,39.09,19.29,Low,1.0
V0041,2025Q2,PCB / PCBA,Mexico,AMER,Tier 2,550400.0,True,False,0.55,0.02,0.06,17.45,0.0,62.3,45.45,27.92,30.21,85.37,0.0,39.68,38.25,Moderate,1.0
V0041,2025Q3,PCB / PCBA,Mexico,AMER,Tier 2,550400.0,True,False,0.5,0.02,-0.02,11.57,0.0,62.3,50.0,26.05,12.67,56.59,0.0,39.68,32.07,Moderate,1.0
V0041,2025Q4,PCB / PCBA,Mexico,AMER,Tier 2,550400.0,True,False,0.71,0.01,-0.0,4.54,0.0,62.0,28.57,14.69,0.96,22.22,0.0,40.28,17.59,Low,0.0
V0041,2026Q1,PCB / PCBA,Mexico,AMER,Tier 2,550400.0,True,False,1.0,0.02,0.02,0.89,0.0,62.3,0.0,20.16,12.44,4.38,0.0,39.68,10.52,Low,0.0
V0041,2026Q2,PCB / PCBA,Mexico,AMER,Tier 2,550400.0,True,False,1.0,0.02,-0.03,0.0,0.0,62.4,0.0,19.67,16.82,0.0,0.0,39.48,10.41,Low,
V0042,2022Q1,Passive Components,Malaysia,APAC,Tier 2,448800.0,False,False,0.67,0.01,-0.01,7.51,0.0,73.1,33.33,6.61,3.01,36.72,0.0,18.25,17.44,Low,0.0
V0042,2022Q2,Passive Components,Malaysia,APAC,Tier 2,448800.0,False,False,0.88,0.01,0.01,3.11,0.0,72.2,12.5,11.85,4.61,15.24,0.0,20.04,10.48,Low,1.0
V0042,2022Q3,Passive Components,Malaysia,APAC,Tier 2,448800.0,False,False,0.67,0.01,0.02,6.71,0.0,72.2,33.33,8.67,10.89,32.85,0.0,20.04,18.63,Low,0.0
V0042,2022Q4,Passive Components,Malaysia,APAC,Tier 2,448800.0,False,False,0.89,0.01,0.0,21.67,0.0,72.0,11.11,12.23,1.28,100.0,0.0,20.44,22.46,Low,0.0
V0042,2023Q1,Passive Components,Malaysia,APAC,Tier 2,448800.0,False,False,1.0,0.01,-0.0,0.49,0.0,72.4,0.0,9.78,0.32,2.39,0.0,19.64,4.33,Low,0.0
V0042,2023Q2,Passive Components,Malaysia,APAC,Tier 2,448800.0,False,False,1.0,0.0,0.0,1.0,0.0,72.2,0.0,5.34,1.29,4.89,0.0,20.04,4.0,Low,0.0
V0042,2023Q3,Passive Components,Malaysia,APAC,Tier 2,448800.0,False,False,1.0,0.01,-0.01,0.41,0.0,72.5,0.0,12.57,3.37,2.0,0.0,19.44,5.26,Low,0.0
V0042,2023Q4,Passive Components,Malaysia,APAC,Tier 2,448800.0,False,False,1.0,0.01,0.0,0.89,0.0,72.6,0.0,5.64,0.25,4.38,0.0,19.25,3.75,Low,0.0
V0042,2024Q1,Passive Components,Malaysia,APAC,Tier 2,448800.0,False,False,1.0,0.01,0.03,0.96,0.0,72.2,0.0,8.01,14.73,4.68,0.0,20.04,6.52,Low,1.0
V0042,2024Q2,Passive Components,Malaysia,APAC,Tier 2,448800.0,False,False,0.38,0.01,0.04,9.81,0.0,71.5,62.5,10.35,20.59,48.01,0.0,21.43,30.13,Moderate,0.0
V0042,2024Q3,Passive Components,Malaysia,APAC,Tier 2,448800.0,False,False,1.0,0.01,0.02,0.53,0.0,72.1,0.0,8.97,9.32,2.62,0.0,20.24,5.61,Low,0.0
V0042,2024Q4,Passive Components,Malaysia,APAC,Tier 2,448800.0,False,False,1.0,0.01,-0.01,0.42,0.0,72.4,0.0,8.7,4.77,2.06,0.0,19.64,4.73,Low,0.0
V0042,2025Q1,Passive Components,Malaysia,APAC,Tier 2,448800.0,False,False,0.78,0.01,-0.02,5.0,0.0,72.3,22.22,10.32,9.37,24.48,0.0,19.84,14.68,Low,1.0
V0042,2025Q2,Passive Components,Malaysia,APAC,Tier 2,448800.0,False,False,0.6,0.01,0.02,14.32,0.0,72.1,40.0,13.59,12.82,70.08,0.0,20.24,27.18,Low,0.0
V0042,2025Q3,Passive Components,Malaysia,APAC,Tier 2,448800.0,False,False,0.89,0.01,-0.01,2.67,0.0,72.3,11.11,8.33,2.77,13.05,0.0,19.84,8.8,Low,0.0
V0042,2025Q4,Passive Components,Malaysia,APAC,Tier 2,448800.0,False,False,1.0,0.01,0.01,0.5,0.0,72.4,0.0,9.52,3.65,2.45,0.0,19.64,4.78,Low,1.0
V0042,2026Q1,Passive Components,Malaysia,APAC,Tier 2,448800.0,False,False,0.6,0.01,0.01,6.95,0.0,72.8,40.0,8.4,4.17,34.0,0.0,18.85,19.29,Low,1.0
V0042,2026Q2,Passive Components,Malaysia,APAC,Tier 2,448800.0,False,False,0.67,0.01,-0.03,1.53,0.0,72.6,33.33,6.27,14.74,7.47,0.0,19.25,14.84,Low,
V0043,2022Q2,Batteries,Taiwan,APAC,Tier 3,102000.0,True,False,1.0,0.0,-0.03,0.0,0.0,81.5,0.0,0.0,17.07,0.0,0.0,1.59,2.72,Low,0.0
V0043,2022Q4,Batteries,Taiwan,APAC,Tier 3,102000.0,True,False,1.0,0.0,-0.03,0.0,0.0,81.9,0.0,0.0,18.91,0.0,0.0,0.79,2.92,Low,0.0
V0043,2023Q1,Batteries,Taiwan,APAC,Tier 3,102000.0,True,False,1.0,0.0,-0.02,0.71,0.0,81.1,0.0,0.0,11.64,3.46,0.0,2.38,2.5,Low,0.0
V0043,2023Q2,Batteries,Taiwan,APAC,Tier 3,102000.0,True,False,1.0,0.0,0.01,0.0,0.0,81.5,0.0,3.47,5.66,0.0,0.0,1.59,1.7,Low,0.0
V0043,2023Q3,Batteries,Taiwan,APAC,Tier 3,102000.0,True,False,1.0,0.0,0.01,0.0,0.0,82.0,0.0,0.67,7.05,0.0,0.0,0.6,1.25,Low,0.0
V0043,2024Q2,Batteries,Taiwan,APAC,Tier 3,102000.0,True,False,0.0,0.01,-0.01,0.0,0.0,81.0,100.0,7.17,3.73,0.0,0.0,2.58,27.25,Low,0.0
V0043,2024Q3,Batteries,Taiwan,APAC,Tier 3,102000.0,True,False,1.0,0.0,-0.0,0.0,0.0,80.8,0.0,1.34,1.51,0.0,0.0,2.98,0.79,Low,0.0
V0043,2024Q4,Batteries,Taiwan,APAC,Tier 3,102000.0,True,False,1.0,0.01,0.0,0.0,0.0,81.2,0.0,6.16,0.23,0.0,0.0,2.18,1.48,Low,0.0
V0043,2025Q2,Batteries,Taiwan,APAC,Tier 3,102000.0,True,False,1.0,0.0,-0.04,0.0,0.0,81.5,0.0,1.23,21.25,0.0,0.0,1.59,3.59,Low,1.0
V0043,2025Q3,Batteries,Taiwan,APAC,Tier 3,102000.0,True,False,0.5,0.0,-0.01,7.78,0.0,81.2,50.0,1.23,3.95,38.06,0.0,2.18,19.27,Low,0.0
V0043,2025Q4,Batteries,Taiwan,APAC,Tier 3,102000.0,True,False,1.0,0.0,-0.0,0.0,0.0,80.9,0.0,0.0,2.39,0.0,0.0,2.78,0.64,Low,0.0
V0043,2026Q1,Batteries,Taiwan,APAC,Tier 3,102000.0,True,False,0.8,0.0,-0.01,5.54,0.0,81.3,20.0,3.75,5.35,27.11,0.0,1.98,10.82,Low,0.0
V0043,2026Q2,Batteries,Taiwan,APAC,Tier 3,102000.0,True,False,1.0,0.01,0.02,0.0,0.0,81.4,0.0,6.44,8.63,0.0,0.0,1.79,2.76,Low,
V0044,2022Q2,Batteries,Malaysia,APAC,Tier 3,295900.0,False,False,1.0,0.0,-0.03,0.0,0.0,71.5,0.0,0.0,17.95,0.0,0.0,21.43,4.84,Low,0.0
V0044,2022Q3,Batteries,Malaysia,APAC,Tier 3,295900.0,False,False,1.0,0.01,-0.03,0.0,0.0,71.6,0.0,7.0,17.36,0.0,0.0,21.23,6.13,Low,0.0
V0044,2023Q2,Batteries,Malaysia,APAC,Tier 3,295900.0,False,False,0.5,0.0,-0.03,4.24,0.0,72.9,50.0,0.0,13.97,20.76,0.0,18.65,19.57,Low,0.0
V0044,2023Q3,Batteries,Malaysia,APAC,Tier 3,295900.0,False,False,1.0,0.01,0.06,0.0,0.0,72.8,0.0,9.29,30.26,0.0,0.0,18.85,8.28,Low,1.0
V0044,2024Q1,Batteries,Malaysia,APAC,Tier 3,295900.0,False,False,1.0,0.01,0.03,0.0,0.0,72.8,0.0,9.74,18.83,0.0,0.0,18.85,6.66,Low,0.0
V0044,2024Q4,Batteries,Malaysia,APAC,Tier 3,295900.0,False,False,1.0,0.0,0.01,0.0,0.0,72.5,0.0,1.57,6.59,0.0,0.0,19.44,3.25,Low,0.0
V0044,2025Q1,Batteries,Malaysia,APAC,Tier 3,295900.0,False,False,1.0,0.02,0.0,0.0,0.0,72.6,0.0,18.48,2.47,0.0,0.0,19.25,5.99,Low,1.0
V0044,2025Q2,Batteries,Malaysia,APAC,Tier 3,295900.0,False,False,0.33,0.01,-0.04,7.21,0.0,72.6,66.67,6.83,24.43,35.28,0.0,19.25,28.91,Low,1.0
V0044,2025Q3,Batteries,Malaysia,APAC,Tier 3,295900.0,False,False,0.5,0.01,-0.08,7.07,0.0,72.3,50.0,13.33,43.9,34.6,0.0,19.84,28.92,Low,1.0
V0044,2025Q4,Batteries,Malaysia,APAC,Tier 3,295900.0,False,False,0.67,0.01,0.05,19.63,0.0,72.3,33.33,7.39,30.15,96.04,0.0,19.84,30.72,Moderate,1.0
V0044,2026Q1,Batteries,Malaysia,APAC,Tier 3,295900.0,False,False,0.67,0.01,-0.03,12.74,0.0,72.5,33.33,13.77,15.64,62.34,0.0,19.44,24.73,Low,0.0
V0044,2026Q2,Batteries,Malaysia,APAC,Tier 3,295900.0,False,False,1.0,0.01,-0.07,0.0,0.0,72.7,0.0,9.8,36.11,0.0,0.0,19.05,9.28,Low,
V0045,2022Q1,Displays,Poland,EMEA,Tier 2,525500.0,False,False,1.0,0.03,-0.03,0.5,0.0,47.8,0.0,32.92,19.02,2.45,0.0,68.45,16.65,Low,1.0
V0045,2022Q2,Displays,Poland,EMEA,Tier 2,525500.0,False,False,0.67,0.03,-0.01,4.56,0.0,47.6,33.33,38.23,3.16,22.32,0.0,68.85,26.69,Low,1.0
V0045,2022Q3,Displays,Poland,EMEA,Tier 2,525500.0,False,False,0.78,0.05,0.03,6.69,0.0,47.3,22.22,58.81,19.19,32.71,0.0,69.44,32.05,Moderate,1.0
V0045,2022Q4,Displays,Poland,EMEA,Tier 2,525500.0,False,False,0.8,0.05,-0.02,2.54,0.0,47.4,20.0,50.41,11.44,12.43,0.0,69.25,25.59,Low,0.0
V0045,2023Q1,Displays,Poland,EMEA,Tier 2,525500.0,False,False,1.0,0.01,-0.0,0.58,0.0,47.4,0.0,5.77,1.21,2.82,0.0,69.25,8.68,Low,1.0
V0045,2023Q2,Displays,Poland,EMEA,Tier 2,525500.0,False,False,0.57,0.03,-0.01,10.57,0.0,47.1,42.86,30.91,5.22,51.74,0.0,69.84,32.42,Moderate,1.0
V0045,2023Q3,Displays,Poland,EMEA,Tier 2,525500.0,False,False,0.57,0.04,-0.06,4.57,0.0,46.8,42.86,46.84,35.28,22.37,0.0,70.44,35.77,Moderate,1.0
V0045,2023Q4,Displays,Poland,EMEA,Tier 2,525500.0,False,False,0.57,0.05,0.05,13.51,0.0,47.2,42.86,55.63,26.04,66.09,0.0,69.64,42.62,Moderate,1.0
V0045,2024Q1,Displays,Poland,EMEA,Tier 2,525500.0,False,False,0.57,0.05,0.05,10.61,0.0,47.1,42.86,58.34,27.55,51.89,0.0,69.84,41.28,Moderate,1.0
V0045,2024Q2,Displays,Poland,EMEA,Tier 2,525500.0,False,False,0.5,0.04,0.15,21.92,0.0,46.3,50.0,48.49,81.97,100.0,0.0,71.43,56.64,High,1.0
V0045,2024Q3,Displays,Poland,EMEA,Tier 2,525500.0,False,False,0.5,0.02,-0.1,6.4,0.0,46.4,50.0,25.08,53.55,31.3,0.0,71.23,37.37,Moderate,0.0
V0045,2024Q4,Displays,Poland,EMEA,Tier 2,525500.0,False,False,1.0,0.03,-0.05,1.0,0.0,46.3,0.0,36.62,26.74,4.89,0.0,71.43,19.21,Low,1.0
V0045,2025Q1,Displays,Poland,EMEA,Tier 2,525500.0,False,False,0.85,0.04,0.03,3.9,0.0,46.5,15.38,45.5,18.59,19.07,0.0,71.03,25.7,Low,1.0
V0045,2025Q2,Displays,Poland,EMEA,Tier 2,525500.0,False,False,0.86,0.03,-0.04,2.94,0.0,46.9,14.29,36.55,23.52,14.36,0.0,70.24,23.59,Low,1.0
V0045,2025Q3,Displays,Poland,EMEA,Tier 2,525500.0,False,False,1.0,0.04,0.05,0.79,0.0,46.7,0.0,48.33,26.11,3.85,0.0,70.63,21.22,Low,1.0
V0045,2025Q4,Displays,Poland,EMEA,Tier 2,525500.0,False,False,0.8,0.04,0.03,7.42,0.0,46.8,20.0,40.54,14.57,36.33,0.0,70.44,27.79,Low,1.0
V0045,2026Q1,Displays,Poland,EMEA,Tier 2,525500.0,False,False,0.62,0.04,0.02,20.59,0.0,46.7,37.5,42.39,9.47,100.0,0.0,70.63,41.34,Moderate,1.0
V0045,2026Q2,Displays,Poland,EMEA,Tier 2,525500.0,False,False,0.73,0.04,-0.02,4.7,0.0,47.0,27.27,41.53,11.89,23.0,0.0,70.04,27.36,Low,
V0046,2022Q1,Connectors,Thailand,APAC,Tier 2,650300.0,False,False,0.75,0.02,0.02,1.41,0.0,62.1,25.0,23.29,13.35,6.92,0.0,40.08,17.96,Low,1.0
V0046,2022Q2,Connectors,Thailand,APAC,Tier 2,650300.0,False,False,0.67,0.02,0.01,13.28,0.0,61.5,33.33,23.68,3.68,64.97,0.0,41.27,27.49,Low,1.0
V0046,2022Q3,Connectors,Thailand,APAC,Tier 2,650300.0,False,False,0.67,0.02,-0.0,4.62,0.0,62.0,33.33,25.08,1.17,22.6,0.0,40.28,20.94,Low,1.0
V0046,2022Q4,Connectors,Thailand,APAC,Tier 2,650300.0,False,False,0.83,0.01,-0.02,4.02,4.0,62.2,16.67,13.05,8.72,19.67,100.0,39.88,30.02,Moderate,0.0
V0046,2023Q1,Connectors,Thailand,APAC,Tier 2,650300.0,False,False,1.0,0.0,0.04,0.0,0.0,62.3,0.0,0.0,23.99,0.0,0.0,39.68,7.57,Low,0.0
V0046,2023Q2,Connectors,Thailand,APAC,Tier 2,650300.0,False,False,1.0,0.02,-0.03,0.0,0.0,61.7,0.0,26.61,18.01,0.0,0.0,40.87,12.11,Low,0.0
V0046,2023Q3,Connectors,Thailand,APAC,Tier 2,650300.0,False,False,1.0,0.0,0.03,0.0,0.0,61.9,0.0,3.58,18.68,0.0,0.0,40.48,7.57,Low,0.0
V0046,2023Q4,Connectors,Thailand,APAC,Tier 2,650300.0,False,False,1.0,0.03,-0.07,0.5,0.0,62.1,0.0,37.96,37.37,2.45,0.0,40.08,17.57,Low,1.0
V0046,2024Q1,Connectors,Thailand,APAC,Tier 2,650300.0,False,False,0.25,0.02,-0.0,6.7,0.0,61.8,75.0,25.48,1.4,32.79,0.0,40.67,33.04,Moderate,1.0
V0046,2024Q2,Connectors,Thailand,APAC,Tier 2,650300.0,False,False,0.67,0.01,0.04,8.96,0.0,61.4,33.33,15.49,23.79,43.85,0.0,41.47,25.72,Low,1.0
V0046,2024Q3,Connectors,Thailand,APAC,Tier 2,650300.0,False,False,0.5,0.0,0.04,18.87,0.0,62.1,50.0,0.95,21.82,92.35,0.0,40.08,33.82,Moderate,0.0
V0046,2024Q4,Connectors,Thailand,APAC,Tier 2,650300.0,False,False,0.75,0.02,-0.04,6.5,2.0,62.4,25.0,19.09,19.4,31.8,100.0,39.48,36.7,Moderate,0.0
V0046,2025Q1,Connectors,Thailand,APAC,Tier 2,650300.0,False,False,1.0,0.02,-0.04,0.0,0.0,62.4,0.0,21.16,20.94,0.0,0.0,39.48,11.32,Low,1.0
V0046,2025Q2,Connectors,Thailand,APAC,Tier 2,650300.0,False,False,0.67,0.0,0.02,6.93,0.0,62.0,33.33,0.0,9.84,33.9,0.0,40.28,18.92,Low,0.0
V0046,2025Q3,Connectors,Thailand,APAC,Tier 2,650300.0,False,False,0.75,0.01,0.08,15.5,0.0,61.7,25.0,5.71,46.13,75.84,0.0,40.87,29.77,Low,1.0
V0046,2025Q4,Connectors,Thailand,APAC,Tier 2,650300.0,False,False,0.25,0.01,-0.03,14.9,0.0,61.7,75.0,9.91,16.44,72.9,0.0,40.87,38.22,Moderate,0.0
V0046,2026Q1,Connectors,Thailand,APAC,Tier 2,650300.0,False,False,0.83,0.02,-0.03,1.86,0.0,61.6,16.67,23.96,15.53,9.11,0.0,41.07,16.76,Low,1.0
V0046,2026Q2,Connectors,Thailand,APAC,Tier 2,650300.0,False,False,0.5,0.01,0.04,6.45,0.0,61.8,50.0,13.51,23.97,31.58,0.0,40.67,27.6,Low,
V0047,2022Q1,Connectors,Thailand,APAC,Tier 2,1580600.0,False,False,0.8,0.02,0.03,6.54,0.0,61.9,20.0,20.16,14.87,32.01,0.0,40.48,20.11,Low,1.0
V0047,2022Q2,Connectors,Thailand,APAC,Tier 2,1580600.0,False,False,0.5,0.03,-0.03,15.35,0.0,61.6,50.0,29.12,14.07,75.13,0.0,41.07,35.81,Moderate,1.0
V0047,2022Q3,Connectors,Thailand,APAC,Tier 2,1580600.0,False,False,0.71,0.02,0.03,18.16,0.0,61.6,28.57,23.05,17.06,88.87,0.0,41.07,31.75,Moderate,0.0
V0047,2022Q4,Connectors,Thailand,APAC,Tier 2,1580600.0,False,False,1.0,0.02,0.05,0.76,0.0,61.8,0.0,25.2,25.27,3.7,0.0,40.67,13.45,Low,0.0
V0047,2023Q1,Connectors,Thailand,APAC,Tier 2,1580600.0,False,False,1.0,0.01,0.06,0.58,0.0,61.2,0.0,16.13,30.22,2.82,0.0,41.87,12.37,Low,0.0
V0047,2023Q2,Connectors,Thailand,APAC,Tier 2,1580600.0,False,False,1.0,0.02,-0.05,0.71,0.0,61.3,0.0,23.63,27.46,3.46,0.0,41.67,13.53,Low,1.0
V0047,2023Q3,Connectors,Thailand,APAC,Tier 2,1580600.0,False,False,0.5,0.02,0.03,9.9,0.0,61.4,50.0,20.72,17.52,48.44,0.0,41.47,30.68,Moderate,0.0
V0047,2023Q4,Connectors,Thailand,APAC,Tier 2,1580600.0,False,False,0.83,0.02,0.03,3.67,0.0,61.4,16.67,25.22,18.77,17.98,0.0,41.47,18.87,Low,1.0
V0047,2024Q1,Connectors,Thailand,APAC,Tier 2,1580600.0,False,False,0.5,0.02,0.03,11.32,0.0,60.5,50.0,17.69,17.98,55.41,0.0,43.25,31.37,Moderate,1.0
V0047,2024Q2,Connectors,Thailand,APAC,Tier 2,1580600.0,False,False,0.5,0.04,0.02,9.9,4.0,60.1,50.0,42.22,12.95,48.44,100.0,44.05,49.56,Moderate,1.0
V0047,2024Q3,Connectors,Thailand,APAC,Tier 2,1580600.0,False,False,0.33,0.02,-0.14,13.65,0.0,60.6,66.67,22.51,78.68,66.79,0.0,43.06,47.29,Moderate,0.0
V0047,2024Q4,Connectors,Thailand,APAC,Tier 2,1580600.0,False,False,1.0,0.03,-0.12,0.0,0.0,60.4,0.0,30.91,63.69,0.0,0.0,43.45,20.08,Low,0.0
V0047,2025Q1,Connectors,Thailand,APAC,Tier 2,1580600.0,False,False,1.0,0.03,-0.08,1.41,0.0,60.6,0.0,29.84,41.44,6.92,0.0,43.06,17.53,Low,0.0
V0047,2025Q2,Connectors,Thailand,APAC,Tier 2,1580600.0,False,False,1.0,0.0,-0.06,0.58,0.0,60.5,0.0,3.58,31.23,2.82,0.0,43.25,10.15,Low,1.0
V0047,2025Q3,Connectors,Thailand,APAC,Tier 2,1580600.0,False,False,0.67,0.02,-0.02,12.83,0.0,60.7,33.33,22.12,8.48,62.77,0.0,42.86,27.73,Low,1.0
V0047,2025Q4,Connectors,Thailand,APAC,Tier 2,1580600.0,False,False,0.0,0.02,-0.11,0.0,0.0,60.2,100.0,20.27,57.7,0.0,0.0,43.85,42.09,Moderate,1.0
V0047,2026Q1,Connectors,Thailand,APAC,Tier 2,1580600.0,False,False,0.33,0.02,0.02,7.51,0.0,60.4,66.67,26.09,12.93,36.72,0.0,43.45,33.68,Moderate,0.0
V0047,2026Q2,Connectors,Thailand,APAC,Tier 2,1580600.0,False,False,1.0,0.02,0.01,0.52,0.0,60.6,0.0,20.66,6.43,2.53,0.0,43.06,9.78,Low,
V0048,2022Q1,PCB / PCBA,China,APAC,Tier 2,423000.0,True,False,1.0,0.01,-0.01,0.71,0.0,81.8,0.0,6.05,4.06,3.46,0.0,0.99,2.44,Low,1.0
V0048,2022Q2,PCB / PCBA,China,APAC,Tier 2,423000.0,True,False,0.5,0.0,-0.01,5.39,0.0,81.0,50.0,5.23,7.61,26.38,0.0,2.58,18.9,Low,1.0
V0048,2022Q3,PCB / PCBA,China,APAC,Tier 2,423000.0,True,False,0.71,0.0,-0.01,6.24,0.0,81.4,28.57,2.73,3.12,30.55,0.0,1.79,12.92,Low,0.0
V0048,2022Q4,PCB / PCBA,China,APAC,Tier 2,423000.0,True,False,1.0,0.0,0.01,0.58,0.0,81.4,0.0,3.28,4.0,2.82,0.0,1.79,1.86,Low,0.0
V0048,2023Q1,PCB / PCBA,China,APAC,Tier 2,423000.0,True,False,1.0,0.0,0.01,0.58,0.0,81.1,0.0,2.43,2.83,2.82,0.0,2.38,1.57,Low,0.0
V0048,2023Q2,PCB / PCBA,China,APAC,Tier 2,423000.0,True,False,1.0,0.0,0.01,0.49,0.0,80.9,0.0,3.05,4.09,2.39,0.0,2.78,1.86,Low,0.0
V0048,2023Q3,PCB / PCBA,China,APAC,Tier 2,423000.0,True,False,0.8,0.0,0.01,1.64,0.0,81.1,20.0,1.98,5.25,8.04,0.0,2.38,7.63,Low,0.0
V0048,2023Q4,PCB / PCBA,China,APAC,Tier 2,423000.0,True,False,1.0,0.0,-0.0,0.52,0.0,82.0,0.0,3.84,1.57,2.53,0.0,0.6,1.44,Low,0.0
V0048,2024Q1,PCB / PCBA,China,APAC,Tier 2,423000.0,True,False,0.75,0.0,0.0,5.59,0.0,81.2,25.0,3.77,0.06,27.36,0.0,2.18,11.33,Low,1.0
V0048,2024Q2,PCB / PCBA,China,APAC,Tier 2,423000.0,True,False,0.67,0.0,0.01,7.53,0.0,80.9,33.33,4.03,8.22,36.84,0.0,2.78,16.18,Low,0.0
V0048,2024Q3,PCB / PCBA,China,APAC,Tier 2,423000.0,True,False,0.75,0.01,-0.01,14.84,0.0,81.1,25.0,5.71,5.34,72.61,0.0,2.38,19.32,Low,0.0
V0048,2024Q4,PCB / PCBA,China,APAC,Tier 2,423000.0,True,False,1.0,0.0,0.01,1.03,0.0,81.3,0.0,4.07,3.54,5.05,0.0,1.98,2.3,Low,0.0
V0048,2025Q1,PCB / PCBA,China,APAC,Tier 2,423000.0,True,False,0.78,0.0,-0.0,4.97,0.0,81.0,22.22,4.97,0.35,24.34,0.0,2.58,10.51,Low,1.0
V0048,2025Q2,PCB / PCBA,China,APAC,Tier 2,423000.0,True,False,0.71,0.0,0.0,1.7,0.0,81.2,28.57,3.75,0.04,8.34,0.0,2.18,9.37,Low,0.0
V0048,2025Q3,PCB / PCBA,China,APAC,Tier 2,423000.0,True,False,1.0,0.0,0.01,0.58,0.0,81.2,0.0,2.72,6.8,2.82,0.0,2.18,2.21,Low,1.0
V0048,2025Q4,PCB / PCBA,China,APAC,Tier 2,423000.0,True,False,0.55,0.0,-0.01,14.11,0.0,81.8,45.45,3.14,3.54,69.04,0.0,0.99,22.98,Low,1.0
V0048,2026Q1,PCB / PCBA,China,APAC,Tier 2,423000.0,True,False,0.57,0.0,-0.01,10.36,0.0,81.9,42.86,5.0,6.83,50.67,0.0,0.79,20.42,Low,0.0
V0048,2026Q2,PCB / PCBA,China,APAC,Tier 2,423000.0,True,False,0.86,0.0,0.0,1.13,0.0,82.4,14.29,2.75,0.52,5.55,0.0,0.0,5.03,Low,
V0049,2022Q2,PCB / PCBA,Mexico,AMER,Tier 3,57200.0,False,False,1.0,0.01,0.01,1.15,0.0,73.3,0.0,12.99,7.58,5.65,0.0,17.86,6.37,Low,0.0
V0049,2022Q3,PCB / PCBA,Mexico,AMER,Tier 3,57200.0,False,False,1.0,0.0,-0.06,0.0,0.0,73.0,0.0,0.0,32.67,0.0,0.0,18.45,6.75,Low,0.0
V0049,2022Q4,PCB / PCBA,Mexico,AMER,Tier 3,57200.0,False,False,1.0,0.01,0.01,0.0,0.0,73.1,0.0,15.68,7.8,0.0,0.0,18.25,6.13,Low,1.0
V0049,2023Q1,PCB / PCBA,Mexico,AMER,Tier 3,57200.0,False,False,0.67,0.0,-0.01,3.79,0.0,73.2,33.33,2.24,3.44,18.52,0.0,18.06,13.88,Low,0.0
V0049,2023Q2,PCB / PCBA,Mexico,AMER,Tier 3,57200.0,False,False,1.0,0.0,0.04,0.0,0.0,73.4,0.0,0.0,22.37,0.0,0.0,17.66,5.12,Low,0.0
V0049,2023Q4,PCB / PCBA,Mexico,AMER,Tier 3,57200.0,False,False,0.5,0.01,-0.01,1.41,0.0,73.4,50.0,6.49,5.4,6.92,0.0,17.66,17.41,Low,0.0
V0049,2024Q2,PCB / PCBA,Mexico,AMER,Tier 3,57200.0,False,False,1.0,0.0,-0.03,0.71,0.0,73.5,0.0,4.2,17.39,3.46,0.0,17.46,5.71,Low,0.0
V0049,2024Q3,PCB / PCBA,Mexico,AMER,Tier 3,57200.0,False,False,1.0,0.01,-0.01,0.5,0.0,73.5,0.0,13.49,4.25,2.45,0.0,17.46,5.45,Low,0.0
V0049,2024Q4,PCB / PCBA,Mexico,AMER,Tier 3,57200.0,False,False,1.0,0.0,0.04,1.41,0.0,73.9,0.0,4.03,20.8,6.92,0.0,16.67,6.63,Low,0.0
V0049,2025Q1,PCB / PCBA,Mexico,AMER,Tier 3,57200.0,False,False,1.0,0.0,-0.06,0.0,0.0,73.7,0.0,1.79,33.8,0.0,0.0,17.06,7.13,Low,1.0
V0049,2025Q2,PCB / PCBA,Mexico,AMER,Tier 3,57200.0,False,False,0.0,0.0,-0.02,0.0,8.0,73.3,100.0,2.91,10.88,0.0,100.0,17.86,44.0,Moderate,0.0
V0049,2025Q3,PCB / PCBA,Mexico,AMER,Tier 3,57200.0,False,False,1.0,0.0,0.07,0.0,0.0,73.2,0.0,0.0,40.46,0.0,0.0,18.06,7.87,Low,0.0
V0049,2025Q4,PCB / PCBA,Mexico,AMER,Tier 3,57200.0,False,False,1.0,0.01,-0.05,0.0,0.0,72.6,0.0,15.64,25.8,0.0,0.0,19.25,8.92,Low,0.0
V0049,2026Q1,PCB / PCBA,Mexico,AMER,Tier 3,57200.0,False,False,1.0,0.01,0.01,0.5,0.0,72.6,0.0,10.86,6.86,2.45,0.0,19.25,5.49,Low,0.0
V0049,2026Q2,PCB / PCBA,Mexico,AMER,Tier 3,57200.0,False,False,1.0,0.01,0.01,0.0,0.0,72.9,0.0,9.41,5.93,0.0,0.0,18.65,4.64,Low,
V0050,2022Q1,Passive Components,Vietnam,APAC,Tier 2,1416100.0,False,False,1.0,0.02,0.03,0.52,0.0,62.1,0.0,21.72,15.54,2.53,0.0,40.08,11.06,Low,1.0
V0050,2022Q2,Passive Components,Vietnam,APAC,Tier 2,1416100.0,False,False,0.33,0.03,0.05,7.0,0.0,61.8,66.67,35.83,30.12,34.25,0.0,40.67,37.56,Moderate,1.0
V0050,2022Q3,Passive Components,Vietnam,APAC,Tier 2,1416100.0,False,False,0.75,0.03,-0.01,8.5,0.0,61.6,25.0,29.56,6.32,41.59,0.0,41.07,23.46,Low,0.0
V0050,2022Q4,Passive Components,Vietnam,APAC,Tier 2,1416100.0,False,False,1.0,0.01,-0.0,0.58,0.0,61.3,0.0,16.13,0.61,2.82,0.0,41.67,7.91,Low,1.0
V0050,2023Q1,Passive Components,Vietnam,APAC,Tier 2,1416100.0,False,False,0.0,0.02,-0.12,0.0,0.0,61.0,100.0,24.97,65.16,0.0,0.0,42.26,43.99,Moderate,0.0
V0050,2023Q2,Passive Components,Vietnam,APAC,Tier 2,1416100.0,False,False,1.0,0.02,-0.01,0.0,0.0,60.8,0.0,18.14,5.46,0.0,0.0,42.66,8.71,Low,0.0
V0050,2023Q3,Passive Components,Vietnam,APAC,Tier 2,1416100.0,False,False,0.86,0.02,-0.04,1.53,0.0,60.8,14.29,21.11,24.33,7.47,0.0,42.66,16.83,Low,1.0
V0050,2023Q4,Passive Components,Vietnam,APAC,Tier 2,1416100.0,False,False,0.5,0.0,-0.1,0.71,0.0,61.0,50.0,0.0,57.47,3.46,0.0,42.26,25.87,Low,1.0
V0050,2024Q1,Passive Components,Vietnam,APAC,Tier 2,1416100.0,False,False,0.43,0.02,0.01,8.89,0.0,60.8,57.14,23.45,4.81,43.47,0.0,42.66,30.48,Moderate,1.0
V0050,2024Q2,Passive Components,Vietnam,APAC,Tier 2,1416100.0,False,False,0.67,0.02,-0.01,10.98,0.0,60.9,33.33,25.17,3.99,53.75,0.0,42.46,26.28,Low,0.0
V0050,2024Q3,Passive Components,Vietnam,APAC,Tier 2,1416100.0,False,False,1.0,0.01,0.02,1.15,0.0,61.2,0.0,8.34,11.88,5.65,0.0,41.87,8.48,Low,0.0
V0050,2024Q4,Passive Components,Vietnam,APAC,Tier 2,1416100.0,False,False,0.83,0.02,-0.0,1.47,0.0,61.8,16.67,24.94,0.51,7.2,0.0,40.67,14.38,Low,0.0
V0050,2025Q1,Passive Components,Vietnam,APAC,Tier 2,1416100.0,False,False,0.75,0.02,-0.02,15.2,0.0,61.9,25.0,24.45,11.94,74.35,0.0,40.48,28.13,Low,1.0
V0050,2025Q2,Passive Components,Vietnam,APAC,Tier 2,1416100.0,False,False,0.5,0.02,-0.01,9.27,0.0,61.5,50.0,20.43,7.5,45.37,0.0,41.27,28.64,Low,0.0
V0050,2025Q3,Passive Components,Vietnam,APAC,Tier 2,1416100.0,False,False,0.88,0.02,-0.0,1.41,0.0,61.3,12.5,19.62,0.15,6.89,0.0,41.67,12.27,Low,1.0
V0050,2025Q4,Passive Components,Vietnam,APAC,Tier 2,1416100.0,False,False,0.67,0.03,0.09,7.0,0.0,60.9,33.33,34.77,50.09,34.25,0.0,42.46,32.18,Moderate,0.0
V0050,2026Q1,Passive Components,Vietnam,APAC,Tier 2,1416100.0,False,False,0.89,0.02,0.0,3.97,0.0,60.9,11.11,20.38,1.8,19.43,0.0,42.46,14.29,Low,0.0
V0050,2026Q2,Passive Components,Vietnam,APAC,Tier 2,1416100.0,False,False,1.0,0.01,0.01,0.45,0.0,60.9,0.0,13.61,7.93,2.19,0.0,42.46,8.49,Low,
V0051,2022Q3,Packaging,Malaysia,APAC,Tier 3,81900.0,False,False,1.0,0.0,-0.01,0.58,0.0,81.0,0.0,4.26,5.62,2.82,0.0,2.58,2.38,Low,0.0
V0051,2022Q4,Packaging,Malaysia,APAC,Tier 3,81900.0,False,False,1.0,0.0,-0.0,0.0,0.0,81.1,0.0,3.7,2.62,0.0,0.0,2.38,1.37,Low,0.0
V0051,2023Q1,Packaging,Malaysia,APAC,Tier 3,81900.0,False,False,1.0,0.0,0.02,0.0,0.0,81.3,0.0,0.0,8.79,0.0,0.0,1.98,1.52,Low,0.0
V0051,2023Q2,Packaging,Malaysia,APAC,Tier 3,81900.0,False,False,1.0,0.0,-0.0,0.0,0.0,81.2,0.0,0.0,1.03,0.0,0.0,2.18,0.37,Low,0.0
V0051,2023Q3,Packaging,Malaysia,APAC,Tier 3,81900.0,False,False,1.0,0.0,-0.01,0.71,0.0,81.3,0.0,2.52,5.43,3.46,0.0,1.98,2.04,Low,0.0
V0051,2024Q1,Packaging,Malaysia,APAC,Tier 3,81900.0,False,False,1.0,0.0,-0.01,0.0,0.0,82.4,0.0,3.25,4.74,0.0,0.0,0.0,1.36,Low,1.0
V0051,2024Q2,Packaging,Malaysia,APAC,Tier 3,81900.0,False,False,0.6,0.0,-0.01,13.13,0.0,82.0,40.0,5.45,3.07,64.22,0.0,0.6,21.24,Low,0.0
V0051,2024Q3,Packaging,Malaysia,APAC,Tier 3,81900.0,False,False,1.0,0.0,-0.01,1.0,0.0,81.4,0.0,3.25,4.76,4.89,0.0,1.79,2.28,Low,0.0
V0051,2025Q1,Packaging,Malaysia,APAC,Tier 3,81900.0,False,False,1.0,0.0,-0.01,0.0,0.0,81.3,0.0,2.24,4.21,0.0,0.0,1.98,1.28,Low,0.0
V0051,2025Q2,Packaging,Malaysia,APAC,Tier 3,81900.0,False,False,1.0,0.0,-0.01,0.5,0.0,80.7,0.0,3.75,6.09,2.45,0.0,3.17,2.35,Low,1.0
V0051,2025Q3,Packaging,Malaysia,APAC,Tier 3,81900.0,False,False,0.5,0.0,0.01,2.83,0.0,80.6,50.0,3.58,6.58,13.84,0.0,3.37,16.62,Low,0.0
V0051,2025Q4,Packaging,Malaysia,APAC,Tier 3,81900.0,False,False,0.75,0.0,0.01,8.5,0.0,80.1,25.0,4.82,8.11,41.59,0.0,4.37,15.1,Low,0.0
V0051,2026Q1,Packaging,Malaysia,APAC,Tier 3,81900.0,False,False,1.0,0.0,0.02,0.0,0.0,80.1,0.0,3.7,12.07,0.0,0.0,4.37,2.99,Low,0.0
V0051,2026Q2,Packaging,Malaysia,APAC,Tier 3,81900.0,False,False,1.0,0.0,-0.0,1.0,0.0,80.4,0.0,4.44,2.33,4.89,0.0,3.77,2.35,Low,
V0052,2022Q2,Passive Components,Japan,APAC,Tier 3,167500.0,False,False,0.5,0.02,-0.11,6.36,0.0,61.4,50.0,19.65,59.73,31.14,0.0,41.47,34.21,Moderate,1.0
V0052,2022Q4,Passive Components,Japan,APAC,Tier 3,167500.0,False,False,1.0,0.0,-0.05,0.71,0.0,61.2,0.0,0.0,28.4,3.46,0.0,41.87,8.97,Low,0.0
V0052,2023Q2,Passive Components,Japan,APAC,Tier 3,167500.0,False,False,1.0,0.01,0.09,0.0,0.0,60.9,0.0,11.53,50.77,0.0,0.0,42.46,14.17,Low,0.0
V0052,2023Q4,Passive Components,Japan,APAC,Tier 3,167500.0,False,False,1.0,0.01,0.21,0.0,0.0,61.8,0.0,9.41,100.0,0.0,0.0,40.67,20.95,Low,1.0
V0052,2024Q2,Passive Components,Japan,APAC,Tier 3,167500.0,False,False,1.0,0.04,0.23,0.0,0.0,61.0,0.0,41.43,100.0,0.0,0.0,42.26,27.51,Low,1.0
V0052,2024Q3,Passive Components,Japan,APAC,Tier 3,167500.0,False,False,0.5,0.01,0.03,0.71,0.0,61.0,50.0,9.85,18.42,3.46,0.0,42.26,21.98,Low,0.0
V0052,2024Q4,Passive Components,Japan,APAC,Tier 3,167500.0,False,False,1.0,0.0,-0.03,0.0,0.0,60.8,0.0,2.8,16.55,0.0,0.0,42.66,7.31,Low,0.0
V0052,2025Q4,Passive Components,Japan,APAC,Tier 3,167500.0,False,False,0.33,0.02,0.02,18.08,0.0,59.6,66.67,27.1,13.57,88.48,0.0,45.04,41.9,Moderate,0.0
V0053,2022Q1,Connectors,United States,AMER,Tier 2,1848600.0,True,True,1.0,0.0,0.01,0.5,0.0,82.3,0.0,0.78,4.99,2.45,0.0,0.0,1.46,Low,0.0
V0053,2022Q2,Connectors,United States,AMER,Tier 2,1848600.0,True,True,1.0,0.0,0.0,0.89,0.0,82.4,0.0,4.44,0.67,4.38,0.0,0.0,1.89,Low,0.0
V0053,2022Q3,Connectors,United States,AMER,Tier 2,1848600.0,True,True,0.86,0.0,-0.0,8.43,0.0,82.6,14.29,3.92,1.25,41.23,0.0,0.0,12.34,Low,0.0
V0053,2022Q4,Connectors,United States,AMER,Tier 2,1848600.0,True,True,1.0,0.0,0.02,0.0,0.0,82.4,0.0,3.15,8.45,0.0,0.0,0.0,2.18,Low,0.0
V0053,2023Q1,Connectors,United States,AMER,Tier 2,1848600.0,True,True,0.89,0.0,0.0,4.64,0.0,82.8,11.11,3.39,2.22,22.69,0.0,0.0,8.27,Low,0.0
V0053,2023Q2,Connectors,United States,AMER,Tier 2,1848600.0,True,True,0.93,0.0,-0.0,1.04,0.0,81.9,7.14,3.62,0.24,5.08,0.0,0.79,3.9,Low,0.0
V0053,2023Q3,Connectors,United States,AMER,Tier 2,1848600.0,True,True,1.0,0.0,0.01,0.89,0.0,81.4,0.0,3.34,3.83,4.34,0.0,1.79,2.38,Low,0.0
V0053,2023Q4,Connectors,United States,AMER,Tier 2,1848600.0,True,True,0.86,0.0,0.0,1.91,0.0,81.9,14.29,4.7,0.21,9.37,0.0,0.79,6.93,Low,0.0
V0053,2024Q1,Connectors,United States,AMER,Tier 2,1848600.0,True,True,1.0,0.0,-0.0,0.0,0.0,81.5,0.0,4.63,0.59,0.0,0.0,1.59,1.35,Low,0.0
V0053,2024Q2,Connectors,United States,AMER,Tier 2,1848600.0,True,True,1.0,0.0,0.01,0.67,0.0,81.5,0.0,2.9,4.49,3.3,0.0,1.59,2.19,Low,0.0
V0053,2024Q3,Connectors,United States,AMER,Tier 2,1848600.0,True,True,1.0,0.0,-0.01,0.71,0.0,81.8,0.0,3.36,7.23,3.46,0.0,0.99,2.73,Low,0.0
V0053,2024Q4,Connectors,United States,AMER,Tier 2,1848600.0,True,True,1.0,0.0,-0.01,0.41,0.0,82.2,0.0,4.37,4.74,2.0,0.0,0.2,2.19,Low,0.0
V0053,2025Q1,Connectors,United States,AMER,Tier 2,1848600.0,True,True,0.8,0.0,0.01,1.3,0.0,83.2,20.0,1.23,7.87,6.38,0.0,0.0,8.49,Low,0.0
V0053,2025Q2,Connectors,United States,AMER,Tier 2,1848600.0,True,True,0.79,0.0,-0.0,11.39,0.0,82.8,21.43,3.74,2.16,55.73,0.0,0.0,17.01,Low,0.0
V0053,2025Q3,Connectors,United States,AMER,Tier 2,1848600.0,True,True,0.89,0.0,0.0,1.99,0.0,82.4,11.11,4.2,1.06,9.72,0.0,0.0,6.02,Low,0.0
V0053,2025Q4,Connectors,United States,AMER,Tier 2,1848600.0,True,True,1.0,0.01,-0.02,0.79,0.0,82.3,0.0,5.75,11.84,3.85,0.0,0.0,4.03,Low,1.0
V0053,2026Q1,Connectors,United States,AMER,Tier 2,1848600.0,True,True,0.71,0.0,-0.01,8.98,0.0,82.0,28.57,3.56,4.77,43.92,0.0,0.6,17.5,Low,0.0
V0053,2026Q2,Connectors,United States,AMER,Tier 2,1848600.0,True,True,1.0,0.0,0.0,1.1,0.0,82.1,0.0,3.85,1.92,5.36,0.0,0.4,2.19,Low,
V0054,2022Q1,Enclosures / Metal,Taiwan,APAC,Tier 1,2925500.0,False,False,1.0,0.0,0.0,0.42,0.0,82.0,0.0,3.61,1.94,2.06,0.0,0.6,1.38,Low,0.0
V0054,2022Q2,Enclosures / Metal,Taiwan,APAC,Tier 1,2925500.0,False,False,0.76,0.0,-0.0,8.78,0.0,81.9,23.53,3.24,0.32,42.94,0.0,0.79,13.1,Low,1.0
V0054,2022Q3,Enclosures / Metal,Taiwan,APAC,Tier 1,2925500.0,False,False,0.61,0.0,0.01,17.48,0.0,81.6,38.89,3.23,3.39,85.51,0.0,1.39,23.84,Low,0.0
V0054,2022Q4,Enclosures / Metal,Taiwan,APAC,Tier 1,2925500.0,False,False,1.0,0.0,0.0,0.56,0.0,81.6,0.0,3.75,1.72,2.74,0.0,1.39,1.56,Low,0.0
V0054,2023Q1,Enclosures / Metal,Taiwan,APAC,Tier 1,2925500.0,False,False,1.0,0.0,0.0,0.42,0.0,81.9,0.0,2.58,1.84,2.06,0.0,0.79,1.18,Low,0.0
V0054,2023Q2,Enclosures / Metal,Taiwan,APAC,Tier 1,2925500.0,False,False,0.92,0.0,-0.01,6.04,0.0,82.0,8.33,3.78,4.6,29.57,0.0,0.6,8.02,Low,0.0
V0054,2023Q3,Enclosures / Metal,Taiwan,APAC,Tier 1,2925500.0,False,False,0.85,0.0,-0.0,1.32,0.0,82.1,15.38,4.06,0.49,6.44,0.0,0.4,5.74,Low,0.0
V0054,2023Q4,Enclosures / Metal,Taiwan,APAC,Tier 1,2925500.0,False,False,1.0,0.0,0.01,0.0,0.0,81.7,0.0,4.14,7.44,0.0,0.0,1.19,2.06,Low,0.0
V0054,2024Q1,Enclosures / Metal,Taiwan,APAC,Tier 1,2925500.0,False,False,0.91,0.0,-0.0,4.72,0.0,80.8,9.09,4.3,1.55,23.1,0.0,2.98,7.13,Low,1.0
V0054,2024Q2,Enclosures / Metal,Taiwan,APAC,Tier 1,2925500.0,False,False,0.6,0.0,-0.01,11.94,0.0,80.5,40.0,4.97,3.58,58.43,0.0,3.57,20.65,Low,0.0
V0054,2024Q3,Enclosures / Metal,Taiwan,APAC,Tier 1,2925500.0,False,False,0.86,0.0,0.0,13.29,0.0,81.1,14.29,4.13,1.73,65.04,0.0,2.38,14.65,Low,0.0
V0054,2024Q4,Enclosures / Metal,Taiwan,APAC,Tier 1,2925500.0,False,False,0.8,0.0,0.0,1.49,0.0,81.2,20.0,3.56,2.34,7.27,0.0,2.18,7.37,Low,0.0
V0054,2025Q1,Enclosures / Metal,Taiwan,APAC,Tier 1,2925500.0,False,False,0.89,0.0,-0.01,1.01,0.0,81.4,11.11,4.17,3.65,4.96,0.0,1.79,5.08,Low,0.0
V0054,2025Q2,Enclosures / Metal,Taiwan,APAC,Tier 1,2925500.0,False,False,0.77,0.0,0.01,7.44,0.0,81.6,23.08,2.67,8.04,36.42,0.0,1.39,13.11,Low,1.0
V0054,2025Q3,Enclosures / Metal,Taiwan,APAC,Tier 1,2925500.0,False,False,0.7,0.0,-0.01,8.96,0.0,81.2,30.0,4.28,5.72,43.83,0.0,2.18,16.01,Low,0.0
V0054,2025Q4,Enclosures / Metal,Taiwan,APAC,Tier 1,2925500.0,False,False,0.75,0.0,0.0,7.94,0.0,81.3,25.0,2.3,0.17,38.83,0.0,1.98,12.76,Low,1.0
V0054,2026Q1,Enclosures / Metal,Taiwan,APAC,Tier 1,2925500.0,False,False,0.67,0.0,0.01,7.88,0.0,80.6,33.33,3.37,4.39,38.55,0.0,3.37,15.79,Low,0.0
V0054,2026Q2,Enclosures / Metal,Taiwan,APAC,Tier 1,2925500.0,False,False,0.89,0.0,-0.01,4.59,0.0,80.9,11.11,3.86,3.02,22.48,0.0,2.78,7.65,Low,
V0055,2022Q1,Packaging,Czech Republic,EMEA,Tier 2,1514800.0,False,False,0.75,0.02,0.04,2.63,0.0,47.8,25.0,19.04,22.31,12.87,0.0,68.45,22.18,Low,1.0
V0055,2022Q2,Packaging,Czech Republic,EMEA,Tier 2,1514800.0,False,False,0.88,0.04,0.04,2.73,0.0,48.6,12.5,41.55,19.22,13.34,0.0,66.87,23.0,Low,1.0
V0055,2022Q3,Packaging,Czech Republic,EMEA,Tier 2,1514800.0,False,False,0.6,0.02,-0.0,5.94,0.0,48.7,40.0,17.81,1.51,29.07,0.0,66.67,24.82,Low,1.0
V0055,2022Q4,Packaging,Czech Republic,EMEA,Tier 2,1514800.0,False,False,0.7,0.05,-0.04,9.19,0.0,49.0,30.0,52.59,22.55,44.96,0.0,66.07,34.75,Moderate,1.0
V0055,2023Q1,Packaging,Czech Republic,EMEA,Tier 2,1514800.0,False,False,0.5,0.04,-0.03,5.19,0.0,48.7,50.0,45.63,15.3,25.38,0.0,66.67,34.4,Moderate,1.0
V0055,2023Q2,Packaging,Czech Republic,EMEA,Tier 2,1514800.0,False,False,1.0,0.03,-0.01,0.9,0.0,48.4,0.0,29.9,4.34,4.4,0.0,67.26,14.02,Low,1.0
V0055,2023Q3,Packaging,Czech Republic,EMEA,Tier 2,1514800.0,False,False,0.86,0.04,0.05,2.57,0.0,48.8,14.29,40.39,25.46,12.59,0.0,66.47,24.0,Low,1.0
V0055,2023Q4,Packaging,Czech Republic,EMEA,Tier 2,1514800.0,False,False,0.67,0.04,-0.06,16.74,0.0,49.1,33.33,40.76,32.18,81.92,0.0,65.87,40.19,Moderate,1.0
V0055,2024Q1,Packaging,Czech Republic,EMEA,Tier 2,1514800.0,False,False,0.57,0.04,0.02,4.81,0.0,48.4,42.86,43.86,10.75,23.54,0.0,67.26,31.36,Moderate,1.0
V0055,2024Q2,Packaging,Czech Republic,EMEA,Tier 2,1514800.0,False,False,0.6,0.06,-0.05,15.75,0.0,48.3,40.0,68.94,26.0,77.05,0.0,67.46,45.99,Moderate,1.0
V0055,2024Q3,Packaging,Czech Republic,EMEA,Tier 2,1514800.0,False,False,0.5,0.03,0.08,8.81,0.0,48.2,50.0,36.1,46.62,43.1,0.0,67.66,39.94,Moderate,1.0
V0055,2024Q4,Packaging,Czech Republic,EMEA,Tier 2,1514800.0,False,False,1.0,0.05,-0.13,0.45,0.0,48.2,0.0,60.5,73.79,2.19,0.0,67.66,30.26,Moderate,1.0
V0055,2025Q1,Packaging,Czech Republic,EMEA,Tier 2,1514800.0,False,False,0.67,0.04,-0.06,7.13,0.0,48.5,33.33,47.31,31.48,34.87,0.0,67.06,34.45,Moderate,1.0
V0055,2025Q2,Packaging,Czech Republic,EMEA,Tier 2,1514800.0,False,False,0.5,0.04,0.04,6.85,0.0,48.8,50.0,42.74,20.55,33.51,0.0,66.47,35.8,Moderate,1.0
V0055,2025Q3,Packaging,Czech Republic,EMEA,Tier 2,1514800.0,False,False,0.5,0.05,-0.02,25.75,0.0,48.5,50.0,61.4,10.78,100.0,0.0,67.06,48.1,Moderate,1.0
V0055,2025Q4,Packaging,Czech Republic,EMEA,Tier 2,1514800.0,False,False,0.0,0.05,-0.08,6.36,0.0,48.7,100.0,51.29,43.18,31.14,0.0,66.67,53.07,High,1.0
V0055,2026Q1,Packaging,Czech Republic,EMEA,Tier 2,1514800.0,False,False,0.71,0.03,-0.03,7.57,0.0,48.8,28.57,34.66,16.94,37.03,0.0,66.47,28.82,Low,1.0
V0055,2026Q2,Packaging,Czech Republic,EMEA,Tier 2,1514800.0,False,False,0.67,0.04,0.03,4.92,0.0,48.4,33.33,42.33,16.22,24.05,0.0,67.26,29.57,Low,
V0056,2022Q1,PCB / PCBA,Czech Republic,EMEA,Tier 2,1601000.0,False,False,1.0,0.01,-0.0,0.71,0.0,61.9,0.0,14.56,0.98,3.46,0.0,40.48,7.62,Low,0.0
V0056,2022Q2,PCB / PCBA,Czech Republic,EMEA,Tier 2,1601000.0,False,False,0.75,0.01,-0.01,4.0,0.0,61.7,25.0,15.51,7.38,19.57,0.0,40.87,17.48,Low,1.0
V0056,2022Q3,PCB / PCBA,Czech Republic,EMEA,Tier 2,1601000.0,False,False,0.6,0.01,0.01,9.37,0.0,61.7,40.0,14.78,7.31,45.85,0.0,40.87,25.02,Low,1.0
V0056,2022Q4,PCB / PCBA,Czech Republic,EMEA,Tier 2,1601000.0,False,False,0.5,0.0,0.05,7.07,0.0,62.0,50.0,0.0,28.44,34.6,0.0,40.28,25.98,Low,0.0
V0056,2023Q1,PCB / PCBA,Czech Republic,EMEA,Tier 2,1601000.0,False,False,0.75,0.01,-0.04,1.5,0.0,62.3,25.0,11.48,20.48,7.34,0.0,39.68,16.69,Low,1.0
V0056,2023Q2,PCB / PCBA,Czech Republic,EMEA,Tier 2,1601000.0,False,False,0.67,0.02,-0.03,7.11,0.0,62.9,33.33,16.91,14.27,34.78,0.0,38.49,22.92,Low,1.0
V0056,2023Q3,PCB / PCBA,Czech Republic,EMEA,Tier 2,1601000.0,False,False,0.67,0.02,0.01,16.74,0.0,62.6,33.33,25.2,8.07,81.92,0.0,39.09,30.78,Moderate,0.0
V0056,2023Q4,PCB / PCBA,Czech Republic,EMEA,Tier 2,1601000.0,False,False,1.0,0.0,0.08,0.0,0.0,63.0,0.0,0.0,44.28,0.0,0.0,38.29,10.47,Low,1.0
V0056,2024Q1,PCB / PCBA,Czech Republic,EMEA,Tier 2,1601000.0,False,False,0.57,0.02,0.03,6.78,2.0,62.1,42.86,21.72,15.8,33.15,100.0,40.08,41.41,Moderate,1.0
V0056,2024Q2,PCB / PCBA,Czech Republic,EMEA,Tier 2,1601000.0,False,False,0.5,0.02,0.06,13.8,0.0,61.7,50.0,20.54,33.7,67.51,0.0,40.87,35.88,Moderate,0.0
V0056,2024Q3,PCB / PCBA,Czech Republic,EMEA,Tier 2,1601000.0,False,False,1.0,0.01,-0.08,0.0,0.0,61.3,0.0,9.97,43.88,0.0,0.0,41.67,12.74,Low,0.0
V0056,2024Q4,PCB / PCBA,Czech Republic,EMEA,Tier 2,1601000.0,False,False,0.8,0.02,0.02,1.3,0.0,61.5,20.0,24.19,12.97,6.38,0.0,41.27,16.87,Low,0.0
V0056,2025Q1,PCB / PCBA,Czech Republic,EMEA,Tier 2,1601000.0,False,False,1.0,0.02,0.02,0.89,0.0,61.4,0.0,24.64,12.49,4.38,0.0,41.47,11.6,Low,1.0
V0056,2025Q2,PCB / PCBA,Czech Republic,EMEA,Tier 2,1601000.0,False,False,0.5,0.02,0.01,7.78,0.0,61.1,50.0,19.6,3.9,38.06,0.0,42.06,26.92,Low,1.0
V0056,2025Q3,PCB / PCBA,Czech Republic,EMEA,Tier 2,1601000.0,False,False,0.4,0.01,0.03,18.36,0.0,60.6,60.0,16.6,18.9,89.82,0.0,43.06,38.93,Moderate,0.0
V0056,2025Q4,PCB / PCBA,Czech Republic,EMEA,Tier 2,1601000.0,False,False,1.0,0.03,-0.0,0.58,0.0,60.2,0.0,29.0,1.43,2.82,0.0,43.85,10.82,Low,0.0
V0056,2026Q1,PCB / PCBA,Czech Republic,EMEA,Tier 2,1601000.0,False,False,0.75,0.01,0.04,8.22,0.0,60.0,25.0,9.67,22.87,40.22,0.0,44.25,22.07,Low,0.0
V0056,2026Q2,PCB / PCBA,Czech Republic,EMEA,Tier 2,1601000.0,False,False,1.0,0.03,-0.01,0.45,0.0,60.3,0.0,29.79,6.49,2.19,0.0,43.65,11.62,Low,
V0057,2022Q1,Connectors,South Korea,APAC,Tier 3,373700.0,False,False,1.0,0.04,0.06,0.0,0.0,47.9,0.0,39.42,35.03,0.0,0.0,68.25,19.96,Low,1.0
V0057,2022Q2,Connectors,South Korea,APAC,Tier 3,373700.0,False,False,1.0,0.07,-0.4,0.71,0.0,47.5,0.0,76.26,100.0,3.46,0.0,69.05,37.68,Moderate,1.0
V0057,2022Q3,Connectors,South Korea,APAC,Tier 3,373700.0,False,False,0.0,0.04,-0.08,18.5,0.0,47.5,100.0,48.26,43.78,90.53,0.0,69.05,61.7,High,0.0
V0057,2022Q4,Connectors,South Korea,APAC,Tier 3,373700.0,False,False,1.0,0.0,-0.12,0.0,0.0,47.0,0.0,0.0,65.54,0.0,0.0,70.04,16.83,Low,1.0
V0057,2023Q1,Connectors,South Korea,APAC,Tier 3,373700.0,False,False,1.0,0.04,-0.06,0.71,0.0,46.8,0.0,47.54,34.41,3.46,0.0,70.44,22.23,Low,0.0
V0057,2023Q4,Connectors,South Korea,APAC,Tier 3,373700.0,False,False,0.5,0.04,0.0,3.54,0.0,47.3,50.0,42.67,1.46,17.3,0.0,69.44,30.79,Moderate,1.0
V0057,2024Q1,Connectors,South Korea,APAC,Tier 3,373700.0,False,False,0.0,0.0,0.04,0.0,2.0,47.6,100.0,0.0,21.48,0.0,100.0,68.85,50.11,High,0.0
V0057,2024Q4,Connectors,South Korea,APAC,Tier 3,373700.0,False,False,1.0,0.0,-0.08,0.0,0.0,46.9,0.0,0.0,45.51,0.0,0.0,70.24,13.85,Low,1.0
V0057,2025Q1,Connectors,South Korea,APAC,Tier 3,373700.0,False,False,0.5,0.07,0.04,11.31,0.0,46.6,50.0,73.24,20.54,55.36,0.0,70.83,45.62,Moderate,1.0
V0057,2025Q2,Connectors,South Korea,APAC,Tier 3,373700.0,False,False,0.5,0.03,0.01,22.63,0.0,46.6,50.0,32.7,8.15,100.0,0.0,70.83,42.35,Moderate,0.0
V0057,2025Q3,Connectors,South Korea,APAC,Tier 3,373700.0,False,False,1.0,0.0,0.17,0.0,0.0,46.1,0.0,0.0,94.76,0.0,0.0,71.83,21.4,Low,0.0
V0057,2026Q1,Connectors,South Korea,APAC,Tier 3,373700.0,False,False,1.0,0.04,0.03,0.0,0.0,45.9,0.0,41.77,18.2,0.0,0.0,72.22,18.31,Low,1.0
V0057,2026Q2,Connectors,South Korea,APAC,Tier 3,373700.0,False,False,0.67,0.05,0.1,2.52,0.0,46.2,33.33,52.22,54.44,12.31,0.0,71.63,35.95,Moderate,
V0058,2022Q2,Semiconductors,Germany,EMEA,Tier 1,8568300.0,True,True,0.69,0.03,-0.03,6.34,0.0,48.3,30.77,32.25,18.96,31.04,0.0,67.46,32.65,Moderate,1.0
V0058,2022Q3,Semiconductors,Germany,EMEA,Tier 1,8568300.0,True,True,0.58,0.02,0.01,8.7,0.0,48.5,41.67,25.46,2.97,42.55,0.0,67.06,33.4,Moderate,1.0
V0058,2022Q4,Semiconductors,Germany,EMEA,Tier 1,8568300.0,True,True,1.0,0.04,0.04,0.76,0.0,48.5,0.0,45.63,23.74,3.7,0.0,67.06,22.94,Low,0.0
V0058,2023Q1,Semiconductors,Germany,EMEA,Tier 1,8568300.0,True,True,0.75,0.02,-0.0,5.85,1.0,48.7,25.0,22.02,1.51,28.61,50.0,66.67,33.74,Moderate,1.0
V0058,2023Q2,Semiconductors,Germany,EMEA,Tier 1,8568300.0,True,True,0.65,0.03,0.01,9.83,0.0,48.5,35.29,32.59,8.15,48.08,0.0,67.06,35.05,Moderate,1.0
V0058,2023Q3,Semiconductors,Germany,EMEA,Tier 1,8568300.0,True,True,0.64,0.03,0.01,9.21,0.0,49.1,36.36,33.61,7.15,45.05,0.0,65.87,34.76,Moderate,1.0
V0058,2023Q4,Semiconductors,Germany,EMEA,Tier 1,8568300.0,True,True,0.71,0.04,0.01,7.5,0.0,48.7,28.57,46.15,4.67,36.7,0.0,66.67,33.63,Moderate,1.0
V0058,2024Q1,Semiconductors,Germany,EMEA,Tier 1,8568300.0,True,True,0.5,0.06,0.02,12.96,0.0,47.7,50.0,62.04,9.07,63.41,0.0,68.65,49.04,Moderate,1.0
V0058,2024Q2,Semiconductors,Germany,EMEA,Tier 1,8568300.0,True,True,0.71,0.05,0.04,9.84,0.0,47.1,28.57,53.48,21.45,48.16,0.0,69.84,40.55,Moderate,1.0
V0058,2024Q3,Semiconductors,Germany,EMEA,Tier 1,8568300.0,True,True,0.39,0.03,0.01,12.19,0.0,47.0,61.11,35.85,5.66,59.64,0.0,70.04,45.13,Moderate,1.0
V0058,2024Q4,Semiconductors,Germany,EMEA,Tier 1,8568300.0,True,True,0.84,0.04,-0.01,5.42,0.0,46.9,15.79,47.5,4.41,26.52,0.0,70.24,28.88,Low,1.0
V0058,2025Q1,Semiconductors,Germany,EMEA,Tier 1,8568300.0,True,True,0.8,0.06,-0.01,5.34,0.0,47.2,20.0,66.3,3.87,26.12,0.0,69.64,34.18,Moderate,1.0
V0058,2025Q2,Semiconductors,Germany,EMEA,Tier 1,8568300.0,True,True,0.54,0.04,-0.09,8.14,0.0,47.0,46.15,49.02,46.74,39.83,0.0,70.04,47.53,Moderate,1.0
V0058,2025Q3,Semiconductors,Germany,EMEA,Tier 1,8568300.0,True,True,0.67,0.03,0.01,9.56,0.0,47.0,33.33,38.68,5.63,46.76,0.0,70.04,35.57,Moderate,1.0
V0058,2025Q4,Semiconductors,Germany,EMEA,Tier 1,8568300.0,True,True,0.64,0.03,-0.06,10.1,0.0,46.4,36.36,35.9,34.24,49.41,0.0,71.23,41.33,Moderate,1.0
V0058,2026Q1,Semiconductors,Germany,EMEA,Tier 1,8568300.0,True,True,0.8,0.04,-0.04,9.55,0.0,46.8,20.0,42.03,24.57,46.7,0.0,70.44,35.81,Moderate,1.0
V0058,2026Q2,Semiconductors,Germany,EMEA,Tier 1,8568300.0,True,True,1.0,0.03,-0.06,0.89,0.0,46.6,0.0,31.71,30.95,4.34,0.0,70.83,21.53,Low,
V0059,2022Q1,Batteries,South Korea,APAC,Tier 1,3186700.0,False,False,0.5,0.11,-0.24,16.97,4.0,33.4,50.0,100.0,100.0,83.03,100.0,97.02,84.66,Critical,1.0
V0059,2022Q2,Batteries,South Korea,APAC,Tier 1,3186700.0,False,False,0.5,0.09,-0.11,6.21,0.0,33.4,50.0,99.48,59.59,30.38,0.0,97.02,55.6,High,1.0
V0059,2022Q3,Batteries,South Korea,APAC,Tier 1,3186700.0,False,False,0.43,0.05,0.11,12.69,0.0,33.3,57.14,59.73,63.12,62.08,0.0,97.22,54.73,High,1.0
V0059,2022Q4,Batteries,South Korea,APAC,Tier 1,3186700.0,False,False,0.62,0.07,0.06,8.18,0.0,33.4,38.46,77.06,35.16,40.01,0.0,97.02,46.0,Moderate,1.0
V0059,2023Q1,Batteries,South Korea,APAC,Tier 1,3186700.0,False,False,0.5,0.07,-0.03,7.43,0.0,33.4,50.0,82.98,14.32,36.36,0.0,97.02,46.4,Moderate,1.0
V0059,2023Q2,Batteries,South Korea,APAC,Tier 1,3186700.0,False,False,0.5,0.03,-0.07,12.3,0.0,32.6,50.0,38.6,38.64,60.19,0.0,98.61,44.91,Moderate,1.0
V0059,2023Q3,Batteries,South Korea,APAC,Tier 1,3186700.0,False,False,0.64,0.06,-0.02,2.97,0.0,32.4,35.71,68.02,11.28,14.55,0.0,99.01,36.31,Moderate,1.0
V0059,2023Q4,Batteries,South Korea,APAC,Tier 1,3186700.0,False,False,0.69,0.1,-0.03,6.72,0.0,32.8,30.77,100.0,16.3,32.86,0.0,98.21,44.89,Moderate,1.0
V0059,2024Q1,Batteries,South Korea,APAC,Tier 1,3186700.0,False,False,0.73,0.06,-0.14,9.32,0.0,31.9,27.27,63.53,75.22,45.59,0.0,100.0,47.64,Moderate,1.0
V0059,2024Q2,Batteries,South Korea,APAC,Tier 1,3186700.0,False,False,0.45,0.07,0.17,10.14,0.0,31.9,54.55,83.51,93.9,49.62,0.0,100.0,61.87,High,1.0
V0059,2024Q3,Batteries,South Korea,APAC,Tier 1,3186700.0,False,False,0.36,0.07,0.05,19.05,0.0,32.0,63.64,81.9,26.16,93.2,0.0,99.8,60.17,High,1.0
V0059,2024Q4,Batteries,South Korea,APAC,Tier 1,3186700.0,False,False,0.82,0.05,-0.05,4.59,0.0,32.4,18.18,50.99,28.12,22.45,0.0,99.01,32.23,Moderate,1.0
V0059,2025Q1,Batteries,South Korea,APAC,Tier 1,3186700.0,False,False,0.5,0.08,-0.05,6.73,0.0,32.5,50.0,86.38,27.28,32.95,0.0,98.81,48.69,Moderate,1.0
V0059,2025Q2,Batteries,South Korea,APAC,Tier 1,3186700.0,False,False,0.67,0.06,0.02,7.29,0.0,32.7,33.33,71.15,10.89,35.68,0.0,98.41,39.39,Moderate,1.0
V0059,2025Q3,Batteries,South Korea,APAC,Tier 1,3186700.0,False,False,0.6,0.07,0.02,12.53,0.0,32.5,40.0,81.55,13.63,61.29,0.0,98.81,47.43,Moderate,1.0
V0059,2025Q4,Batteries,South Korea,APAC,Tier 1,3186700.0,False,False,0.58,0.06,0.07,10.18,4.0,32.5,41.67,69.85,36.85,49.81,100.0,98.81,62.27,High,1.0
V0059,2026Q1,Batteries,South Korea,APAC,Tier 1,3186700.0,False,False,0.3,0.08,0.02,12.27,0.0,32.6,70.0,88.05,9.38,60.03,0.0,98.61,55.38,High,1.0
V0059,2026Q2,Batteries,South Korea,APAC,Tier 1,3186700.0,False,False,0.5,0.07,-0.02,8.22,0.0,32.5,50.0,76.17,8.98,40.24,0.0,98.81,45.0,Moderate,
V0060,2022Q2,Displays,Japan,APAC,Tier 3,131400.0,False,False,0.67,0.06,0.12,5.2,0.0,46.9,33.33,70.1,67.93,25.42,0.0,70.24,43.38,Moderate,0.0
V0060,2022Q3,Displays,Japan,APAC,Tier 3,131400.0,False,False,1.0,0.0,0.33,0.0,0.0,47.2,0.0,0.0,100.0,0.0,0.0,69.64,21.96,Low,1.0
V0060,2022Q4,Displays,Japan,APAC,Tier 3,131400.0,False,False,0.0,0.02,-0.03,11.31,0.0,47.8,100.0,21.39,15.52,55.36,0.0,68.45,46.75,Moderate,0.0
V0060,2023Q1,Displays,Japan,APAC,Tier 3,131400.0,False,False,1.0,0.0,-0.2,0.0,0.0,48.0,0.0,0.0,100.0,0.0,0.0,68.06,21.81,Low,1.0
V0060,2023Q2,Displays,Japan,APAC,Tier 3,131400.0,False,False,0.0,0.01,-0.05,0.0,0.0,47.8,100.0,7.5,27.21,0.0,0.0,68.45,37.43,Moderate,0.0
V0060,2023Q3,Displays,Japan,APAC,Tier 3,131400.0,False,False,1.0,0.02,-0.03,0.0,0.0,48.1,0.0,26.04,17.77,0.0,0.0,67.86,14.66,Low,0.0
V0060,2024Q1,Displays,Japan,APAC,Tier 3,131400.0,False,False,0.67,0.05,0.13,2.52,0.0,47.2,33.33,56.21,73.6,12.31,0.0,69.64,39.43,Moderate,0.0
V0060,2024Q3,Displays,Japan,APAC,Tier 3,131400.0,False,False,0.2,0.04,-0.08,12.39,0.0,45.6,80.0,42.67,42.15,60.62,0.0,72.82,51.23,High,0.0
V0060,2024Q4,Displays,Japan,APAC,Tier 3,131400.0,False,False,1.0,0.01,-0.05,0.58,0.0,45.8,0.0,10.41,28.13,2.82,0.0,72.42,13.97,Low,0.0
V0060,2025Q1,Displays,Japan,APAC,Tier 3,131400.0,False,False,1.0,0.0,-0.15,0.0,0.0,46.0,0.0,0.0,83.06,0.0,0.0,72.02,19.66,Low,1.0
V0060,2025Q2,Displays,Japan,APAC,Tier 3,131400.0,False,False,1.0,0.06,0.17,0.0,0.0,45.7,0.0,63.16,90.82,0.0,0.0,72.62,33.52,Moderate,1.0
V0060,2025Q3,Displays,Japan,APAC,Tier 3,131400.0,False,False,0.33,0.02,-0.06,3.51,0.0,45.4,66.67,25.76,31.71,17.18,0.0,73.21,36.47,Moderate,0.0
V0060,2025Q4,Displays,Japan,APAC,Tier 3,131400.0,False,False,1.0,0.0,0.12,0.0,0.0,45.3,0.0,0.0,66.03,0.0,0.0,73.41,17.25,Low,0.0
V0060,2026Q2,Displays,Japan,APAC,Tier 3,131400.0,False,False,1.0,0.04,-0.02,0.0,0.0,45.1,0.0,49.22,8.71,0.0,0.0,73.81,18.53,Low,
V0061,2022Q1,Passive Components,Poland,EMEA,Tier 3,207900.0,False,False,1.0,0.02,-0.0,0.0,0.0,61.8,0.0,25.53,0.66,0.0,0.0,40.67,9.27,Low,1.0
V0061,2022Q2,Passive Components,Poland,EMEA,Tier 3,207900.0,False,False,0.5,0.0,0.04,6.36,0.0,62.2,50.0,0.0,21.45,31.14,0.0,39.88,24.38,Low,0.0
V0061,2022Q4,Passive Components,Poland,EMEA,Tier 3,207900.0,False,False,1.0,0.02,0.02,0.0,0.0,62.6,0.0,25.98,11.17,0.0,0.0,39.09,10.78,Low,1.0
V0061,2023Q1,Passive Components,Poland,EMEA,Tier 3,207900.0,False,False,0.6,0.02,0.01,4.87,0.0,62.0,40.0,16.95,7.25,23.82,0.0,40.28,22.08,Low,0.0
V0061,2023Q3,Passive Components,Poland,EMEA,Tier 3,207900.0,False,False,0.5,0.02,-0.01,14.85,0.0,61.7,50.0,19.65,5.03,72.65,0.0,40.87,32.17,Moderate,1.0
V0061,2023Q4,Passive Components,Poland,EMEA,Tier 3,207900.0,False,False,0.5,0.02,0.07,9.19,0.0,61.9,50.0,22.96,36.42,44.98,0.0,40.48,33.35,Moderate,0.0
V0061,2024Q1,Passive Components,Poland,EMEA,Tier 3,207900.0,False,False,1.0,0.0,0.02,0.0,0.0,61.6,0.0,0.0,9.09,0.0,0.0,41.07,5.47,Low,1.0
V0061,2024Q2,Passive Components,Poland,EMEA,Tier 3,207900.0,False,False,0.0,0.01,0.02,0.0,0.0,61.2,100.0,5.82,11.41,0.0,0.0,41.87,32.06,Moderate,0.0
V0061,2024Q3,Passive Components,Poland,EMEA,Tier 3,207900.0,False,False,1.0,0.0,0.07,0.0,0.0,61.4,0.0,2.13,35.9,0.0,0.0,41.47,9.96,Low,0.0
V0061,2024Q4,Passive Components,Poland,EMEA,Tier 3,207900.0,False,False,1.0,0.01,0.05,0.0,0.0,61.0,0.0,7.95,27.45,0.0,0.0,42.26,9.93,Low,0.0
V0061,2025Q1,Passive Components,Poland,EMEA,Tier 3,207900.0,False,False,1.0,0.02,-0.06,0.71,0.0,61.1,0.0,18.14,33.78,3.46,0.0,42.06,13.42,Low,0.0
V0061,2025Q2,Passive Components,Poland,EMEA,Tier 3,207900.0,False,False,1.0,0.02,-0.01,0.0,0.0,61.0,0.0,19.6,4.15,0.0,0.0,42.26,8.77,Low,0.0
V0061,2025Q3,Passive Components,Poland,EMEA,Tier 3,207900.0,False,False,1.0,0.0,-0.01,0.0,0.0,60.6,0.0,0.0,3.34,0.0,0.0,43.06,4.81,Low,0.0
V0061,2026Q2,Passive Components,Poland,EMEA,Tier 3,207900.0,False,False,0.67,0.03,-0.07,2.31,0.0,60.0,33.33,31.84,40.37,11.3,0.0,44.25,26.88,Low,
V0062,2022Q1,Packaging,Mexico,AMER,Tier 2,628800.0,False,False,1.0,0.0,0.0,0.89,0.0,82.1,0.0,1.46,0.61,4.38,0.0,0.4,1.08,Low,0.0
V0062,2022Q2,Packaging,Mexico,AMER,Tier 2,628800.0,False,False,1.0,0.0,-0.0,0.0,0.0,81.9,0.0,3.47,1.84,0.0,0.0,0.79,1.05,Low,0.0
V0062,2022Q3,Packaging,Mexico,AMER,Tier 2,628800.0,False,False,1.0,0.0,0.0,0.0,0.0,81.9,0.0,1.79,0.29,0.0,0.0,0.79,0.48,Low,0.0
V0062,2023Q1,Packaging,Mexico,AMER,Tier 2,628800.0,False,False,0.71,0.0,0.01,1.46,0.0,81.9,28.57,3.58,4.74,7.16,0.0,0.79,9.72,Low,0.0
V0062,2023Q2,Packaging,Mexico,AMER,Tier 2,628800.0,False,False,1.0,0.0,0.01,0.0,0.0,81.8,0.0,1.94,4.39,0.0,0.0,0.99,1.15,Low,0.0
V0062,2023Q3,Packaging,Mexico,AMER,Tier 2,628800.0,False,False,1.0,0.0,0.0,0.58,0.0,82.3,0.0,2.69,2.37,2.82,0.0,0.0,1.32,Low,0.0
V0062,2023Q4,Packaging,Mexico,AMER,Tier 2,628800.0,False,False,1.0,0.0,-0.01,0.0,0.0,82.7,0.0,2.35,6.78,0.0,0.0,0.0,1.49,Low,1.0
V0062,2024Q1,Packaging,Mexico,AMER,Tier 2,628800.0,False,False,0.5,0.0,-0.02,6.36,0.0,82.7,50.0,3.53,10.49,31.14,0.0,0.0,19.45,Low,0.0
V0062,2024Q2,Packaging,Mexico,AMER,Tier 2,628800.0,False,False,1.0,0.0,-0.03,0.0,0.0,82.7,0.0,1.96,13.74,0.0,0.0,0.0,2.45,Low,1.0
V0062,2024Q3,Packaging,Mexico,AMER,Tier 2,628800.0,False,False,0.0,0.0,0.03,0.0,0.0,83.2,100.0,1.68,15.11,0.0,0.0,0.0,27.6,Low,0.0
V0062,2024Q4,Packaging,Mexico,AMER,Tier 2,628800.0,False,False,1.0,0.0,-0.0,0.41,0.0,83.0,0.0,4.59,2.2,2.0,0.0,0.0,1.55,Low,0.0
V0062,2025Q1,Packaging,Mexico,AMER,Tier 2,628800.0,False,False,1.0,0.0,-0.0,0.0,0.0,82.8,0.0,2.1,1.88,0.0,0.0,0.0,0.7,Low,0.0
V0062,2025Q2,Packaging,Mexico,AMER,Tier 2,628800.0,False,False,1.0,0.0,0.0,1.15,0.0,82.5,0.0,3.51,1.0,5.65,0.0,0.0,1.7,Low,1.0
V0062,2025Q3,Packaging,Mexico,AMER,Tier 2,628800.0,False,False,0.33,0.01,-0.03,4.36,0.0,82.4,66.67,5.94,17.19,21.33,0.0,0.0,23.63,Low,0.0
V0062,2025Q4,Packaging,Mexico,AMER,Tier 2,628800.0,False,False,1.0,0.0,0.01,0.58,0.0,81.7,0.0,2.69,7.17,2.82,0.0,1.19,2.16,Low,0.0
V0062,2026Q1,Packaging,Mexico,AMER,Tier 2,628800.0,False,False,1.0,0.0,-0.0,0.0,0.0,81.7,0.0,1.51,1.56,0.0,0.0,1.19,0.66,Low,1.0
V0062,2026Q2,Packaging,Mexico,AMER,Tier 2,628800.0,False,False,0.62,0.0,0.0,5.77,0.0,81.2,37.5,2.13,2.14,28.22,0.0,2.18,14.57,Low,
V0063,2022Q2,Connectors,Taiwan,APAC,Tier 3,332300.0,True,False,0.67,0.0,-0.0,15.59,0.0,81.5,33.33,2.24,2.42,76.27,0.0,1.59,20.74,Low,0.0
V0063,2022Q4,Connectors,Taiwan,APAC,Tier 3,332300.0,True,False,1.0,0.0,0.02,0.0,0.0,81.0,0.0,5.49,8.45,0.0,0.0,2.58,2.62,Low,0.0
V0063,2023Q2,Connectors,Taiwan,APAC,Tier 3,332300.0,True,False,1.0,0.0,0.03,0.0,0.0,80.7,0.0,5.6,13.76,0.0,0.0,3.17,3.5,Low,0.0
V0063,2024Q3,Connectors,Taiwan,APAC,Tier 3,332300.0,True,False,1.0,0.0,-0.02,0.0,0.0,81.0,0.0,4.7,8.35,0.0,0.0,2.58,2.45,Low,0.0
V0063,2025Q1,Connectors,Taiwan,APAC,Tier 3,332300.0,True,False,0.67,0.0,-0.01,4.04,0.0,81.2,33.33,2.87,6.86,19.77,0.0,2.18,13.12,Low,0.0
V0063,2025Q2,Connectors,Taiwan,APAC,Tier 3,332300.0,True,False,1.0,0.0,-0.03,0.0,0.0,81.4,0.0,2.35,14.27,0.0,0.0,1.79,2.79,Low,0.0
V0063,2025Q4,Connectors,Taiwan,APAC,Tier 3,332300.0,True,False,1.0,0.0,-0.01,0.0,0.0,81.4,0.0,1.57,5.37,0.0,0.0,1.79,1.3,Low,0.0
V0063,2026Q2,Connectors,Taiwan,APAC,Tier 3,332300.0,True,False,1.0,0.0,0.0,0.58,0.0,81.9,0.0,4.26,1.24,2.82,0.0,0.79,1.54,Low,
V0064,2022Q1,Enclosures / Metal,Brazil,AMER,Tier 2,1700500.0,False,False,1.0,0.04,-0.12,0.0,0.0,48.7,0.0,49.05,65.99,0.0,0.0,66.67,26.37,Low,1.0
V0064,2022Q2,Enclosures / Metal,Brazil,AMER,Tier 2,1700500.0,False,False,0.5,0.03,-0.05,4.2,0.0,48.7,50.0,30.14,25.02,20.53,0.0,66.67,32.03,Moderate,1.0
V0064,2022Q3,Enclosures / Metal,Brazil,AMER,Tier 2,1700500.0,False,False,0.67,0.04,-0.0,13.86,0.0,48.9,33.33,43.16,2.62,67.8,0.0,66.27,34.15,Moderate,1.0
V0064,2022Q4,Enclosures / Metal,Brazil,AMER,Tier 2,1700500.0,False,False,0.62,0.05,0.02,2.8,0.0,49.0,37.5,55.24,10.32,13.7,0.0,66.07,30.63,Moderate,0.0
V0064,2023Q1,Enclosures / Metal,Brazil,AMER,Tier 2,1700500.0,False,False,0.8,0.04,0.0,5.17,0.0,48.6,20.0,44.61,1.38,25.28,0.0,66.87,24.61,Low,1.0
V0064,2023Q2,Enclosures / Metal,Brazil,AMER,Tier 2,1700500.0,False,False,0.33,0.02,-0.03,6.43,0.0,48.4,66.67,21.72,15.35,31.46,0.0,67.26,34.76,Moderate,0.0
V0064,2023Q3,Enclosures / Metal,Brazil,AMER,Tier 2,1700500.0,False,False,1.0,0.02,0.07,0.0,0.0,48.1,0.0,24.47,39.72,0.0,0.0,67.86,17.64,Low,0.0
V0064,2023Q4,Enclosures / Metal,Brazil,AMER,Tier 2,1700500.0,False,False,0.88,0.04,-0.08,4.6,0.0,48.1,12.5,45.58,42.32,22.49,0.0,67.86,28.75,Low,1.0
V0064,2024Q1,Enclosures / Metal,Brazil,AMER,Tier 2,1700500.0,False,False,0.0,0.02,0.02,21.92,0.0,47.7,100.0,24.13,10.57,100.0,0.0,68.65,53.28,High,1.0
V0064,2024Q2,Enclosures / Metal,Brazil,AMER,Tier 2,1700500.0,False,False,1.0,0.05,0.06,0.0,0.0,47.6,0.0,55.82,30.35,0.0,0.0,68.85,22.6,Low,1.0
V0064,2024Q3,Enclosures / Metal,Brazil,AMER,Tier 2,1700500.0,False,False,1.0,0.04,-0.02,0.76,0.0,47.5,0.0,45.17,13.26,3.7,0.0,69.05,18.48,Low,1.0
V0064,2024Q4,Enclosures / Metal,Brazil,AMER,Tier 2,1700500.0,False,False,0.83,0.04,0.02,2.04,0.0,47.4,16.67,43.45,13.43,9.99,0.0,69.25,23.29,Low,1.0
V0064,2025Q1,Enclosures / Metal,Brazil,AMER,Tier 2,1700500.0,False,False,0.4,0.05,0.13,11.22,0.0,46.8,60.0,54.03,71.5,54.92,0.0,70.44,51.81,High,1.0
V0064,2025Q2,Enclosures / Metal,Brazil,AMER,Tier 2,1700500.0,False,False,0.0,0.0,-0.08,0.0,0.0,46.3,100.0,0.0,42.54,0.0,0.0,71.43,38.52,Moderate,1.0
V0064,2025Q3,Enclosures / Metal,Brazil,AMER,Tier 2,1700500.0,False,False,0.6,0.04,-0.03,6.23,0.0,46.7,40.0,41.32,18.39,30.48,0.0,70.63,32.66,Moderate,1.0
V0064,2025Q4,Enclosures / Metal,Brazil,AMER,Tier 2,1700500.0,False,False,0.57,0.03,0.03,6.2,0.0,47.0,42.86,37.81,14.21,30.35,0.0,70.04,31.96,Moderate,1.0
V0064,2026Q1,Enclosures / Metal,Brazil,AMER,Tier 2,1700500.0,False,False,0.71,0.03,0.01,7.76,0.0,47.4,28.57,30.04,6.99,37.94,0.0,69.25,26.81,Low,1.0
V0064,2026Q2,Enclosures / Metal,Brazil,AMER,Tier 2,1700500.0,False,False,1.0,0.05,0.01,0.0,0.0,47.1,0.0,53.3,3.97,0.0,0.0,69.84,18.24,Low,
V0065,2022Q2,Semiconductors,South Korea,APAC,Tier 1,9259300.0,False,False,1.0,0.01,-0.01,0.41,0.0,79.7,0.0,5.85,2.95,2.0,0.0,5.16,2.43,Low,1.0
V0065,2022Q3,Semiconductors,South Korea,APAC,Tier 1,9259300.0,False,False,0.29,0.0,-0.03,23.56,0.0,79.2,70.59,5.25,18.47,100.0,0.0,6.15,37.08,Moderate,1.0
V0065,2022Q4,Semiconductors,South Korea,APAC,Tier 1,9259300.0,False,False,0.58,0.0,-0.0,21.29,0.0,78.5,41.67,4.32,2.36,100.0,0.0,7.54,27.39,Low,1.0
V0065,2023Q1,Semiconductors,South Korea,APAC,Tier 1,9259300.0,False,False,0.53,0.0,-0.0,16.11,0.0,79.1,47.06,3.25,1.27,78.83,0.0,6.35,25.06,Low,1.0
V0065,2023Q2,Semiconductors,South Korea,APAC,Tier 1,9259300.0,False,False,0.73,0.0,0.0,8.77,0.0,79.5,26.67,2.78,0.68,42.89,0.0,5.56,14.31,Low,0.0
V0065,2023Q3,Semiconductors,South Korea,APAC,Tier 1,9259300.0,False,False,0.92,0.0,0.0,0.9,0.0,79.5,8.33,3.47,1.69,4.41,0.0,5.56,4.25,Low,0.0
V0065,2023Q4,Semiconductors,South Korea,APAC,Tier 1,9259300.0,False,False,0.94,0.0,-0.0,1.73,0.0,80.1,6.25,4.49,0.51,8.47,0.0,4.37,4.24,Low,0.0
V0065,2024Q1,Semiconductors,South Korea,APAC,Tier 1,9259300.0,False,False,0.92,0.0,-0.01,5.13,0.0,79.7,8.33,3.58,5.81,25.11,0.0,5.16,7.95,Low,0.0
V0065,2024Q2,Semiconductors,South Korea,APAC,Tier 1,9259300.0,False,False,0.75,0.0,0.0,6.03,0.0,78.7,25.0,3.98,2.35,29.49,0.0,7.14,12.54,Low,0.0
V0065,2024Q3,Semiconductors,South Korea,APAC,Tier 1,9259300.0,False,False,0.75,0.0,0.01,14.23,0.0,78.7,25.0,3.49,3.87,69.64,0.0,7.14,18.69,Low,0.0
V0065,2024Q4,Semiconductors,South Korea,APAC,Tier 1,9259300.0,False,False,0.9,0.0,-0.01,4.02,0.0,79.0,10.0,3.58,3.9,19.67,0.0,6.55,7.41,Low,0.0
V0065,2025Q1,Semiconductors,South Korea,APAC,Tier 1,9259300.0,False,False,1.0,0.0,0.0,0.67,0.0,79.3,0.0,3.61,1.23,3.26,0.0,5.95,1.99,Low,0.0
V0065,2025Q2,Semiconductors,South Korea,APAC,Tier 1,9259300.0,False,False,0.77,0.0,-0.01,4.97,0.0,78.9,23.08,3.18,3.95,24.34,0.0,6.75,11.32,Low,0.0
V0065,2025Q3,Semiconductors,South Korea,APAC,Tier 1,9259300.0,False,False,0.85,0.0,0.0,3.33,0.0,79.0,15.38,4.54,0.61,16.27,0.0,6.55,7.94,Low,0.0
V0065,2025Q4,Semiconductors,South Korea,APAC,Tier 1,9259300.0,False,False,0.75,0.0,0.01,5.53,0.0,79.0,25.0,3.4,3.35,27.04,0.0,6.55,12.14,Low,0.0
V0065,2026Q1,Semiconductors,South Korea,APAC,Tier 1,9259300.0,False,False,0.89,0.0,0.0,2.6,0.0,79.3,11.11,3.66,2.34,12.71,0.0,5.95,6.36,Low,0.0
V0065,2026Q2,Semiconductors,South Korea,APAC,Tier 1,9259300.0,False,False,0.86,0.0,0.0,8.87,0.0,79.7,14.29,3.53,0.14,43.41,0.0,5.16,11.33,Low,
V0066,2022Q1,Enclosures / Metal,Malaysia,APAC,Tier 1,2731900.0,True,True,0.6,0.03,0.02,9.94,0.0,61.9,40.0,29.71,9.93,48.63,0.0,40.48,33.09,Moderate,1.0
V0066,2022Q2,Enclosures / Metal,Malaysia,APAC,Tier 1,2731900.0,True,True,0.62,0.02,0.02,9.07,0.0,61.5,37.5,26.88,8.59,44.36,0.0,41.27,30.84,Moderate,1.0
V0066,2022Q3,Enclosures / Metal,Malaysia,APAC,Tier 1,2731900.0,True,True,0.62,0.02,0.01,9.06,0.0,61.6,38.46,21.36,4.31,44.31,0.0,41.07,29.08,Low,0.0
V0066,2022Q4,Enclosures / Metal,Malaysia,APAC,Tier 1,2731900.0,True,True,1.0,0.01,0.02,0.3,0.0,61.7,0.0,15.42,13.17,1.48,0.0,40.87,10.77,Low,0.0
V0066,2023Q1,Enclosures / Metal,Malaysia,APAC,Tier 1,2731900.0,True,True,0.88,0.02,0.02,1.1,0.0,61.8,12.5,18.41,9.45,5.36,0.0,40.67,15.06,Low,0.0
V0066,2023Q2,Enclosures / Metal,Malaysia,APAC,Tier 1,2731900.0,True,True,1.0,0.02,0.0,0.72,0.0,62.0,0.0,23.63,2.7,3.54,0.0,40.28,11.14,Low,0.0
V0066,2023Q3,Enclosures / Metal,Malaysia,APAC,Tier 1,2731900.0,True,True,0.77,0.01,0.01,1.68,0.0,61.8,23.08,14.14,7.59,8.24,0.0,40.67,17.29,Low,0.0
V0066,2023Q4,Enclosures / Metal,Malaysia,APAC,Tier 1,2731900.0,True,True,1.0,0.02,0.02,0.43,0.0,62.0,0.0,19.74,9.8,2.08,0.0,40.28,11.22,Low,0.0
V0066,2024Q1,Enclosures / Metal,Malaysia,APAC,Tier 1,2731900.0,True,True,0.88,0.02,0.0,4.9,0.0,61.5,12.5,18.85,0.95,23.97,0.0,41.27,16.97,Low,0.0
V0066,2024Q2,Enclosures / Metal,Malaysia,APAC,Tier 1,2731900.0,True,True,0.75,0.02,-0.0,7.87,0.0,61.7,25.0,19.87,2.71,38.52,0.0,40.87,23.57,Low,0.0
V0066,2024Q3,Enclosures / Metal,Malaysia,APAC,Tier 1,2731900.0,True,True,0.89,0.02,-0.04,2.0,0.0,61.3,11.11,23.07,20.31,9.79,0.0,41.67,18.48,Low,1.0
V0066,2024Q4,Enclosures / Metal,Malaysia,APAC,Tier 1,2731900.0,True,True,0.56,0.02,0.01,3.96,0.0,61.4,44.44,19.66,8.22,19.38,0.0,41.47,26.83,Low,0.0
V0066,2025Q1,Enclosures / Metal,Malaysia,APAC,Tier 1,2731900.0,True,True,0.89,0.02,-0.02,1.12,0.0,61.5,11.11,18.81,11.27,5.47,0.0,41.27,15.15,Low,1.0
V0066,2025Q2,Enclosures / Metal,Malaysia,APAC,Tier 1,2731900.0,True,True,0.45,0.02,0.01,4.38,0.0,61.2,54.55,25.12,3.96,21.45,0.0,41.87,30.66,Moderate,0.0
V0066,2025Q3,Enclosures / Metal,Malaysia,APAC,Tier 1,2731900.0,True,True,0.78,0.02,0.02,8.13,0.0,61.2,22.22,26.43,13.04,39.76,0.0,41.87,26.39,Low,0.0
V0066,2025Q4,Enclosures / Metal,Malaysia,APAC,Tier 1,2731900.0,True,True,0.82,0.03,0.02,3.32,0.0,61.1,18.18,31.21,12.69,16.24,0.0,42.06,22.23,Low,1.0
V0066,2026Q1,Enclosures / Metal,Malaysia,APAC,Tier 1,2731900.0,True,True,0.62,0.02,0.04,11.68,0.0,61.1,38.46,26.38,22.14,57.14,0.0,42.06,35.64,Moderate,0.0
V0066,2026Q2,Enclosures / Metal,Malaysia,APAC,Tier 1,2731900.0,True,True,0.93,0.02,0.02,3.34,0.0,61.3,6.67,25.53,12.02,16.32,0.0,41.67,17.47,Low,
V0067,2022Q2,PCB / PCBA,Germany,EMEA,Tier 3,162500.0,False,False,1.0,0.01,0.01,1.41,0.0,72.6,0.0,10.08,4.57,6.92,0.0,19.25,5.66,Low,0.0
V0067,2022Q3,PCB / PCBA,Germany,EMEA,Tier 3,162500.0,False,False,1.0,0.01,-0.01,0.0,0.0,73.0,0.0,7.28,7.45,0.0,0.0,18.45,4.42,Low,0.0
V0067,2022Q4,PCB / PCBA,Germany,EMEA,Tier 3,162500.0,False,False,1.0,0.01,0.01,0.58,0.0,72.7,0.0,16.07,3.95,2.82,0.0,19.05,6.13,Low,0.0
V0067,2023Q2,PCB / PCBA,Germany,EMEA,Tier 3,162500.0,False,False,1.0,0.01,-0.04,0.71,0.0,73.0,0.0,14.22,19.63,3.46,0.0,18.45,8.15,Low,0.0
V0067,2023Q3,PCB / PCBA,Germany,EMEA,Tier 3,162500.0,False,False,1.0,0.0,0.02,0.0,0.0,73.5,0.0,0.0,13.14,0.0,0.0,17.46,3.72,Low,0.0
V0067,2023Q4,PCB / PCBA,Germany,EMEA,Tier 3,162500.0,False,False,1.0,0.0,-0.05,0.0,0.0,72.7,0.0,1.01,25.5,0.0,0.0,19.05,5.93,Low,1.0
V0067,2024Q1,PCB / PCBA,Germany,EMEA,Tier 3,162500.0,False,False,0.0,0.01,-0.08,0.0,0.0,73.0,100.0,10.53,43.79,0.0,0.0,18.45,35.52,Moderate,1.0
V0067,2024Q2,PCB / PCBA,Germany,EMEA,Tier 3,162500.0,False,False,0.0,0.01,-0.02,21.92,0.0,72.8,100.0,14.28,11.95,100.0,0.0,18.85,46.53,Moderate,0.0
V0067,2024Q3,PCB / PCBA,Germany,EMEA,Tier 3,162500.0,False,False,0.75,0.0,0.02,3.0,0.0,72.3,25.0,5.34,9.23,14.68,0.0,19.84,12.89,Low,0.0
V0067,2025Q1,PCB / PCBA,Germany,EMEA,Tier 3,162500.0,False,False,1.0,0.0,-0.04,0.0,0.0,72.9,0.0,0.0,21.11,0.0,0.0,18.65,5.03,Low,1.0
V0067,2025Q2,PCB / PCBA,Germany,EMEA,Tier 3,162500.0,False,False,0.67,0.01,0.02,10.58,0.0,73.0,33.33,7.33,9.99,51.79,0.0,18.45,20.91,Low,0.0
V0067,2025Q3,PCB / PCBA,Germany,EMEA,Tier 3,162500.0,False,False,0.8,0.01,-0.01,6.16,0.0,72.7,20.0,10.25,2.89,30.16,0.0,19.05,13.91,Low,1.0
V0067,2025Q4,PCB / PCBA,Germany,EMEA,Tier 3,162500.0,False,False,0.67,0.01,0.02,4.93,0.0,72.5,33.33,8.85,12.28,24.14,0.0,19.44,17.51,Low,0.0
V0067,2026Q1,PCB / PCBA,Germany,EMEA,Tier 3,162500.0,False,False,1.0,0.01,0.05,0.58,0.0,72.7,0.0,9.29,27.91,2.82,0.0,19.05,8.37,Low,0.0
V0067,2026Q2,PCB / PCBA,Germany,EMEA,Tier 3,162500.0,False,False,1.0,0.0,-0.01,0.71,0.0,72.5,0.0,0.0,3.54,3.46,0.0,19.44,2.99,Low,
V0068,2022Q1,Connectors,Brazil,AMER,Tier 1,2561100.0,False,False,0.71,0.09,-0.03,5.2,0.0,33.8,28.57,100.0,17.78,25.42,0.0,96.23,43.25,Moderate,1.0
V0068,2022Q2,Connectors,Brazil,AMER,Tier 1,2561100.0,False,False,0.7,0.07,0.03,6.26,0.0,33.9,30.0,78.12,17.23,30.62,0.0,96.03,39.9,Moderate,1.0
V0068,2022Q3,Connectors,Brazil,AMER,Tier 1,2561100.0,False,False,0.71,0.06,-0.01,9.15,0.0,33.7,28.57,66.7,4.38,44.79,0.0,96.43,37.5,Moderate,1.0
V0068,2022Q4,Connectors,Brazil,AMER,Tier 1,2561100.0,False,False,0.25,0.05,-0.11,6.09,4.0,33.6,75.0,57.47,60.86,29.81,100.0,96.63,68.51,High,1.0
V0068,2023Q1,Connectors,Brazil,AMER,Tier 1,2561100.0,False,False,0.75,0.06,-0.0,10.04,0.0,34.0,25.0,67.18,1.48,49.1,0.0,95.83,36.86,Moderate,1.0
V0068,2023Q2,Connectors,Brazil,AMER,Tier 1,2561100.0,False,False,0.62,0.06,-0.11,12.08,0.0,33.9,38.46,66.7,57.88,59.11,0.0,96.03,50.11,High,1.0
V0068,2023Q3,Connectors,Brazil,AMER,Tier 1,2561100.0,False,False,0.65,0.07,0.01,4.76,0.0,33.6,35.29,74.23,7.89,23.29,0.0,96.63,38.01,Moderate,1.0
V0068,2023Q4,Connectors,Brazil,AMER,Tier 1,2561100.0,False,False,0.71,0.06,0.01,5.7,0.0,33.9,29.41,63.71,4.1,27.86,0.0,96.03,34.49,Moderate,1.0
V0068,2024Q1,Connectors,Brazil,AMER,Tier 1,2561100.0,False,False,0.73,0.1,0.05,4.6,0.0,33.5,27.27,100.0,28.18,22.51,0.0,96.83,44.1,Moderate,1.0
V0068,2024Q2,Connectors,Brazil,AMER,Tier 1,2561100.0,False,False,0.56,0.04,0.03,7.77,0.0,33.1,44.44,47.44,18.28,38.01,0.0,97.62,38.81,Moderate,1.0
V0068,2024Q3,Connectors,Brazil,AMER,Tier 1,2561100.0,False,False,0.88,0.06,0.05,1.39,0.0,32.8,12.5,67.94,24.84,6.79,0.0,98.21,31.28,Moderate,1.0
V0068,2024Q4,Connectors,Brazil,AMER,Tier 1,2561100.0,False,False,0.62,0.06,-0.05,4.38,3.0,32.8,37.5,70.77,28.94,21.41,100.0,98.21,55.9,High,1.0
V0068,2025Q1,Connectors,Brazil,AMER,Tier 1,2561100.0,False,False,0.8,0.05,0.01,7.24,0.0,32.8,20.0,52.74,4.54,35.44,0.0,98.21,31.37,Moderate,1.0
V0068,2025Q2,Connectors,Brazil,AMER,Tier 1,2561100.0,False,False,0.4,0.1,-0.1,13.26,0.0,33.2,60.0,100.0,53.01,64.86,0.0,97.42,62.42,High,1.0
V0068,2025Q3,Connectors,Brazil,AMER,Tier 1,2561100.0,False,False,0.54,0.08,-0.05,13.28,0.0,32.8,46.15,88.22,27.1,64.97,0.0,98.21,52.81,High,1.0
V0068,2025Q4,Connectors,Brazil,AMER,Tier 1,2561100.0,False,False,0.36,0.06,-0.0,12.05,0.0,32.8,64.29,62.97,1.44,58.95,0.0,98.21,47.54,Moderate,1.0
V0068,2026Q1,Connectors,Brazil,AMER,Tier 1,2561100.0,False,False,0.75,0.08,0.01,4.65,0.0,32.8,25.0,92.59,6.29,22.76,0.0,98.21,38.95,Moderate,1.0
V0068,2026Q2,Connectors,Brazil,AMER,Tier 1,2561100.0,False,False,0.38,0.06,-0.15,8.32,0.0,32.6,62.5,63.58,82.19,40.72,0.0,98.61,56.64,High,
V0069,2022Q2,Passive Components,Taiwan,APAC,Tier 3,218800.0,False,False,1.0,0.0,0.08,0.0,0.0,61.5,0.0,0.0,42.22,0.0,0.0,41.27,10.46,Low,0.0
V0069,2022Q4,Passive Components,Taiwan,APAC,Tier 3,218800.0,False,False,0.67,0.02,-0.0,2.08,0.0,62.1,33.33,25.87,0.62,10.19,0.0,40.08,19.14,Low,0.0
V0069,2023Q1,Passive Components,Taiwan,APAC,Tier 3,218800.0,False,False,1.0,0.02,0.03,0.0,0.0,61.9,0.0,24.52,18.16,0.0,0.0,40.48,11.68,Low,1.0
V0069,2023Q2,Passive Components,Taiwan,APAC,Tier 3,218800.0,False,False,0.5,0.02,-0.01,24.75,0.0,61.8,50.0,18.25,4.55,100.0,0.0,40.67,35.9,Moderate,1.0
V0069,2023Q3,Passive Components,Taiwan,APAC,Tier 3,218800.0,False,False,0.0,0.0,-0.05,0.0,0.0,61.5,100.0,0.0,29.15,0.0,0.0,41.27,33.5,Moderate,0.0
V0069,2023Q4,Passive Components,Taiwan,APAC,Tier 3,218800.0,False,False,1.0,0.02,-0.01,0.0,0.0,62.2,0.0,22.4,8.23,0.0,0.0,39.88,9.7,Low,1.0
V0069,2024Q1,Passive Components,Taiwan,APAC,Tier 3,218800.0,False,False,0.0,0.0,-0.32,0.0,0.0,61.9,100.0,0.0,100.0,0.0,0.0,40.48,44.05,Moderate,0.0
V0069,2024Q2,Passive Components,Taiwan,APAC,Tier 3,218800.0,False,False,1.0,0.0,-0.07,0.0,0.0,61.8,0.0,0.0,40.91,0.0,0.0,40.67,10.2,Low,0.0
V0069,2024Q3,Passive Components,Taiwan,APAC,Tier 3,218800.0,False,False,0.75,0.02,-0.01,3.86,0.0,61.5,25.0,17.84,6.21,18.9,0.0,41.27,17.71,Low,0.0
V0069,2024Q4,Passive Components,Taiwan,APAC,Tier 3,218800.0,False,False,1.0,0.02,0.04,0.0,0.0,61.4,0.0,20.72,20.35,0.0,0.0,41.47,11.34,Low,0.0
V0069,2025Q1,Passive Components,Taiwan,APAC,Tier 3,218800.0,False,False,1.0,0.01,-0.01,0.0,0.0,60.9,0.0,10.86,4.23,0.0,0.0,42.46,7.05,Low,1.0
V0069,2025Q2,Passive Components,Taiwan,APAC,Tier 3,218800.0,False,False,0.67,0.01,-0.0,16.2,0.0,60.5,33.33,11.68,0.42,79.25,0.0,43.25,26.94,Low,1.0
V0069,2025Q3,Passive Components,Taiwan,APAC,Tier 3,218800.0,False,False,0.33,0.01,-0.19,7.02,0.0,60.9,66.67,16.54,100.0,34.37,0.0,42.46,44.37,Moderate,0.0
V0069,2026Q1,Passive Components,Taiwan,APAC,Tier 3,218800.0,False,False,1.0,0.03,-0.0,0.0,0.0,60.5,0.0,32.59,0.56,0.0,0.0,43.25,10.93,Low,0.0
V0069,2026Q2,Passive Components,Taiwan,APAC,Tier 3,218800.0,False,False,1.0,0.0,-0.01,0.0,0.0,60.8,0.0,0.0,3.5,0.0,0.0,42.66,4.79,Low,
V0070,2022Q1,PCB / PCBA,India,APAC,Tier 3,37300.0,False,False,1.0,0.05,-0.12,0.96,0.0,47.9,0.0,59.63,63.97,4.68,0.0,68.25,29.05,Low,1.0
V0070,2022Q2,PCB / PCBA,India,APAC,Tier 3,37300.0,False,False,0.5,0.03,0.1,13.44,0.0,47.1,50.0,37.18,54.79,65.73,0.0,69.84,45.0,Moderate,1.0
V0070,2022Q3,PCB / PCBA,India,APAC,Tier 3,37300.0,False,False,1.0,0.1,0.08,0.0,0.0,47.5,0.0,100.0,42.4,0.0,0.0,69.05,33.26,Moderate,1.0
V0070,2022Q4,PCB / PCBA,India,APAC,Tier 3,37300.0,False,False,0.67,0.0,-0.06,11.55,0.0,47.9,33.33,0.0,32.06,56.5,0.0,68.25,28.44,Low,1.0
V0070,2023Q1,PCB / PCBA,India,APAC,Tier 3,37300.0,False,False,0.0,0.01,0.02,0.0,0.0,47.4,100.0,16.24,10.03,0.0,0.0,69.25,36.68,Moderate,0.0
V0070,2023Q2,PCB / PCBA,India,APAC,Tier 3,37300.0,False,False,1.0,0.03,-0.03,0.0,0.0,47.1,0.0,36.73,16.37,0.0,0.0,69.84,16.79,Low,1.0
V0070,2023Q3,PCB / PCBA,India,APAC,Tier 3,37300.0,False,False,0.67,0.0,0.12,1.73,0.0,47.1,33.33,0.0,63.87,8.47,0.0,69.84,26.17,Low,1.0
V0070,2023Q4,PCB / PCBA,India,APAC,Tier 3,37300.0,False,False,0.0,0.0,-0.04,0.0,0.0,46.8,100.0,0.0,22.03,0.0,0.0,70.44,35.35,Moderate,0.0
V0070,2024Q1,PCB / PCBA,India,APAC,Tier 3,37300.0,False,False,1.0,0.0,-0.2,0.71,0.0,45.9,0.0,0.0,100.0,3.46,0.0,72.22,22.74,Low,0.0
V0070,2024Q3,PCB / PCBA,India,APAC,Tier 3,37300.0,False,False,1.0,0.06,-0.05,0.0,0.0,45.9,0.0,64.5,24.84,0.0,0.0,72.22,23.85,Low,1.0
V0070,2024Q4,PCB / PCBA,India,APAC,Tier 3,37300.0,False,False,0.5,0.01,-0.07,4.24,0.0,46.1,50.0,9.01,37.26,20.76,0.0,71.83,30.19,Moderate,1.0
V0070,2025Q1,PCB / PCBA,India,APAC,Tier 3,37300.0,False,False,0.5,0.04,0.11,12.73,0.0,45.8,50.0,46.81,58.75,62.27,0.0,72.42,47.26,Moderate,0.0
V0070,2025Q2,PCB / PCBA,India,APAC,Tier 3,37300.0,False,False,1.0,0.04,-0.09,0.0,0.0,46.0,0.0,47.26,47.49,0.0,0.0,72.02,23.78,Low,1.0
V0070,2025Q3,PCB / PCBA,India,APAC,Tier 3,37300.0,False,False,0.33,0.04,-0.03,6.43,0.0,46.3,66.67,48.15,15.68,31.46,0.0,71.43,40.51,Moderate,0.0
V0070,2025Q4,PCB / PCBA,India,APAC,Tier 3,37300.0,False,False,1.0,0.0,0.09,0.0,0.0,45.6,0.0,0.0,49.62,0.0,0.0,72.82,14.73,Low,1.0
V0070,2026Q1,PCB / PCBA,India,APAC,Tier 3,37300.0,False,False,0.5,0.02,0.06,8.49,0.0,45.9,50.0,17.64,32.78,41.52,0.0,72.22,34.39,Moderate,1.0
V0070,2026Q2,PCB / PCBA,India,APAC,Tier 3,37300.0,False,False,1.0,0.05,0.09,0.0,0.0,46.3,0.0,61.48,46.76,0.0,0.0,71.43,26.45,Low,
