vendor_id,quarter,po_count,on_time_delivery_rate,avg_delay_days,delay_days_std,avg_fill_rate,avg_cost_variance_pct,cost_variance_std,total_spend_usd,expedited_rate,inspection_count,avg_defect_rate,lot_rejection_rate,avg_corrective_action_days,disruption_event_count,disruption_severity_score,max_resolution_days,credit_health_score,dpo,price_volatility,category,country,region,tier,annual_spend_usd,single_source_flag,certifications,on_time_delivery_rate_trail2q,avg_defect_rate_trail2q,avg_cost_variance_pct_trail2q,disruption_severity_score_trail2q,credit_health_score_trail2q,breach_this_quarter,high_risk_next_quarter
V0001,2022Q1,0.0,,0.0,0.0,,0.0,0.0,0.0,0.0,0.0,0.0,0.0,0.0,0.0,0.0,0.0,81.9,45.7,1.66,PCB / PCBA,South Korea,APAC,Tier 3,247500.0,False,ISO9001,,0.0,0.0,0.0,81.9,0,1.0
V0001,2022Q2,1.0,0.0,3.0,0.0,1.0,0.00604029512670053,0.0,109290.611,0.0,1.0,0.0049,0.0,0.0,0.0,0.0,0.0,81.3,42.9,1.93,PCB / PCBA,South Korea,APAC,Tier 3,247500.0,False,ISO9001,0.0,0.00245,0.003020147563350265,0.0,81.6,1,1.0
V0001,2022Q3,4.0,0.5,5.25,6.3966136874651625,0.9262200834681884,-0.01263079413220975,0.021400910536849324,873494.334,0.0,0.0,0.0,0.0,0.0,0.0,0.0,0.0,81.4,50.2,1.78,PCB / PCBA,South Korea,APAC,Tier 3,247500.0,False,ISO9001,0.25,0.00245,-0.0032952495027546106,0.0,81.35,1,0.0
V0001,2022Q4,0.0,,0.0,0.0,,0.0,0.0,0.0,0.0,0.0,0.0,0.0,0.0,0.0,0.0,0.0,81.6,45.0,2.78,PCB / PCBA,South Korea,APAC,Tier 3,247500.0,False,ISO9001,0.5,0.0,-0.006315397066104875,0.0,81.5,0,0.0
V0001,2023Q1,4.0,1.0,0.75,0.9574271077563381,1.0,-0.008648017356451869,0.020396372125597268,2277044.402,0.0,3.0,0.004,0.0,0.0,0.0,0.0,0.0,81.3,48.2,0.87,PCB / PCBA,South Korea,APAC,Tier 3,247500.0,False,ISO9001,1.0,0.002,-0.0043240086782259345,0.0,81.44999999999999,0,0.0
V0001,2023Q2,6.0,1.0,0.16666666666666666,0.408248290463863,1.0,0.0014882576134338766,0.028165443029045993,1813163.6,0.0,2.0,0.0039,0.0,0.0,0.0,0.0,0.0,81.2,44.5,1.62,PCB / PCBA,South Korea,APAC,Tier 3,247500.0,False,ISO9001,1.0,0.00395,-0.0035798798715089963,0.0,81.25,0,0.0
V0001,2023Q3,4.0,1.0,0.25,0.5,1.0,0.007223686996699667,0.006810909630023585,1969702.2030000002,0.25,2.0,0.00295,0.0,0.0,0.0,0.0,0.0,81.1,51.7,2.52,PCB / PCBA,South Korea,APAC,Tier 3,247500.0,False,ISO9001,1.0,0.003425,0.004355972305066772,0.0,81.15,0,1.0
V0001,2023Q4,2.0,0.5,6.5,9.192388155425117,1.0,-0.004268750577261268,0.054231468803999094,281807.52099999995,0.0,1.0,0.0046,0.0,0.0,0.0,0.0,0.0,81.0,42.3,2.06,PCB / PCBA,South Korea,APAC,Tier 3,247500.0,False,ISO9001,0.75,0.003775,0.0014774682097191995,0.0,81.05,1,0.0
V0001,2024Q1,1.0,1.0,1.0,0.0,1.0,0.007017543859649095,0.0,33728.24,0.0,0.0,0.0,0.0,0.0,0.0,0.0,0.0,80.6,47.4,3.13,PCB / PCBA,South Korea,APAC,Tier 3,247500.0,False,ISO9001,0.75,0.0023,0.0013743966411939135,0.0,80.8,0,0.0
V0001,2024Q2,4.0,0.75,2.0,3.366501646120693,1.0,-0.013842907014573552,0.03677788442887724,1059514.359,0.0,4.0,0.0024749999999999998,0.0,0.0,0.0,0.0,0.0,80.3,51.6,5.74,PCB / PCBA,South Korea,APAC,Tier 3,247500.0,False,ISO9001,0.875,0.0012374999999999999,-0.0034126815774622285,0.0,80.44999999999999,0,0.0
V0001,2024Q3,2.0,1.0,0.5,0.7071067811865476,1.0,-0.014157046171225287,0.042576815263228304,1758464.5899999999,0.0,1.0,0.0053,0.0,0.0,0.0,0.0,0.0,80.5,39.5,2.89,PCB / PCBA,South Korea,APAC,Tier 3,247500.0,False,ISO9001,0.875,0.0038875,-0.01399997659289942,0.0,80.4,0,0.0
V0001,2024Q4,0.0,,0.0,0.0,,0.0,0.0,0.0,0.0,0.0,0.0,0.0,0.0,0.0,0.0,0.0,80.3,53.0,1.55,PCB / PCBA,South Korea,APAC,Tier 3,247500.0,False,ISO9001,1.0,0.00265,-0.0070785230856126435,0.0,80.4,0,0.0
V0001,2025Q1,1.0,1.0,1.0,0.0,1.0,-0.018826926851150973,0.0,243568.68,0.0,0.0,0.0,0.0,0.0,0.0,0.0,0.0,80.2,43.1,2.77,PCB / PCBA,South Korea,APAC,Tier 3,247500.0,False,ISO9001,1.0,0.0,-0.009413463425575487,0.0,80.25,0,0.0
V0001,2025Q2,3.0,1.0,0.6666666666666666,1.1547005383792517,1.0,-0.031157587314937344,0.005580492997343828,1887680.926,0.0,3.0,0.0036333333333333335,0.0,0.0,0.0,0.0,0.0,79.5,48.8,3.45,PCB / PCBA,South Korea,APAC,Tier 3,247500.0,False,ISO9001,1.0,0.0018166666666666667,-0.02499225708304416,0.0,79.85,0,0.0
V0001,2025Q3,1.0,1.0,0.0,0.0,1.0,-0.00786489939316509,0.0,41252.659999999996,0.0,1.0,0.0,0.0,0.0,0.0,0.0,0.0,79.9,40.9,0.0,PCB / PCBA,South Korea,APAC,Tier 3,247500.0,False,ISO9001,1.0,0.0018166666666666667,-0.019511243354051216,0.0,79.7,0,1.0
V0001,2025Q4,1.0,0.0,11.0,0.0,1.0,0.027469928368698434,0.0,100592.972,0.0,1.0,0.0054,0.0,0.0,0.0,0.0,0.0,79.8,51.9,1.33,PCB / PCBA,South Korea,APAC,Tier 3,247500.0,False,ISO9001,0.5,0.0027,0.00980251448776667,0.0,79.85,1,0.0
V0001,2026Q1,1.0,1.0,0.0,0.0,1.0,-0.027559055118110347,0.0,131082.9,0.0,0.0,0.0,0.0,0.0,0.0,0.0,0.0,80.0,46.5,3.54,PCB / PCBA,South Korea,APAC,Tier 3,247500.0,False,ISO9001,0.5,0.0027,-4.456337470595817e-05,0.0,79.9,0,0.0
V0001,2026Q2,3.0,1.0,0.6666666666666666,1.1547005383792517,1.0,-0.00784539896523449,0.015824659950530635,364610.048,0.0,1.0,0.0034,0.0,0.0,0.0,0.0,0.0,80.5,38.7,0.6,PCB / PCBA,South Korea,APAC,Tier 3,247500.0,False,ISO9001,1.0,0.0017,-0.017702227041672416,0.0,80.25,0,
V0002,2022Q1,0.0,,0.0,0.0,,0.0,0.0,0.0,0.0,0.0,0.0,0.0,0.0,0.0,0.0,0.0,72.6,57.7,2.47,Displays,Mexico,AMER,Tier 3,27800.0,False,"IATF16949, ISO14001, ISO9001, REACH",,0.0,0.0,0.0,72.6,0,0.0
V0002,2022Q2,2.0,1.0,1.0,0.0,1.0,0.06377632162891107,0.009287835080919264,2079717.1809999999,0.0,1.0,0.017,0.0,0.0,0.0,0.0,0.0,72.5,46.6,6.03,Displays,Mexico,AMER,Tier 3,27800.0,False,"IATF16949, ISO14001, ISO9001, REACH",1.0,0.0085,0.031888160814455536,0.0,72.55,0,0.0
V0002,2022Q3,4.0,1.0,0.25,0.5,1.0,-0.02853711926121108,0.029880878184504443,1698251.998,0.0,3.0,0.010066666666666666,0.0,0.0,0.0,0.0,0.0,72.3,59.1,1.06,Displays,Mexico,AMER,Tier 3,27800.0,False,"IATF16949, ISO14001, ISO9001, REACH",1.0,0.013533333333333335,0.017619601183849996,0.0,72.4,0,0.0
V0002,2022Q4,5.0,1.0,1.0,1.0,1.0,0.005362891706785683,0.05625935764620428,3881670.5840000003,0.0,4.0,0.0107,0.0,0.0,0.0,0.0,0.0,71.8,45.8,8.09,Displays,Mexico,AMER,Tier 3,27800.0,False,"IATF16949, ISO14001, ISO9001, REACH",1.0,0.010383333333333333,-0.011587113777212698,0.0,72.05,0,0.0
V0002,2023Q1,3.0,1.0,0.6666666666666666,1.1547005383792517,1.0,0.004363849894911031,0.03479072650132759,3591585.4749999996,0.3333333333333333,0.0,0.0,0.0,0.0,0.0,0.0,0.0,71.4,52.4,3.89,Displays,Mexico,AMER,Tier 3,27800.0,False,"IATF16949, ISO14001, ISO9001, REACH",1.0,0.00535,0.004863370800848357,0.0,71.6,0,0.0
V0002,2023Q2,3.0,1.0,0.3333333333333333,0.5773502691896258,1.0,0.0042032821727886124,0.019105508706714257,1188064.0289999999,0.0,3.0,0.0069,0.0,0.0,0.0,0.0,0.0,71.5,60.7,2.83,Displays,Mexico,AMER,Tier 3,27800.0,False,"IATF16949, ISO14001, ISO9001, REACH",1.0,0.00345,0.004283566033849821,0.0,71.45,0,0.0
V0002,2023Q3,3.0,1.0,0.3333333333333333,0.5773502691896258,0.9335632183908046,0.018870579256136163,0.03183550095697752,2461368.43,0.0,2.0,0.009600000000000001,0.0,0.0,0.0,0.0,0.0,71.8,50.1,2.95,Displays,Mexico,AMER,Tier 3,27800.0,False,"IATF16949, ISO14001, ISO9001, REACH",1.0,0.00825,0.011536930714462388,0.0,71.65,0,0.0
V0002,2023Q4,2.0,1.0,0.0,0.0,1.0,-0.016999014309536625,0.05511592749802206,4303570.3549999995,0.0,2.0,0.00335,0.0,0.0,0.0,0.0,0.0,71.7,51.9,3.27,Displays,Mexico,AMER,Tier 3,27800.0,False,"IATF16949, ISO14001, ISO9001, REACH",1.0,0.006475000000000001,0.0009357824732997688,0.0,71.75,0,0.0
V0002,2024Q1,3.0,1.0,0.0,0.0,1.0,0.024246978732208515,0.04125925526818517,2510171.9390000002,0.0,1.0,0.0102,0.0,0.0,0.0,0.0,0.0,71.8,44.0,2.72,Displays,Mexico,AMER,Tier 3,27800.0,False,"IATF16949, ISO14001, ISO9001, REACH",1.0,0.006775000000000001,0.003623982211335945,0.0,71.75,0,0.0
V0002,2024Q2,3.0,1.0,0.3333333333333333,0.5773502691896258,1.0,0.06528973261133166,0.056056035617975626,3129398.813,0.0,3.0,0.013533333333333333,0.0,0.0,0.0,0.0,0.0,72.0,46.7,5.03,Displays,Mexico,AMER,Tier 3,27800.0,False,"IATF16949, ISO14001, ISO9001, REACH",1.0,0.011866666666666668,0.04476835567177009,0.0,71.9,0,1.0
V0002,2024Q3,3.0,0.6666666666666666,5.666666666666667,9.814954576223638,1.0,-0.02274318731074181,0.013042643140370964,2419624.372,0.0,3.0,0.006366666666666666,0.0,0.0,0.0,0.0,0.0,72.4,53.5,6.32,Displays,Mexico,AMER,Tier 3,27800.0,False,"IATF16949, ISO14001, ISO9001, REACH",0.8333333333333333,0.00995,0.021273272650294925,0.0,72.2,1,0.0
V0002,2024Q4,3.0,1.0,0.0,0.0,1.0,-0.005700237559031649,0.031167855682754896,3944426.6599999997,0.3333333333333333,2.0,0.00805,0.0,0.0,0.0,0.0,0.0,72.7,55.3,3.47,Displays,Mexico,AMER,Tier 3,27800.0,False,"IATF16949, ISO14001, ISO9001, REACH",0.8333333333333333,0.007208333333333333,-0.014221712434886728,0.0,72.55000000000001,0,0.0
V0002,2025Q1,2.0,1.0,0.0,0.0,1.0,-0.08196493174584574,0.015435287985186518,568531.894,0.0,1.0,0.0152,0.0,0.0,0.0,0.0,0.0,72.1,42.2,3.63,Displays,Mexico,AMER,Tier 3,27800.0,False,"IATF16949, ISO14001, ISO9001, REACH",1.0,0.011625,-0.043832584652438694,0.0,72.4,0,0.0
V0002,2025Q2,2.0,1.0,1.0,0.0,1.0,-0.0404955409856357,0.05177558575485587,5755659.759,0.0,2.0,0.00655,0.0,0.0,0.0,0.0,0.0,72.1,60.4,3.89,Displays,Mexico,AMER,Tier 3,27800.0,False,"IATF16949, ISO14001, ISO9001, REACH",1.0,0.010875,-0.06123023636574072,0.0,72.1,0,1.0
V0002,2025Q3,3.0,0.6666666666666666,8.666666666666666,15.01110699893027,1.0,-0.031768093770484854,0.06206838378254109,8882768.731,0.0,3.0,0.007,0.0,0.0,0.0,0.0,0.0,72.2,54.7,5.57,Displays,Mexico,AMER,Tier 3,27800.0,False,"IATF16949, ISO14001, ISO9001, REACH",0.8333333333333333,0.006775,-0.036131817378060274,0.0,72.15,1,1.0
V0002,2025Q4,3.0,0.6666666666666666,2.3333333333333335,4.041451884327381,1.0,0.01844233358966525,0.006508239789880934,2655756.8880000003,0.0,2.0,0.0085,0.0,0.0,0.0,0.0,0.0,72.2,59.9,3.85,Displays,Mexico,AMER,Tier 3,27800.0,False,"IATF16949, ISO14001, ISO9001, REACH",0.6666666666666666,0.00775,-0.006662880090409802,0.0,72.2,1,0.0
V0002,2026Q1,0.0,,0.0,0.0,,0.0,0.0,0.0,0.0,0.0,0.0,0.0,0.0,1.0,1.0,3.0,72.2,60.9,0.46,Displays,Mexico,AMER,Tier 3,27800.0,False,"IATF16949, ISO14001, ISO9001, REACH",0.6666666666666666,0.00425,0.009221166794832624,0.5,72.2,0,0.0
V0002,2026Q2,1.0,1.0,0.0,0.0,1.0,-0.03637906990844588,0.0,75237.462,1.0,1.0,0.0033,0.0,0.0,0.0,0.0,0.0,72.7,46.8,4.62,Displays,Mexico,AMER,Tier 3,27800.0,False,"IATF16949, ISO14001, ISO9001, REACH",1.0,0.00165,-0.01818953495422294,0.5,72.45,0,
V0003,2022Q1,3.0,1.0,0.3333333333333333,0.5773502691896258,1.0,-0.057303169696434814,0.03372674789603946,1221806.468,0.0,2.0,0.014599999999999998,0.0,0.0,0.0,0.0,0.0,62.3,69.2,6.76,PCB / PCBA,China,APAC,Tier 2,1239600.0,False,"REACH, RoHS",1.0,0.014599999999999998,-0.057303169696434814,0.0,62.3,0,0.0
V0003,2022Q2,5.0,0.8,3.0,6.708203932499369,1.0,0.018086891854142827,0.05532540744595915,3050107.539,0.0,4.0,0.031225,0.0,0.0,0.0,0.0,0.0,62.4,59.7,8.55,PCB / PCBA,China,APAC,Tier 2,1239600.0,False,"REACH, RoHS",0.9,0.0229125,-0.019608138921145993,0.0,62.349999999999994,0,1.0
V0003,2022Q3,4.0,0.5,6.5,8.54400374531753,1.0,0.01974568251568355,0.09745796481121699,3473451.1689999998,0.0,3.0,0.009433333333333334,0.0,0.0,0.0,0.0,0.0,62.3,49.1,5.73,PCB / PCBA,China,APAC,Tier 2,1239600.0,False,"REACH, RoHS",0.65,0.020329166666666666,0.018916287184913186,0.0,62.349999999999994,1,0.0
V0003,2022Q4,10.0,0.9,1.6,4.033195589934446,1.0,0.005092049030686038,0.07848699568551307,6172477.106000001,0.0,9.0,0.025300000000000003,0.0,0.0,0.0,0.0,0.0,62.1,61.0,7.35,PCB / PCBA,China,APAC,Tier 2,1239600.0,False,"REACH, RoHS",0.7,0.01736666666666667,0.012418865773184793,0.0,62.2,0,0.0
V0003,2023Q1,5.0,0.8,4.0,7.314369419163897,1.0,-0.03222624517351232,0.047736343915412496,3223881.7350000003,0.0,3.0,0.007333333333333333,0.0,0.0,0.0,0.0,0.0,62.0,62.1,6.53,PCB / PCBA,China,APAC,Tier 2,1239600.0,False,"REACH, RoHS",0.8500000000000001,0.016316666666666667,-0.013567098071413142,0.0,62.05,0,0.0
V0003,2023Q2,8.0,0.875,2.5,7.0710678118654755,1.0,0.04959567712886891,0.04207250199631525,1343690.534,0.0,6.0,0.015483333333333333,0.0,0.0,0.0,0.0,0.0,62.6,58.4,9.92,PCB / PCBA,China,APAC,Tier 2,1239600.0,False,"REACH, RoHS",0.8375,0.011408333333333331,0.008684715977678295,0.0,62.3,0,0.0
V0003,2023Q3,6.0,1.0,0.6666666666666666,0.816496580927726,0.9647234678624813,0.04808154526371292,0.08418960972346526,1496648.0860000001,0.0,1.0,0.0273,0.0,0.0,0.0,0.0,0.0,62.6,61.2,0.73,PCB / PCBA,China,APAC,Tier 2,1239600.0,False,"REACH, RoHS",0.9375,0.021391666666666663,0.04883861119629092,0.0,62.6,0,0.0
V0003,2023Q4,4.0,1.0,0.0,0.0,1.0,-0.055199773359320574,0.08510228160180872,1870299.4810000001,0.0,3.0,0.0181,0.0,0.0,0.0,0.0,0.0,62.4,59.3,5.88,PCB / PCBA,China,APAC,Tier 2,1239600.0,False,"REACH, RoHS",1.0,0.022699999999999998,-0.0035591140478038255,0.0,62.5,0,0.0
V0003,2024Q1,8.0,0.75,6.25,11.877349391654208,0.9723806563226469,-0.0122063418636881,0.1428328955170415,5317421.589,0.0,5.0,0.0154,0.0,0.0,0.0,0.0,0.0,62.1,55.8,9.2,PCB / PCBA,China,APAC,Tier 2,1239600.0,False,"REACH, RoHS",0.875,0.01675,-0.033703057611504335,0.0,62.25,0,1.0
V0003,2024Q2,6.0,0.5,8.666666666666666,12.38816639647154,0.9229521389307039,-0.031078419942641326,0.08543104994245986,2239276.6369999996,0.0,3.0,0.026466666666666666,0.0,0.0,0.0,0.0,0.0,61.2,65.3,12.09,PCB / PCBA,China,APAC,Tier 2,1239600.0,False,"REACH, RoHS",0.625,0.02093333333333333,-0.021642380903164712,0.0,61.650000000000006,1,0.0
V0003,2024Q3,8.0,0.75,9.5,17.279219559095502,1.0,-0.018636331476445816,0.06260890705053913,1656229.05,0.0,5.0,0.015340000000000001,0.0,0.0,0.0,0.0,0.0,61.7,66.5,8.68,PCB / PCBA,China,APAC,Tier 2,1239600.0,False,"REACH, RoHS",0.625,0.020903333333333333,-0.02485737570954357,0.0,61.45,0,1.0
V0003,2024Q4,3.0,0.6666666666666666,1.6666666666666667,1.5275252316519465,1.0,-0.03512942683006373,0.07248196427132167,1555640.4880000001,0.3333333333333333,2.0,0.0172,0.0,0.0,0.0,0.0,0.0,61.9,49.5,10.93,PCB / PCBA,China,APAC,Tier 2,1239600.0,False,"REACH, RoHS",0.7083333333333333,0.01627,-0.026882879153254775,0.0,61.8,1,1.0
V0003,2025Q1,6.0,1.0,0.0,0.0,0.9530047648241199,-0.012508163463652322,0.12177025834128133,1148063.416,0.0,3.0,0.027499999999999997,0.3333333333333333,3.0,0.0,0.0,0.0,62.1,59.5,7.35,PCB / PCBA,China,APAC,Tier 2,1239600.0,False,"REACH, RoHS",0.8333333333333333,0.02235,-0.023818795146858026,0.0,62.0,1,1.0
V0003,2025Q2,3.0,0.3333333333333333,2.6666666666666665,0.5773502691896257,1.0,-0.06375596421424028,0.1079430668158911,411371.43799999997,0.0,2.0,0.031200000000000002,0.0,0.0,0.0,0.0,0.0,62.2,55.3,8.29,PCB / PCBA,China,APAC,Tier 2,1239600.0,False,"REACH, RoHS",0.6666666666666666,0.02935,-0.038132063838946295,0.0,62.150000000000006,1,1.0
V0003,2025Q3,9.0,0.5555555555555556,3.4444444444444446,4.585605497399201,1.0,-0.004770899250335972,0.09123263326850282,21377231.124,0.0,8.0,0.0153375,0.0,0.0,0.0,0.0,0.0,61.3,55.3,12.86,PCB / PCBA,China,APAC,Tier 2,1239600.0,False,"REACH, RoHS",0.4444444444444444,0.02326875,-0.03426343173228812,0.0,61.75,1,1.0
V0003,2025Q4,8.0,0.125,11.75,6.112048990080402,1.0,0.0009299675580463226,0.07550988132679007,4885495.205,0.0,8.0,0.0267125,0.0,0.0,0.0,0.0,0.0,61.2,57.5,9.17,PCB / PCBA,China,APAC,Tier 2,1239600.0,False,"REACH, RoHS",0.3402777777777778,0.021025000000000002,-0.0019204658461448247,0.0,61.25,1,1.0
V0003,2026Q1,11.0,0.5454545454545454,8.454545454545455,10.939503063335524,1.0,-0.0035493399711376272,0.07861629286155798,5281306.703000001,0.0,8.0,0.01705,0.0,0.0,0.0,0.0,0.0,61.6,59.0,8.68,PCB / PCBA,China,APAC,Tier 2,1239600.0,False,"REACH, RoHS",0.3352272727272727,0.021881249999999998,-0.0013096862065456523,0.0,61.400000000000006,1,0.0
V0003,2026Q2,6.0,1.0,0.0,0.0,1.0,-0.05261227549677397,0.09621942859915546,1508194.831,0.0,3.0,0.017499999999999998,0.0,0.0,0.0,0.0,0.0,61.2,64.7,10.63,PCB / PCBA,China,APAC,Tier 2,1239600.0,False,"REACH, RoHS",0.7727272727272727,0.017275,-0.028080807733955798,0.0,61.400000000000006,0,
V0004,2022Q1,0.0,,0.0,0.0,,0.0,0.0,0.0,0.0,0.0,0.0,0.0,0.0,0.0,0.0,0.0,60.9,74.0,14.39,Semiconductors,Taiwan,APAC,Tier 2,1129700.0,True,"ISO9001, REACH, RoHS",,0.0,0.0,0.0,60.9,0,1.0
V0004,2022Q2,3.0,0.6666666666666666,9.666666666666666,15.88500340992514,1.0,-0.08154355702094994,0.17437725553318964,2123337.577,0.0,3.0,0.021766666666666667,0.0,0.0,0.0,0.0,0.0,59.7,87.1,17.62,Semiconductors,Taiwan,APAC,Tier 2,1129700.0,True,"ISO9001, REACH, RoHS",0.6666666666666666,0.010883333333333333,-0.04077177851047497,0.0,60.3,1,1.0
V0004,2022Q3,2.0,0.0,31.0,25.45584412271571,0.952468487394958,0.22745724616545,0.13820400732253504,565832.555,0.0,0.0,0.0,0.0,0.0,0.0,0.0,0.0,59.2,70.8,17.65,Semiconductors,Taiwan,APAC,Tier 2,1129700.0,True,"ISO9001, REACH, RoHS",0.3333333333333333,0.010883333333333333,0.07295684457225002,0.0,59.45,1,1.0
V0004,2022Q4,7.0,0.2857142857142857,9.285714285714286,9.304376850247877,1.0,-0.12911258775909837,0.17050855992485087,4918141.49,0.0,6.0,0.01796666666666667,0.0,0.0,0.0,0.0,0.0,58.5,77.3,13.74,Semiconductors,Taiwan,APAC,Tier 2,1129700.0,True,"ISO9001, REACH, RoHS",0.14285714285714285,0.008983333333333334,0.04917232920317581,0.0,58.85,1,1.0
V0004,2023Q1,3.0,0.3333333333333333,13.333333333333334,11.239810200058244,0.9714510975559151,0.17112708201963392,0.15786510549482388,497292.74899999995,0.0,1.0,0.0406,0.0,0.0,0.0,0.0,0.0,58.3,62.4,6.43,Semiconductors,Taiwan,APAC,Tier 2,1129700.0,True,"ISO9001, REACH, RoHS",0.30952380952380953,0.029283333333333335,0.021007247130267775,0.0,58.4,1,0.0
V0004,2023Q2,2.0,1.0,0.5,0.7071067811865476,1.0,-0.034385700138499974,0.08044610775302243,896562.0830000001,0.0,2.0,0.02865,0.0,0.0,0.0,0.0,0.0,59.0,57.6,9.06,Semiconductors,Taiwan,APAC,Tier 2,1129700.0,True,"ISO9001, REACH, RoHS",0.6666666666666667,0.034624999999999996,0.06837069094056697,0.0,58.65,0,0.0
V0004,2023Q3,2.0,1.0,0.5,0.7071067811865476,1.0,0.040499893803878126,0.14651523415931472,2593356.546,0.0,2.0,0.0128,0.0,0.0,0.0,0.0,0.0,59.0,59.4,7.59,Semiconductors,Taiwan,APAC,Tier 2,1129700.0,True,"ISO9001, REACH, RoHS",1.0,0.020725,0.003057096832689076,0.0,59.0,0,0.0
V0004,2023Q4,6.0,0.8333333333333334,4.5,10.540398474441087,1.0,0.008142017090122697,0.023172500906189834,2431775.277,0.0,3.0,0.0036666666666666666,0.0,0.0,0.0,0.0,0.0,59.1,56.6,6.27,Semiconductors,Taiwan,APAC,Tier 2,1129700.0,True,"ISO9001, REACH, RoHS",0.9166666666666667,0.008233333333333334,0.02432095544700041,0.0,59.05,0,1.0
V0004,2024Q1,3.0,1.0,0.0,0.0,1.0,-0.002283827699608318,0.10760782462655878,1321298.4679999999,0.0,3.0,0.029066666666666668,0.3333333333333333,13.0,0.0,0.0,0.0,59.3,64.3,10.58,Semiconductors,Taiwan,APAC,Tier 2,1129700.0,True,"ISO9001, REACH, RoHS",0.9166666666666667,0.016366666666666668,0.0029290946952571896,0.0,59.2,1,1.0
V0004,2024Q2,5.0,0.6,6.2,8.497058314499201,1.0,0.009562360113612979,0.06473921405257592,3553809.705,0.0,3.0,0.022299999999999997,0.0,0.0,0.0,0.0,0.0,59.0,77.7,15.04,Semiconductors,Taiwan,APAC,Tier 2,1129700.0,True,"ISO9001, REACH, RoHS",0.8,0.025683333333333332,0.0036392662070023306,0.0,59.15,1,0.0
V0004,2024Q3,2.0,1.0,0.5,0.7071067811865476,0.8859202569271243,-0.04464602221880237,0.16685120391816108,2693092.0149999997,0.5,1.0,0.0175,0.0,0.0,0.0,0.0,0.0,58.7,63.7,10.86,Semiconductors,Taiwan,APAC,Tier 2,1129700.0,True,"ISO9001, REACH, RoHS",0.8,0.0199,-0.017541831052594697,0.0,58.85,0,0.0
V0004,2024Q4,6.0,0.8333333333333334,4.166666666666667,9.239408350466315,1.0,-0.022965544183635583,0.0910760707591643,2041200.5779999997,0.0,4.0,0.013250000000000001,0.0,0.0,0.0,0.0,0.0,59.6,44.2,6.22,Semiconductors,Taiwan,APAC,Tier 2,1129700.0,True,"ISO9001, REACH, RoHS",0.9166666666666667,0.015375000000000002,-0.03380578320121898,0.0,59.150000000000006,0,0.0
V0004,2025Q1,4.0,0.75,0.75,1.5,1.0,0.08022130479245457,0.13847238379465895,1359344.439,0.0,3.0,0.017833333333333333,0.0,0.0,0.0,0.0,0.0,59.6,53.4,3.56,Semiconductors,Taiwan,APAC,Tier 2,1129700.0,True,"ISO9001, REACH, RoHS",0.7916666666666667,0.015541666666666667,0.028627880304409492,0.0,59.6,0,0.0
V0004,2025Q2,3.0,1.0,0.0,0.0,1.0,0.0722200613347428,0.06875365999406173,544712.0530000001,0.0,1.0,0.0023,0.0,0.0,0.0,0.0,0.0,59.9,66.7,10.37,Semiconductors,Taiwan,APAC,Tier 2,1129700.0,True,"ISO9001, REACH, RoHS",0.875,0.010066666666666666,0.0762206830635987,0.0,59.75,0,1.0
V0004,2025Q3,5.0,0.2,9.0,7.483314773547883,1.0,0.03547896501676602,0.06210727804747534,3133537.676,0.0,3.0,0.0082,0.0,0.0,0.0,0.0,0.0,59.8,59.3,7.17,Semiconductors,Taiwan,APAC,Tier 2,1129700.0,True,"ISO9001, REACH, RoHS",0.6000000000000001,0.00525,0.05384951317575441,0.0,59.849999999999994,1,0.0
V0004,2025Q4,3.0,1.0,0.3333333333333333,0.5773502691896258,1.0,0.006154269451294249,0.06361454851252508,407408.005,0.0,3.0,0.020266666666666665,0.0,0.0,0.0,0.0,0.0,59.9,57.3,10.47,Semiconductors,Taiwan,APAC,Tier 2,1129700.0,True,"ISO9001, REACH, RoHS",0.6000000000000001,0.014233333333333334,0.020816617234030135,0.0,59.849999999999994,0,0.0
V0004,2026Q1,2.0,1.0,0.5,0.7071067811865476,1.0,-0.04309957716416955,0.05998183114785612,4077874.4899999998,0.0,1.0,0.0274,0.0,0.0,0.0,0.0,0.0,59.8,67.2,6.8,Semiconductors,Taiwan,APAC,Tier 2,1129700.0,True,"ISO9001, REACH, RoHS",1.0,0.02383333333333333,-0.018472653856437652,0.0,59.849999999999994,0,0.0
V0004,2026Q2,3.0,1.0,1.0,1.0,1.0,0.009542506906278374,0.040309428974908475,2177565.9439999997,0.0,2.0,0.03465,0.0,0.0,0.0,0.0,0.0,59.9,54.9,9.39,Semiconductors,Taiwan,APAC,Tier 2,1129700.0,True,"ISO9001, REACH, RoHS",1.0,0.031024999999999997,-0.016778535128945588,0.0,59.849999999999994,0,
V0005,2022Q1,7.0,0.8571428571428571,3.142857142857143,6.1759903774906535,0.9604343618965702,-0.14736953260870403,0.23634192545204916,268838.208,0.0,3.0,0.08626666666666667,0.6666666666666666,7.0,0.0,0.0,0.0,34.1,97.3,22.18,Connectors,Japan,APAC,Tier 1,4216800.0,False,,0.8571428571428571,0.08626666666666667,-0.14736953260870403,0.0,34.1,1,1.0
V0005,2022Q2,15.0,0.4666666666666667,9.133333333333333,12.33963802818651,0.9870079621297684,-0.0038312268164831633,0.300216903138817,1388137.703,0.06666666666666667,11.0,0.07164545454545455,0.7272727272727273,14.25,0.0,0.0,0.0,33.4,93.5,32.32,Connectors,Japan,APAC,Tier 1,4216800.0,False,,0.6619047619047619,0.07895606060606061,-0.07560037971259359,0.0,33.75,1,1.0
V0005,2022Q3,13.0,0.38461538461538464,17.46153846153846,20.843125903661797,0.9468464442153638,-0.051719023312673314,0.2750595531888602,711670.8470000001,0.0,7.0,0.07971428571428571,0.7142857142857143,19.2,0.0,0.0,0.0,33.5,93.1,19.35,Connectors,Japan,APAC,Tier 1,4216800.0,False,,0.4256410256410257,0.07567987012987012,-0.02777512506457824,0.0,33.45,1,1.0
V0005,2022Q4,19.0,0.5263157894736842,4.052631578947368,5.681096179538733,0.9854934227863601,0.0021299276129404434,0.23718253802342218,1363268.0509999997,0.05263157894736842,11.0,0.061200000000000004,0.5454545454545454,13.0,0.0,0.0,0.0,33.3,88.9,21.02,Connectors,Japan,APAC,Tier 1,4216800.0,False,,0.4554655870445344,0.07045714285714286,-0.024794547849866434,0.0,33.4,1,1.0
V0005,2023Q1,11.0,0.9090909090909091,1.5454545454545454,3.8565175058240397,0.9865022885971068,0.018068029486054262,0.23279685124040916,2198304.347,0.0,8.0,0.066225,0.75,24.333333333333332,0.0,0.0,0.0,33.2,74.2,24.02,Connectors,Japan,APAC,Tier 1,4216800.0,False,,0.7177033492822966,0.0637125,0.010098978549497352,0.0,33.25,1,1.0
V0005,2023Q2,12.0,0.6666666666666666,2.8333333333333335,3.3529724488018453,0.9675933581808408,0.06691256982686199,0.1764891510753697,682910.151,0.0,7.0,0.08988571428571428,0.7142857142857143,24.2,0.0,0.0,0.0,33.7,80.0,19.72,Connectors,Japan,APAC,Tier 1,4216800.0,False,,0.7878787878787878,0.07805535714285713,0.04249029965645812,0.0,33.45,1,1.0
V0005,2023Q3,13.0,0.7692307692307693,1.7692307692307692,3.539158236875122,0.9789684026905061,-0.06225969978052381,0.12289263634941353,1215895.763,0.0,10.0,0.0602,0.6,12.833333333333334,0.0,0.0,0.0,33.7,88.7,19.44,Connectors,Japan,APAC,Tier 1,4216800.0,False,,0.717948717948718,0.07504285714285713,0.00232643502316909,0.0,33.7,1,1.0
V0005,2023Q4,10.0,0.5,7.0,8.232726023485645,0.9815210559396605,0.03075982515447096,0.26955965467829474,340032.36699999997,0.0,7.0,0.0752142857142857,0.5714285714285714,16.75,0.0,0.0,0.0,33.6,84.3,18.14,Connectors,Japan,APAC,Tier 1,4216800.0,False,,0.6346153846153846,0.06770714285714285,-0.015749937313026416,0.0,33.650000000000006,1,1.0
V0005,2024Q1,8.0,0.375,19.25,28.991378028648448,0.9545989886214432,0.035239900435064066,0.2398257394593066,590117.9,0.0,5.0,0.05928,0.6,7.0,0.0,0.0,0.0,33.5,96.2,28.02,Connectors,Japan,APAC,Tier 1,4216800.0,False,,0.4375,0.06724714285714284,0.03299986279476752,0.0,33.55,1,1.0
V0005,2024Q2,9.0,0.5555555555555556,14.11111111111111,18.910608427840472,0.9044831089718204,0.07806589968342957,0.2562435536852171,841219.808,0.0,6.0,0.09093333333333335,0.6666666666666666,15.5,0.0,0.0,0.0,33.3,88.7,30.28,Connectors,Japan,APAC,Tier 1,4216800.0,False,,0.4652777777777778,0.07510666666666667,0.05665290005924682,0.0,33.4,1,1.0
V0005,2024Q3,12.0,0.5833333333333334,8.0,13.470506503266515,0.9811555668101629,0.06522190270823985,0.1876979280471714,1189333.1930000002,0.08333333333333333,7.0,0.08111428571428571,0.7142857142857143,27.6,1.0,2.0,12.0,32.8,83.6,22.61,Connectors,Japan,APAC,Tier 1,4216800.0,False,,0.5694444444444444,0.08602380952380953,0.07164390119583472,1.0,33.05,1,1.0
V0005,2024Q4,13.0,0.5384615384615384,5.076923076923077,6.885510613618747,0.9697892890601657,-0.00823397598253591,0.2197723617883527,1404730.7909999997,0.0,7.0,0.05228571428571428,0.2857142857142857,13.0,0.0,0.0,0.0,32.6,82.9,22.52,Connectors,Japan,APAC,Tier 1,4216800.0,False,,0.5608974358974359,0.06669999999999998,0.028493963362851978,1.0,32.7,1,1.0
V0005,2025Q1,11.0,0.45454545454545453,5.2727272727272725,4.900834808293564,0.947958035970286,-0.10573586417148334,0.1560131482741166,734676.251,0.0,9.0,0.06406666666666666,0.5555555555555556,9.8,0.0,0.0,0.0,33.2,89.6,23.11,Connectors,Japan,APAC,Tier 1,4216800.0,False,,0.49650349650349646,0.058176190476190465,-0.056984920077009615,0.0,32.900000000000006,1,1.0
V0005,2025Q2,10.0,0.3,10.1,10.918384088825192,0.9551235200211391,-0.029577208260550093,0.217087938014486,556214.595,0.0,8.0,0.0583,0.625,15.0,0.0,0.0,0.0,33.4,79.2,27.13,Connectors,Japan,APAC,Tier 1,4216800.0,False,,0.37727272727272726,0.061183333333333326,-0.06765653621601671,0.0,33.3,1,1.0
V0005,2025Q3,11.0,0.36363636363636365,8.272727272727273,9.603029824913689,0.9760513324166831,-0.09724556929520901,0.26226228507317545,1011391.4760000001,0.0,9.0,0.07148888888888888,0.5555555555555556,18.6,0.0,0.0,0.0,33.3,83.3,22.59,Connectors,Japan,APAC,Tier 1,4216800.0,False,,0.3318181818181818,0.06489444444444444,-0.06341138877787955,0.0,33.349999999999994,1,1.0
V0005,2025Q4,14.0,0.5714285714285714,6.428571428571429,10.471310884906035,0.9746439053067347,-0.050672868127363845,0.28142777883669085,857642.909,0.0,10.0,0.06917999999999999,0.5,22.0,0.0,0.0,0.0,33.4,88.8,26.27,Connectors,Japan,APAC,Tier 1,4216800.0,False,,0.46753246753246747,0.07033444444444444,-0.07395921871128643,0.0,33.349999999999994,1,1.0
V0005,2026Q1,12.0,0.3333333333333333,12.916666666666666,11.12293562732865,0.9657530867688444,-0.0686908020772719,0.19974632513933338,870372.873,0.0,8.0,0.076475,0.5,16.75,0.0,0.0,0.0,33.6,95.3,18.72,Connectors,Japan,APAC,Tier 1,4216800.0,False,,0.45238095238095233,0.07282749999999999,-0.05968183510231787,0.0,33.5,1,1.0
V0005,2026Q2,6.0,0.8333333333333334,1.0,2.449489742783178,0.9762532981530342,-0.0519070521995093,0.2946396640677894,232404.589,0.0,5.0,0.05974,0.6,18.0,0.0,0.0,0.0,33.6,83.1,18.68,Connectors,Japan,APAC,Tier 1,4216800.0,False,,0.5833333333333333,0.0681075,-0.06029892713839061,0.0,33.6,1,
V0006,2022Q1,0.0,,0.0,0.0,,0.0,0.0,0.0,0.0,0.0,0.0,0.0,0.0,0.0,0.0,0.0,62.6,63.9,8.31,Semiconductors,Czech Republic,EMEA,Tier 2,1494800.0,True,"ISO14001, REACH",,0.0,0.0,0.0,62.6,0,1.0
V0006,2022Q2,6.0,0.6666666666666666,1.3333333333333333,2.1602468994692865,1.0,-0.023577448755137353,0.04076986924437886,2385442.738,0.0,5.0,0.0236,0.0,0.0,0.0,0.0,0.0,62.7,57.4,2.39,Semiconductors,Czech Republic,EMEA,Tier 2,1494800.0,True,"ISO14001, REACH",0.6666666666666666,0.0118,-0.011788724377568676,0.0,62.650000000000006,1,0.0
V0006,2022Q3,5.0,1.0,0.4,0.5477225575051661,1.0,-0.0016155115758920563,0.05686579635937975,1308993.662,0.2,2.0,0.03175,0.0,0.0,0.0,0.0,0.0,63.3,56.2,8.73,Semiconductors,Czech Republic,EMEA,Tier 2,1494800.0,True,"ISO14001, REACH",0.8333333333333333,0.027674999999999998,-0.012596480165514705,0.0,63.0,0,0.0
V0006,2022Q4,3.0,1.0,0.0,0.0,0.9646729625743267,-0.02363651815962983,0.040335569285959216,8114970.799000001,0.0,3.0,0.021033333333333334,0.0,0.0,0.0,0.0,0.0,63.4,57.3,11.33,Semiconductors,Czech Republic,EMEA,Tier 2,1494800.0,True,"ISO14001, REACH",1.0,0.026391666666666667,-0.012626014867760943,0.0,63.349999999999994,0,0.0
V0006,2023Q1,5.0,0.8,1.6,3.5777087639996634,1.0,-0.01823339131129825,0.028165196045193547,6389865.250000002,0.0,3.0,0.012833333333333334,0.0,0.0,0.0,0.0,0.0,63.6,53.9,8.87,Semiconductors,Czech Republic,EMEA,Tier 2,1494800.0,True,"ISO14001, REACH",0.9,0.016933333333333335,-0.02093495473546404,0.0,63.5,0,0.0
V0006,2023Q2,5.0,1.0,0.6,0.894427190999916,1.0,-0.01988289937946746,0.0772477622865212,3823689.421,0.2,3.0,0.025400000000000002,0.0,0.0,0.0,0.0,0.0,63.8,58.0,8.37,Semiconductors,Czech Republic,EMEA,Tier 2,1494800.0,True,"ISO14001, REACH",0.9,0.019116666666666667,-0.019058145345382853,0.0,63.7,0,0.0
V0006,2023Q3,8.0,1.0,0.75,0.7071067811865476,0.9747344243468274,0.0368701405099502,0.07522980767627628,13451723.761,0.125,4.0,0.017225,0.0,0.0,0.0,0.0,0.0,63.6,55.4,7.34,Semiconductors,Czech Republic,EMEA,Tier 2,1494800.0,True,"ISO14001, REACH",1.0,0.021312499999999998,0.008493620565241373,0.0,63.7,0,0.0
V0006,2023Q4,6.0,1.0,0.16666666666666666,0.408248290463863,1.0,0.015595112250592472,0.06717455554153821,6834589.517,0.0,2.0,0.0166,0.0,0.0,0.0,0.0,0.0,63.5,56.7,2.88,Semiconductors,Czech Republic,EMEA,Tier 2,1494800.0,True,"ISO14001, REACH",1.0,0.0169125,0.026232626380271337,0.0,63.55,0,0.0
V0006,2024Q1,3.0,1.0,1.0,1.0,1.0,0.005621100022408912,0.056668235290076835,1357378.275,0.0,2.0,0.0329,0.0,0.0,0.0,0.0,0.0,63.4,73.5,8.9,Semiconductors,Czech Republic,EMEA,Tier 2,1494800.0,True,"ISO14001, REACH",1.0,0.02475,0.010608106136500692,0.0,63.45,0,1.0
V0006,2024Q2,6.0,0.6666666666666666,5.333333333333333,10.03327796219494,0.9440526623552623,-0.033057560674909864,0.08934474344074604,8068545.187999999,0.0,2.0,0.029200000000000004,0.0,0.0,0.0,0.0,0.0,62.8,59.8,7.41,Semiconductors,Czech Republic,EMEA,Tier 2,1494800.0,True,"ISO14001, REACH",0.8333333333333333,0.03105,-0.013718230326250476,0.0,63.099999999999994,1,1.0
V0006,2024Q3,5.0,0.6,6.4,9.20869154657707,1.0,-0.03880469613146759,0.07052731085029981,2031715.253,0.0,5.0,0.01552,0.0,0.0,0.0,0.0,0.0,62.4,58.8,7.82,Semiconductors,Czech Republic,EMEA,Tier 2,1494800.0,True,"ISO14001, REACH",0.6333333333333333,0.02236,-0.035931128403188725,0.0,62.599999999999994,1,0.0
V0006,2024Q4,1.0,1.0,1.0,0.0,1.0,-0.04116920070129052,0.0,738603.684,0.0,1.0,0.0239,0.0,0.0,0.0,0.0,0.0,62.1,56.5,7.61,Semiconductors,Czech Republic,EMEA,Tier 2,1494800.0,True,"ISO14001, REACH",0.8,0.019710000000000002,-0.03998694841637906,0.0,62.25,0,0.0
V0006,2025Q1,3.0,1.0,0.6666666666666666,1.1547005383792517,1.0,-0.056360075210954035,0.1187562569267679,1657540.7289999998,0.0,1.0,0.0212,0.0,0.0,0.0,0.0,0.0,61.9,61.1,5.14,Semiconductors,Czech Republic,EMEA,Tier 2,1494800.0,True,"ISO14001, REACH",1.0,0.02255,-0.04876463795612228,0.0,62.0,0,1.0
V0006,2025Q2,3.0,1.0,0.0,0.0,1.0,-0.050721924257388584,0.07379267700273494,4580512.104,0.0,2.0,0.033350000000000005,0.5,11.0,0.0,0.0,0.0,62.3,59.0,8.5,Semiconductors,Czech Republic,EMEA,Tier 2,1494800.0,True,"ISO14001, REACH",1.0,0.027275,-0.05354099973417131,0.0,62.099999999999994,1,0.0
V0006,2025Q3,5.0,0.8,5.6,10.876580344942983,1.0,0.004959943203439588,0.09081603128712586,1709136.299,0.0,4.0,0.016575,0.0,0.0,0.0,0.0,0.0,61.7,50.3,9.92,Semiconductors,Czech Republic,EMEA,Tier 2,1494800.0,True,"ISO14001, REACH",0.9,0.024962500000000002,-0.0228809905269745,0.0,62.0,0,0.0
V0006,2025Q4,3.0,1.0,0.3333333333333333,0.5773502691896258,1.0,-0.07100192455850148,0.05227062259954641,451536.78300000005,0.3333333333333333,3.0,0.019366666666666667,0.0,0.0,0.0,0.0,0.0,61.1,63.9,7.98,Semiconductors,Czech Republic,EMEA,Tier 2,1494800.0,True,"ISO14001, REACH",0.9000000000000001,0.01797083333333333,-0.03302099067753095,0.0,61.400000000000006,0,1.0
V0006,2026Q1,3.0,0.0,26.333333333333332,27.736858750286295,1.0,-0.10126658687036501,0.1133112146813018,2318663.2260000003,0.0,2.0,0.019,0.0,0.0,0.0,0.0,0.0,61.6,57.8,3.94,Semiconductors,Czech Republic,EMEA,Tier 2,1494800.0,True,"ISO14001, REACH",0.5000000000000001,0.019183333333333333,-0.08613425571443324,0.0,61.35,1,0.0
V0006,2026Q2,3.0,1.0,0.0,0.0,1.0,-0.01838508766748544,0.10152131042032948,670794.726,0.0,3.0,0.01983333333333333,0.0,0.0,0.0,0.0,0.0,61.7,73.1,6.62,Semiconductors,Czech Republic,EMEA,Tier 2,1494800.0,True,"ISO14001, REACH",0.5000000000000001,0.019416666666666665,-0.05982583726892522,0.0,61.650000000000006,0,
V0007,2022Q1,1.0,1.0,0.0,0.0,1.0,-0.07805124747134189,0.0,49767.9,0.0,0.0,0.0,0.0,0.0,0.0,0.0,0.0,61.9,61.8,5.8,Enclosures / Metal,Taiwan,APAC,Tier 3,271800.0,False,"ISO14001, RoHS",1.0,0.0,-0.07805124747134189,0.0,61.9,0,0.0
V0007,2022Q2,2.0,1.0,0.0,0.0,1.0,-0.06041635569095321,0.0034279793220646014,549554.7710000001,0.0,2.0,0.0235,0.0,0.0,0.0,0.0,0.0,61.4,68.2,9.19,Enclosures / Metal,Taiwan,APAC,Tier 3,271800.0,False,"ISO14001, RoHS",1.0,0.01175,-0.06923380158114754,0.0,61.65,0,1.0
V0007,2022Q3,3.0,0.6666666666666666,2.6666666666666665,3.7859388972001824,1.0,-0.02336387081689048,0.09810618481811474,138839.359,0.0,1.0,0.006,0.0,0.0,0.0,0.0,0.0,61.7,64.7,5.47,Enclosures / Metal,Taiwan,APAC,Tier 3,271800.0,False,"ISO14001, RoHS",0.8333333333333333,0.01475,-0.04189011325392185,0.0,61.55,1,1.0
V0007,2022Q4,3.0,1.0,0.0,0.0,1.0,-0.0175562233591763,0.0403497279595037,232542.83400000003,0.0,3.0,0.02703333333333333,0.3333333333333333,9.0,0.0,0.0,0.0,62.0,63.2,6.98,Enclosures / Metal,Taiwan,APAC,Tier 3,271800.0,False,"ISO14001, RoHS",0.8333333333333333,0.016516666666666666,-0.020460047088033388,0.0,61.85,1,0.0
V0007,2023Q1,1.0,1.0,2.0,0.0,1.0,-0.06803115862777034,0.0,305103.78500000003,0.0,1.0,0.025,0.0,0.0,0.0,0.0,0.0,62.4,67.9,5.87,Enclosures / Metal,Taiwan,APAC,Tier 3,271800.0,False,"ISO14001, RoHS",1.0,0.026016666666666667,-0.04279369099347332,0.0,62.2,0,0.0
V0007,2023Q2,2.0,1.0,0.0,0.0,1.0,-0.030362054561857796,0.039999803758739294,511590.052,0.0,1.0,0.0275,0.0,0.0,0.0,0.0,0.0,62.5,61.2,8.79,Enclosures / Metal,Taiwan,APAC,Tier 3,271800.0,False,"ISO14001, RoHS",1.0,0.026250000000000002,-0.04919660659481407,0.0,62.45,0,1.0
V0007,2023Q3,4.0,1.0,0.0,0.0,0.9577962577962578,0.0367664076119001,0.050023734315313845,346746.03599999996,0.0,2.0,0.023850000000000003,0.5,16.0,0.0,0.0,0.0,62.6,63.7,7.69,Enclosures / Metal,Taiwan,APAC,Tier 3,271800.0,False,"ISO14001, RoHS",1.0,0.025675000000000003,0.0032021765250211526,0.0,62.55,1,1.0
V0007,2023Q4,1.0,0.0,28.0,0.0,1.0,-0.041736773228640896,0.0,19662.377,0.0,0.0,0.0,0.0,0.0,0.0,0.0,0.0,63.3,58.2,5.21,Enclosures / Metal,Taiwan,APAC,Tier 3,271800.0,False,"ISO14001, RoHS",0.5,0.011925000000000002,-0.0024851828083703974,0.0,62.95,1,0.0
V0007,2024Q1,6.0,1.0,0.0,0.0,0.9633030478767962,-0.006575791222826088,0.13773509407499482,1690830.3189999997,0.0,5.0,0.02256,0.0,0.0,0.0,0.0,0.0,63.0,63.9,9.54,Enclosures / Metal,Taiwan,APAC,Tier 3,271800.0,False,"ISO14001, RoHS",0.5,0.01128,-0.024156282225733492,0.0,63.15,0,1.0
V0007,2024Q2,3.0,0.0,14.0,7.0,1.0,-0.05759500850139673,0.21385117058903033,581031.136,0.0,2.0,0.0153,0.0,0.0,0.0,0.0,0.0,62.5,68.0,9.26,Enclosures / Metal,Taiwan,APAC,Tier 3,271800.0,False,"ISO14001, RoHS",0.5,0.01893,-0.03208539986211141,0.0,62.75,1,0.0
V0007,2024Q3,4.0,0.75,4.75,8.845903006477068,1.0,-0.0031196680330434767,0.060385296996936705,563100.308,0.0,2.0,0.028749999999999998,0.0,0.0,0.0,0.0,0.0,62.7,55.3,8.67,Enclosures / Metal,Taiwan,APAC,Tier 3,271800.0,False,"ISO14001, RoHS",0.375,0.022024999999999996,-0.030357338267220105,0.0,62.6,0,1.0
V0007,2024Q4,1.0,0.0,8.0,0.0,1.0,0.04912119118888637,0.0,27392.676,0.0,1.0,0.0336,0.0,0.0,0.0,0.0,0.0,62.7,60.5,4.75,Enclosures / Metal,Taiwan,APAC,Tier 3,271800.0,False,"ISO14001, RoHS",0.375,0.031174999999999998,0.02300076157792145,0.0,62.7,1,0.0
V0007,2025Q1,4.0,1.0,1.0,0.816496580927726,1.0,-0.03193184904838034,0.0970755146309832,1012672.179,0.0,2.0,0.0225,0.0,0.0,0.0,0.0,0.0,62.1,61.2,11.07,Enclosures / Metal,Taiwan,APAC,Tier 3,271800.0,False,"ISO14001, RoHS",0.5,0.02805,0.008594671070253017,0.0,62.400000000000006,0,1.0
V0007,2025Q2,1.0,0.0,11.0,0.0,1.0,0.0017138434321096198,0.0,1205475.189,0.0,1.0,0.0196,0.0,0.0,0.0,0.0,0.0,61.7,73.6,10.11,Enclosures / Metal,Taiwan,APAC,Tier 3,271800.0,False,"ISO14001, RoHS",0.5,0.02105,-0.01510900280813536,0.0,61.900000000000006,1,1.0
V0007,2025Q3,3.0,0.3333333333333333,13.666666666666666,12.096831541082704,1.0,0.014081407100552052,0.10924949249608149,143732.53,0.0,2.0,0.0196,0.0,0.0,0.0,0.0,0.0,61.3,60.8,10.11,Enclosures / Metal,Taiwan,APAC,Tier 3,271800.0,False,"ISO14001, RoHS",0.16666666666666666,0.0196,0.007897625266330836,0.0,61.5,1,1.0
V0007,2025Q4,3.0,0.3333333333333333,5.333333333333333,6.8068592855540455,0.9175450925275239,-0.030870609985910707,0.0672420101728478,701640.4299999999,0.0,2.0,0.01335,0.0,0.0,0.0,0.0,0.0,61.6,65.8,9.14,Enclosures / Metal,Taiwan,APAC,Tier 3,271800.0,False,"ISO14001, RoHS",0.3333333333333333,0.016475,-0.008394601442679329,0.0,61.45,1,0.0
V0007,2026Q1,1.0,1.0,0.0,0.0,1.0,0.08547743322075527,0.0,15343.636,0.0,1.0,0.0101,0.0,0.0,0.0,0.0,0.0,61.8,52.2,5.78,Enclosures / Metal,Taiwan,APAC,Tier 3,271800.0,False,"ISO14001, RoHS",0.6666666666666666,0.011725,0.02730341161742228,0.0,61.7,0,0.0
V0007,2026Q2,2.0,1.0,0.5,0.7071067811865476,1.0,0.010314423012775971,0.033676162082357936,124043.071,0.0,1.0,0.0255,0.0,0.0,0.0,0.0,0.0,61.9,59.5,6.99,Enclosures / Metal,Taiwan,APAC,Tier 3,271800.0,False,"ISO14001, RoHS",1.0,0.0178,0.047895928116765615,0.0,61.849999999999994,0,
V0008,2022Q1,0.0,,0.0,0.0,,0.0,0.0,0.0,0.0,0.0,0.0,0.0,0.0,1.0,4.0,58.0,34.1,84.0,17.82,Displays,China,APAC,Tier 3,377000.0,False,"IATF16949, ISO14001, ISO9001, RoHS",,0.0,0.0,4.0,34.1,1,1.0
V0008,2022Q2,4.0,0.25,14.75,13.647344063956181,1.0,0.014601996237789482,0.13450697817666782,5410982.598,0.0,3.0,0.03566666666666667,0.3333333333333333,6.0,0.0,0.0,0.0,33.3,97.8,35.37,Displays,China,APAC,Tier 3,377000.0,False,"IATF16949, ISO14001, ISO9001, RoHS",0.25,0.017833333333333336,0.007300998118894741,2.0,33.7,1,0.0
V0008,2022Q3,1.0,1.0,1.0,0.0,1.0,-0.07733701276302173,0.0,306532.08,0.0,0.0,0.0,0.0,0.0,0.0,0.0,0.0,33.5,79.7,22.11,Displays,China,APAC,Tier 3,377000.0,False,"IATF16949, ISO14001, ISO9001, RoHS",0.625,0.017833333333333336,-0.031367508262616126,0.0,33.4,0,1.0
V0008,2022Q4,3.0,1.0,0.0,0.0,0.9653679653679653,0.31247286093995286,0.14434940653845318,1435502.842,0.0,2.0,0.03225,0.5,14.0,0.0,0.0,0.0,33.6,89.5,20.25,Displays,China,APAC,Tier 3,377000.0,False,"IATF16949, ISO14001, ISO9001, RoHS",1.0,0.016125,0.11756792408846556,0.0,33.55,1,1.0
V0008,2023Q1,3.0,0.6666666666666666,8.0,13.856406460551018,0.9374787995643868,0.11720765922426613,0.19656808385971186,1675009.63,0.0,2.0,0.04025,0.0,0.0,1.0,1.0,1.0,34.0,89.9,17.5,Displays,China,APAC,Tier 3,377000.0,False,"IATF16949, ISO14001, ISO9001, RoHS",0.8333333333333333,0.036250000000000004,0.2148402600821095,0.5,33.8,1,1.0
V0008,2023Q2,2.0,0.5,1.5,2.1213203435596424,1.0,0.12849992589218162,0.1011046139022129,2570457.838,0.0,1.0,0.0191,0.0,0.0,0.0,0.0,0.0,34.2,85.8,19.82,Displays,China,APAC,Tier 3,377000.0,False,"IATF16949, ISO14001, ISO9001, RoHS",0.5833333333333333,0.029675,0.12285379255822387,0.5,34.1,1,1.0
V0008,2023Q3,2.0,1.0,0.5,0.7071067811865476,1.0,0.01901914833066208,0.2847231175458038,843459.9469999999,0.0,2.0,0.1134,1.0,19.0,0.0,0.0,0.0,34.4,88.0,18.87,Displays,China,APAC,Tier 3,377000.0,False,"IATF16949, ISO14001, ISO9001, RoHS",0.75,0.06625,0.07375953711142186,0.0,34.3,1,1.0
V0008,2023Q4,1.0,0.0,7.0,0.0,1.0,-0.20783085151006708,0.0,80194.591,0.0,0.0,0.0,0.0,0.0,0.0,0.0,0.0,34.5,76.3,21.82,Displays,China,APAC,Tier 3,377000.0,False,"IATF16949, ISO14001, ISO9001, RoHS",0.5,0.0567,-0.0944058515897025,0.0,34.45,1,1.0
V0008,2024Q1,4.0,0.0,8.75,5.619905100029122,0.9855103994430424,-0.09856784254400283,0.3395213745017232,3712277.616,0.0,3.0,0.10493333333333332,0.3333333333333333,19.0,0.0,0.0,0.0,34.2,95.6,29.1,Displays,China,APAC,Tier 3,377000.0,False,"IATF16949, ISO14001, ISO9001, RoHS",0.0,0.05246666666666666,-0.15319934702703497,0.0,34.35,1,1.0
V0008,2024Q2,5.0,0.4,10.6,13.221195104830729,0.9592119811036286,-0.10966294344424458,0.2838762806680521,7356742.52,0.0,4.0,0.059225,0.5,25.5,0.0,0.0,0.0,34.2,108.1,41.67,Displays,China,APAC,Tier 3,377000.0,False,"IATF16949, ISO14001, ISO9001, RoHS",0.2,0.08207916666666666,-0.1041153929941237,0.0,34.2,1,1.0
V0008,2024Q3,2.0,1.0,0.5,0.7071067811865476,1.0,-0.17806695277496284,0.08892877429889261,1576359.9780000001,0.0,1.0,0.1226,1.0,2.0,0.0,0.0,0.0,34.1,94.4,28.87,Displays,China,APAC,Tier 3,377000.0,False,"IATF16949, ISO14001, ISO9001, RoHS",0.7,0.09091250000000001,-0.1438649481096037,0.0,34.150000000000006,1,1.0
V0008,2024Q4,4.0,0.75,2.0,4.0,1.0,0.1947468028095835,0.20756550910486884,3365535.857,0.25,3.0,0.08786666666666666,0.6666666666666666,17.0,0.0,0.0,0.0,33.1,86.9,22.1,Displays,China,APAC,Tier 3,377000.0,False,"IATF16949, ISO14001, ISO9001, RoHS",0.875,0.10523333333333333,0.008339925017310332,0.0,33.6,1,0.0
V0008,2025Q1,1.0,1.0,0.0,0.0,1.0,-0.03640661938534277,0.0,741289.892,0.0,0.0,0.0,0.0,0.0,1.0,2.0,14.0,33.0,76.0,18.99,Displays,China,APAC,Tier 3,377000.0,False,"IATF16949, ISO14001, ISO9001, RoHS",0.875,0.04393333333333333,0.07917009171212036,1.0,33.05,0,1.0
V0008,2025Q2,1.0,0.0,13.0,0.0,1.0,-0.23017614947380274,0.0,591343.17,0.0,1.0,0.0686,1.0,15.0,0.0,0.0,0.0,32.9,100.2,26.46,Displays,China,APAC,Tier 3,377000.0,False,"IATF16949, ISO14001, ISO9001, RoHS",0.5,0.0343,-0.13329138442957278,1.0,32.95,1,1.0
V0008,2025Q3,1.0,0.0,5.0,0.0,1.0,-0.056049690982265366,0.0,344858.257,0.0,1.0,0.0996,1.0,9.0,0.0,0.0,0.0,32.6,96.1,25.45,Displays,China,APAC,Tier 3,377000.0,False,"IATF16949, ISO14001, ISO9001, RoHS",0.0,0.0841,-0.14311292022803407,0.0,32.75,1,0.0
V0008,2025Q4,1.0,1.0,0.0,0.0,1.0,-0.3388624115243595,0.0,10253336.855,0.0,0.0,0.0,0.0,0.0,0.0,0.0,0.0,32.1,85.0,27.3,Displays,China,APAC,Tier 3,377000.0,False,"IATF16949, ISO14001, ISO9001, RoHS",0.5,0.0498,-0.19745605125331245,0.0,32.35,0,1.0
V0008,2026Q1,2.0,0.5,5.0,5.656854249492381,0.8907419712070874,0.05719175325964797,0.05463747612694333,761311.2199999999,0.0,2.0,0.0646,1.0,8.0,0.0,0.0,0.0,32.1,91.1,23.75,Displays,China,APAC,Tier 3,377000.0,False,"IATF16949, ISO14001, ISO9001, RoHS",0.75,0.0323,-0.14083532913235577,0.0,32.1,1,1.0
V0008,2026Q2,5.0,0.2,9.2,8.167006795638168,1.0,-0.04794629493532328,0.20428231169978633,10314622.188,0.0,4.0,0.08095,0.75,21.666666666666668,0.0,0.0,0.0,32.7,82.2,17.62,Displays,China,APAC,Tier 3,377000.0,False,"IATF16949, ISO14001, ISO9001, RoHS",0.35,0.072775,0.004622729162162317,0.0,32.400000000000006,1,
V0009,2022Q1,3.0,0.6666666666666666,2.0,3.4641016151377544,1.0,-0.11037533589483,0.16912871631687837,969445.192,0.0,2.0,0.0292,0.5,33.0,0.0,0.0,0.0,47.3,67.7,7.89,Batteries,Taiwan,APAC,Tier 2,920500.0,False,"IATF16949, ISO14001",0.6666666666666666,0.0292,-0.11037533589483,0.0,47.3,1,1.0
V0009,2022Q2,4.0,1.0,1.0,1.1547005383792515,1.0,-0.04284649469012186,0.17229632217515656,515788.30999999994,0.0,4.0,0.0362,0.5,30.0,0.0,0.0,0.0,47.1,88.4,19.93,Batteries,Taiwan,APAC,Tier 2,920500.0,False,"IATF16949, ISO14001",0.8333333333333333,0.0327,-0.07661091529247593,0.0,47.2,1,1.0
V0009,2022Q3,8.0,0.75,3.375,5.7802001942592165,0.9732160992278407,0.04404172094253293,0.09313689634733663,3096817.0820000004,0.125,7.0,0.042485714285714286,0.42857142857142855,9.666666666666666,1.0,1.0,1.0,47.0,77.8,10.89,Batteries,Taiwan,APAC,Tier 2,920500.0,False,"IATF16949, ISO14001",0.875,0.039342857142857145,0.0005976131262055359,0.5,47.05,1,1.0
V0009,2022Q4,5.0,0.8,1.0,1.224744871391589,1.0,0.011956276990298484,0.11296020307767192,649073.087,0.0,2.0,0.05935,0.5,7.0,0.0,0.0,0.0,47.0,69.2,10.31,Batteries,Taiwan,APAC,Tier 2,920500.0,False,"IATF16949, ISO14001",0.775,0.05091785714285715,0.02799899896641571,0.5,47.0,1,1.0
V0009,2023Q1,4.0,0.5,7.0,10.392304845413262,1.0,0.02007655330747717,0.22878113420709512,477941.90599999996,0.25,2.0,0.0319,0.0,0.0,0.0,0.0,0.0,47.1,76.6,12.09,Batteries,Taiwan,APAC,Tier 2,920500.0,False,"IATF16949, ISO14001",0.65,0.045625,0.016016415148887825,0.0,47.05,1,1.0
V0009,2023Q2,6.0,0.8333333333333334,3.0,7.3484692283495345,1.0,0.027588918555415665,0.1301764977887872,3373446.619999999,0.16666666666666666,3.0,0.05890000000000001,0.6666666666666666,17.5,1.0,1.0,4.0,46.8,70.9,12.93,Batteries,Taiwan,APAC,Tier 2,920500.0,False,"IATF16949, ISO14001",0.6666666666666667,0.04540000000000001,0.023832735931446417,0.5,46.95,1,1.0
V0009,2023Q3,1.0,0.0,13.0,0.0,1.0,0.23007106345842177,0.0,66992.856,0.0,1.0,0.0084,0.0,0.0,0.0,0.0,0.0,46.8,69.2,14.4,Batteries,Taiwan,APAC,Tier 2,920500.0,False,"IATF16949, ISO14001",0.4166666666666667,0.033650000000000006,0.12882999100691872,0.5,46.8,1,1.0
V0009,2023Q4,4.0,1.0,0.25,0.5,1.0,0.05318393338477266,0.022282910694665953,344091.69299999997,0.0,4.0,0.05085,0.5,5.0,0.0,0.0,0.0,46.8,72.1,12.5,Batteries,Taiwan,APAC,Tier 2,920500.0,False,"IATF16949, ISO14001",0.5,0.029625000000000002,0.14162749842159722,0.0,46.8,1,1.0
V0009,2024Q1,7.0,0.42857142857142855,11.142857142857142,11.89437642233465,1.0,0.021958295561412676,0.12282239866882644,1227707.477,0.0,5.0,0.04194,0.2,16.0,0.0,0.0,0.0,46.1,70.7,17.77,Batteries,Taiwan,APAC,Tier 2,920500.0,False,"IATF16949, ISO14001",0.7142857142857143,0.046395000000000006,0.037571114473092665,0.0,46.45,1,1.0
V0009,2024Q2,4.0,0.5,6.75,9.742518497116988,0.9796140879050633,-0.018985763628074522,0.08794917457577564,5583445.416,0.0,2.0,0.0424,0.5,15.0,0.0,0.0,0.0,46.1,87.8,14.86,Batteries,Taiwan,APAC,Tier 2,920500.0,False,"IATF16949, ISO14001",0.4642857142857143,0.04217,0.0014862659666690769,0.0,46.1,1,1.0
V0009,2024Q3,6.0,0.8333333333333334,4.833333333333333,9.9079092984679,0.9952367153258231,-0.02653466726183321,0.16876506467059957,5421793.595,0.0,6.0,0.04221666666666667,0.5,18.333333333333332,0.0,0.0,0.0,45.8,69.5,13.19,Batteries,Taiwan,APAC,Tier 2,920500.0,False,"IATF16949, ISO14001",0.6666666666666666,0.04230833333333334,-0.022760215444953866,0.0,45.95,1,1.0
V0009,2024Q4,5.0,0.4,11.0,12.942179105544785,0.9450264898586163,0.045435010234083265,0.18604588476113731,2363548.484,0.0,3.0,0.045366666666666666,0.3333333333333333,33.0,0.0,0.0,0.0,45.8,72.2,13.74,Batteries,Taiwan,APAC,Tier 2,920500.0,False,"IATF16949, ISO14001",0.6166666666666667,0.04379166666666667,0.009450171486125028,0.0,45.8,1,1.0
V0009,2025Q1,2.0,0.0,16.5,6.363961030678928,1.0,-0.015252184285904382,0.09531086236754249,2086986.1090000002,0.0,0.0,0.0,0.0,0.0,0.0,0.0,0.0,46.2,83.4,10.79,Batteries,Taiwan,APAC,Tier 2,920500.0,False,"IATF16949, ISO14001",0.2,0.022683333333333337,0.015091412974089441,0.0,46.0,1,1.0
V0009,2025Q2,5.0,0.6,2.6,3.5777087639996634,1.0,0.09280001626136411,0.050211477012787574,772098.074,0.0,4.0,0.034275,0.0,0.0,0.0,0.0,0.0,45.5,70.3,17.62,Batteries,Taiwan,APAC,Tier 2,920500.0,False,"IATF16949, ISO14001",0.3,0.017137500000000003,0.03877391598772986,0.0,45.85,1,1.0
V0009,2025Q3,7.0,0.7142857142857143,4.142857142857143,8.008923594519874,1.0,0.0064544945383730595,0.09876989955701727,911630.1579999998,0.0,2.0,0.0679,0.5,8.0,0.0,0.0,0.0,45.8,64.7,18.58,Batteries,Taiwan,APAC,Tier 2,920500.0,False,"IATF16949, ISO14001",0.6571428571428571,0.05108750000000001,0.049627255399868585,0.0,45.65,1,1.0
V0009,2025Q4,3.0,0.3333333333333333,7.666666666666667,5.859465277082315,1.0,0.07264377433438803,0.08597597115549403,1391357.212,0.0,2.0,0.0349,0.0,0.0,0.0,0.0,0.0,45.3,72.4,16.66,Batteries,Taiwan,APAC,Tier 2,920500.0,False,"IATF16949, ISO14001",0.5238095238095238,0.0514,0.03954913443638054,0.0,45.55,1,0.0
V0009,2026Q1,5.0,0.8,9.2,20.571825392998065,0.9741234312330185,0.03702744360941396,0.09638846645677301,6273216.7069999995,0.0,3.0,0.033133333333333334,0.0,0.0,0.0,0.0,0.0,45.5,73.1,11.15,Batteries,Taiwan,APAC,Tier 2,920500.0,False,"IATF16949, ISO14001",0.5666666666666667,0.03401666666666667,0.05483560897190099,0.0,45.4,0,1.0
V0009,2026Q2,6.0,0.6666666666666666,3.1666666666666665,6.400520812142295,1.0,-0.019230959469839732,0.11791442413307512,2248673.203,0.0,4.0,0.030725000000000002,0.0,0.0,0.0,0.0,0.0,45.8,62.2,15.17,Batteries,Taiwan,APAC,Tier 2,920500.0,False,"IATF16949, ISO14001",0.7333333333333334,0.03192916666666667,0.008898242069787113,0.0,45.65,1,
V0010,2022Q1,1.0,1.0,0.0,0.0,1.0,-0.04538444591319664,0.0,14437.556,0.0,1.0,0.0807,1.0,14.0,0.0,0.0,0.0,34.0,83.1,20.99,Connectors,South Korea,APAC,Tier 2,625500.0,True,"IATF16949, ISO9001, RoHS",1.0,0.0807,-0.04538444591319664,0.0,34.0,1,1.0
V0010,2022Q2,3.0,0.6666666666666666,3.3333333333333335,4.932882862316247,1.0,0.2518846734354801,0.12573051768562035,260778.928,0.0,2.0,0.09535,1.0,15.5,0.0,0.0,0.0,33.1,92.9,29.55,Connectors,South Korea,APAC,Tier 2,625500.0,True,"IATF16949, ISO9001, RoHS",0.8333333333333333,0.08802499999999999,0.10325011376114174,0.0,33.55,1,1.0
V0010,2022Q3,3.0,0.6666666666666666,12.333333333333334,21.361959960016154,0.9695356403430937,-0.11460098762034238,0.21056438415294837,70383.994,0.0,2.0,0.09584999999999999,1.0,38.0,0.0,0.0,0.0,32.9,84.6,20.98,Connectors,South Korea,APAC,Tier 2,625500.0,True,"IATF16949, ISO9001, RoHS",0.6666666666666666,0.09559999999999999,0.06864184290756886,0.0,33.0,1,1.0
V0010,2022Q4,5.0,0.8,1.8,3.03315017762062,1.0,0.01662992462489199,0.27545914882290645,189292.99200000003,0.0,4.0,0.05855,0.75,12.0,0.0,0.0,0.0,32.9,83.2,21.47,Connectors,South Korea,APAC,Tier 2,625500.0,True,"IATF16949, ISO9001, RoHS",0.7333333333333334,0.07719999999999999,-0.04898553149772519,0.0,32.9,1,1.0
V0010,2023Q1,3.0,0.6666666666666666,6.333333333333333,10.96965511460289,0.9383175765599896,-0.06732829478882489,0.21358934622121686,528016.458,0.0,3.0,0.06386666666666667,1.0,20.666666666666668,0.0,0.0,0.0,32.9,80.6,20.86,Connectors,South Korea,APAC,Tier 2,625500.0,True,"IATF16949, ISO9001, RoHS",0.7333333333333334,0.06120833333333334,-0.02534918508196645,0.0,32.9,1,1.0
V0010,2023Q2,4.0,0.75,4.5,9.0,0.9396331058020477,0.17794111605717833,0.1690363513896748,551018.148,0.0,2.0,0.0543,0.5,15.0,0.0,0.0,0.0,33.0,84.4,22.31,Connectors,South Korea,APAC,Tier 2,625500.0,True,"IATF16949, ISO9001, RoHS",0.7083333333333333,0.05908333333333334,0.05530641063417672,0.0,32.95,1,1.0
V0010,2023Q3,9.0,0.8888888888888888,2.2222222222222223,6.300352723811933,0.9491645176925905,0.010946740762937397,0.13949295871802234,351666.218,0.1111111111111111,6.0,0.04405,0.5,12.333333333333334,0.0,0.0,0.0,33.0,89.0,15.55,Connectors,South Korea,APAC,Tier 2,625500.0,True,"IATF16949, ISO9001, RoHS",0.8194444444444444,0.049174999999999996,0.09444392841005786,0.0,33.0,1,1.0
V0010,2023Q4,3.0,0.3333333333333333,7.0,8.18535277187245,0.9414037347070187,0.14261131428762605,0.2107983955034255,130113.71599999999,0.0,2.0,0.0458,0.5,13.0,0.0,0.0,0.0,33.0,85.3,19.69,Connectors,South Korea,APAC,Tier 2,625500.0,True,"IATF16949, ISO9001, RoHS",0.611111111111111,0.044925,0.07677902752528172,0.0,33.0,1,1.0
V0010,2024Q1,3.0,0.6666666666666666,6.666666666666667,9.865765724632494,0.9095439852773465,0.2895549627186785,0.36172723636783954,134381.236,0.0,2.0,0.12285000000000001,1.0,17.5,0.0,0.0,0.0,32.5,83.3,28.8,Connectors,South Korea,APAC,Tier 2,625500.0,True,"IATF16949, ISO9001, RoHS",0.5,0.08432500000000001,0.21608313850315225,0.0,32.75,1,1.0
V0010,2024Q2,4.0,0.0,13.75,11.4418821295566,1.0,-0.009171765933003187,0.3589059373608683,80297.239,0.0,1.0,0.0763,1.0,2.0,0.0,0.0,0.0,32.1,93.7,32.0,Connectors,South Korea,APAC,Tier 2,625500.0,True,"IATF16949, ISO9001, RoHS",0.33333333333333337,0.09957500000000001,0.14019159839283765,0.0,32.3,1,1.0
V0010,2024Q3,4.0,0.5,4.75,5.852349955359813,1.0,-0.13951668755801064,0.08935552703528264,54017.405,0.0,3.0,0.0446,0.3333333333333333,15.0,0.0,0.0,0.0,32.0,86.9,18.82,Connectors,South Korea,APAC,Tier 2,625500.0,True,"IATF16949, ISO9001, RoHS",0.25,0.060450000000000004,-0.07434422674550689,0.0,32.05,1,1.0
V0010,2024Q4,3.0,0.3333333333333333,12.666666666666666,16.258331197676267,0.9696028326151586,0.13905313603412608,0.14392734596985524,190176.98,0.0,2.0,0.06415,1.0,8.0,0.0,0.0,0.0,32.4,91.0,21.33,Connectors,South Korea,APAC,Tier 2,625500.0,True,"IATF16949, ISO9001, RoHS",0.41666666666666663,0.054375,-0.0002317757619422628,0.0,32.2,1,0.0
V0010,2025Q1,2.0,1.0,0.0,0.0,1.0,0.17496175055479857,0.2535863155223158,19939.533,0.0,1.0,0.0,0.0,0.0,1.0,1.0,2.0,32.7,71.7,19.0,Connectors,South Korea,APAC,Tier 2,625500.0,True,"IATF16949, ISO9001, RoHS",0.6666666666666666,0.032075,0.15700744329446237,0.5,32.55,0,1.0
V0010,2025Q2,5.0,0.4,12.0,12.469963913339926,0.948442590903167,0.049472946612185674,0.15536942945279056,495881.96400000004,0.0,4.0,0.076675,0.5,30.0,0.0,0.0,0.0,32.8,100.3,27.76,Connectors,South Korea,APAC,Tier 2,625500.0,True,"IATF16949, ISO9001, RoHS",0.7,0.0383375,0.11221734858349215,0.5,32.75,1,1.0
V0010,2025Q3,7.0,0.14285714285714285,18.142857142857142,9.317162862670363,1.0,0.045012553548239964,0.22739845278568796,1884619.8879999998,0.0,4.0,0.094375,1.0,22.0,0.0,0.0,0.0,32.9,90.1,25.1,Connectors,South Korea,APAC,Tier 2,625500.0,True,"IATF16949, ISO9001, RoHS",0.27142857142857146,0.08552499999999999,0.04724275008021285,0.0,32.849999999999994,1,1.0
V0010,2025Q4,4.0,0.75,4.25,7.182153808805081,0.9880952380952381,0.23985974851255176,0.18855553974161207,286465.87700000004,0.0,1.0,0.0505,1.0,26.0,1.0,4.0,52.0,33.2,92.7,25.6,Connectors,South Korea,APAC,Tier 2,625500.0,True,"IATF16949, ISO9001, RoHS",0.44642857142857145,0.0724375,0.1424361510303959,2.0,33.05,1,1.0
V0010,2026Q1,1.0,1.0,1.0,0.0,1.0,-0.16151829476803828,0.0,196706.796,0.0,1.0,0.0905,1.0,36.0,0.0,0.0,0.0,33.4,86.6,20.84,Connectors,South Korea,APAC,Tier 2,625500.0,True,"IATF16949, ISO9001, RoHS",0.875,0.07050000000000001,0.03917072687225677,2.0,33.3,1,1.0
V0010,2026Q2,4.0,1.0,0.25,0.5,0.9558823529411764,-0.2667161167430923,0.1714215357170208,56034.137,0.0,3.0,0.050166666666666665,0.6666666666666666,10.5,0.0,0.0,0.0,33.7,77.8,17.62,Connectors,South Korea,APAC,Tier 2,625500.0,True,"IATF16949, ISO9001, RoHS",1.0,0.07033333333333333,-0.21411720575556525,0.0,33.55,1,
V0011,2022Q1,0.0,,0.0,0.0,,0.0,0.0,0.0,0.0,0.0,0.0,0.0,0.0,0.0,0.0,0.0,48.4,65.5,11.56,Enclosures / Metal,Poland,EMEA,Tier 2,1704700.0,False,"IATF16949, ISO14001, ISO9001",,0.0,0.0,0.0,48.4,0,1.0
V0011,2022Q2,7.0,1.0,0.0,0.0,0.9733364845411769,-0.07991532722436386,0.12834299315689945,1116320.645,0.14285714285714285,5.0,0.03054,0.2,7.0,0.0,0.0,0.0,48.4,70.1,12.29,Enclosures / Metal,Poland,EMEA,Tier 2,1704700.0,False,"IATF16949, ISO14001, ISO9001",1.0,0.01527,-0.03995766361218193,0.0,48.4,1,1.0
V0011,2022Q3,9.0,0.8888888888888888,0.8888888888888888,1.6158932858054431,0.9683173535420112,0.0489168325707006,0.11341145415400328,1842425.48,0.1111111111111111,6.0,0.049266666666666674,0.3333333333333333,11.0,0.0,0.0,0.0,48.2,80.1,13.41,Enclosures / Metal,Poland,EMEA,Tier 2,1704700.0,False,"IATF16949, ISO14001, ISO9001",0.9444444444444444,0.03990333333333334,-0.015499247326831628,0.0,48.3,1,1.0
V0011,2022Q4,6.0,0.6666666666666666,4.666666666666667,6.742897497861485,1.0,-0.0708980403105406,0.14585797963548275,562263.63,0.0,1.0,0.0332,0.0,0.0,0.0,0.0,0.0,48.2,84.7,10.76,Enclosures / Metal,Poland,EMEA,Tier 2,1704700.0,False,"IATF16949, ISO14001, ISO9001",0.7777777777777777,0.04123333333333334,-0.010990603869920002,0.0,48.2,1,0.0
V0011,2023Q1,4.0,0.75,5.5,9.03696114115064,1.0,-0.0748100755611069,0.09290338518295652,2402599.35,0.0,2.0,0.0395,0.0,0.0,0.0,0.0,0.0,48.3,71.1,12.76,Enclosures / Metal,Poland,EMEA,Tier 2,1704700.0,False,"IATF16949, ISO14001, ISO9001",0.7083333333333333,0.03634999999999999,-0.07285405793582375,0.0,48.25,0,0.0
V0011,2023Q2,2.0,1.0,0.0,0.0,1.0,0.04397583084582544,0.10132885933921337,400145.605,0.0,1.0,0.0,0.0,0.0,0.0,0.0,0.0,48.4,86.6,12.78,Enclosures / Metal,Poland,EMEA,Tier 2,1704700.0,False,"IATF16949, ISO14001, ISO9001",0.875,0.019749999999999997,-0.015417122357640731,0.0,48.349999999999994,0,0.0
V0011,2023Q3,4.0,1.0,0.0,0.0,0.9323477896660701,0.09543671788771381,0.059821068896249274,1062943.3750000002,0.0,3.0,0.0171,0.0,0.0,0.0,0.0,0.0,48.5,64.8,11.16,Enclosures / Metal,Poland,EMEA,Tier 2,1704700.0,False,"IATF16949, ISO14001, ISO9001",1.0,0.008549999999999997,0.06970627436676963,0.0,48.45,0,1.0
V0011,2023Q4,7.0,0.2857142857142857,5.428571428571429,5.883795341363227,0.9901398761751892,0.028903156919190744,0.16071562992058133,3875463.379,0.0,6.0,0.038533333333333336,0.3333333333333333,12.0,0.0,0.0,0.0,48.6,68.3,13.32,Enclosures / Metal,Poland,EMEA,Tier 2,1704700.0,False,"IATF16949, ISO14001, ISO9001",0.6428571428571428,0.027816666666666663,0.06216993740345228,0.0,48.55,1,1.0
V0011,2024Q1,5.0,0.6,8.8,12.02913130695646,1.0,0.08624418351992057,0.19191817777634865,1319764.3260000001,0.0,4.0,0.032549999999999996,0.25,2.0,0.0,0.0,0.0,48.1,73.6,14.66,Enclosures / Metal,Poland,EMEA,Tier 2,1704700.0,False,"IATF16949, ISO14001, ISO9001",0.44285714285714284,0.03554166666666666,0.057573670219555645,0.0,48.35,1,1.0
V0011,2024Q2,6.0,0.8333333333333334,5.0,11.764352935882194,0.8891463070934834,-0.08164612626062678,0.1768474741729683,829599.264,0.0,2.0,0.05265,0.5,58.0,0.0,0.0,0.0,48.1,75.6,17.55,Enclosures / Metal,Poland,EMEA,Tier 2,1704700.0,False,"IATF16949, ISO14001, ISO9001",0.7166666666666667,0.04259999999999999,0.002299028629646885,0.0,48.1,1,1.0
V0011,2024Q3,5.0,1.0,0.6,0.8944271909999159,0.9838585703305149,0.01698429224585534,0.07238842822108167,484136.72399999993,0.4,4.0,0.03585,0.5,21.0,0.0,0.0,0.0,48.3,66.4,15.31,Enclosures / Metal,Poland,EMEA,Tier 2,1704700.0,False,"IATF16949, ISO14001, ISO9001",0.9166666666666667,0.04425,-0.03233091700738573,0.0,48.2,1,1.0
V0011,2024Q4,7.0,1.0,0.14285714285714285,0.37796447300922725,0.9734378567623106,0.01808699886830964,0.06273612151897412,1483699.963,0.0,4.0,0.048049999999999995,0.5,17.5,0.0,0.0,0.0,48.4,77.2,13.85,Enclosures / Metal,Poland,EMEA,Tier 2,1704700.0,False,"IATF16949, ISO14001, ISO9001",1.0,0.04194999999999999,0.017535645557082476,0.0,48.349999999999994,1,1.0
V0011,2025Q1,5.0,0.8,1.4,2.6076809620810595,0.9813671444321941,0.04559686073541479,0.1277007546167483,774781.5850000002,0.0,4.0,0.037149999999999996,0.5,26.0,0.0,0.0,0.0,48.6,67.2,9.88,Enclosures / Metal,Poland,EMEA,Tier 2,1704700.0,False,"IATF16949, ISO14001, ISO9001",0.9,0.042599999999999985,0.0318419298018622,0.0,48.5,1,1.0
V0011,2025Q2,5.0,0.8,7.4,15.993748778819805,1.0,0.00808882373768045,0.2388167600485903,471935.115,0.0,3.0,0.0494,0.6666666666666666,23.0,0.0,0.0,0.0,48.6,65.2,13.03,Enclosures / Metal,Poland,EMEA,Tier 2,1704700.0,False,"IATF16949, ISO14001, ISO9001",0.8,0.043274999999999994,0.026842842236547607,0.0,48.6,1,1.0
V0011,2025Q3,8.0,0.5,9.0,11.795883059053152,0.9931198622347857,-0.061137166459599976,0.16703824421603347,3064725.5,0.125,7.0,0.03407142857142857,0.2857142857142857,12.0,0.0,0.0,0.0,48.2,72.9,13.14,Enclosures / Metal,Poland,EMEA,Tier 2,1704700.0,False,"IATF16949, ISO14001, ISO9001",0.6500000000000001,0.04173571428571428,-0.026524171360959775,0.0,48.400000000000006,1,1.0
V0011,2025Q4,7.0,0.7142857142857143,5.0,8.54400374531753,1.0,0.0679392926087917,0.1429696766061952,875546.515,0.0,3.0,0.03756666666666667,0.6666666666666666,22.0,0.0,0.0,0.0,47.9,73.8,14.86,Enclosures / Metal,Poland,EMEA,Tier 2,1704700.0,False,"IATF16949, ISO14001, ISO9001",0.6071428571428572,0.03581904761904761,0.003401063074595846,0.0,48.05,1,0.0
V0011,2026Q1,5.0,0.8,3.0,5.0990195135927845,1.0,-0.04872470145817999,0.15053797173164238,9251336.827,0.0,1.0,0.0667,0.0,0.0,0.0,0.0,0.0,48.0,56.0,13.76,Enclosures / Metal,Poland,EMEA,Tier 2,1704700.0,False,"IATF16949, ISO14001, ISO9001",0.7571428571428572,0.05213333333333333,0.00960729557530584,0.0,47.95,0,0.0
V0011,2026Q2,3.0,1.0,0.6666666666666666,1.1547005383792517,0.9341918626353117,-0.03837885687858855,0.10204583604275126,339986.379,0.0,3.0,0.03606666666666667,0.0,0.0,0.0,0.0,0.0,48.5,68.9,12.16,Enclosures / Metal,Poland,EMEA,Tier 2,1704700.0,False,"IATF16949, ISO14001, ISO9001",0.9000000000000001,0.05138333333333332,-0.043551779168384284,0.0,48.25,0,
V0012,2022Q1,4.0,1.0,0.0,0.0,1.0,-0.0038716870244519842,0.022324196597318702,12568664.752999999,0.0,3.0,0.004366666666666667,0.0,0.0,0.0,0.0,0.0,81.9,48.1,3.67,Displays,Taiwan,APAC,Tier 2,1781000.0,True,"IATF16949, ISO9001, RoHS",1.0,0.004366666666666667,-0.0038716870244519842,0.0,81.9,0,1.0
V0012,2022Q2,10.0,0.7,5.1,10.608696642116053,1.0,0.003752256353393547,0.028157721549831403,19374188.816,0.0,7.0,0.005028571428571429,0.0,0.0,0.0,0.0,0.0,81.1,51.1,1.43,Displays,Taiwan,APAC,Tier 2,1781000.0,True,"IATF16949, ISO9001, RoHS",0.85,0.004697619047619048,-5.9715335529218674e-05,0.0,81.5,1,1.0
V0012,2022Q3,7.0,0.7142857142857143,9.142857142857142,22.033524240942267,0.969581039470001,0.017794988111206562,0.03846183154938704,9490879.285999998,0.0,1.0,0.0073,0.0,0.0,0.0,0.0,0.0,81.6,45.0,1.4,Displays,Taiwan,APAC,Tier 2,1781000.0,True,"IATF16949, ISO9001, RoHS",0.7071428571428571,0.006164285714285714,0.010773622232300054,0.0,81.35,1,0.0
V0012,2022Q4,5.0,1.0,0.2,0.4472135954999579,1.0,-0.004881834160509495,0.014864484810026937,18412833.602,0.0,4.0,0.0018750000000000001,0.0,0.0,0.0,0.0,0.0,81.8,42.7,0.72,Displays,Taiwan,APAC,Tier 2,1781000.0,True,"IATF16949, ISO9001, RoHS",0.8571428571428571,0.0045875,0.006456576975348533,0.0,81.69999999999999,0,0.0
V0012,2023Q1,7.0,0.8571428571428571,2.5714285714285716,5.968169536721257,1.0,-0.0024382933718748814,0.015168075050282817,3203255.462,0.14285714285714285,4.0,0.0029,0.0,0.0,0.0,0.0,0.0,81.4,52.6,2.8,Displays,Taiwan,APAC,Tier 2,1781000.0,True,"IATF16949, ISO9001, RoHS",0.9285714285714285,0.0023875,-0.0036600637661921885,0.0,81.6,0,0.0
V0012,2023Q2,3.0,1.0,0.3333333333333333,0.5773502691896258,1.0,-0.0005727289088157794,0.005818895084637928,1230870.4449999998,0.0,1.0,0.0,0.0,0.0,0.0,0.0,0.0,81.3,58.7,3.17,Displays,Taiwan,APAC,Tier 2,1781000.0,True,"IATF16949, ISO9001, RoHS",0.9285714285714285,0.00145,-0.0015055111403453304,0.0,81.35,0,0.0
V0012,2023Q3,6.0,0.8333333333333334,3.1666666666666665,6.337717780610515,1.0,-0.002189282629543873,0.022569621681682472,12571722.007000001,0.0,3.0,0.0041333333333333335,0.0,0.0,0.0,0.0,0.0,81.2,56.5,1.68,Displays,Taiwan,APAC,Tier 2,1781000.0,True,"IATF16949, ISO9001, RoHS",0.9166666666666666,0.0020666666666666667,-0.0013810057691798262,0.0,81.25,0,0.0
V0012,2023Q4,8.0,1.0,0.125,0.3535533905932738,1.0,0.0016799079784561083,0.020606403250609032,3308003.4179999996,0.0,5.0,0.00448,0.0,0.0,0.0,0.0,0.0,81.1,44.7,2.86,Displays,Taiwan,APAC,Tier 2,1781000.0,True,"IATF16949, ISO9001, RoHS",0.9166666666666666,0.004306666666666667,-0.0002546873255438824,0.0,81.15,0,1.0
V0012,2024Q1,8.0,0.5,5.25,6.881652625434015,1.0,-0.0042158601376642985,0.022064395118435755,9141820.764,0.0,3.0,0.003133333333333333,0.0,0.0,0.0,0.0,0.0,80.7,63.3,2.51,Displays,Taiwan,APAC,Tier 2,1781000.0,True,"IATF16949, ISO9001, RoHS",0.75,0.0038066666666666665,-0.001267976079604095,0.0,80.9,1,1.0
V0012,2024Q2,5.0,0.6,6.4,9.289779329994873,1.0,0.02735117484620808,0.03274776645876664,3988540.077,0.0,3.0,0.004633333333333333,0.0,0.0,0.0,0.0,0.0,79.8,54.9,4.44,Displays,Taiwan,APAC,Tier 2,1781000.0,True,"IATF16949, ISO9001, RoHS",0.5499999999999999,0.0038833333333333333,0.011567657354271892,0.0,80.25,1,1.0
V0012,2024Q3,5.0,0.6,11.8,14.872793954062567,1.0,0.0052261793590700645,0.017067010708023356,3680647.9400000004,0.0,3.0,0.003833333333333333,0.0,0.0,0.0,0.0,0.0,79.1,44.9,3.51,Displays,Taiwan,APAC,Tier 2,1781000.0,True,"IATF16949, ISO9001, RoHS",0.6,0.004233333333333333,0.016288677102639072,0.0,79.44999999999999,1,0.0
V0012,2024Q4,10.0,0.8,1.2,1.6193277068654823,1.0,0.002258396378441778,0.02320708062614016,6848145.888,0.0,7.0,0.0021714285714285715,0.0,0.0,0.0,0.0,0.0,79.5,46.7,1.82,Displays,Taiwan,APAC,Tier 2,1781000.0,True,"IATF16949, ISO9001, RoHS",0.7,0.0030023809523809526,0.0037422878687559213,0.0,79.3,0,0.0
V0012,2025Q1,8.0,0.875,1.0,1.1952286093343936,1.0,-0.0021135197591285607,0.020258139853752827,5344420.938,0.0,3.0,0.0030666666666666668,0.0,0.0,0.0,0.0,0.0,79.5,26.4,2.09,Displays,Taiwan,APAC,Tier 2,1781000.0,True,"IATF16949, ISO9001, RoHS",0.8374999999999999,0.002619047619047619,7.24383096566087e-05,0.0,79.5,0,0.0
V0012,2025Q2,5.0,0.8,4.2,9.391485505499118,1.0,0.02321769350386905,0.030473916244229144,2761241.255,0.2,1.0,0.0034,0.0,0.0,0.0,0.0,0.0,79.0,42.2,3.3,Displays,Taiwan,APAC,Tier 2,1781000.0,True,"IATF16949, ISO9001, RoHS",0.8374999999999999,0.0032333333333333333,0.010552086872370246,0.0,79.25,0,1.0
V0012,2025Q3,6.0,0.16666666666666666,11.666666666666666,9.266426855410161,1.0,0.018678684552530692,0.03357242917568865,8181398.034,0.0,5.0,0.0013999999999999998,0.0,0.0,0.0,0.0,0.0,79.1,52.8,1.37,Displays,Taiwan,APAC,Tier 2,1781000.0,True,"IATF16949, ISO9001, RoHS",0.4833333333333333,0.0024,0.020948189028199872,0.0,79.05,1,1.0
V0012,2025Q4,4.0,0.5,7.25,8.80814017448254,1.0,-0.00905252481186415,0.031344826469429585,1138233.1149999998,0.0,3.0,0.0027333333333333337,0.0,0.0,0.0,0.0,0.0,79.1,50.2,2.78,Displays,Taiwan,APAC,Tier 2,1781000.0,True,"IATF16949, ISO9001, RoHS",0.33333333333333326,0.0020666666666666667,0.004813079870333271,0.0,79.1,1,0.0
V0012,2026Q1,4.0,0.75,1.75,1.707825127659933,1.0,-0.013124162911730762,0.01221857365464967,880748.646,0.0,3.0,0.0013333333333333333,0.0,0.0,0.0,0.0,0.0,79.4,38.9,0.82,Displays,Taiwan,APAC,Tier 2,1781000.0,True,"IATF16949, ISO9001, RoHS",0.625,0.0020333333333333336,-0.011088343861797457,0.0,79.25,0,0.0
V0012,2026Q2,8.0,1.0,0.375,0.7440238091428449,1.0,0.007871436474230163,0.011387117858996413,13762276.208999999,0.0,3.0,0.0030666666666666668,0.0,0.0,0.0,0.0,0.0,79.8,48.9,2.47,Displays,Taiwan,APAC,Tier 2,1781000.0,True,"IATF16949, ISO9001, RoHS",0.875,0.0021999999999999997,-0.0026263632187502996,0.0,79.6,0,
V0013,2022Q1,4.0,1.0,0.25,0.5,1.0,0.0020258260579931447,0.004145871295500912,946281.706,0.0,4.0,0.0024000000000000002,0.0,0.0,0.0,0.0,0.0,82.1,57.2,4.76,PCB / PCBA,South Korea,APAC,Tier 2,1420100.0,False,"IATF16949, ISO14001, ISO9001, RoHS",1.0,0.0024000000000000002,0.0020258260579931447,0.0,82.1,0,1.0
V0013,2022Q2,9.0,0.5555555555555556,7.444444444444445,10.345423035225663,1.0,-0.018413014976814135,0.02906645011582581,2083568.4739999997,0.0,6.0,0.0030666666666666668,0.0,0.0,0.0,0.0,0.0,81.5,65.6,4.92,PCB / PCBA,South Korea,APAC,Tier 2,1420100.0,False,"IATF16949, ISO14001, ISO9001, RoHS",0.7777777777777778,0.0027333333333333333,-0.008193594459410494,0.0,81.8,1,1.0
V0013,2022Q3,10.0,0.7,1.5,1.4337208778404378,1.0,0.0001762185883831092,0.02930103707449272,2868741.8539999994,0.0,9.0,0.0023222222222222225,0.0,0.0,0.0,0.0,0.0,82.0,49.1,0.61,PCB / PCBA,South Korea,APAC,Tier 2,1420100.0,False,"IATF16949, ISO14001, ISO9001, RoHS",0.6277777777777778,0.0026944444444444446,-0.009118398194215513,0.0,81.75,1,0.0
V0013,2022Q4,13.0,0.8461538461538461,2.0,4.262237284181474,1.0,-0.004692350910347764,0.015660078526401063,8224671.403999999,0.0,9.0,0.0032777777777777775,0.0,0.0,0.0,0.0,0.0,82.2,42.5,3.65,PCB / PCBA,South Korea,APAC,Tier 2,1420100.0,False,"IATF16949, ISO14001, ISO9001, RoHS",0.773076923076923,0.0028,-0.0022580661609823273,0.0,82.1,0,0.0
V0013,2023Q1,7.0,1.0,0.2857142857142857,0.48795003647426666,1.0,-0.006105808583313507,0.019317094197271043,4530499.1110000005,0.0,5.0,0.00368,0.0,0.0,0.0,0.0,0.0,81.7,47.3,2.78,PCB / PCBA,South Korea,APAC,Tier 2,1420100.0,False,"IATF16949, ISO14001, ISO9001, RoHS",0.923076923076923,0.003478888888888889,-0.005399079746830635,0.0,81.95,0,0.0
V0013,2023Q2,4.0,1.0,0.5,1.0,1.0,0.005330588014443552,0.01522765972287394,880478.602,0.25,1.0,0.0057,0.0,0.0,0.0,0.0,0.0,82.1,50.8,1.19,PCB / PCBA,South Korea,APAC,Tier 2,1420100.0,False,"IATF16949, ISO14001, ISO9001, RoHS",1.0,0.004690000000000001,-0.00038761028443497735,0.0,81.9,0,0.0
V0013,2023Q3,4.0,1.0,0.25,0.5,1.0,-0.0034089765640798,0.011991504481255869,1059351.171,0.0,2.0,0.00405,0.0,0.0,0.0,0.0,0.0,81.9,41.1,1.49,PCB / PCBA,South Korea,APAC,Tier 2,1420100.0,False,"IATF16949, ISO14001, ISO9001, RoHS",1.0,0.004875000000000001,0.000960805725181876,0.0,82.0,0,0.0
V0013,2023Q4,4.0,1.0,0.25,0.5,1.0,0.00023175224804671685,0.023064792515642682,1316351.1320000002,0.0,3.0,0.0019,0.0,0.0,0.0,0.0,0.0,81.9,50.8,0.0,PCB / PCBA,South Korea,APAC,Tier 2,1420100.0,False,"IATF16949, ISO14001, ISO9001, RoHS",1.0,0.002975,-0.0015886121580165416,0.0,81.9,0,1.0
V0013,2024Q1,6.0,0.5,11.0,22.090722034374526,1.0,0.005733608172782167,0.027105751650788067,4903401.781,0.0,4.0,0.00395,0.0,0.0,0.0,0.0,0.0,81.0,44.1,2.75,PCB / PCBA,South Korea,APAC,Tier 2,1420100.0,False,"IATF16949, ISO14001, ISO9001, RoHS",0.75,0.0029250000000000005,0.002982680210414442,0.0,81.45,1,1.0
V0013,2024Q2,5.0,0.6,5.0,6.4031242374328485,1.0,-0.022966352965919,0.01589688064088866,1342290.529,0.0,3.0,0.0034666666666666665,0.0,0.0,0.0,0.0,0.0,80.9,54.6,1.07,PCB / PCBA,South Korea,APAC,Tier 2,1420100.0,False,"IATF16949, ISO14001, ISO9001, RoHS",0.55,0.003708333333333334,-0.008616372396568416,0.0,80.95,1,0.0
V0013,2024Q3,4.0,1.0,0.5,0.5773502691896257,1.0,0.003914132247144563,0.031193136529601772,553756.008,0.0,4.0,0.002425,0.0,0.0,0.0,0.0,0.0,81.3,51.8,3.52,PCB / PCBA,South Korea,APAC,Tier 2,1420100.0,False,"IATF16949, ISO14001, ISO9001, RoHS",0.8,0.0029458333333333337,-0.009526110359387219,0.0,81.1,0,0.0
V0013,2024Q4,5.0,1.0,0.6,0.8944271909999159,1.0,-0.0019369745976095195,0.024739665667154336,2229723.293,0.0,5.0,0.00278,0.0,0.0,0.0,0.0,0.0,81.2,44.9,4.02,PCB / PCBA,South Korea,APAC,Tier 2,1420100.0,False,"IATF16949, ISO14001, ISO9001, RoHS",1.0,0.0026025000000000006,0.000988578824767522,0.0,81.25,0,0.0
V0013,2025Q1,6.0,0.8333333333333334,1.1666666666666667,1.3291601358251257,1.0,0.00554786104508244,0.0174846512757811,2111554.609,0.0,5.0,0.00358,0.0,0.0,0.0,0.0,0.0,81.3,45.8,2.77,PCB / PCBA,South Korea,APAC,Tier 2,1420100.0,False,"IATF16949, ISO14001, ISO9001, RoHS",0.9166666666666666,0.0031800000000000005,0.0018054432237364602,0.0,81.25,0,1.0
V0013,2025Q2,8.0,0.125,14.25,9.269766525030253,0.9729039533032635,-0.005587826810411478,0.030584967909393256,3361620.6720000003,0.0,7.0,0.0036857142857142857,0.0,0.0,0.0,0.0,0.0,81.1,46.6,3.44,PCB / PCBA,South Korea,APAC,Tier 2,1420100.0,False,"IATF16949, ISO14001, ISO9001, RoHS",0.4791666666666667,0.0036328571428571434,-1.9982882664519152e-05,0.0,81.19999999999999,1,0.0
V0013,2025Q3,7.0,0.8571428571428571,1.5714285714285714,2.9358214555806383,1.0,-0.007109462472476638,0.025179729918498945,13938204.73,0.0,5.0,0.00298,0.0,0.0,0.0,0.0,0.0,81.1,42.0,2.54,PCB / PCBA,South Korea,APAC,Tier 2,1420100.0,False,"IATF16949, ISO14001, ISO9001, RoHS",0.49107142857142855,0.0033328571428571435,-0.006348644641444058,0.0,81.1,0,0.0
V0013,2025Q4,8.0,0.875,0.75,1.3887301496588271,1.0,-0.004548288503113636,0.024204208039534204,2327597.05,0.0,6.0,0.0027166666666666663,0.0,0.0,0.0,0.0,0.0,80.7,49.3,5.23,PCB / PCBA,South Korea,APAC,Tier 2,1420100.0,False,"IATF16949, ISO14001, ISO9001, RoHS",0.8660714285714286,0.002848333333333334,-0.005828875487795137,0.0,80.9,0,0.0
V0013,2026Q1,5.0,1.0,0.6,0.8944271909999159,1.0,0.0023114557422063515,0.027971222612423526,5524687.6729999995,0.0,4.0,0.0029,0.0,0.0,0.0,0.0,0.0,81.0,44.0,6.14,PCB / PCBA,South Korea,APAC,Tier 2,1420100.0,False,"IATF16949, ISO14001, ISO9001, RoHS",0.9375,0.0028083333333333337,-0.0011184163804536422,0.0,80.85,0,0.0
V0013,2026Q2,6.0,1.0,0.3333333333333333,0.816496580927726,1.0,-0.0010999565802664519,0.02303545194496706,1969392.3790000002,0.3333333333333333,5.0,0.00264,0.0,0.0,0.0,0.0,0.0,80.6,41.7,2.31,PCB / PCBA,South Korea,APAC,Tier 2,1420100.0,False,"IATF16949, ISO14001, ISO9001, RoHS",1.0,0.0027700000000000003,0.0006057495809699498,0.0,80.8,0,
V0014,2022Q1,0.0,,0.0,0.0,,0.0,0.0,0.0,0.0,0.0,0.0,0.0,0.0,0.0,0.0,0.0,61.7,49.4,9.03,Batteries,Germany,EMEA,Tier 3,313000.0,False,"ISO14001, REACH",,0.0,0.0,0.0,61.7,0,0.0
V0014,2022Q2,3.0,1.0,0.6666666666666666,0.5773502691896258,0.9256158813680937,0.039690217168499645,0.0425682914566412,2514912.139,0.0,2.0,0.019250000000000003,0.0,0.0,0.0,0.0,0.0,62.2,54.3,11.55,Batteries,Germany,EMEA,Tier 3,313000.0,False,"ISO14001, REACH",1.0,0.009625000000000002,0.019845108584249822,0.0,61.95,0,0.0
V0014,2022Q3,2.0,1.0,1.0,0.0,1.0,0.08543631877610737,0.004214833931171721,2495515.149,0.0,2.0,0.01695,0.0,0.0,0.0,0.0,0.0,61.5,58.7,4.74,Batteries,Germany,EMEA,Tier 3,313000.0,False,"ISO14001, REACH",1.0,0.0181,0.06256326797230351,0.0,61.85,0,1.0
V0014,2022Q4,2.0,0.5,2.5,0.7071067811865476,1.0,-0.01856401103004574,0.041052022565231196,115377.73000000001,0.0,1.0,0.0272,0.0,0.0,0.0,0.0,0.0,61.5,58.4,6.8,Batteries,Germany,EMEA,Tier 3,313000.0,False,"ISO14001, REACH",0.75,0.022074999999999997,0.03343615387303082,0.0,61.5,1,0.0
V0014,2023Q1,0.0,,0.0,0.0,,0.0,0.0,0.0,0.0,0.0,0.0,0.0,0.0,0.0,0.0,0.0,61.2,58.8,7.01,Batteries,Germany,EMEA,Tier 3,313000.0,False,"ISO14001, REACH",0.5,0.0136,-0.00928200551502287,0.0,61.35,0,1.0
V0014,2023Q2,2.0,0.5,7.5,10.606601717798213,1.0,0.08409046100499216,0.02026523027110634,446176.427,0.0,0.0,0.0,0.0,0.0,0.0,0.0,0.0,61.3,49.2,9.73,Batteries,Germany,EMEA,Tier 3,313000.0,False,"ISO14001, REACH",0.5,0.0,0.04204523050249608,0.0,61.25,1,0.0
V0014,2023Q3,2.0,1.0,1.0,1.4142135623730951,1.0,0.04437828494988972,0.1524186589959251,80898.68100000001,0.0,2.0,0.01485,0.0,0.0,0.0,0.0,0.0,61.2,60.2,8.03,Batteries,Germany,EMEA,Tier 3,313000.0,False,"ISO14001, REACH",0.75,0.007425,0.06423437297744095,0.0,61.25,0,0.0
V0014,2023Q4,1.0,1.0,0.0,0.0,1.0,0.005869435016969393,0.0,235948.272,0.0,0.0,0.0,0.0,0.0,0.0,0.0,0.0,61.4,51.4,3.05,Batteries,Germany,EMEA,Tier 3,313000.0,False,"ISO14001, REACH",1.0,0.007425,0.025123859983429555,0.0,61.3,0,0.0
V0014,2024Q1,3.0,1.0,0.0,0.0,1.0,0.0649545395701409,0.0869301627301638,121898.88,0.0,1.0,0.0184,0.0,0.0,0.0,0.0,0.0,61.6,72.4,13.87,Batteries,Germany,EMEA,Tier 3,313000.0,False,"ISO14001, REACH",1.0,0.0092,0.035411987293555144,0.0,61.5,0,0.0
V0014,2024Q2,1.0,1.0,0.0,0.0,0.7063028344107409,0.06517532842255344,0.0,713119.154,0.0,1.0,0.0254,0.0,0.0,0.0,0.0,0.0,61.2,70.6,8.58,Batteries,Germany,EMEA,Tier 3,313000.0,False,"ISO14001, REACH",1.0,0.0219,0.06506493399634716,0.0,61.400000000000006,0,1.0
V0014,2024Q3,3.0,0.6666666666666666,6.666666666666667,11.547005383792516,1.0,-0.1089534792501358,0.09959789971009868,384786.579,0.0,2.0,0.01125,0.0,0.0,0.0,0.0,0.0,61.4,58.1,7.57,Batteries,Germany,EMEA,Tier 3,313000.0,False,"ISO14001, REACH",0.8333333333333333,0.018325,-0.021889075413791183,0.0,61.3,1,0.0
V0014,2024Q4,2.0,1.0,0.0,0.0,1.0,-0.026323216225820796,0.06067245325499846,102163.393,0.0,1.0,0.0275,0.0,0.0,0.0,0.0,0.0,61.5,64.1,5.11,Batteries,Germany,EMEA,Tier 3,313000.0,False,"ISO14001, REACH",0.8333333333333333,0.019375,-0.0676383477379783,0.0,61.45,0,0.0
V0014,2025Q1,1.0,1.0,1.0,0.0,1.0,-0.03615319865319872,0.0,168551.36,0.0,0.0,0.0,0.0,0.0,0.0,0.0,0.0,61.4,58.2,8.56,Batteries,Germany,EMEA,Tier 3,313000.0,False,"ISO14001, REACH",1.0,0.01375,-0.03123820743950976,0.0,61.45,0,1.0
V0014,2025Q2,1.0,0.0,4.0,0.0,1.0,-0.03807961938402205,0.0,212489.856,0.0,0.0,0.0,0.0,0.0,0.0,0.0,0.0,61.4,70.3,12.55,Batteries,Germany,EMEA,Tier 3,313000.0,False,"ISO14001, REACH",0.5,0.0,-0.03711640901861039,0.0,61.4,1,0.0
V0014,2025Q3,1.0,1.0,0.0,0.0,1.0,-0.06956406519146674,0.0,42778.024000000005,0.0,1.0,0.0088,0.0,0.0,0.0,0.0,0.0,61.4,64.0,6.81,Batteries,Germany,EMEA,Tier 3,313000.0,False,"ISO14001, REACH",0.5,0.0044,-0.05382184228774439,0.0,61.4,0,1.0
V0014,2025Q4,4.0,0.25,10.75,10.688779163215974,1.0,0.03777636429117656,0.054571833548808096,539037.343,0.0,3.0,0.0171,0.0,0.0,0.0,0.0,0.0,60.8,53.8,7.04,Batteries,Germany,EMEA,Tier 3,313000.0,False,"ISO14001, REACH",0.625,0.01295,-0.01589385045014509,0.0,61.099999999999994,1,1.0
V0014,2026Q1,2.0,1.0,0.5,0.7071067811865476,1.0,-0.10629957763930578,0.014616769039411535,351449.76300000004,0.0,2.0,0.025750000000000002,0.5,6.0,0.0,0.0,0.0,61.1,49.6,9.74,Batteries,Germany,EMEA,Tier 3,313000.0,False,"ISO14001, REACH",0.625,0.021425,-0.03426160667406461,0.0,60.95,1,0.0
V0014,2026Q2,2.0,1.0,0.5,0.7071067811865476,0.8582275523713107,0.10199135037319336,0.029321161209568413,669202.412,0.0,1.0,0.0098,0.0,0.0,0.0,0.0,0.0,61.2,51.0,10.13,Batteries,Germany,EMEA,Tier 3,313000.0,False,"ISO14001, REACH",1.0,0.017775000000000003,-0.002154113633056211,0.0,61.150000000000006,0,
V0015,2022Q1,7.0,1.0,0.14285714285714285,0.37796447300922725,1.0,0.06727520234432269,0.2541340054792716,3122933.54,0.0,4.0,0.080725,0.5,11.5,0.0,0.0,0.0,34.4,90.7,20.2,PCB / PCBA,Taiwan,APAC,Tier 1,10273300.0,False,"ISO14001, ISO9001",1.0,0.080725,0.06727520234432269,0.0,34.4,1,1.0
V0015,2022Q2,9.0,0.3333333333333333,10.222222222222221,11.07675243220884,0.9483340759929622,-0.014156819252521121,0.23556863510348372,7418878.887,0.0,6.0,0.06428333333333333,0.3333333333333333,18.0,1.0,4.0,18.0,34.1,83.4,30.68,PCB / PCBA,Taiwan,APAC,Tier 1,10273300.0,False,"ISO14001, ISO9001",0.6666666666666666,0.07250416666666668,0.026559191545900782,2.0,34.25,1,1.0
V0015,2022Q3,13.0,0.5384615384615384,9.384615384615385,14.5861718849193,0.9645656389887477,0.03590856557910537,0.17108826002206426,3969420.0259999996,0.07692307692307693,10.0,0.04667,0.3,23.666666666666668,1.0,8.0,85.0,33.9,74.4,19.71,PCB / PCBA,Taiwan,APAC,Tier 1,10273300.0,False,"ISO14001, ISO9001",0.4358974358974359,0.05547666666666667,0.010875873163292124,6.0,34.0,1,1.0
V0015,2022Q4,10.0,0.7,4.1,6.244108334173014,1.0,0.030163833711808113,0.19981817100055316,4109877.8299999996,0.0,8.0,0.0468625,0.25,13.0,0.0,0.0,0.0,34.0,79.6,19.56,PCB / PCBA,Taiwan,APAC,Tier 1,10273300.0,False,"ISO14001, ISO9001",0.6192307692307693,0.04676625,0.033036199645456746,4.0,33.95,1,1.0
V0015,2023Q1,11.0,0.8181818181818182,2.4545454545454546,3.9080336836735774,1.0,0.055830680359637404,0.25032278430699123,9406151.97,0.09090909090909091,8.0,0.0721125,0.5,23.5,0.0,0.0,0.0,33.8,77.4,21.12,PCB / PCBA,Taiwan,APAC,Tier 1,10273300.0,False,"ISO14001, ISO9001",0.759090909090909,0.0594875,0.042997257035722755,0.0,33.9,1,1.0
V0015,2023Q2,11.0,0.5454545454545454,6.454545454545454,7.737746911907062,0.9353791454665698,-0.03158105775241153,0.20872202904433843,9387254.213,0.09090909090909091,9.0,0.05383333333333333,0.5555555555555556,11.6,0.0,0.0,0.0,34.1,89.9,19.98,PCB / PCBA,Taiwan,APAC,Tier 1,10273300.0,False,"ISO14001, ISO9001",0.6818181818181819,0.06297291666666666,0.012124811303612936,0.0,33.95,1,1.0
V0015,2023Q3,4.0,0.5,1.75,1.5,0.9467352679893397,-0.1725870781989982,0.14434437341633244,520410.75100000005,0.0,3.0,0.059666666666666666,0.6666666666666666,19.0,1.0,2.0,20.0,33.8,82.8,21.63,PCB / PCBA,Taiwan,APAC,Tier 1,10273300.0,False,"ISO14001, ISO9001",0.5227272727272727,0.056749999999999995,-0.10208406797570488,1.0,33.95,1,1.0
V0015,2023Q4,8.0,0.625,2.625,3.9256482631170977,0.9371679132315276,-0.06831906543810512,0.23893259994380364,2150853.949,0.0,8.0,0.0650625,0.5,34.5,0.0,0.0,0.0,33.9,78.1,20.25,PCB / PCBA,Taiwan,APAC,Tier 1,10273300.0,False,"ISO14001, ISO9001",0.5625,0.06236458333333333,-0.12045307181855167,1.0,33.849999999999994,1,1.0
V0015,2024Q1,10.0,0.4,12.1,13.83594352884303,0.9950980392156863,-0.07756205978342402,0.23051144701877518,6014681.433999999,0.0,3.0,0.0778,1.0,25.0,0.0,0.0,0.0,33.5,90.4,30.04,PCB / PCBA,Taiwan,APAC,Tier 1,10273300.0,False,"ISO14001, ISO9001",0.5125,0.07143125,-0.07294056261076456,0.0,33.7,1,1.0
V0015,2024Q2,12.0,0.4166666666666667,12.833333333333334,14.769953119475876,0.9628623096263976,-0.03306804028077379,0.24124520503862135,4182394.7290000007,0.0,8.0,0.0380625,0.375,18.666666666666668,0.0,0.0,0.0,32.9,98.2,30.49,PCB / PCBA,Taiwan,APAC,Tier 1,10273300.0,False,"ISO14001, ISO9001",0.4083333333333333,0.05793125,-0.05531505003209891,0.0,33.2,1,1.0
V0015,2024Q3,12.0,0.4166666666666667,8.0,12.067989212638683,0.9329271658594641,0.0012906884797254288,0.2826514418800105,7150286.611,0.0,7.0,0.07052857142857143,0.7142857142857143,13.4,0.0,0.0,0.0,33.3,76.7,20.14,PCB / PCBA,Taiwan,APAC,Tier 1,10273300.0,False,"ISO14001, ISO9001",0.4166666666666667,0.05429553571428571,-0.01588867590052418,0.0,33.099999999999994,1,1.0
V0015,2024Q4,10.0,0.7,6.8,12.682446311514369,0.9618117178135744,0.041393926271459325,0.22609297473433126,4088261.0859999997,0.0,4.0,0.054625,0.5,43.5,0.0,0.0,0.0,33.9,81.1,22.11,PCB / PCBA,Taiwan,APAC,Tier 1,10273300.0,False,"ISO14001, ISO9001",0.5583333333333333,0.06257678571428571,0.021342307375592378,0.0,33.599999999999994,1,1.0
V0015,2025Q1,9.0,0.6666666666666666,4.333333333333333,7.33143914930759,0.9696756820044491,-0.007031697587813159,0.17611822259579898,2609962.963,0.0,4.0,0.07727500000000001,0.75,18.666666666666668,0.0,0.0,0.0,34.0,91.5,19.01,PCB / PCBA,Taiwan,APAC,Tier 1,10273300.0,False,"ISO14001, ISO9001",0.6833333333333333,0.06595000000000001,0.01718111434182308,0.0,33.95,1,1.0
V0015,2025Q2,6.0,0.5,9.333333333333334,12.372011423639515,0.9854021655065739,0.16945348694027573,0.1952127292543599,4839160.901000001,0.0,5.0,0.06666,0.4,6.5,1.0,2.0,14.0,34.2,92.9,24.09,PCB / PCBA,Taiwan,APAC,Tier 1,10273300.0,False,"ISO14001, ISO9001",0.5833333333333333,0.07196749999999999,0.08121089467623128,1.0,34.1,1,1.0
V0015,2025Q3,15.0,0.26666666666666666,14.2,20.333645586985696,0.9963017509409262,-0.02857143800878502,0.2460736196246634,6153134.683000001,0.06666666666666667,6.0,0.0309,0.16666666666666666,33.0,0.0,0.0,0.0,34.2,96.3,28.57,PCB / PCBA,Taiwan,APAC,Tier 1,10273300.0,False,"ISO14001, ISO9001",0.3833333333333333,0.04877999999999999,0.07044102446574535,1.0,34.2,1,1.0
V0015,2025Q4,17.0,0.23529411764705882,11.117647058823529,8.245319527928984,0.9135349808016189,-0.1171106138468756,0.22924136506130294,3678043.86,0.0,10.0,0.0641,0.4,30.0,0.0,0.0,0.0,33.5,90.8,30.48,PCB / PCBA,Taiwan,APAC,Tier 1,10273300.0,False,"ISO14001, ISO9001",0.25098039215686274,0.047499999999999994,-0.07284102592783032,0.0,33.85,1,1.0
V0015,2026Q1,12.0,0.5833333333333334,6.083333333333333,8.184889995743635,0.9368218838662449,0.05408951602381299,0.1288739005316756,3902757.2320000003,0.0,8.0,0.0536125,0.625,10.0,0.0,0.0,0.0,33.7,73.2,21.21,PCB / PCBA,Taiwan,APAC,Tier 1,10273300.0,False,"ISO14001, ISO9001",0.40931372549019607,0.05885625,-0.03151054891153131,0.0,33.6,1,1.0
V0015,2026Q2,5.0,0.4,5.6,5.549774770204643,0.9542333402789003,-0.13579774132725106,0.35329871975766297,1924962.767,0.0,4.0,0.070275,0.75,16.333333333333332,0.0,0.0,0.0,34.0,93.3,18.79,PCB / PCBA,Taiwan,APAC,Tier 1,10273300.0,False,"ISO14001, ISO9001",0.4916666666666667,0.06194375,-0.04085411265171904,0.0,33.85,1,
V0016,2022Q1,0.0,,0.0,0.0,,0.0,0.0,0.0,0.0,0.0,0.0,0.0,0.0,0.0,0.0,0.0,72.6,57.1,3.81,Displays,China,APAC,Tier 2,766100.0,True,,,0.0,0.0,0.0,72.6,0,1.0
V0016,2022Q2,2.0,0.5,2.0,1.4142135623730951,1.0,-0.016609791437688662,0.07639868963851225,1080615.45,0.0,2.0,0.01115,0.0,0.0,0.0,0.0,0.0,72.1,53.7,6.95,Displays,China,APAC,Tier 2,766100.0,True,,0.5,0.005575,-0.008304895718844331,0.0,72.35,1,1.0
V0016,2022Q3,4.0,0.5,14.0,17.795130420052185,1.0,-0.042577842724992085,0.05080929117444874,1307037.2780000002,0.0,1.0,0.005,0.0,0.0,1.0,4.0,46.0,72.0,40.3,2.56,Displays,China,APAC,Tier 2,766100.0,True,,0.5,0.008075,-0.029593817081340373,2.0,72.05,1,0.0
V0016,2022Q4,4.0,0.75,5.0,10.0,1.0,0.010108392077404042,0.038024155718248166,4819001.477,0.25,1.0,0.0081,0.0,0.0,1.0,1.0,3.0,71.9,40.0,3.54,Displays,China,APAC,Tier 2,766100.0,True,,0.625,0.00655,-0.01623472532379402,2.5,71.95,0,0.0
V0016,2023Q1,1.0,1.0,0.0,0.0,1.0,0.030729796392126443,0.0,3444936.336,0.0,1.0,0.012,0.0,0.0,0.0,0.0,0.0,71.7,48.4,4.91,Displays,China,APAC,Tier 2,766100.0,True,,0.875,0.01005,0.02041909423476524,0.5,71.80000000000001,0,1.0
V0016,2023Q2,4.0,0.5,2.25,2.0615528128088303,1.0,0.04492592217043716,0.02589718472266062,1853162.3530000001,0.0,2.0,0.0089,0.0,0.0,0.0,0.0,0.0,72.0,40.7,5.9,Displays,China,APAC,Tier 2,766100.0,True,,0.75,0.010450000000000001,0.037827859281281795,0.0,71.85,1,0.0
V0016,2023Q3,5.0,1.0,0.2,0.4472135954999579,1.0,0.0020826189365187584,0.04701050417409748,3225725.687,0.0,2.0,0.00465,0.0,0.0,0.0,0.0,0.0,72.6,53.0,7.23,Displays,China,APAC,Tier 2,766100.0,True,,0.75,0.006775,0.023504270553477955,0.0,72.3,0,0.0
V0016,2023Q4,1.0,1.0,0.0,0.0,1.0,0.12298894721119795,0.0,252729.26,0.0,1.0,0.007,0.0,0.0,0.0,0.0,0.0,72.8,49.7,3.0,Displays,China,APAC,Tier 2,766100.0,True,,1.0,0.005825,0.06253578307385835,0.0,72.69999999999999,0,0.0
V0016,2024Q1,5.0,0.8,2.2,3.3466401061363023,1.0,0.01782441111478237,0.057479499097134644,2361580.403,0.0,5.0,0.013219999999999999,0.0,0.0,0.0,0.0,0.0,72.6,49.6,7.25,Displays,China,APAC,Tier 2,766100.0,True,,0.9,0.010110000000000001,0.07040667916299016,0.0,72.69999999999999,0,1.0
V0016,2024Q2,2.0,0.5,10.5,14.849242404917497,1.0,0.034415316264626544,0.09079390626392299,282055.16099999996,0.0,2.0,0.0082,0.0,0.0,0.0,0.0,0.0,72.2,69.5,4.64,Displays,China,APAC,Tier 2,766100.0,True,,0.65,0.01071,0.026119863689704457,0.0,72.4,1,1.0
V0016,2024Q3,6.0,0.5,12.833333333333334,15.23701633085253,1.0,0.020551212163981245,0.06884404296513545,2717578.739,0.0,4.0,0.00685,0.0,0.0,0.0,0.0,0.0,71.9,61.3,4.82,Displays,China,APAC,Tier 2,766100.0,True,,0.5,0.007525000000000001,0.027483264214303894,0.0,72.05000000000001,1,1.0
V0016,2024Q4,2.0,0.5,2.0,1.4142135623730951,1.0,-0.04273721765056011,0.013029149128577982,709132.651,0.0,0.0,0.0,0.0,0.0,0.0,0.0,0.0,72.2,41.4,0.02,Displays,China,APAC,Tier 2,766100.0,True,,0.5,0.003425000000000001,-0.011093002743289431,0.0,72.05000000000001,1,0.0
V0016,2025Q1,4.0,1.0,0.5,1.0,1.0,-0.012582357864976048,0.030144727021597126,1570327.9540000001,0.0,0.0,0.0,0.0,0.0,0.0,0.0,0.0,72.3,37.0,6.43,Displays,China,APAC,Tier 2,766100.0,True,,0.75,0.0,-0.027659787757768076,0.0,72.25,0,1.0
V0016,2025Q2,2.0,1.0,0.0,0.0,1.0,-0.004040778620469803,0.015554989793530913,4476218.896000001,0.0,1.0,0.0079,0.0,0.0,1.0,4.0,37.0,71.9,56.6,7.73,Displays,China,APAC,Tier 2,766100.0,True,,1.0,0.003950000000000001,-0.008311568242722925,2.0,72.1,1,0.0
V0016,2025Q3,9.0,0.8888888888888888,0.6666666666666666,1.118033988749895,0.9968926360042956,0.015376874235649905,0.04044953558529809,4862992.930000001,0.1111111111111111,6.0,0.009516666666666666,0.0,0.0,0.0,0.0,0.0,71.8,49.5,3.83,Displays,China,APAC,Tier 2,766100.0,True,,0.9444444444444444,0.008708333333333335,0.005668047807590051,2.0,71.85,0,1.0
V0016,2025Q4,6.0,0.6666666666666666,4.333333333333333,6.121002096606949,1.0,0.009310314917178935,0.05023521839426392,2419905.3100000005,0.0,6.0,0.01265,0.0,0.0,0.0,0.0,0.0,71.8,49.2,4.88,Displays,China,APAC,Tier 2,766100.0,True,,0.7777777777777777,0.011083333333333334,0.012343594576414419,0.0,71.8,1,0.0
V0016,2026Q1,2.0,1.0,0.0,0.0,1.0,0.030143686604423583,0.006598217457179158,645713.165,0.0,1.0,0.0125,0.0,0.0,0.0,0.0,0.0,71.9,47.6,0.0,Displays,China,APAC,Tier 2,766100.0,True,,0.8333333333333333,0.012575000000000001,0.019727000760801257,0.0,71.85,0,0.0
V0016,2026Q2,2.0,1.0,0.5,0.7071067811865476,1.0,0.004847911369840738,0.07999109801601643,1882388.3399999999,0.0,1.0,0.0066,0.0,0.0,0.0,0.0,0.0,72.1,53.3,2.13,Displays,China,APAC,Tier 2,766100.0,True,,1.0,0.009550000000000001,0.01749579898713216,0.0,72.0,0,
V0017,2022Q1,0.0,,0.0,0.0,,0.0,0.0,0.0,0.0,0.0,0.0,0.0,0.0,0.0,0.0,0.0,48.1,67.0,8.5,PCB / PCBA,United States,AMER,Tier 3,351200.0,False,"ISO14001, ISO9001, REACH",,0.0,0.0,0.0,48.1,0,0.0
V0017,2022Q2,1.0,1.0,0.0,0.0,1.0,-0.034095012121524805,0.0,67394.874,0.0,1.0,0.0517,0.0,0.0,0.0,0.0,0.0,47.9,59.3,12.37,PCB / PCBA,United States,AMER,Tier 3,351200.0,False,"ISO14001, ISO9001, REACH",1.0,0.02585,-0.017047506060762403,0.0,48.0,0,0.0
V0017,2022Q3,0.0,,0.0,0.0,,0.0,0.0,0.0,0.0,0.0,0.0,0.0,0.0,0.0,0.0,0.0,48.1,87.0,14.76,PCB / PCBA,United States,AMER,Tier 3,351200.0,False,"ISO14001, ISO9001, REACH",1.0,0.02585,-0.017047506060762403,0.0,48.0,0,0.0
V0017,2022Q4,0.0,,0.0,0.0,,0.0,0.0,0.0,0.0,0.0,0.0,0.0,0.0,0.0,0.0,0.0,48.5,59.4,12.59,PCB / PCBA,United States,AMER,Tier 3,351200.0,False,"ISO14001, ISO9001, REACH",,0.0,0.0,0.0,48.3,0,0.0
V0017,2023Q1,0.0,,0.0,0.0,,0.0,0.0,0.0,0.0,0.0,0.0,0.0,0.0,0.0,0.0,0.0,48.6,66.9,9.03,PCB / PCBA,United States,AMER,Tier 3,351200.0,False,"ISO14001, ISO9001, REACH",,0.0,0.0,0.0,48.55,0,0.0
V0017,2023Q2,0.0,,0.0,0.0,,0.0,0.0,0.0,0.0,0.0,0.0,0.0,0.0,0.0,0.0,0.0,48.7,58.9,11.32,PCB / PCBA,United States,AMER,Tier 3,351200.0,False,"ISO14001, ISO9001, REACH",,0.0,0.0,0.0,48.650000000000006,0,0.0
V0017,2023Q3,1.0,1.0,0.0,0.0,1.0,-0.1275605742495603,0.0,74476.5,0.0,1.0,0.0231,0.0,0.0,0.0,0.0,0.0,48.8,71.9,12.56,PCB / PCBA,United States,AMER,Tier 3,351200.0,False,"ISO14001, ISO9001, REACH",1.0,0.01155,-0.06378028712478015,0.0,48.75,0,0.0
V0017,2023Q4,0.0,,0.0,0.0,,0.0,0.0,0.0,0.0,0.0,0.0,0.0,0.0,0.0,0.0,0.0,48.6,65.6,10.97,PCB / PCBA,United States,AMER,Tier 3,351200.0,False,"ISO14001, ISO9001, REACH",1.0,0.01155,-0.06378028712478015,0.0,48.7,0,1.0
V0017,2024Q1,3.0,0.3333333333333333,4.0,3.605551275463989,1.0,0.05518301414437951,0.029340437329771613,2411992.198,0.0,2.0,0.03385,0.5,17.0,0.0,0.0,0.0,47.8,63.3,13.58,PCB / PCBA,United States,AMER,Tier 3,351200.0,False,"ISO14001, ISO9001, REACH",0.3333333333333333,0.016925,0.027591507072189755,0.0,48.2,1,0.0
V0017,2024Q2,0.0,,0.0,0.0,,0.0,0.0,0.0,0.0,0.0,0.0,0.0,0.0,0.0,0.0,0.0,47.8,77.2,11.25,PCB / PCBA,United States,AMER,Tier 3,351200.0,False,"ISO14001, ISO9001, REACH",0.3333333333333333,0.016925,0.027591507072189755,0.0,47.8,0,1.0
V0017,2024Q3,2.0,0.0,19.5,0.7071067811865476,1.0,-0.03194825264934985,0.13048645406253856,716723.0109999999,0.0,2.0,0.03845,0.5,4.0,0.0,0.0,0.0,48.4,69.0,14.6,PCB / PCBA,United States,AMER,Tier 3,351200.0,False,"ISO14001, ISO9001, REACH",0.0,0.019225,-0.015974126324674924,0.0,48.099999999999994,1,1.0
V0017,2024Q4,1.0,1.0,0.0,0.0,0.9795242563055356,-0.009666091903389433,0.0,1396501.3800000001,0.0,1.0,0.0569,1.0,31.0,0.0,0.0,0.0,48.6,73.0,14.71,PCB / PCBA,United States,AMER,Tier 3,351200.0,False,"ISO14001, ISO9001, REACH",0.5,0.047674999999999995,-0.02080717227636964,0.0,48.5,1,0.0
V0017,2025Q1,0.0,,0.0,0.0,,0.0,0.0,0.0,0.0,0.0,0.0,0.0,0.0,0.0,0.0,0.0,48.9,68.8,11.69,PCB / PCBA,United States,AMER,Tier 3,351200.0,False,"ISO14001, ISO9001, REACH",1.0,0.02845,-0.004833045951694716,0.0,48.75,0,1.0
V0017,2025Q2,1.0,0.0,7.0,0.0,1.0,-0.037323037323037336,0.0,124431.29599999999,0.0,1.0,0.0759,1.0,9.0,0.0,0.0,0.0,48.7,84.3,16.73,PCB / PCBA,United States,AMER,Tier 3,351200.0,False,"ISO14001, ISO9001, REACH",0.0,0.03795,-0.018661518661518668,0.0,48.8,1,1.0
V0017,2025Q3,3.0,0.3333333333333333,3.6666666666666665,4.041451884327381,0.9409250285624237,-0.06825159201939096,0.08259704468508866,2483570.427,0.0,3.0,0.04516666666666667,0.3333333333333333,12.0,0.0,0.0,0.0,48.9,76.7,14.26,PCB / PCBA,United States,AMER,Tier 3,351200.0,False,"ISO14001, ISO9001, REACH",0.16666666666666666,0.06053333333333333,-0.05278731467121415,0.0,48.8,1,1.0
V0017,2025Q4,2.0,0.5,9.5,13.435028842544403,1.0,0.0751908020600658,0.11103157399330867,2481070.291,0.0,2.0,0.0228,0.0,0.0,0.0,0.0,0.0,48.2,78.3,14.52,PCB / PCBA,United States,AMER,Tier 3,351200.0,False,"ISO14001, ISO9001, REACH",0.41666666666666663,0.03398333333333334,0.00346960502033742,0.0,48.55,1,0.0
V0017,2026Q1,0.0,,0.0,0.0,,0.0,0.0,0.0,0.0,0.0,0.0,0.0,0.0,0.0,0.0,0.0,48.4,71.2,11.11,PCB / PCBA,United States,AMER,Tier 3,351200.0,False,"ISO14001, ISO9001, REACH",0.5,0.0114,0.0375954010300329,0.0,48.3,0,1.0
V0017,2026Q2,1.0,1.0,0.0,0.0,1.0,-0.17692749018050224,0.0,272215.39999999997,0.0,1.0,0.0424,1.0,3.0,0.0,0.0,0.0,48.0,67.1,9.83,PCB / PCBA,United States,AMER,Tier 3,351200.0,False,"ISO14001, ISO9001, REACH",1.0,0.0212,-0.08846374509025112,0.0,48.2,1,
V0018,2022Q1,1.0,1.0,0.0,0.0,1.0,-0.012989005369470792,0.0,507075.872,0.0,1.0,0.0239,0.0,0.0,0.0,0.0,0.0,61.7,42.7,2.49,Displays,Malaysia,APAC,Tier 3,140800.0,True,RoHS,1.0,0.0239,-0.012989005369470792,0.0,61.7,0,0.0
V0018,2022Q2,1.0,1.0,0.0,0.0,1.0,-0.04821835428323439,0.0,2238505.824,0.0,1.0,0.021,0.0,0.0,0.0,0.0,0.0,61.3,79.1,11.67,Displays,Malaysia,APAC,Tier 3,140800.0,True,RoHS,1.0,0.02245,-0.030603679826352592,0.0,61.5,0,0.0
V0018,2022Q3,1.0,1.0,0.0,0.0,1.0,-0.07596568810272263,0.0,136230.83599999998,0.0,1.0,0.0235,0.0,0.0,0.0,0.0,0.0,61.4,65.0,7.35,Displays,Malaysia,APAC,Tier 3,140800.0,True,RoHS,1.0,0.02225,-0.062092021192978505,0.0,61.349999999999994,0,0.0
V0018,2022Q4,1.0,1.0,0.0,0.0,1.0,0.13532435870256512,0.0,3920312.113,0.0,1.0,0.0248,0.0,0.0,0.0,0.0,0.0,61.5,49.8,6.95,Displays,Malaysia,APAC,Tier 3,140800.0,True,RoHS,1.0,0.024149999999999998,0.029679335299921242,0.0,61.45,0,0.0
V0018,2023Q1,1.0,1.0,0.0,0.0,1.0,-0.1323015873015873,0.0,560261.585,0.0,1.0,0.0064,0.0,0.0,0.0,0.0,0.0,61.4,57.2,5.96,Displays,Malaysia,APAC,Tier 3,140800.0,True,RoHS,1.0,0.0156,0.001511385700488893,0.0,61.45,0,0.0
V0018,2023Q2,2.0,1.0,0.5,0.7071067811865476,1.0,-0.05793626274922559,0.1095022453095101,636657.655,0.0,1.0,0.0127,0.0,0.0,0.0,0.0,0.0,61.3,56.7,7.32,Displays,Malaysia,APAC,Tier 3,140800.0,True,RoHS,1.0,0.00955,-0.09511892502540646,0.0,61.349999999999994,0,0.0
V0018,2023Q3,0.0,,0.0,0.0,,0.0,0.0,0.0,0.0,0.0,0.0,0.0,0.0,0.0,0.0,0.0,61.1,56.3,6.79,Displays,Malaysia,APAC,Tier 3,140800.0,True,RoHS,1.0,0.00635,-0.028968131374612807,0.0,61.2,0,1.0
V0018,2023Q4,2.0,0.0,3.5,0.7071067811865476,0.9449633088725817,0.01759553097920499,0.010153219804103927,1392124.598,0.0,2.0,0.017349999999999997,0.0,0.0,0.0,0.0,0.0,61.2,65.0,9.1,Displays,Malaysia,APAC,Tier 3,140800.0,True,RoHS,0.0,0.008674999999999999,0.008797765489602481,0.0,61.150000000000006,1,1.0
V0018,2024Q1,1.0,1.0,0.0,0.0,1.0,0.002692116955276358,0.0,115320.972,0.0,1.0,0.0393,1.0,22.0,0.0,0.0,0.0,61.2,70.0,16.11,Displays,Malaysia,APAC,Tier 3,140800.0,True,RoHS,0.5,0.028325,0.01014382396724066,0.0,61.2,1,0.0
V0018,2024Q2,1.0,1.0,0.0,0.0,1.0,-0.04371736377357187,0.0,640970.244,0.0,0.0,0.0,0.0,0.0,0.0,0.0,0.0,60.5,68.4,18.33,Displays,Malaysia,APAC,Tier 3,140800.0,True,RoHS,1.0,0.01965,-0.02051262340914777,0.0,60.85,0,0.0
V0018,2024Q3,0.0,,0.0,0.0,,0.0,0.0,0.0,0.0,0.0,0.0,0.0,0.0,0.0,0.0,0.0,60.4,74.2,9.47,Displays,Malaysia,APAC,Tier 3,140800.0,True,RoHS,1.0,0.0,-0.021858681886785948,0.0,60.45,0,1.0
V0018,2024Q4,2.0,0.5,3.0,4.242640687119285,1.0,0.005586684402792919,0.008445707576190566,601379.8319999999,0.0,0.0,0.0,0.0,0.0,0.0,0.0,0.0,61.0,72.6,4.15,Displays,Malaysia,APAC,Tier 3,140800.0,True,RoHS,0.5,0.0,0.002793342201396446,0.0,60.7,1,0.0
V0018,2025Q1,1.0,1.0,0.0,0.0,1.0,-0.00400674225017891,0.0,325138.517,0.0,1.0,0.0224,0.0,0.0,0.0,0.0,0.0,60.8,62.6,8.95,Displays,Malaysia,APAC,Tier 3,140800.0,True,RoHS,0.75,0.0112,0.0007899710763069907,0.0,60.9,0,0.0
V0018,2025Q2,0.0,,0.0,0.0,,0.0,0.0,0.0,0.0,0.0,0.0,0.0,0.0,0.0,0.0,0.0,60.8,63.6,7.57,Displays,Malaysia,APAC,Tier 3,140800.0,True,RoHS,1.0,0.0112,-0.002003371125089469,0.0,60.8,0,0.0
V0018,2025Q3,0.0,,0.0,0.0,,0.0,0.0,0.0,0.0,0.0,0.0,0.0,0.0,0.0,0.0,0.0,61.0,70.0,10.47,Displays,Malaysia,APAC,Tier 3,140800.0,True,RoHS,,0.0,0.0,0.0,60.9,0,1.0
V0018,2025Q4,2.0,0.0,15.0,1.4142135623730951,1.0,-0.022257017120947076,0.0542796862460394,720798.083,0.0,1.0,0.0263,0.0,0.0,0.0,0.0,0.0,60.5,63.9,8.87,Displays,Malaysia,APAC,Tier 3,140800.0,True,RoHS,0.0,0.01315,-0.011128508560473552,0.0,60.75,1,0.0
V0018,2026Q1,0.0,,0.0,0.0,,0.0,0.0,0.0,0.0,0.0,0.0,0.0,0.0,0.0,0.0,0.0,60.6,48.6,5.9,Displays,Malaysia,APAC,Tier 3,140800.0,True,RoHS,0.0,0.01315,-0.011128508560473552,0.0,60.55,0,0.0
V0018,2026Q2,1.0,1.0,1.0,0.0,1.0,0.15968048687713962,0.0,13521.428,0.0,0.0,0.0,0.0,0.0,0.0,0.0,0.0,60.8,59.0,6.88,Displays,Malaysia,APAC,Tier 3,140800.0,True,RoHS,1.0,0.0,0.0798402434385698,0.0,60.7,0,
V0019,2022Q1,0.0,,0.0,0.0,,0.0,0.0,0.0,0.0,0.0,0.0,0.0,0.0,0.0,0.0,0.0,81.8,45.9,0.14,Batteries,Czech Republic,EMEA,Tier 3,214100.0,False,"IATF16949, ISO14001",,0.0,0.0,0.0,81.8,0,0.0
V0019,2022Q2,2.0,1.0,0.5,0.7071067811865476,1.0,-0.0013464933904078812,0.018599068939744265,1187147.108,0.0,1.0,0.0061,0.0,0.0,0.0,0.0,0.0,82.0,48.2,0.4,Batteries,Czech Republic,EMEA,Tier 3,214100.0,False,"IATF16949, ISO14001",1.0,0.00305,-0.0006732466952039406,0.0,81.9,0,0.0
V0019,2022Q3,1.0,1.0,0.0,0.0,1.0,0.020560908465244287,0.0,2485784.883,0.0,1.0,0.0017,0.0,0.0,0.0,0.0,0.0,82.3,40.6,2.43,Batteries,Czech Republic,EMEA,Tier 3,214100.0,False,"IATF16949, ISO14001",1.0,0.0039000000000000003,0.009607207537418203,0.0,82.15,0,0.0
V0019,2022Q4,1.0,1.0,0.0,0.0,1.0,-0.022712021886130244,0.0,651484.53,0.0,1.0,0.0017,0.0,0.0,0.0,0.0,0.0,82.5,44.8,0.95,Batteries,Czech Republic,EMEA,Tier 3,214100.0,False,"IATF16949, ISO14001",1.0,0.0017,-0.0010755567104429788,0.0,82.4,0,0.0
V0019,2023Q1,1.0,1.0,0.0,0.0,1.0,0.035763306390117384,0.0,198637.79200000002,0.0,1.0,0.0038,0.0,0.0,0.0,0.0,0.0,82.4,49.4,2.77,Batteries,Czech Republic,EMEA,Tier 3,214100.0,False,"IATF16949, ISO14001",1.0,0.00275,0.00652564225199357,0.0,82.45,0,0.0
V0019,2023Q2,0.0,,0.0,0.0,,0.0,0.0,0.0,0.0,0.0,0.0,0.0,0.0,0.0,0.0,0.0,82.3,42.6,1.95,Batteries,Czech Republic,EMEA,Tier 3,214100.0,False,"IATF16949, ISO14001",1.0,0.0019,0.017881653195058692,0.0,82.35,0,0.0
V0019,2023Q3,3.0,1.0,0.0,0.0,1.0,-0.0010172350584884205,0.019613807318465588,848470.5160000001,0.0,2.0,0.00195,0.0,0.0,0.0,0.0,0.0,82.5,47.2,1.62,Batteries,Czech Republic,EMEA,Tier 3,214100.0,False,"IATF16949, ISO14001",1.0,0.0009750000000000002,-0.0005086175292442103,0.0,82.4,0,0.0
V0019,2023Q4,1.0,1.0,0.0,0.0,1.0,-0.026952102263976697,0.0,4384.692,0.0,1.0,0.0041,0.0,0.0,0.0,0.0,0.0,82.3,37.0,6.51,Batteries,Czech Republic,EMEA,Tier 3,214100.0,False,"IATF16949, ISO14001",1.0,0.0030250000000000003,-0.013984668661232559,0.0,82.4,0,0.0
V0019,2024Q1,0.0,,0.0,0.0,,0.0,0.0,0.0,0.0,0.0,0.0,0.0,0.0,0.0,0.0,0.0,81.8,48.6,5.65,Batteries,Czech Republic,EMEA,Tier 3,214100.0,False,"IATF16949, ISO14001",1.0,0.0020500000000000006,-0.013476051131988348,0.0,82.05,0,1.0
V0019,2024Q2,2.0,0.5,10.5,14.849242404917497,1.0,-0.037386590677468634,0.013217588384975968,325505.728,0.5,2.0,0.00375,0.0,0.0,0.0,0.0,0.0,81.3,54.3,2.76,Batteries,Czech Republic,EMEA,Tier 3,214100.0,False,"IATF16949, ISO14001",0.5,0.001875,-0.018693295338734317,0.0,81.55,1,1.0
V0019,2024Q3,3.0,0.6666666666666666,2.3333333333333335,3.214550253664318,1.0,-0.0004066383263047176,0.028624471223467462,1793265.5729999999,0.0,2.0,0.0022500000000000003,0.0,0.0,0.0,0.0,0.0,81.3,48.1,2.78,Batteries,Czech Republic,EMEA,Tier 3,214100.0,False,"IATF16949, ISO14001",0.5833333333333333,0.003,-0.018896614501886677,0.0,81.3,1,0.0
V0019,2024Q4,1.0,1.0,0.0,0.0,1.0,0.031021168952203387,0.0,69804.416,0.0,0.0,0.0,0.0,0.0,0.0,0.0,0.0,81.1,43.6,3.35,Batteries,Czech Republic,EMEA,Tier 3,214100.0,False,"IATF16949, ISO14001",0.8333333333333333,0.0011250000000000001,0.015307265312949335,0.0,81.19999999999999,0,0.0
V0019,2025Q1,0.0,,0.0,0.0,,0.0,0.0,0.0,0.0,0.0,0.0,0.0,0.0,0.0,0.0,0.0,81.3,43.9,0.12,Batteries,Czech Republic,EMEA,Tier 3,214100.0,False,"IATF16949, ISO14001",1.0,0.0,0.015510584476101694,0.0,81.19999999999999,0,0.0
V0019,2025Q2,2.0,1.0,0.0,0.0,1.0,-0.02589492527506418,0.0058370902378608305,654885.436,0.0,2.0,0.0026,0.0,0.0,0.0,0.0,0.0,81.5,53.8,7.8,Batteries,Czech Republic,EMEA,Tier 3,214100.0,False,"IATF16949, ISO14001",1.0,0.0013,-0.01294746263753209,0.0,81.4,0,0.0
V0019,2025Q3,0.0,,0.0,0.0,,0.0,0.0,0.0,0.0,0.0,0.0,0.0,0.0,0.0,0.0,0.0,81.4,53.2,3.22,Batteries,Czech Republic,EMEA,Tier 3,214100.0,False,"IATF16949, ISO14001",1.0,0.0013,-0.01294746263753209,0.0,81.45,0,0.0
V0019,2025Q4,1.0,1.0,0.0,0.0,1.0,0.004317554163911496,0.0,296361.96,0.0,0.0,0.0,0.0,0.0,0.0,0.0,0.0,80.7,51.2,0.0,Batteries,Czech Republic,EMEA,Tier 3,214100.0,False,"IATF16949, ISO14001",1.0,0.0,0.002158777081955748,0.0,81.05000000000001,0,1.0
V0019,2026Q1,2.0,0.0,17.5,6.363961030678928,1.0,-0.0013875010305396869,0.003009899242188273,201670.464,0.0,2.0,0.00335,0.0,0.0,0.0,0.0,0.0,80.6,46.8,1.96,Batteries,Czech Republic,EMEA,Tier 3,214100.0,False,"IATF16949, ISO14001",0.49999999999999994,0.001675,0.0014650265666859045,0.0,80.65,1,0.0
V0019,2026Q2,1.0,1.0,0.0,0.0,0.9415378097860623,-0.030351866774106902,0.0,16046.449999999999,0.0,0.0,0.0,0.0,0.0,0.0,0.0,0.0,79.9,46.2,0.0,Batteries,Czech Republic,EMEA,Tier 3,214100.0,False,"IATF16949, ISO14001",0.49999999999999994,0.001675,-0.015869683902323295,0.0,80.25,0,
V0020,2022Q1,1.0,0.0,17.0,0.0,1.0,0.18294906864660682,0.0,44826.284,0.0,1.0,0.0967,1.0,17.0,0.0,0.0,0.0,34.2,84.5,22.41,Batteries,South Korea,APAC,Tier 3,217100.0,False,"IATF16949, ISO14001, RoHS",0.0,0.0967,0.18294906864660682,0.0,34.2,1,1.0
V0020,2022Q2,2.0,0.0,19.5,17.67766952966369,1.0,0.05194868721806724,0.2594044368078689,753161.934,0.0,2.0,0.0581,0.5,58.0,0.0,0.0,0.0,33.2,83.0,34.23,Batteries,South Korea,APAC,Tier 3,217100.0,False,"IATF16949, ISO14001, RoHS",0.0,0.0774,0.11744887793233702,0.0,33.7,1,1.0
V0020,2022Q3,5.0,0.6,3.4,2.8809720581775866,1.0,-0.0489779396325153,0.26868008796817733,7356006.084,0.0,2.0,0.08785000000000001,0.5,14.0,0.0,0.0,0.0,33.7,100.3,20.63,Batteries,South Korea,APAC,Tier 3,217100.0,False,"IATF16949, ISO14001, RoHS",0.3,0.07297500000000001,0.001485373792775968,0.0,33.45,1,1.0
V0020,2022Q4,2.0,0.5,7.5,10.606601717798213,0.804233693261968,-0.015504870535573964,0.3291217773388407,400140.78,0.0,1.0,0.0048,0.0,0.0,0.0,0.0,0.0,33.8,86.9,21.52,Batteries,South Korea,APAC,Tier 3,217100.0,False,"IATF16949, ISO14001, RoHS",0.55,0.046325000000000005,-0.03224140508404463,0.0,33.75,1,0.0
V0020,2023Q1,4.0,0.75,3.25,5.852349955359813,0.9875126626665628,0.04920262988389909,0.10899523999225044,1363739.215,0.0,3.0,0.015066666666666666,0.0,0.0,0.0,0.0,0.0,33.8,73.6,19.22,Batteries,South Korea,APAC,Tier 3,217100.0,False,"IATF16949, ISO14001, RoHS",0.625,0.009933333333333332,0.016848879674162563,0.0,33.8,0,1.0
V0020,2023Q2,1.0,0.0,22.0,0.0,1.0,0.018396333066123944,0.0,22642.522,0.0,0.0,0.0,0.0,0.0,0.0,0.0,0.0,33.7,81.6,21.55,Batteries,South Korea,APAC,Tier 3,217100.0,False,"IATF16949, ISO14001, RoHS",0.375,0.007533333333333333,0.033799481475011516,0.0,33.75,1,1.0
V0020,2023Q3,3.0,0.0,7.333333333333333,4.509249752822894,0.9888538890235038,-0.052333672855319,0.08449925606626119,815400.588,0.0,2.0,0.0756,0.5,27.0,0.0,0.0,0.0,34.3,84.6,17.81,Batteries,South Korea,APAC,Tier 3,217100.0,False,"IATF16949, ISO14001, RoHS",0.0,0.0378,-0.016968669894597527,0.0,34.0,1,1.0
V0020,2023Q4,2.0,1.0,0.0,0.0,1.0,0.07920645365595538,0.16166750198335864,233896.276,1.0,2.0,0.14135,1.0,40.0,0.0,0.0,0.0,34.2,78.3,19.86,Batteries,South Korea,APAC,Tier 3,217100.0,False,"IATF16949, ISO14001, RoHS",0.5,0.108475,0.013436390400318195,0.0,34.25,1,0.0
V0020,2024Q1,0.0,,0.0,0.0,,0.0,0.0,0.0,0.0,0.0,0.0,0.0,0.0,0.0,0.0,0.0,33.3,90.0,31.5,Batteries,South Korea,APAC,Tier 3,217100.0,False,"IATF16949, ISO14001, RoHS",1.0,0.070675,0.03960322682797769,0.0,33.75,0,1.0
V0020,2024Q2,6.0,0.3333333333333333,18.666666666666668,15.99583279065728,0.9583049085534223,-0.13848944540852456,0.34953445583877185,2107186.672,0.0,6.0,0.10191666666666667,0.6666666666666666,23.5,0.0,0.0,0.0,32.9,95.3,31.02,Batteries,South Korea,APAC,Tier 3,217100.0,False,"IATF16949, ISO14001, RoHS",0.3333333333333333,0.050958333333333335,-0.06924472270426228,0.0,33.099999999999994,1,1.0
V0020,2024Q3,2.0,0.5,5.5,7.7781745930520225,0.989556800815079,0.0013574868322140665,0.2524860214596479,571193.3629999999,0.0,1.0,0.1261,1.0,38.0,0.0,0.0,0.0,32.7,84.6,22.22,Batteries,South Korea,APAC,Tier 3,217100.0,False,"IATF16949, ISO14001, RoHS",0.41666666666666663,0.11400833333333332,-0.06856597928815525,0.0,32.8,1,1.0
V0020,2024Q4,5.0,1.0,0.8,0.8366600265340756,0.9395606791210696,-0.026379127264353857,0.20770867843497767,883722.943,0.0,3.0,0.0801,1.0,21.666666666666668,0.0,0.0,0.0,32.9,87.2,19.47,Batteries,South Korea,APAC,Tier 3,217100.0,False,"IATF16949, ISO14001, RoHS",0.75,0.1031,-0.012510820216069895,0.0,32.8,1,0.0
V0020,2025Q1,0.0,,0.0,0.0,,0.0,0.0,0.0,0.0,0.0,0.0,0.0,0.0,0.0,0.0,0.0,32.8,84.2,20.52,Batteries,South Korea,APAC,Tier 3,217100.0,False,"IATF16949, ISO14001, RoHS",1.0,0.04005,-0.013189563632176928,0.0,32.849999999999994,0,0.0
V0020,2025Q2,1.0,1.0,0.0,0.0,1.0,-0.14350935930604164,0.0,289661.904,0.0,0.0,0.0,0.0,0.0,0.0,0.0,0.0,32.7,88.4,25.78,Batteries,South Korea,APAC,Tier 3,217100.0,False,"IATF16949, ISO14001, RoHS",1.0,0.0,-0.07175467965302082,0.0,32.75,0,0.0
V0020,2025Q3,0.0,,0.0,0.0,,0.0,0.0,0.0,0.0,0.0,0.0,0.0,0.0,0.0,0.0,0.0,32.7,88.4,24.16,Batteries,South Korea,APAC,Tier 3,217100.0,False,"IATF16949, ISO14001, RoHS",1.0,0.0,-0.07175467965302082,0.0,32.7,0,1.0
V0020,2025Q4,4.0,0.75,3.0,4.69041575982343,0.8916101911668224,-0.06384621704390989,0.24284200388144947,501798.93700000003,0.0,4.0,0.091125,0.75,15.666666666666666,1.0,4.0,34.0,32.5,95.6,26.37,Batteries,South Korea,APAC,Tier 3,217100.0,False,"IATF16949, ISO14001, RoHS",0.75,0.0455625,-0.03192310852195494,2.0,32.6,1,1.0
V0020,2026Q1,2.0,1.0,0.0,0.0,0.9469783352337514,-0.12207009671979141,0.07624640023089731,214942.532,0.0,2.0,0.09770000000000001,1.0,24.5,1.0,2.0,20.0,32.3,87.2,18.43,Batteries,South Korea,APAC,Tier 3,217100.0,False,"IATF16949, ISO14001, RoHS",0.875,0.09441250000000001,-0.09295815688185065,3.0,32.4,1,1.0
V0020,2026Q2,4.0,0.5,9.0,10.23067283548187,0.9515229380797192,-0.13968434085967918,0.11969816038006438,2072286.2119999998,0.25,4.0,0.06265,0.5,17.5,0.0,0.0,0.0,32.5,91.2,18.51,Batteries,South Korea,APAC,Tier 3,217100.0,False,"IATF16949, ISO14001, RoHS",0.75,0.080175,-0.1308772187897353,1.0,32.4,1,
V0021,2022Q1,1.0,1.0,0.0,0.0,1.0,0.12108169080978391,0.0,52080.69300000001,0.0,1.0,0.0217,0.0,0.0,0.0,0.0,0.0,61.7,60.6,6.78,PCB / PCBA,Brazil,AMER,Tier 2,881400.0,True,REACH,1.0,0.0217,0.12108169080978391,0.0,61.7,0,0.0
V0021,2022Q2,3.0,1.0,0.0,0.0,1.0,0.001851852034383791,0.13143627583367606,865904.89,0.0,2.0,0.02175,0.0,0.0,0.0,0.0,0.0,61.8,64.7,5.72,PCB / PCBA,Brazil,AMER,Tier 2,881400.0,True,REACH,1.0,0.021725,0.06146677142208385,0.0,61.75,0,1.0
V0021,2022Q3,2.0,0.5,2.0,2.8284271247461903,1.0,-0.050094711297765646,0.0593581932683238,872385.032,0.0,1.0,0.0068,0.0,0.0,0.0,0.0,0.0,61.9,59.3,4.37,PCB / PCBA,Brazil,AMER,Tier 2,881400.0,True,REACH,0.75,0.014275,-0.02412142963169093,0.0,61.849999999999994,1,0.0
V0021,2022Q4,0.0,,0.0,0.0,,0.0,0.0,0.0,0.0,0.0,0.0,0.0,0.0,0.0,0.0,0.0,62.1,60.7,6.63,PCB / PCBA,Brazil,AMER,Tier 2,881400.0,True,REACH,0.5,0.0034,-0.025047355648882823,0.0,62.0,0,1.0
V0021,2023Q1,1.0,0.0,3.0,0.0,1.0,-0.0039062500000001475,0.0,236760.615,0.0,1.0,0.0216,0.0,0.0,0.0,0.0,0.0,62.4,46.9,6.01,PCB / PCBA,Brazil,AMER,Tier 2,881400.0,True,REACH,0.0,0.0108,-0.0019531250000000737,0.0,62.25,1,1.0
V0021,2023Q2,4.0,1.0,1.0,1.1547005383792515,1.0,-0.007170696215047465,0.0629064276827667,881603.855,0.0,3.0,0.02916666666666667,0.3333333333333333,15.0,0.0,0.0,0.0,62.5,54.2,5.09,PCB / PCBA,Brazil,AMER,Tier 2,881400.0,True,REACH,0.5,0.025383333333333334,-0.005538473107523806,0.0,62.45,1,0.0
V0021,2023Q3,4.0,0.75,6.75,12.84198842339716,1.0,-0.06294123666257075,0.045613942866309015,1771778.4019999998,0.25,1.0,0.0206,0.0,0.0,0.0,0.0,0.0,62.6,52.4,8.22,PCB / PCBA,Brazil,AMER,Tier 2,881400.0,True,REACH,0.875,0.024883333333333334,-0.03505596643880911,0.0,62.55,0,1.0
V0021,2023Q4,2.0,0.5,5.5,7.7781745930520225,0.9145601617795753,0.04815312170264628,0.04539041306071305,183626.325,0.0,0.0,0.0,0.0,0.0,0.0,0.0,0.0,62.8,56.8,6.65,PCB / PCBA,Brazil,AMER,Tier 2,881400.0,True,REACH,0.625,0.0103,-0.007394057479962232,0.0,62.7,1,1.0
V0021,2024Q1,3.0,0.6666666666666666,1.6666666666666667,2.0816659994661326,1.0,0.04187073969569704,0.04499708450465869,225716.739,0.0,2.0,0.01725,0.0,0.0,0.0,0.0,0.0,62.5,57.7,6.19,PCB / PCBA,Brazil,AMER,Tier 2,881400.0,True,REACH,0.5833333333333333,0.008625,0.04501193069917166,0.0,62.65,1,0.0
V0021,2024Q2,5.0,1.0,0.0,0.0,1.0,-0.02185051538005835,0.05657670836445525,1370339.134,0.0,5.0,0.0124,0.0,0.0,0.0,0.0,0.0,62.9,66.0,6.75,PCB / PCBA,Brazil,AMER,Tier 2,881400.0,True,REACH,0.8333333333333333,0.014825000000000001,0.010010112157819344,0.0,62.7,0,0.0
V0021,2024Q3,5.0,1.0,0.4,0.894427190999916,1.0,-0.03444824957726067,0.06616347283429624,2048707.498,0.0,3.0,0.020833333333333332,0.0,0.0,0.0,0.0,0.0,63.0,60.9,5.21,PCB / PCBA,Brazil,AMER,Tier 2,881400.0,True,REACH,1.0,0.016616666666666665,-0.02814938247865951,0.0,62.95,0,1.0
V0021,2024Q4,3.0,0.0,7.333333333333333,6.658328118479393,1.0,-0.011733964596818114,0.07311532020260311,2352533.844,0.0,3.0,0.02363333333333333,0.0,0.0,0.0,0.0,0.0,62.6,55.6,5.27,PCB / PCBA,Brazil,AMER,Tier 2,881400.0,True,REACH,0.5,0.022233333333333327,-0.023091107087039393,0.0,62.8,1,0.0
V0021,2025Q1,5.0,1.0,0.4,0.8944271909999159,1.0,0.00791367228960228,0.06051505779791455,1132266.197,0.0,4.0,0.019275,0.0,0.0,0.0,0.0,0.0,62.6,60.9,5.57,PCB / PCBA,Brazil,AMER,Tier 2,881400.0,True,REACH,0.5,0.021454166666666663,-0.001910146153607917,0.0,62.6,0,1.0
V0021,2025Q2,7.0,0.7142857142857143,4.428571428571429,7.785823502947368,0.9542778357122542,0.04272637835114153,0.15397436143171722,1179129.9980000001,0.0,6.0,0.016916666666666667,0.0,0.0,0.0,0.0,0.0,62.6,72.3,8.12,PCB / PCBA,Brazil,AMER,Tier 2,881400.0,True,REACH,0.8571428571428572,0.018095833333333332,0.025320025320371906,0.0,62.6,1,1.0
V0021,2025Q3,4.0,0.25,8.25,7.135591542869215,1.0,-0.0144095043910225,0.06288943024259806,959407.034,0.0,3.0,0.02673333333333333,0.0,0.0,0.0,0.0,0.0,62.4,65.5,9.13,PCB / PCBA,Brazil,AMER,Tier 2,881400.0,True,REACH,0.48214285714285715,0.021824999999999997,0.014158436980059514,0.0,62.5,1,0.0
V0021,2025Q4,5.0,0.8,5.0,8.426149773176359,0.9921306607275426,0.0188074782024638,0.07552220457001396,288138.44899999996,0.0,5.0,0.0258,0.0,0.0,0.0,0.0,0.0,62.6,66.8,10.56,PCB / PCBA,Brazil,AMER,Tier 2,881400.0,True,REACH,0.525,0.026266666666666667,0.0021989869057206513,0.0,62.5,0,0.0
V0021,2026Q1,3.0,1.0,0.0,0.0,1.0,-0.07905257998773556,0.03939058657943561,359324.172,0.3333333333333333,1.0,0.0042,0.0,0.0,0.0,0.0,0.0,62.4,63.6,6.44,PCB / PCBA,Brazil,AMER,Tier 2,881400.0,True,REACH,0.9,0.015,-0.03012255089263588,0.0,62.5,0,0.0
V0021,2026Q2,4.0,0.75,3.75,7.5,1.0,0.05610508151741433,0.0567980489105238,138922.797,0.0,1.0,0.0245,0.0,0.0,0.0,0.0,0.0,62.6,48.4,8.34,PCB / PCBA,Brazil,AMER,Tier 2,881400.0,True,REACH,0.875,0.01435,-0.011473749235160615,0.0,62.5,0,
V0022,2022Q1,12.0,0.9166666666666666,2.1666666666666665,6.589707309451795,1.0,-0.036718016889549454,0.06261526191794443,144102.93,0.0,8.0,0.0192375,0.0,0.0,0.0,0.0,0.0,62.2,59.7,2.41,Passive Components,Malaysia,APAC,Tier 1,13807500.0,False,REACH,0.9166666666666666,0.0192375,-0.036718016889549454,0.0,62.2,0,1.0
V0022,2022Q2,13.0,0.46153846153846156,12.153846153846153,15.571588196916812,0.996143366170614,-0.03313136577134879,0.10896006390760324,191200.036,0.0,10.0,0.02197,0.1,4.0,0.0,0.0,0.0,62.0,74.0,8.81,Passive Components,Malaysia,APAC,Tier 1,13807500.0,False,REACH,0.6891025641025641,0.02060375,-0.03492469133044912,0.0,62.1,1,1.0
V0022,2022Q3,19.0,0.631578947368421,8.526315789473685,13.167166324074744,0.9602424114959839,-0.0343365148855818,0.110938129634757,158957.475,0.05263157894736842,14.0,0.017128571428571427,0.0,0.0,0.0,0.0,0.0,62.3,51.4,5.78,Passive Components,Malaysia,APAC,Tier 1,13807500.0,False,REACH,0.5465587044534412,0.019549285714285713,-0.0337339403284653,0.0,62.15,1,0.0
V0022,2022Q4,6.0,1.0,0.0,0.0,1.0,-0.005769170166019493,0.04357373261395068,51569.633,0.3333333333333333,3.0,0.022466666666666666,0.0,0.0,0.0,0.0,0.0,62.2,63.9,8.17,Passive Components,Malaysia,APAC,Tier 1,13807500.0,False,REACH,0.8157894736842104,0.019797619047619047,-0.020052842525800647,0.0,62.25,0,0.0
V0022,2023Q1,17.0,0.7647058823529411,1.8235294117647058,2.8555930670713368,0.9898237776123108,-0.02385939380804692,0.06683334496295433,408402.039,0.0,9.0,0.020533333333333334,0.0,0.0,0.0,0.0,0.0,62.1,56.6,7.86,Passive Components,Malaysia,APAC,Tier 1,13807500.0,False,REACH,0.8823529411764706,0.0215,-0.014814281987033207,0.0,62.150000000000006,0,1.0
V0022,2023Q2,10.0,0.8,4.8,11.820885471627468,1.0,0.004390766996757156,0.05871014800033868,121284.928,0.0,6.0,0.021166666666666667,0.16666666666666666,5.0,0.0,0.0,0.0,62.2,63.9,5.27,Passive Components,Malaysia,APAC,Tier 1,13807500.0,False,REACH,0.7823529411764705,0.02085,-0.009734313405644882,0.0,62.150000000000006,1,0.0
V0022,2023Q3,18.0,0.8888888888888888,2.6666666666666665,7.186588816923465,0.9851739957480139,0.008588923547651863,0.06606916134513711,84618.681,0.05555555555555555,12.0,0.019575,0.0,0.0,0.0,0.0,0.0,62.7,63.4,3.2,Passive Components,Malaysia,APAC,Tier 1,13807500.0,False,REACH,0.8444444444444443,0.02037083333333333,0.00648984527220451,0.0,62.45,0,0.0
V0022,2023Q4,10.0,0.9,1.4,3.0983866769659336,1.0,-0.00017450122840502596,0.06698255572048394,129846.374,0.0,5.0,0.02158,0.0,0.0,0.0,0.0,0.0,62.7,50.7,6.8,Passive Components,Malaysia,APAC,Tier 1,13807500.0,False,REACH,0.8944444444444444,0.0205775,0.004207211159623418,0.0,62.7,0,1.0
V0022,2024Q1,14.0,0.5714285714285714,8.428571428571429,13.036719064091395,0.9532478445372844,0.014159219574016332,0.09161734411195573,176153.05899999998,0.07142857142857142,6.0,0.01325,0.0,0.0,0.0,0.0,0.0,61.5,57.3,10.37,Passive Components,Malaysia,APAC,Tier 1,13807500.0,False,REACH,0.7357142857142857,0.017415,0.006992359172805653,0.0,62.1,1,1.0
V0022,2024Q2,12.0,0.5,9.583333333333334,11.812615239136454,1.0,0.03129749969946106,0.10006912092615847,72406.771,0.08333333333333333,9.0,0.010022222222222222,0.0,0.0,0.0,0.0,0.0,61.0,71.7,9.68,Passive Components,Malaysia,APAC,Tier 1,13807500.0,False,REACH,0.5357142857142856,0.011636111111111111,0.022728359636738693,0.0,61.25,1,0.0
V0022,2024Q3,18.0,0.8333333333333334,2.2777777777777777,4.239943889134211,1.0,0.0010067547844399706,0.0933610420700036,166489.38999999998,0.1111111111111111,7.0,0.0132,0.0,0.0,0.0,0.0,0.0,61.3,65.5,4.25,Passive Components,Malaysia,APAC,Tier 1,13807500.0,False,REACH,0.6666666666666666,0.01161111111111111,0.016152127241950514,0.0,61.15,0,0.0
V0022,2024Q4,15.0,0.9333333333333333,0.6666666666666666,1.2909944487358056,1.0,-0.00223964150374441,0.03693293108955509,132872.49699999997,0.0,12.0,0.013966666666666667,0.0,0.0,0.0,0.0,0.0,61.0,54.1,6.85,Passive Components,Malaysia,APAC,Tier 1,13807500.0,False,REACH,0.8833333333333333,0.013583333333333333,-0.0006164433596522164,0.0,61.15,0,0.0
V0022,2025Q1,12.0,1.0,0.16666666666666666,0.38924947208076155,0.9814234606581783,-0.004405807684141595,0.04822452207151887,220794.972,0.0,10.0,0.02344,0.0,0.0,0.0,0.0,0.0,61.3,49.4,4.52,Passive Components,Malaysia,APAC,Tier 1,13807500.0,False,REACH,0.9666666666666666,0.018703333333333336,-0.0033227245939429994,0.0,61.15,0,1.0
V0022,2025Q2,20.0,0.6,7.05,10.966336047914522,0.9902531989256111,-0.012240654461208065,0.07479867369967877,200681.07600000003,0.0,14.0,0.02397857142857143,0.07142857142857142,5.0,0.0,0.0,0.0,61.1,53.7,7.71,Passive Components,Malaysia,APAC,Tier 1,13807500.0,False,REACH,0.7999999999999999,0.023709285714285714,-0.008323231072674827,0.0,61.2,1,1.0
V0022,2025Q3,15.0,0.5333333333333333,7.466666666666667,14.151560573543353,0.9825351626542411,0.0001157487727971492,0.07398067953084934,427895.74,0.06666666666666667,13.0,0.02080769230769231,0.0,0.0,0.0,0.0,0.0,60.8,60.2,12.2,Passive Components,Malaysia,APAC,Tier 1,13807500.0,False,REACH,0.5666666666666667,0.02239313186813187,-0.006062452844205454,0.0,60.95,1,1.0
V0022,2025Q4,14.0,0.6428571428571429,2.9285714285714284,4.763067623581802,1.0,0.010188527902706374,0.1106045205070388,297659.25999999995,0.0,8.0,0.0265625,0.125,19.0,0.0,0.0,0.0,60.4,56.6,7.89,Passive Components,Malaysia,APAC,Tier 1,13807500.0,False,REACH,0.588095238095238,0.023685096153846154,0.0051521383377517655,0.0,60.599999999999994,1,0.0
V0022,2026Q1,15.0,0.9333333333333333,0.4666666666666667,1.1254628677422756,0.9914647611336983,0.03547723157865034,0.07620068025009527,85995.544,0.06666666666666667,9.0,0.01768888888888889,0.0,0.0,0.0,0.0,0.0,60.4,61.8,7.88,Passive Components,Malaysia,APAC,Tier 1,13807500.0,False,REACH,0.7880952380952381,0.022125694444444448,0.02283287974067836,0.0,60.4,0,0.0
V0022,2026Q2,12.0,0.9166666666666666,2.9166666666666665,9.179605193860546,0.983173076923077,-0.0004887439214389267,0.09402847895334798,142327.493,0.0,7.0,0.01917142857142857,0.0,0.0,0.0,0.0,0.0,60.3,57.1,5.65,Passive Components,Malaysia,APAC,Tier 1,13807500.0,False,REACH,0.9249999999999999,0.01843015873015873,0.017494243828605715,0.0,60.349999999999994,0,
V0023,2022Q1,3.0,1.0,0.0,0.0,1.0,-0.0495987100698449,0.034645413777651846,43384.151,0.3333333333333333,2.0,0.0051,0.0,0.0,0.0,0.0,0.0,73.0,56.5,6.1,Connectors,Brazil,AMER,Tier 2,1618600.0,False,ISO14001,1.0,0.0051,-0.0495987100698449,0.0,73.0,0,0.0
V0023,2022Q2,4.0,0.75,3.25,6.500000000000001,1.0,0.014944019416728415,0.04707701895685791,350763.632,0.0,3.0,0.015266666666666666,0.0,0.0,0.0,0.0,0.0,73.2,46.5,2.58,Connectors,Brazil,AMER,Tier 2,1618600.0,False,ISO14001,0.875,0.010183333333333332,-0.01732734532655824,0.0,73.1,0,0.0
V0023,2022Q3,2.0,1.0,0.0,0.0,1.0,-7.063736783960092e-05,0.051830088158892736,30966.242,0.0,1.0,0.0049,0.0,0.0,0.0,0.0,0.0,72.7,49.4,2.64,Connectors,Brazil,AMER,Tier 2,1618600.0,False,ISO14001,0.875,0.010083333333333333,0.007436691024444407,0.0,72.95,0,1.0
V0023,2022Q4,2.0,0.5,6.5,9.192388155425117,1.0,-0.008084796873559626,0.0033626578839051537,12692.046999999999,0.0,1.0,0.0062,0.0,0.0,0.0,0.0,0.0,73.1,41.6,5.48,Connectors,Brazil,AMER,Tier 2,1618600.0,False,ISO14001,0.75,0.005549999999999999,-0.004077717120699613,0.0,72.9,1,0.0
V0023,2023Q1,4.0,1.0,0.0,0.0,1.0,-0.01063236813311611,0.03231606223869368,477959.30199999997,0.0,2.0,0.0082,0.0,0.0,0.0,0.0,0.0,72.6,43.8,2.45,Connectors,Brazil,AMER,Tier 2,1618600.0,False,ISO14001,0.75,0.007200000000000001,-0.009358582503337869,0.0,72.85,0,0.0
V0023,2023Q2,2.0,1.0,0.0,0.0,1.0,0.0002599946596936152,0.007549241220309107,250191.522,0.0,1.0,0.0155,0.0,0.0,0.0,0.0,0.0,72.4,56.5,3.87,Connectors,Brazil,AMER,Tier 2,1618600.0,False,ISO14001,1.0,0.011850000000000001,-0.005186186736711247,0.0,72.5,0,1.0
V0023,2023Q3,6.0,0.6666666666666666,2.6666666666666665,4.226897995772629,1.0,0.02420581684661426,0.05415259300995604,379897.06999999995,0.0,1.0,0.0054,0.0,0.0,0.0,0.0,0.0,72.8,50.4,2.41,Connectors,Brazil,AMER,Tier 2,1618600.0,False,ISO14001,0.8333333333333333,0.010450000000000001,0.012232905753153937,0.0,72.6,1,0.0
V0023,2023Q4,3.0,1.0,0.6666666666666666,1.1547005383792517,1.0,0.03738686446668297,0.05695519207417141,1941072.2850000001,0.0,1.0,0.0162,0.0,0.0,0.0,0.0,0.0,72.4,47.8,2.75,Connectors,Brazil,AMER,Tier 2,1618600.0,False,ISO14001,0.8333333333333333,0.0108,0.030796340656648616,0.0,72.6,0,0.0
V0023,2024Q1,3.0,1.0,0.3333333333333333,0.5773502691896258,1.0,-0.010895075471753076,0.04275238120453247,58097.596000000005,0.0,3.0,0.008766666666666666,0.0,0.0,0.0,0.0,0.0,72.6,56.0,6.79,Connectors,Brazil,AMER,Tier 2,1618600.0,False,ISO14001,1.0,0.012483333333333332,0.013245894497464945,0.0,72.5,0,0.0
V0023,2024Q2,6.0,0.8333333333333334,0.6666666666666666,1.2110601416389968,1.0,0.00831836460580765,0.01711185934830796,313764.67,0.16666666666666666,4.0,0.00695,0.0,0.0,0.0,0.0,0.0,72.8,44.2,5.36,Connectors,Brazil,AMER,Tier 2,1618600.0,False,ISO14001,0.9166666666666667,0.007858333333333332,-0.0012883554329727164,0.0,72.69999999999999,0,0.0
V0023,2024Q3,1.0,1.0,0.0,0.0,1.0,0.04459909821603608,0.0,42883.768000000004,0.0,0.0,0.0,0.0,0.0,0.0,0.0,0.0,73.0,45.0,4.42,Connectors,Brazil,AMER,Tier 2,1618600.0,False,ISO14001,0.9166666666666667,0.003475,0.02645873141092186,0.0,72.9,0,0.0
V0023,2024Q4,6.0,0.8333333333333334,3.1666666666666665,6.794605703546503,1.0,0.028339458111285392,0.03141808277983761,1034706.859,0.16666666666666666,6.0,0.01025,0.0,0.0,0.0,0.0,0.0,72.9,44.8,5.92,Connectors,Brazil,AMER,Tier 2,1618600.0,False,ISO14001,0.9166666666666666,0.005125,0.03646927816366073,0.0,72.95,0,0.0
V0023,2025Q1,4.0,1.0,0.25,0.5,1.0,0.00487857297328597,0.05153287563054472,260432.24500000002,0.0,3.0,0.007666666666666666,0.0,0.0,0.0,0.0,0.0,72.9,56.0,3.67,Connectors,Brazil,AMER,Tier 2,1618600.0,False,ISO14001,0.9166666666666667,0.008958333333333334,0.01660901554228568,0.0,72.9,0,1.0
V0023,2025Q2,4.0,0.5,20.5,30.116440692751194,1.0,-0.006784744530926814,0.04497418301438283,647634.368,0.0,4.0,0.0103,0.0,0.0,0.0,0.0,0.0,72.5,43.2,8.62,Connectors,Brazil,AMER,Tier 2,1618600.0,False,ISO14001,0.75,0.008983333333333333,-0.0009530857788204255,0.0,72.7,1,0.0
V0023,2025Q3,4.0,1.0,0.25,0.5,1.0,0.03227734915136784,0.03466104099800703,180567.684,0.0,4.0,0.00955,0.0,0.0,0.0,0.0,0.0,72.6,49.4,0.65,Connectors,Brazil,AMER,Tier 2,1618600.0,False,ISO14001,0.75,0.009925,0.012746302310220508,0.0,72.55,0,1.0
V0023,2025Q4,6.0,0.6666666666666666,4.666666666666667,8.824209124146291,0.9423288932534376,0.02180463424487729,0.03969779824451727,275240.037,0.0,5.0,0.01026,0.0,0.0,0.0,0.0,0.0,72.7,56.5,6.86,Connectors,Brazil,AMER,Tier 2,1618600.0,False,ISO14001,0.8333333333333334,0.009905,0.02704099169812256,0.0,72.65,1,0.0
V0023,2026Q1,5.0,1.0,0.6,0.8944271909999159,1.0,-0.02976095973909365,0.05425584032397726,330567.41500000004,0.0,4.0,0.004824999999999999,0.0,0.0,0.0,0.0,0.0,72.2,42.4,4.22,Connectors,Brazil,AMER,Tier 2,1618600.0,False,ISO14001,0.8333333333333334,0.007542500000000001,-0.003978162747108185,0.0,72.45,0,0.0
V0023,2026Q2,7.0,1.0,0.5714285714285714,0.7867957924694432,1.0,0.003114263972802491,0.03144180346317644,512803.55400000006,0.0,5.0,0.0075,0.0,0.0,0.0,0.0,0.0,72.1,47.0,0.0,Connectors,Brazil,AMER,Tier 2,1618600.0,False,ISO14001,1.0,0.0061625000000000004,-0.013323347883145584,0.0,72.15,0,
V0024,2022Q1,1.0,1.0,0.0,0.0,1.0,0.010419313850063514,0.0,12202.344,1.0,0.0,0.0,0.0,0.0,0.0,0.0,0.0,72.9,51.2,5.34,Packaging,India,APAC,Tier 3,54300.0,False,"IATF16949, REACH, RoHS",1.0,0.0,0.010419313850063514,0.0,72.9,0,0.0
V0024,2022Q2,0.0,,0.0,0.0,,0.0,0.0,0.0,0.0,0.0,0.0,0.0,0.0,0.0,0.0,0.0,72.5,56.4,7.99,Packaging,India,APAC,Tier 3,54300.0,False,"IATF16949, REACH, RoHS",1.0,0.0,0.005209656925031757,0.0,72.7,0,0.0
V0024,2022Q3,2.0,1.0,0.0,0.0,1.0,0.021130733874201717,0.008027342645663117,99935.454,0.0,1.0,0.007,0.0,0.0,0.0,0.0,0.0,72.4,61.4,4.7,Packaging,India,APAC,Tier 3,54300.0,False,"IATF16949, REACH, RoHS",1.0,0.0035,0.010565366937100858,0.0,72.45,0,0.0
V0024,2022Q4,2.0,1.0,0.0,0.0,1.0,-0.0149408688213391,0.03725253524359531,18412.397,0.0,2.0,0.0053,0.0,0.0,0.0,0.0,0.0,72.5,50.2,2.27,Packaging,India,APAC,Tier 3,54300.0,False,"IATF16949, REACH, RoHS",1.0,0.00615,0.003094932526431308,0.0,72.45,0,0.0
V0024,2023Q1,4.0,1.0,1.25,0.9574271077563382,0.9538384595289491,0.019321956793203934,0.016222034689624073,524274.43899999995,0.0,2.0,0.01015,0.0,0.0,0.0,0.0,0.0,72.8,45.4,6.12,Packaging,India,APAC,Tier 3,54300.0,False,"IATF16949, REACH, RoHS",1.0,0.007724999999999999,0.002190543985932417,0.0,72.65,0,0.0
V0024,2023Q2,1.0,1.0,0.0,0.0,1.0,0.03253685815963399,0.0,10416.999000000002,0.0,1.0,0.0086,0.0,0.0,0.0,0.0,0.0,72.9,45.1,4.82,Packaging,India,APAC,Tier 3,54300.0,False,"IATF16949, REACH, RoHS",1.0,0.009375,0.02592940747641896,0.0,72.85,0,0.0
V0024,2023Q3,0.0,,0.0,0.0,,0.0,0.0,0.0,0.0,0.0,0.0,0.0,0.0,0.0,0.0,0.0,72.7,45.5,4.37,Packaging,India,APAC,Tier 3,54300.0,False,"IATF16949, REACH, RoHS",1.0,0.0043,0.016268429079816994,0.0,72.80000000000001,0,0.0
V0024,2023Q4,1.0,1.0,0.0,0.0,1.0,0.013106159895150732,0.0,7308.715,0.0,0.0,0.0,0.0,0.0,0.0,0.0,0.0,72.8,47.3,3.06,Packaging,India,APAC,Tier 3,54300.0,False,"IATF16949, REACH, RoHS",1.0,0.0,0.006553079947575366,0.0,72.75,0,0.0
V0024,2024Q1,2.0,1.0,0.5,0.7071067811865476,1.0,0.08656601772798951,0.061586171804061354,21549.814,0.0,1.0,0.0041,0.0,0.0,0.0,0.0,0.0,72.3,61.0,7.31,Packaging,India,APAC,Tier 3,54300.0,False,"IATF16949, REACH, RoHS",1.0,0.00205,0.049836088811570124,0.0,72.55,0,0.0
V0024,2024Q2,0.0,,0.0,0.0,,0.0,0.0,0.0,0.0,0.0,0.0,0.0,0.0,0.0,0.0,0.0,72.1,53.6,10.26,Packaging,India,APAC,Tier 3,54300.0,False,"IATF16949, REACH, RoHS",1.0,0.00205,0.043283008863994755,0.0,72.19999999999999,0,0.0
V0024,2024Q3,2.0,1.0,1.5,0.7071067811865476,1.0,0.01367710256019064,0.008821226297591767,9957.905999999999,0.0,1.0,0.0101,0.0,0.0,0.0,0.0,0.0,71.5,44.5,5.02,Packaging,India,APAC,Tier 3,54300.0,False,"IATF16949, REACH, RoHS",1.0,0.00505,0.00683855128009532,0.0,71.8,0,0.0
V0024,2024Q4,1.0,1.0,0.0,0.0,1.0,-0.02788933511825078,0.0,5777.3820000000005,0.0,1.0,0.0028,0.0,0.0,0.0,0.0,0.0,72.1,51.9,3.36,Packaging,India,APAC,Tier 3,54300.0,False,"IATF16949, REACH, RoHS",1.0,0.00645,-0.007106116279030069,0.0,71.8,0,1.0
V0024,2025Q1,1.0,0.0,11.0,0.0,1.0,-0.00966442953020135,0.0,264302.094,0.0,1.0,0.014,0.0,0.0,0.0,0.0,0.0,72.6,47.0,2.37,Packaging,India,APAC,Tier 3,54300.0,False,"IATF16949, REACH, RoHS",0.5,0.008400000000000001,-0.018776882324226064,0.0,72.35,1,0.0
V0024,2025Q2,3.0,1.0,1.3333333333333333,1.1547005383792517,1.0,-0.014649409265896718,0.04508262848270142,144344.13,0.0,2.0,0.008549999999999999,0.0,0.0,0.0,0.0,0.0,72.6,63.2,2.05,Packaging,India,APAC,Tier 3,54300.0,False,"IATF16949, REACH, RoHS",0.5,0.011275,-0.012156919398049033,0.0,72.6,0,0.0
V0024,2025Q3,0.0,,0.0,0.0,,0.0,0.0,0.0,0.0,0.0,0.0,0.0,0.0,0.0,0.0,0.0,72.9,59.9,6.85,Packaging,India,APAC,Tier 3,54300.0,False,"IATF16949, REACH, RoHS",1.0,0.004274999999999999,-0.007324704632948359,0.0,72.75,0,0.0
V0024,2025Q4,1.0,1.0,0.0,0.0,1.0,0.08510638297872349,0.0,1415.556,0.0,1.0,0.0081,0.0,0.0,0.0,0.0,0.0,72.9,58.4,6.1,Packaging,India,APAC,Tier 3,54300.0,False,"IATF16949, REACH, RoHS",1.0,0.00405,0.04255319148936174,0.0,72.9,0,0.0
V0024,2026Q1,0.0,,0.0,0.0,,0.0,0.0,0.0,0.0,0.0,0.0,0.0,0.0,0.0,0.0,0.0,72.9,42.5,2.19,Packaging,India,APAC,Tier 3,54300.0,False,"IATF16949, REACH, RoHS",1.0,0.00405,0.04255319148936174,0.0,72.9,0,0.0
V0024,2026Q2,0.0,,0.0,0.0,,0.0,0.0,0.0,0.0,0.0,0.0,0.0,0.0,0.0,0.0,0.0,73.0,50.6,2.47,Packaging,India,APAC,Tier 3,54300.0,False,"IATF16949, REACH, RoHS",,0.0,0.0,0.0,72.95,0,
V0025,2022Q1,1.0,1.0,0.0,0.0,1.0,-0.09474832476234996,0.0,31031.678,0.0,0.0,0.0,0.0,0.0,1.0,1.0,6.0,61.8,57.7,5.7,Connectors,Taiwan,APAC,Tier 3,26300.0,False,"IATF16949, ISO9001",1.0,0.0,-0.09474832476234996,1.0,61.8,0,1.0
V0025,2022Q2,3.0,0.6666666666666666,8.333333333333334,14.433756729740644,1.0,0.014590569907092782,0.03308078411592841,240271.05299999996,0.0,2.0,0.01125,0.0,0.0,0.0,0.0,0.0,61.1,71.9,9.15,Connectors,Taiwan,APAC,Tier 3,26300.0,False,"IATF16949, ISO9001",0.8333333333333333,0.005625,-0.040078877427628584,0.5,61.45,1,1.0
V0025,2022Q3,5.0,0.2,15.2,12.637246535539298,1.0,0.052710578639945015,0.11349212714445003,401793.47699999996,0.0,3.0,0.0205,0.0,0.0,0.0,0.0,0.0,61.2,61.0,7.17,Connectors,Taiwan,APAC,Tier 3,26300.0,False,"IATF16949, ISO9001",0.43333333333333335,0.015875,0.0336505742735189,0.0,61.150000000000006,1,1.0
V0025,2022Q4,1.0,0.0,21.0,0.0,1.0,-0.06242387332521304,0.0,21919.401,0.0,1.0,0.0173,0.0,0.0,0.0,0.0,0.0,61.2,67.5,8.75,Connectors,Taiwan,APAC,Tier 3,26300.0,False,"IATF16949, ISO9001",0.1,0.0189,-0.004856647342634014,0.0,61.2,1,1.0
V0025,2023Q1,2.0,0.5,1.5,2.1213203435596424,1.0,-0.02519030271609596,0.007571223213565712,173789.685,0.0,2.0,0.00745,0.0,0.0,0.0,0.0,0.0,61.8,55.1,7.34,Connectors,Taiwan,APAC,Tier 3,26300.0,False,"IATF16949, ISO9001",0.25,0.012375,-0.0438070880206545,0.0,61.5,1,0.0
V0025,2023Q2,1.0,1.0,1.0,0.0,1.0,-0.07330489447687458,0.0,25119.965000000004,0.0,0.0,0.0,0.0,0.0,0.0,0.0,0.0,62.1,69.7,9.05,Connectors,Taiwan,APAC,Tier 3,26300.0,False,"IATF16949, ISO9001",0.75,0.003725,-0.04924759859648527,0.0,61.95,0,1.0
V0025,2023Q3,3.0,0.6666666666666666,2.3333333333333335,4.041451884327381,1.0,0.028729911072585535,0.034103773011855076,60608.084,0.0,3.0,0.015933333333333334,0.0,0.0,0.0,0.0,0.0,62.0,58.3,6.98,Connectors,Taiwan,APAC,Tier 3,26300.0,False,"IATF16949, ISO9001",0.8333333333333333,0.007966666666666667,-0.022287491702144523,0.0,62.05,1,0.0
V0025,2023Q4,1.0,1.0,1.0,0.0,1.0,0.0,0.0,27468.532000000003,0.0,1.0,0.0309,0.0,0.0,0.0,0.0,0.0,62.0,56.3,7.35,Connectors,Taiwan,APAC,Tier 3,26300.0,False,"IATF16949, ISO9001",0.8333333333333333,0.02341666666666667,0.014364955536292768,0.0,62.0,0,0.0
V0025,2024Q1,1.0,1.0,0.0,0.0,0.9441723800195886,-0.02034587995930826,0.0,11139.983999999999,0.0,0.0,0.0,0.0,0.0,0.0,0.0,0.0,60.7,59.7,11.97,Connectors,Taiwan,APAC,Tier 3,26300.0,False,"IATF16949, ISO9001",1.0,0.01545,-0.01017293997965413,0.0,61.35,0,1.0
V0025,2024Q2,5.0,0.4,9.6,9.126883367283709,0.9736004108885465,-0.013285004302163358,0.1279257641229192,570961.782,0.0,3.0,0.015933333333333334,0.0,0.0,0.0,0.0,0.0,61.1,66.9,9.73,Connectors,Taiwan,APAC,Tier 3,26300.0,False,"IATF16949, ISO9001",0.7,0.007966666666666667,-0.016815442130735807,0.0,60.900000000000006,1,0.0
V0025,2024Q3,3.0,1.0,0.3333333333333333,0.5773502691896258,1.0,-0.04036623410646106,0.07144857019592409,69820.51,0.0,3.0,0.02613333333333333,0.0,0.0,0.0,0.0,0.0,60.8,53.4,6.9,Connectors,Taiwan,APAC,Tier 3,26300.0,False,"IATF16949, ISO9001",0.7,0.021033333333333334,-0.026825619204312208,0.0,60.95,0,1.0
V0025,2024Q4,2.0,0.5,3.5,3.5355339059327378,1.0,0.03225591048110711,0.08092818968743948,37654.595,0.0,2.0,0.0101,0.0,0.0,0.0,0.0,0.0,61.0,53.6,6.95,Connectors,Taiwan,APAC,Tier 3,26300.0,False,"IATF16949, ISO9001",0.75,0.018116666666666666,-0.004055161812676972,0.0,60.9,1,0.0
V0025,2025Q1,2.0,1.0,0.0,0.0,1.0,-0.06369159822024073,0.06420780577066112,117912.26,0.0,0.0,0.0,0.0,0.0,0.0,0.0,0.0,61.3,63.8,7.42,Connectors,Taiwan,APAC,Tier 3,26300.0,False,"IATF16949, ISO9001",0.75,0.00505,-0.015717843869566806,0.0,61.15,0,0.0
V0025,2025Q2,2.0,1.0,0.0,0.0,1.0,0.09466155326981404,0.030466789844344623,88969.96100000001,0.0,1.0,0.009,0.0,0.0,0.0,0.0,0.0,61.0,53.8,8.49,Connectors,Taiwan,APAC,Tier 3,26300.0,False,"IATF16949, ISO9001",1.0,0.0045,0.015484977524786656,0.0,61.15,0,0.0
V0025,2025Q3,4.0,0.75,1.75,2.8722813232690143,1.0,-0.0005962801517050351,0.13151391598148415,359975.04000000004,0.0,3.0,0.017066666666666667,0.0,0.0,0.0,0.0,0.0,61.1,63.8,10.08,Connectors,Taiwan,APAC,Tier 3,26300.0,False,"IATF16949, ISO9001",0.875,0.013033333333333334,0.0470326365590545,0.0,61.05,0,0.0
V0025,2025Q4,1.0,1.0,1.0,0.0,1.0,0.10109289617486338,0.0,4553.094,0.0,0.0,0.0,0.0,0.0,0.0,0.0,0.0,61.2,70.0,10.29,Connectors,Taiwan,APAC,Tier 3,26300.0,False,"IATF16949, ISO9001",0.875,0.008533333333333334,0.050248308011579174,0.0,61.150000000000006,0,0.0
V0025,2026Q1,2.0,1.0,0.5,0.7071067811865476,1.0,-0.10139612504070342,0.002929968671637515,78647.925,0.0,2.0,0.02785,0.0,0.0,0.0,0.0,0.0,61.4,42.7,8.15,Connectors,Taiwan,APAC,Tier 3,26300.0,False,"IATF16949, ISO9001",1.0,0.013925,-0.00015161443292001364,0.0,61.3,0,0.0
V0025,2026Q2,6.0,1.0,0.16666666666666666,0.408248290463863,1.0,-0.01384562197987177,0.05722953002756291,614253.95,0.0,3.0,0.0152,0.0,0.0,0.0,0.0,0.0,62.0,49.8,9.1,Connectors,Taiwan,APAC,Tier 3,26300.0,False,"IATF16949, ISO9001",1.0,0.021525,-0.05762087351028759,0.0,61.7,0,
V0026,2022Q1,3.0,1.0,0.6666666666666666,1.1547005383792517,1.0,-0.026510470369834834,0.00782209334978083,113266.472,0.0,3.0,0.002033333333333333,0.0,0.0,0.0,0.0,0.0,82.3,46.9,0.0,Connectors,China,APAC,Tier 3,376000.0,False,ISO9001,1.0,0.002033333333333333,-0.026510470369834834,0.0,82.3,0,0.0
V0026,2022Q2,1.0,1.0,0.0,0.0,1.0,-0.036807705538355766,0.0,40493.6,0.0,0.0,0.0,0.0,0.0,0.0,0.0,0.0,81.4,55.1,6.29,Connectors,China,APAC,Tier 3,376000.0,False,ISO9001,1.0,0.0010166666666666666,-0.0316590879540953,0.0,81.85,0,0.0
V0026,2022Q3,2.0,1.0,0.0,0.0,1.0,0.008523751620164291,0.0171607909979251,108680.739,0.0,0.0,0.0,0.0,0.0,0.0,0.0,0.0,81.0,43.3,3.47,Connectors,China,APAC,Tier 3,376000.0,False,ISO9001,1.0,0.0,-0.014141976959095737,0.0,81.2,0,0.0
V0026,2022Q4,2.0,1.0,0.0,0.0,1.0,0.023707549714061072,0.02149594475350369,51234.588,0.0,2.0,0.0031999999999999997,0.0,0.0,0.0,0.0,0.0,80.9,43.6,4.91,Connectors,China,APAC,Tier 3,376000.0,False,ISO9001,1.0,0.0015999999999999999,0.01611565066711268,0.0,80.95,0,1.0
V0026,2023Q1,3.0,0.6666666666666666,6.666666666666667,11.547005383792516,1.0,0.015680503673941918,0.024410432112290607,204587.39,0.0,0.0,0.0,0.0,0.0,0.0,0.0,0.0,81.2,47.9,0.0,Connectors,China,APAC,Tier 3,376000.0,False,ISO9001,0.8333333333333333,0.0015999999999999999,0.01969402669400149,0.0,81.05000000000001,1,0.0
V0026,2023Q2,4.0,1.0,0.25,0.5,1.0,-0.0056440741379255675,0.022530701590867442,110604.271,0.0,1.0,0.0001,0.0,0.0,0.0,0.0,0.0,81.1,45.9,1.96,Connectors,China,APAC,Tier 3,376000.0,False,ISO9001,0.8333333333333333,5e-05,0.005018214768008172,0.0,81.15,0,0.0
V0026,2023Q3,2.0,1.0,0.0,0.0,1.0,0.008354436448006135,0.0032207275668940166,107869.002,0.0,1.0,0.0058,0.0,0.0,0.0,0.0,0.0,81.3,53.7,2.02,Connectors,China,APAC,Tier 3,376000.0,False,ISO9001,1.0,0.00295,0.0013551811550402805,0.0,81.19999999999999,0,1.0
V0026,2023Q4,3.0,0.3333333333333333,3.3333333333333335,3.5118845842842465,1.0,0.001693001697600633,0.021604045573549963,92254.59599999999,0.0,1.0,0.0,0.0,0.0,0.0,0.0,0.0,81.5,25.8,0.98,Connectors,China,APAC,Tier 3,376000.0,False,ISO9001,0.6666666666666666,0.0029,0.005023719072803381,0.0,81.4,1,0.0
V0026,2024Q1,2.0,1.0,1.0,1.4142135623730951,1.0,0.0059640866596974325,0.060305635547399296,87124.13700000002,0.5,1.0,0.0035,0.0,0.0,0.0,0.0,0.0,81.4,48.9,1.09,Connectors,China,APAC,Tier 3,376000.0,False,ISO9001,0.6666666666666666,0.00175,0.0038285441786490293,0.0,81.45,0,1.0
V0026,2024Q2,3.0,0.6666666666666666,9.0,15.588457268119896,1.0,-0.002171800442098025,0.01626210787742625,31489.371000000003,0.0,1.0,0.0007,0.0,0.0,0.0,0.0,0.0,81.7,56.8,1.91,Connectors,China,APAC,Tier 3,376000.0,False,ISO9001,0.8333333333333333,0.0021,0.0018961431087997002,0.0,81.55000000000001,1,0.0
V0026,2024Q3,2.0,1.0,0.0,0.0,1.0,0.005322414788121417,0.013140771898693478,77288.525,0.0,0.0,0.0,0.0,0.0,0.0,0.0,0.0,82.0,42.5,0.0,Connectors,China,APAC,Tier 3,376000.0,False,ISO9001,0.8333333333333333,0.00035,0.0015753071730116926,0.0,81.85,0,0.0
V0026,2024Q4,2.0,1.0,0.5,0.7071067811865476,1.0,-0.016381227268819246,0.02247660935798922,692513.0,0.0,0.0,0.0,0.0,0.0,0.0,0.0,0.0,81.9,40.3,0.74,Connectors,China,APAC,Tier 3,376000.0,False,ISO9001,1.0,0.0,-0.0055294062403489184,0.0,81.95,0,0.0
V0026,2025Q1,1.0,1.0,0.0,0.0,1.0,0.003184713375796299,0.0,167327.37000000002,0.0,1.0,0.0008,0.0,0.0,0.0,0.0,0.0,81.6,44.9,3.38,Connectors,China,APAC,Tier 3,376000.0,False,ISO9001,1.0,0.0004,-0.006598256946511477,0.0,81.75,0,0.0
V0026,2025Q2,2.0,1.0,0.0,0.0,0.8857398568019093,0.006819556955391407,0.0019927192665346316,247238.847,0.0,1.0,0.0,0.0,0.0,0.0,0.0,0.0,81.3,48.1,3.44,Connectors,China,APAC,Tier 3,376000.0,False,ISO9001,1.0,0.0004,0.005002135165593849,0.0,81.44999999999999,0,1.0
V0026,2025Q3,3.0,0.6666666666666666,2.3333333333333335,4.041451884327381,1.0,-0.006075149025365059,0.042271413881559285,375542.44099999993,0.0,3.0,0.0037333333333333333,0.0,0.0,0.0,0.0,0.0,81.1,53.0,2.23,Connectors,China,APAC,Tier 3,376000.0,False,ISO9001,0.8333333333333333,0.0018666666666666666,0.00037220396501317027,0.0,81.19999999999999,1,1.0
V0026,2025Q4,3.0,0.6666666666666666,1.6666666666666667,2.886751345948129,1.0,0.0044646788479495905,0.032123556996577055,217713.24500000002,0.0,1.0,0.0052,0.0,0.0,0.0,0.0,0.0,81.2,48.9,0.87,Connectors,China,APAC,Tier 3,376000.0,False,ISO9001,0.6666666666666666,0.0044666666666666665,-0.0008052350887077378,0.0,81.15,1,1.0
V0026,2026Q1,2.0,0.5,2.0,2.8284271247461903,1.0,-0.01411388263129417,0.01754396183906438,113138.34799999998,0.0,2.0,0.00325,0.0,0.0,0.0,0.0,0.0,81.5,54.1,0.41,Connectors,China,APAC,Tier 3,376000.0,False,ISO9001,0.5833333333333333,0.004225,-0.004824601891672293,0.0,81.35,1,0.0
V0026,2026Q2,2.0,1.0,0.5,0.7071067811865476,1.0,0.015732642043394845,0.012530970763658892,108947.184,0.0,0.0,0.0,0.0,0.0,0.0,0.0,0.0,81.8,38.4,0.0,Connectors,China,APAC,Tier 3,376000.0,False,ISO9001,0.75,0.001625,0.0008093797060503343,0.0,81.65,0,
V0027,2022Q1,1.0,1.0,0.0,0.0,1.0,-0.12717753143078758,0.0,140647.248,0.0,1.0,0.0138,0.0,0.0,0.0,0.0,0.0,62.2,60.8,7.42,Batteries,United States,AMER,Tier 3,270800.0,False,"IATF16949, ISO9001, RoHS",1.0,0.0138,-0.12717753143078758,0.0,62.2,0,0.0
V0027,2022Q2,1.0,1.0,1.0,0.0,1.0,-0.020070086014654303,0.0,21575.064,0.0,1.0,0.0113,0.0,0.0,0.0,0.0,0.0,62.2,63.4,5.57,Batteries,United States,AMER,Tier 3,270800.0,False,"IATF16949, ISO9001, RoHS",1.0,0.012549999999999999,-0.07362380872272094,0.0,62.2,0,0.0
V0027,2022Q3,4.0,1.0,0.25,0.5,1.0,-0.03292738801604808,0.06367696185047425,552059.281,0.0,3.0,0.019600000000000003,0.0,0.0,0.0,0.0,0.0,62.7,62.2,4.58,Batteries,United States,AMER,Tier 3,270800.0,False,"IATF16949, ISO9001, RoHS",1.0,0.015450000000000002,-0.026498737015351194,0.0,62.45,0,0.0
V0027,2022Q4,0.0,,0.0,0.0,,0.0,0.0,0.0,0.0,0.0,0.0,0.0,0.0,0.0,0.0,0.0,62.3,52.2,8.17,Batteries,United States,AMER,Tier 3,270800.0,False,"IATF16949, ISO9001, RoHS",1.0,0.009800000000000003,-0.01646369400802404,0.0,62.5,0,0.0
V0027,2023Q1,0.0,,0.0,0.0,,0.0,0.0,0.0,0.0,0.0,0.0,0.0,0.0,0.0,0.0,0.0,62.4,54.3,7.04,Batteries,United States,AMER,Tier 3,270800.0,False,"IATF16949, ISO9001, RoHS",,0.0,0.0,0.0,62.349999999999994,0,0.0
V0027,2023Q2,2.0,1.0,0.0,0.0,1.0,0.03209065400887789,0.03123128480461563,696673.752,0.0,1.0,0.012,0.0,0.0,0.0,0.0,0.0,62.6,62.9,7.16,Batteries,United States,AMER,Tier 3,270800.0,False,"IATF16949, ISO9001, RoHS",1.0,0.006,0.016045327004438944,0.0,62.5,0,0.0
V0027,2023Q3,2.0,1.0,0.5,0.7071067811865476,1.0,0.04246710340394807,0.08407165180121148,2213286.036,0.0,2.0,0.0116,0.0,0.0,0.0,0.0,0.0,62.8,68.0,8.23,Batteries,United States,AMER,Tier 3,270800.0,False,"IATF16949, ISO9001, RoHS",1.0,0.0118,0.03727887870641298,0.0,62.7,0,1.0
V0027,2023Q4,2.0,0.5,6.0,8.48528137423857,1.0,0.070256256564076,0.04245315227723133,856105.792,0.0,2.0,0.02215,0.0,0.0,0.0,0.0,0.0,62.3,58.2,7.97,Batteries,United States,AMER,Tier 3,270800.0,False,"IATF16949, ISO9001, RoHS",0.75,0.016875,0.056361679984012036,0.0,62.55,1,0.0
V0027,2024Q1,3.0,1.0,1.0,1.0,1.0,0.03051394681983932,0.0633898110067625,266028.588,0.0,1.0,0.0286,0.0,0.0,0.0,0.0,0.0,62.6,55.1,9.06,Batteries,United States,AMER,Tier 3,270800.0,False,"IATF16949, ISO9001, RoHS",0.75,0.025375,0.05038510169195766,0.0,62.45,0,1.0
V0027,2024Q2,3.0,0.6666666666666666,1.3333333333333333,2.3094010767585034,1.0,0.029159580690423587,0.025485216169340578,246558.724,0.0,2.0,0.01765,0.0,0.0,0.0,0.0,0.0,62.4,53.7,4.54,Batteries,United States,AMER,Tier 3,270800.0,False,"IATF16949, ISO9001, RoHS",0.8333333333333333,0.023125,0.029836763755131453,0.0,62.5,1,0.0
V0027,2024Q3,3.0,1.0,0.0,0.0,1.0,-0.02104117511930824,0.05232123086203626,821200.6,0.0,1.0,0.0259,0.0,0.0,0.0,0.0,0.0,62.1,58.9,6.97,Batteries,United States,AMER,Tier 3,270800.0,False,"IATF16949, ISO9001, RoHS",0.8333333333333333,0.021775,0.004059202785557674,0.0,62.25,0,0.0
V0027,2024Q4,3.0,1.0,0.3333333333333333,0.5773502691896258,1.0,-0.035935595798283405,0.13498860343154434,231391.316,0.0,2.0,0.0167,0.0,0.0,0.0,0.0,0.0,62.0,58.1,8.61,Batteries,United States,AMER,Tier 3,270800.0,False,"IATF16949, ISO9001, RoHS",1.0,0.0213,-0.028488385458795822,0.0,62.05,0,0.0
V0027,2025Q1,2.0,1.0,0.0,0.0,1.0,-0.045855056532589374,0.01786567420512461,1152498.7820000001,0.5,0.0,0.0,0.0,0.0,0.0,0.0,0.0,62.6,57.1,10.39,Batteries,United States,AMER,Tier 3,270800.0,False,"IATF16949, ISO9001, RoHS",1.0,0.00835,-0.04089532616543639,0.0,62.3,0,1.0
V0027,2025Q2,2.0,0.5,4.0,4.242640687119285,0.9208004509582863,0.02670396497276261,0.12990958190216592,85322.45999999999,0.0,0.0,0.0,0.0,0.0,0.0,0.0,0.0,62.3,58.5,12.05,Batteries,United States,AMER,Tier 3,270800.0,False,"IATF16949, ISO9001, RoHS",0.75,0.0,-0.009575545779913382,0.0,62.45,1,0.0
V0027,2025Q3,4.0,0.75,7.25,14.5,0.9354748120790247,-0.01321823924514657,0.15208816319819682,575865.1680000001,0.0,3.0,0.017633333333333334,0.0,0.0,0.0,0.0,0.0,61.9,61.7,8.3,Batteries,United States,AMER,Tier 3,270800.0,False,"IATF16949, ISO9001, RoHS",0.625,0.008816666666666667,0.00674286286380802,0.0,62.099999999999994,0,1.0
V0027,2025Q4,2.0,0.5,11.5,16.263455967290593,0.7350577672279311,-0.07518589193212216,0.05550270026449311,161133.877,0.0,0.0,0.0,0.0,0.0,0.0,0.0,0.0,62.5,58.7,7.3,Batteries,United States,AMER,Tier 3,270800.0,False,"IATF16949, ISO9001, RoHS",0.625,0.008816666666666667,-0.04420206558863436,0.0,62.2,1,0.0
V0027,2026Q1,3.0,1.0,0.0,0.0,1.0,0.028353671931601362,0.05290271792079734,405519.208,0.0,0.0,0.0,0.0,0.0,0.0,0.0,0.0,62.9,55.6,4.21,Batteries,United States,AMER,Tier 3,270800.0,False,"IATF16949, ISO9001, RoHS",0.75,0.0,-0.0234161100002604,0.0,62.7,0,0.0
V0027,2026Q2,3.0,1.0,0.3333333333333333,0.5773502691896258,1.0,-0.02255431222975589,0.044435258970803124,828265.892,0.3333333333333333,2.0,0.01895,0.0,0.0,0.0,0.0,0.0,63.1,52.0,6.32,Batteries,United States,AMER,Tier 3,270800.0,False,"IATF16949, ISO9001, RoHS",1.0,0.009475,0.0028996798509227355,0.0,63.0,0,
V0028,2022Q1,6.0,1.0,0.16666666666666666,0.408248290463863,1.0,0.00809963207568086,0.01971216778550986,781317.8179999999,0.16666666666666666,2.0,0.00445,0.0,0.0,0.0,0.0,0.0,73.2,51.8,2.51,Connectors,China,APAC,Tier 1,13705400.0,False,"IATF16949, ISO9001, REACH",1.0,0.00445,0.00809963207568086,0.0,73.2,0,1.0
V0028,2022Q2,12.0,0.6666666666666666,8.75,17.60746226100534,1.0,-0.019184738468706455,0.06012339870684411,1936749.304,0.0,5.0,0.0060999999999999995,0.0,0.0,0.0,0.0,0.0,72.7,53.8,8.76,Connectors,China,APAC,Tier 1,13705400.0,False,"IATF16949, ISO9001, REACH",0.8333333333333333,0.005275,-0.005542553196512798,0.0,72.95,1,0.0
V0028,2022Q3,9.0,0.7777777777777778,7.0,12.786711852544423,0.9676703896074503,-0.007170690704402585,0.029961515221098002,478818.24199999997,0.1111111111111111,5.0,0.010339999999999998,0.0,0.0,0.0,0.0,0.0,72.8,37.7,0.0,Connectors,China,APAC,Tier 1,13705400.0,False,"IATF16949, ISO9001, REACH",0.7222222222222222,0.00822,-0.01317771458655452,0.0,72.75,0,0.0
V0028,2022Q4,12.0,0.9166666666666666,1.0,2.8919952219248843,1.0,-0.02908458069088977,0.04658039350829285,463473.01800000004,0.0,8.0,0.0086375,0.0,0.0,0.0,0.0,0.0,73.0,50.6,5.69,Connectors,China,APAC,Tier 1,13705400.0,False,"IATF16949, ISO9001, REACH",0.8472222222222222,0.00948875,-0.01812763569764618,0.0,72.9,0,0.0
V0028,2023Q1,11.0,0.9090909090909091,0.9090909090909091,1.044465935734187,1.0,-0.005606809302490243,0.029556658508242326,734658.174,0.0,11.0,0.009345454545454546,0.0,0.0,0.0,0.0,0.0,72.6,49.7,5.07,Connectors,China,APAC,Tier 1,13705400.0,False,"IATF16949, ISO9001, REACH",0.9128787878787878,0.008991477272727273,-0.017345694996690007,0.0,72.8,0,0.0
V0028,2023Q2,13.0,0.9230769230769231,0.38461538461538464,1.1208970766356101,1.0,-0.006142272702889439,0.04848307399666654,1109036.616,0.0,7.0,0.0064,0.0,0.0,0.0,0.0,0.0,72.3,44.0,3.17,Connectors,China,APAC,Tier 1,13705400.0,False,"IATF16949, ISO9001, REACH",0.916083916083916,0.007872727272727274,-0.005874541002689841,0.0,72.44999999999999,0,0.0
V0028,2023Q3,21.0,0.9523809523809523,0.38095238095238093,0.9734572654303051,1.0,-0.009018348142111747,0.04579755076963955,1862756.615,0.0,12.0,0.008741666666666667,0.0,0.0,0.0,0.0,0.0,73.0,47.1,5.36,Connectors,China,APAC,Tier 1,13705400.0,False,"IATF16949, ISO9001, REACH",0.9377289377289377,0.007570833333333334,-0.007580310422500593,0.0,72.65,0,1.0
V0028,2023Q4,11.0,0.7272727272727273,2.0,3.492849839314596,1.0,0.009018482584703018,0.029418533927380412,1030504.1630000001,0.09090909090909091,6.0,0.010416666666666666,0.0,0.0,0.0,0.0,0.0,73.3,47.8,4.39,Connectors,China,APAC,Tier 1,13705400.0,False,"IATF16949, ISO9001, REACH",0.8398268398268398,0.009579166666666666,6.722129563575818e-08,0.0,73.15,1,1.0
V0028,2024Q1,16.0,0.4375,14.5,20.162671780628017,1.0,0.003396430675641492,0.03298873946837047,1348569.706,0.0,8.0,0.0096875,0.0,0.0,0.0,0.0,0.0,72.3,69.1,6.16,Connectors,China,APAC,Tier 1,13705400.0,False,"IATF16949, ISO9001, REACH",0.5823863636363636,0.010052083333333333,0.0062074566301722565,0.0,72.8,1,0.0
V0028,2024Q2,16.0,0.75,3.375,6.458844065826847,0.9818016684607105,-0.007906696172276288,0.05523438907941444,1654355.043,0.0,11.0,0.0083,0.0,0.0,0.0,0.0,0.0,71.9,49.2,4.71,Connectors,China,APAC,Tier 1,13705400.0,False,"IATF16949, ISO9001, REACH",0.59375,0.00899375,-0.0022551327483173967,0.0,72.1,0,0.0
V0028,2024Q3,15.0,0.8666666666666667,1.2,3.363671463488329,1.0,0.008104962609316606,0.04309974755406247,1735434.5150000001,0.06666666666666667,11.0,0.010481818181818182,0.0,0.0,0.0,0.0,0.0,72.7,48.9,2.75,Connectors,China,APAC,Tier 1,13705400.0,False,"IATF16949, ISO9001, REACH",0.8083333333333333,0.009390909090909092,9.913321852016068e-05,0.0,72.30000000000001,0,0.0
V0028,2024Q4,13.0,0.9230769230769231,0.46153846153846156,0.9674179220468452,1.0,-0.0029398765899962286,0.04428271025011484,1400195.9890000003,0.0,7.0,0.011028571428571428,0.0,0.0,0.0,0.0,0.0,72.6,32.5,3.88,Connectors,China,APAC,Tier 1,13705400.0,False,"IATF16949, ISO9001, REACH",0.8948717948717949,0.010755194805194806,0.0025825430096601907,0.0,72.65,0,1.0
V0028,2025Q1,12.0,0.5833333333333334,3.1666666666666665,3.95045068391704,0.9775003682427457,0.008745508393761715,0.04821773848961468,1224407.2880000002,0.08333333333333333,9.0,0.006322222222222222,0.0,0.0,0.0,0.0,0.0,72.7,44.5,4.53,Connectors,China,APAC,Tier 1,13705400.0,False,"IATF16949, ISO9001, REACH",0.7532051282051282,0.008675396825396826,0.002902815901882745,0.0,72.65,1,0.0
V0028,2025Q2,11.0,1.0,0.2727272727272727,0.6466697906828632,0.98792961057112,0.04561222338233146,0.052707738647624305,510499.173,0.0,11.0,0.009045454545454546,0.0,0.0,0.0,0.0,0.0,72.6,33.7,5.66,Connectors,China,APAC,Tier 1,13705400.0,False,"IATF16949, ISO9001, REACH",0.7916666666666666,0.007683838383838384,0.027178865888046588,0.0,72.65,0,1.0
V0028,2025Q3,15.0,0.6,5.6,8.60066442616084,1.0,0.008935160967301976,0.056065231569579564,1364663.9949999999,0.06666666666666667,11.0,0.007618181818181818,0.0,0.0,0.0,0.0,0.0,72.6,48.8,6.69,Connectors,China,APAC,Tier 1,13705400.0,False,"IATF16949, ISO9001, REACH",0.7999999999999999,0.008331818181818182,0.02727369217481672,0.0,72.6,1,0.0
V0028,2025Q4,12.0,0.75,5.583333333333333,15.388651859750617,1.0,-0.016071878604211047,0.07459230996819008,789616.0149999999,0.0,10.0,0.0107,0.0,0.0,0.0,0.0,0.0,72.0,55.4,5.5,Connectors,China,APAC,Tier 1,13705400.0,False,"IATF16949, ISO9001, REACH",0.6749999999999999,0.009159090909090908,-0.0035683588184545357,0.0,72.3,0,0.0
V0028,2026Q1,9.0,0.8888888888888888,1.5555555555555556,3.2829526005987018,1.0,0.01182001085617525,0.05342315473583075,1128034.3939999999,0.1111111111111111,6.0,0.00475,0.0,0.0,0.0,0.0,0.0,72.4,53.4,3.46,Connectors,China,APAC,Tier 1,13705400.0,False,"IATF16949, ISO9001, REACH",0.8194444444444444,0.007724999999999999,-0.002125933874017899,0.0,72.2,0,0.0
V0028,2026Q2,9.0,0.8888888888888888,0.5555555555555556,1.3333333333333333,0.9755626958053037,-0.007779289360505452,0.03583266591623798,442393.161,0.0,8.0,0.007575,0.0,0.0,0.0,0.0,0.0,73.3,58.7,2.07,Connectors,China,APAC,Tier 1,13705400.0,False,"IATF16949, ISO9001, REACH",0.8888888888888888,0.006162500000000001,0.0020203607478348987,0.0,72.85,0,
V0029,2022Q1,1.0,1.0,0.0,0.0,1.0,0.017784963621665154,0.0,66281.314,1.0,0.0,0.0,0.0,0.0,0.0,0.0,0.0,72.9,49.2,1.0,Packaging,Germany,EMEA,Tier 3,316400.0,True,"ISO9001, REACH, RoHS",1.0,0.0,0.017784963621665154,0.0,72.9,0,0.0
V0029,2022Q2,2.0,1.0,0.5,0.7071067811865476,1.0,0.0073434272499737045,0.036288540518592184,2477.034,0.0,2.0,0.01065,0.0,0.0,0.0,0.0,0.0,72.7,53.9,4.14,Packaging,Germany,EMEA,Tier 3,316400.0,True,"ISO9001, REACH, RoHS",1.0,0.005325,0.01256419543581943,0.0,72.80000000000001,0,0.0
V0029,2022Q3,1.0,1.0,1.0,0.0,1.0,0.05475649760282605,0.0,26200.239999999998,0.0,1.0,0.0057,0.0,0.0,0.0,0.0,0.0,72.3,48.9,1.9,Packaging,Germany,EMEA,Tier 3,316400.0,True,"ISO9001, REACH, RoHS",1.0,0.008175,0.031049962426399874,0.0,72.5,0,0.0
V0029,2022Q4,2.0,1.0,1.0,1.4142135623730951,1.0,-0.009141163172193243,0.06381662781457673,14929.871,0.0,2.0,0.009600000000000001,0.0,0.0,0.0,0.0,0.0,72.2,67.1,4.49,Packaging,Germany,EMEA,Tier 3,316400.0,True,"ISO9001, REACH, RoHS",1.0,0.0076500000000000005,0.0228076672153164,0.0,72.25,0,0.0
V0029,2023Q1,3.0,1.0,0.3333333333333333,0.5773502691896258,1.0,0.0023132536235632556,0.025268695973988224,31285.872000000003,0.3333333333333333,2.0,0.00835,0.0,0.0,0.0,0.0,0.0,72.5,56.0,4.42,Packaging,Germany,EMEA,Tier 3,316400.0,True,"ISO9001, REACH, RoHS",1.0,0.008975,-0.00341395477431499,0.0,72.35,0,0.0
V0029,2023Q2,2.0,1.0,0.0,0.0,1.0,-0.00541612635347985,0.03985706601861098,46890.630999999994,0.0,2.0,0.0063,0.0,0.0,0.0,0.0,0.0,72.6,53.9,4.17,Packaging,Germany,EMEA,Tier 3,316400.0,True,"ISO9001, REACH, RoHS",1.0,0.007325,-0.0015514363649582934,0.0,72.55,0,0.0
V0029,2023Q3,1.0,1.0,0.0,0.0,1.0,0.01434127369956251,0.0,73891.311,0.0,0.0,0.0,0.0,0.0,0.0,0.0,0.0,72.7,49.4,3.03,Packaging,Germany,EMEA,Tier 3,316400.0,True,"ISO9001, REACH, RoHS",1.0,0.00315,0.004462573673041334,0.0,72.65,0,0.0
V0029,2023Q4,4.0,1.0,1.0,0.816496580927726,1.0,-0.005296657795744241,0.02181332976613962,138605.26,0.0,4.0,0.006925,0.0,0.0,0.0,0.0,0.0,72.3,44.4,3.33,Packaging,Germany,EMEA,Tier 3,316400.0,True,"ISO9001, REACH, RoHS",1.0,0.0034625,0.004522307951909138,0.0,72.5,0,1.0
V0029,2024Q1,1.0,0.0,35.0,0.0,1.0,0.04052684903748726,0.0,8783.930999999999,0.0,0.0,0.0,0.0,0.0,0.0,0.0,0.0,71.9,64.7,6.52,Packaging,Germany,EMEA,Tier 3,316400.0,True,"ISO9001, REACH, RoHS",0.5,0.0034625,0.01761509562087151,0.0,72.1,1,1.0
V0029,2024Q2,3.0,0.6666666666666666,7.0,12.12435565298214,1.0,0.02148219163628931,0.02732063536115497,28420.413999999997,0.0,2.0,0.00845,0.0,0.0,0.0,0.0,0.0,71.7,48.7,5.59,Packaging,Germany,EMEA,Tier 3,316400.0,True,"ISO9001, REACH, RoHS",0.3333333333333333,0.004225,0.031004520336888292,0.0,71.80000000000001,1,0.0
V0029,2024Q3,1.0,1.0,1.0,0.0,1.0,-0.0208566108007449,0.0,20737.552,0.0,1.0,0.006,0.0,0.0,0.0,0.0,0.0,71.5,60.5,2.12,Packaging,Germany,EMEA,Tier 3,316400.0,True,"ISO9001, REACH, RoHS",0.8333333333333333,0.007225,0.0003127904177722095,0.0,71.6,0,1.0
V0029,2024Q4,4.0,1.0,0.0,0.0,0.988951104889511,0.019720934560449644,0.047214511931418846,78859.148,0.0,3.0,0.008333333333333333,0.0,0.0,1.0,4.0,28.0,71.8,66.3,4.9,Packaging,Germany,EMEA,Tier 3,316400.0,True,"ISO9001, REACH, RoHS",1.0,0.007166666666666667,-0.0005678381201476238,2.0,71.65,1,0.0
V0029,2025Q1,5.0,1.0,0.8,0.4472135954999579,1.0,0.022939498884944926,0.06178142593522579,96709.671,0.0,5.0,0.006279999999999999,0.0,0.0,0.0,0.0,0.0,71.0,56.3,3.82,Packaging,Germany,EMEA,Tier 3,316400.0,True,"ISO9001, REACH, RoHS",1.0,0.007306666666666666,0.02133021672269729,2.0,71.4,0,0.0
V0029,2025Q2,4.0,1.0,0.25,0.5,1.0,0.0034566789613481985,0.061656336570668754,115895.756,0.25,4.0,0.01295,0.0,0.0,0.0,0.0,0.0,70.5,55.2,6.53,Packaging,Germany,EMEA,Tier 3,316400.0,True,"ISO9001, REACH, RoHS",1.0,0.009614999999999999,0.013198088923146566,0.0,70.75,0,0.0
V0029,2025Q3,4.0,0.75,1.0,2.0,1.0,0.04994904402902901,0.01885386748025146,85071.068,0.0,4.0,0.0092,0.0,0.0,0.0,0.0,0.0,70.1,57.2,5.95,Packaging,Germany,EMEA,Tier 3,316400.0,True,"ISO9001, REACH, RoHS",0.875,0.011075,0.02670286149518861,0.0,70.3,0,0.0
V0029,2025Q4,1.0,1.0,0.0,0.0,1.0,-0.04922515952597999,0.0,3387.6639999999998,0.0,1.0,0.0033,0.0,0.0,0.0,0.0,0.0,70.5,54.7,6.11,Packaging,Germany,EMEA,Tier 3,316400.0,True,"ISO9001, REACH, RoHS",0.875,0.00625,0.00036194225152451354,0.0,70.3,0,1.0
V0029,2026Q1,1.0,0.0,30.0,0.0,1.0,-0.03536977491961413,0.0,1045.8,0.0,1.0,0.0065,0.0,0.0,0.0,0.0,0.0,70.3,52.5,4.65,Packaging,Germany,EMEA,Tier 3,316400.0,True,"ISO9001, REACH, RoHS",0.5,0.0049,-0.04229746722279706,0.0,70.4,1,0.0
V0029,2026Q2,4.0,1.0,0.75,0.5,1.0,-0.01557894786878785,0.04760628318732169,66998.30500000001,0.0,4.0,0.006125,0.0,0.0,0.0,0.0,0.0,70.5,53.3,6.07,Packaging,Germany,EMEA,Tier 3,316400.0,True,"ISO9001, REACH, RoHS",0.5,0.0063125,-0.025474361394200985,0.0,70.4,0,
V0030,2022Q1,1.0,1.0,0.0,0.0,1.0,-0.03940743392933058,0.0,751677.186,0.0,1.0,0.0058,0.0,0.0,0.0,0.0,0.0,72.8,47.8,8.5,Displays,Mexico,AMER,Tier 3,58600.0,True,"IATF16949, ISO14001, REACH",1.0,0.0058,-0.03940743392933058,0.0,72.8,0,0.0
V0030,2022Q2,0.0,,0.0,0.0,,0.0,0.0,0.0,0.0,0.0,0.0,0.0,0.0,0.0,0.0,0.0,72.3,57.1,8.95,Displays,Mexico,AMER,Tier 3,58600.0,True,"IATF16949, ISO14001, REACH",1.0,0.0029,-0.01970371696466529,0.0,72.55,0,0.0
V0030,2022Q3,3.0,1.0,0.0,0.0,1.0,-0.012340521417687858,0.01671772735966326,2139118.1520000002,0.3333333333333333,1.0,0.0062,0.0,0.0,0.0,0.0,0.0,71.9,59.4,5.63,Displays,Mexico,AMER,Tier 3,58600.0,True,"IATF16949, ISO14001, REACH",1.0,0.0031,-0.006170260708843929,0.0,72.1,0,0.0
V0030,2022Q4,0.0,,0.0,0.0,,0.0,0.0,0.0,0.0,0.0,0.0,0.0,0.0,0.0,0.0,0.0,72.3,51.5,2.76,Displays,Mexico,AMER,Tier 3,58600.0,True,"IATF16949, ISO14001, REACH",1.0,0.0031,-0.006170260708843929,0.0,72.1,0,0.0
V0030,2023Q1,1.0,1.0,0.0,0.0,1.0,0.06988264054185697,0.0,109313.68500000001,0.0,0.0,0.0,0.0,0.0,0.0,0.0,0.0,72.1,48.2,6.3,Displays,Mexico,AMER,Tier 3,58600.0,True,"IATF16949, ISO14001, REACH",1.0,0.0,0.034941320270928486,0.0,72.19999999999999,0,0.0
V0030,2023Q2,1.0,1.0,0.0,0.0,1.0,-0.028788155730213785,0.0,1063071.945,0.0,1.0,0.0077,0.0,0.0,0.0,0.0,0.0,72.7,60.1,3.46,Displays,Mexico,AMER,Tier 3,58600.0,True,"IATF16949, ISO14001, REACH",1.0,0.00385,0.020547242405821592,0.0,72.4,0,0.0
V0030,2023Q3,0.0,,0.0,0.0,,0.0,0.0,0.0,0.0,0.0,0.0,0.0,0.0,0.0,0.0,0.0,72.4,49.8,7.79,Displays,Mexico,AMER,Tier 3,58600.0,True,"IATF16949, ISO14001, REACH",1.0,0.00385,-0.014394077865106892,0.0,72.55000000000001,0,0.0
V0030,2023Q4,2.0,1.0,0.0,0.0,1.0,-0.012120966672382081,0.09107140929071625,1059525.764,0.5,2.0,0.012199999999999999,0.0,0.0,0.0,0.0,0.0,72.5,47.2,7.18,Displays,Mexico,AMER,Tier 3,58600.0,True,"IATF16949, ISO14001, REACH",1.0,0.0060999999999999995,-0.0060604833361910405,0.0,72.45,0,0.0
V0030,2024Q1,2.0,1.0,0.0,0.0,1.0,0.009715560243561547,0.03158443225891616,1586538.434,0.0,1.0,0.0078,0.0,0.0,0.0,0.0,0.0,72.1,46.7,1.65,Displays,Mexico,AMER,Tier 3,58600.0,True,"IATF16949, ISO14001, REACH",1.0,0.009999999999999998,-0.0012027032144102667,0.0,72.3,0,0.0
V0030,2024Q2,1.0,1.0,1.0,0.0,0.8482732826330881,-0.024229458743216907,0.0,1104813.108,0.0,1.0,0.0007,0.0,0.0,0.0,0.0,0.0,72.7,53.2,5.98,Displays,Mexico,AMER,Tier 3,58600.0,True,"IATF16949, ISO14001, REACH",1.0,0.0042499999999999994,-0.00725694924982768,0.0,72.4,0,1.0
V0030,2024Q3,2.0,0.5,3.0,4.242640687119285,0.8642831732479545,0.0007743955554658831,0.0219309422863892,4451419.379999999,0.0,0.0,0.0,0.0,0.0,0.0,0.0,0.0,72.4,58.0,0.0,Displays,Mexico,AMER,Tier 3,58600.0,True,"IATF16949, ISO14001, REACH",0.75,0.00035,-0.011727531593875512,0.0,72.55000000000001,1,1.0
V0030,2024Q4,2.0,0.5,6.5,9.192388155425117,1.0,0.011106925003827029,0.012048011917628075,223438.671,0.0,1.0,0.012,0.0,0.0,0.0,0.0,0.0,72.1,51.0,5.81,Displays,Mexico,AMER,Tier 3,58600.0,True,"IATF16949, ISO14001, REACH",0.5,0.006,0.005940660279646456,0.0,72.25,1,0.0
V0030,2025Q1,1.0,1.0,1.0,0.0,1.0,-0.06950653520985428,0.0,3689011.184,0.0,0.0,0.0,0.0,0.0,0.0,0.0,0.0,72.0,38.2,2.21,Displays,Mexico,AMER,Tier 3,58600.0,True,"IATF16949, ISO14001, REACH",0.75,0.006,-0.029199805103013628,0.0,72.05,0,0.0
V0030,2025Q2,0.0,,0.0,0.0,,0.0,0.0,0.0,0.0,0.0,0.0,0.0,0.0,0.0,0.0,0.0,71.5,71.3,6.58,Displays,Mexico,AMER,Tier 3,58600.0,True,"IATF16949, ISO14001, REACH",1.0,0.0,-0.03475326760492714,0.0,71.75,0,1.0
V0030,2025Q3,2.0,0.5,10.5,14.849242404917497,1.0,-0.06576334556574974,0.04101587894836005,278742.988,0.0,1.0,0.0093,0.0,0.0,0.0,0.0,0.0,71.1,45.0,3.56,Displays,Mexico,AMER,Tier 3,58600.0,True,"IATF16949, ISO14001, REACH",0.5,0.00465,-0.03288167278287487,0.0,71.3,1,0.0
V0030,2025Q4,1.0,1.0,0.0,0.0,1.0,0.027156984604109105,0.0,548628.5449999999,0.0,1.0,0.0092,0.0,0.0,0.0,0.0,0.0,71.1,51.6,9.51,Displays,Mexico,AMER,Tier 3,58600.0,True,"IATF16949, ISO14001, REACH",0.75,0.00925,-0.019303180480820317,0.0,71.1,0,0.0
V0030,2026Q1,1.0,1.0,0.0,0.0,1.0,-0.0832156595413156,0.0,73146.78,0.0,1.0,0.0053,0.0,0.0,0.0,0.0,0.0,71.1,53.7,2.59,Displays,Mexico,AMER,Tier 3,58600.0,True,"IATF16949, ISO14001, REACH",1.0,0.0072499999999999995,-0.028029337468603248,0.0,71.1,0,0.0
V0030,2026Q2,0.0,,0.0,0.0,,0.0,0.0,0.0,0.0,0.0,0.0,0.0,0.0,0.0,0.0,0.0,71.5,47.4,6.09,Displays,Mexico,AMER,Tier 3,58600.0,True,"IATF16949, ISO14001, REACH",1.0,0.00265,-0.0416078297706578,0.0,71.3,0,
V0031,2022Q1,0.0,,0.0,0.0,,0.0,0.0,0.0,0.0,0.0,0.0,0.0,0.0,0.0,0.0,0.0,73.1,60.9,4.42,Displays,Malaysia,APAC,Tier 3,105200.0,True,"IATF16949, REACH, RoHS",,0.0,0.0,0.0,73.1,0,0.0
V0031,2022Q2,2.0,1.0,1.0,1.4142135623730951,1.0,-0.07843134609465419,0.07130715294299499,1904292.7939999998,0.0,1.0,0.0151,0.0,0.0,0.0,0.0,0.0,72.8,51.4,3.38,Displays,Malaysia,APAC,Tier 3,105200.0,True,"IATF16949, REACH, RoHS",1.0,0.00755,-0.03921567304732709,0.0,72.94999999999999,0,0.0
V0031,2022Q3,1.0,1.0,2.0,0.0,1.0,-0.031158646930536785,0.0,425023.102,0.0,1.0,0.0078,0.0,0.0,0.0,0.0,0.0,73.0,49.2,5.53,Displays,Malaysia,APAC,Tier 3,105200.0,True,"IATF16949, REACH, RoHS",1.0,0.01145,-0.054794996512595485,0.0,72.9,0,1.0
V0031,2022Q4,1.0,0.0,3.0,0.0,1.0,-0.003923256928193967,0.0,2624524.608,0.0,1.0,0.0165,0.0,0.0,0.0,0.0,0.0,72.9,51.5,2.48,Displays,Malaysia,APAC,Tier 3,105200.0,True,"IATF16949, REACH, RoHS",0.5,0.012150000000000001,-0.017540951929365375,0.0,72.95,1,0.0
V0031,2023Q1,3.0,1.0,0.0,0.0,1.0,-0.044679022242128906,0.051938786166824374,2291142.043,0.0,2.0,0.007050000000000001,0.0,0.0,0.0,0.0,0.0,73.0,44.4,4.24,Displays,Malaysia,APAC,Tier 3,105200.0,True,"IATF16949, REACH, RoHS",0.5,0.011775,-0.024301139585161436,0.0,72.95,0,0.0
V0031,2023Q2,2.0,1.0,0.5,0.7071067811865476,1.0,0.01719998064230595,0.0016483704702333845,3203050.92,0.0,1.0,0.0112,0.0,0.0,0.0,0.0,0.0,72.9,57.6,2.58,Displays,Malaysia,APAC,Tier 3,105200.0,True,"IATF16949, REACH, RoHS",1.0,0.009125000000000001,-0.013739520799911477,0.0,72.95,0,0.0
V0031,2023Q3,4.0,0.75,2.5,5.0,1.0,0.022166772981031674,0.03060995829269221,2019291.832,0.0,2.0,0.0063,0.0,0.0,0.0,0.0,0.0,72.7,48.3,5.83,Displays,Malaysia,APAC,Tier 3,105200.0,True,"IATF16949, REACH, RoHS",0.875,0.00875,0.01968337681166881,0.0,72.80000000000001,0,0.0
V0031,2023Q4,1.0,1.0,0.0,0.0,1.0,0.0134903191233236,0.0,1158934.976,0.0,1.0,0.0035,0.0,0.0,0.0,0.0,0.0,72.7,49.0,3.3,Displays,Malaysia,APAC,Tier 3,105200.0,True,"IATF16949, REACH, RoHS",0.875,0.0049,0.017828546052177638,0.0,72.7,0,1.0
V0031,2024Q1,1.0,0.0,31.0,0.0,1.0,0.15987084378502447,0.0,4252615.600000001,0.0,0.0,0.0,0.0,0.0,0.0,0.0,0.0,72.4,53.9,4.41,Displays,Malaysia,APAC,Tier 3,105200.0,True,"IATF16949, REACH, RoHS",0.5,0.00175,0.08668058145417404,0.0,72.55000000000001,1,1.0
V0031,2024Q2,3.0,0.3333333333333333,9.666666666666666,10.969655114602888,0.9782101167315176,0.017582635557018892,0.07006082756131418,2574405.0700000003,0.0,1.0,0.0093,0.0,0.0,0.0,0.0,0.0,71.5,63.0,7.45,Displays,Malaysia,APAC,Tier 3,105200.0,True,"IATF16949, REACH, RoHS",0.16666666666666666,0.00465,0.08872673967102168,0.0,71.95,1,1.0
V0031,2024Q3,2.0,0.5,28.5,37.476659402887016,1.0,0.012284974441981048,0.01599339910533747,685625.485,0.0,0.0,0.0,0.0,0.0,0.0,0.0,0.0,70.7,63.9,5.64,Displays,Malaysia,APAC,Tier 3,105200.0,True,"IATF16949, REACH, RoHS",0.41666666666666663,0.00465,0.01493380499949997,0.0,71.1,1,0.0
V0031,2024Q4,1.0,1.0,0.0,0.0,1.0,-0.03940031990167993,0.0,142972.155,0.0,1.0,0.0056,0.0,0.0,0.0,0.0,0.0,71.0,45.1,3.08,Displays,Malaysia,APAC,Tier 3,105200.0,True,"IATF16949, REACH, RoHS",0.75,0.0028,-0.01355767272984944,0.0,70.85,0,0.0
V0031,2025Q1,0.0,,0.0,0.0,,0.0,0.0,0.0,0.0,0.0,0.0,0.0,0.0,0.0,0.0,0.0,70.8,44.7,3.51,Displays,Malaysia,APAC,Tier 3,105200.0,True,"IATF16949, REACH, RoHS",1.0,0.0028,-0.019700159950839964,0.0,70.9,0,1.0
V0031,2025Q2,6.0,0.6666666666666666,4.5,7.3143694191638975,1.0,0.04025007050024343,0.052582650410434036,4291369.4399999995,0.0,4.0,0.010475,0.0,0.0,0.0,0.0,0.0,70.8,57.4,6.8,Displays,Malaysia,APAC,Tier 3,105200.0,True,"IATF16949, REACH, RoHS",0.6666666666666666,0.0052375,0.020125035250121714,0.0,70.8,1,0.0
V0031,2025Q3,1.0,1.0,1.0,0.0,1.0,-0.0012995936902485444,0.0,2656964.037,0.0,0.0,0.0,0.0,0.0,0.0,0.0,0.0,71.2,58.3,5.05,Displays,Malaysia,APAC,Tier 3,105200.0,True,"IATF16949, REACH, RoHS",0.8333333333333333,0.0052375,0.01947523840499744,0.0,71.0,0,0.0
V0031,2025Q4,1.0,1.0,0.0,0.0,1.0,0.03981558603052457,0.0,1949127.6300000001,0.0,1.0,0.0109,0.0,0.0,0.0,0.0,0.0,71.2,53.5,3.31,Displays,Malaysia,APAC,Tier 3,105200.0,True,"IATF16949, REACH, RoHS",1.0,0.00545,0.01925799617013801,0.0,71.2,0,0.0
V0031,2026Q1,1.0,1.0,1.0,0.0,1.0,-0.02839648768194883,0.0,489604.65699999995,0.0,1.0,0.0049,0.0,0.0,0.0,0.0,0.0,72.0,55.7,5.01,Displays,Malaysia,APAC,Tier 3,105200.0,True,"IATF16949, REACH, RoHS",1.0,0.0079,0.00570954917428787,0.0,71.6,0,1.0
V0031,2026Q2,2.0,0.0,11.0,4.242640687119285,1.0,0.022893610922596678,0.09062032690072669,772258.8119999999,0.0,1.0,0.0088,0.0,0.0,0.0,0.0,0.0,72.2,54.1,4.6,Displays,Malaysia,APAC,Tier 3,105200.0,True,"IATF16949, REACH, RoHS",0.5,0.00685,-0.0027514383796760754,0.0,72.1,1,
V0032,2022Q1,0.0,,0.0,0.0,,0.0,0.0,0.0,0.0,0.0,0.0,0.0,0.0,0.0,0.0,0.0,73.0,56.4,4.08,Enclosures / Metal,Germany,EMEA,Tier 3,269900.0,True,"IATF16949, ISO14001",,0.0,0.0,0.0,73.0,0,0.0
V0032,2022Q2,1.0,1.0,1.0,0.0,1.0,-0.02051415216826803,0.0,5710.808,0.0,0.0,0.0,0.0,0.0,0.0,0.0,0.0,73.4,50.9,1.09,Enclosures / Metal,Germany,EMEA,Tier 3,269900.0,True,"IATF16949, ISO14001",1.0,0.0,-0.010257076084134014,0.0,73.2,0,0.0
V0032,2022Q3,0.0,,0.0,0.0,,0.0,0.0,0.0,0.0,0.0,0.0,0.0,0.0,0.0,0.0,0.0,73.5,46.4,2.0,Enclosures / Metal,Germany,EMEA,Tier 3,269900.0,True,"IATF16949, ISO14001",1.0,0.0,-0.010257076084134014,0.0,73.45,0,0.0
V0032,2022Q4,1.0,1.0,1.0,0.0,1.0,-0.025721634752786597,0.0,337341.00399999996,0.0,1.0,0.0077,0.0,0.0,0.0,0.0,0.0,73.3,40.8,5.55,Enclosures / Metal,Germany,EMEA,Tier 3,269900.0,True,"IATF16949, ISO14001",1.0,0.00385,-0.012860817376393299,0.0,73.4,0,1.0
V0032,2023Q1,3.0,0.6666666666666666,7.333333333333333,12.701705922171767,1.0,0.021529860918757946,0.038427956722459224,312435.468,0.3333333333333333,3.0,0.012433333333333333,0.0,0.0,0.0,0.0,0.0,73.4,51.4,1.62,Enclosures / Metal,Germany,EMEA,Tier 3,269900.0,True,"IATF16949, ISO14001",0.8333333333333333,0.010066666666666666,-0.0020958869170143255,0.0,73.35,1,0.0
V0032,2023Q2,2.0,1.0,0.0,0.0,1.0,-0.005817368497687998,0.1254998199725057,478080.37,0.0,0.0,0.0,0.0,0.0,0.0,0.0,0.0,73.5,62.2,4.37,Enclosures / Metal,Germany,EMEA,Tier 3,269900.0,True,"IATF16949, ISO14001",0.8333333333333333,0.006216666666666666,0.007856246210534974,0.0,73.45,0,0.0
V0032,2023Q3,1.0,1.0,0.0,0.0,1.0,-0.032184778492995066,0.0,7614.3240000000005,0.0,0.0,0.0,0.0,0.0,0.0,0.0,0.0,73.3,43.2,2.5,Enclosures / Metal,Germany,EMEA,Tier 3,269900.0,True,"IATF16949, ISO14001",1.0,0.0,-0.019001073495341532,0.0,73.4,0,0.0
V0032,2023Q4,0.0,,0.0,0.0,,0.0,0.0,0.0,0.0,0.0,0.0,0.0,0.0,0.0,0.0,0.0,73.8,47.3,0.75,Enclosures / Metal,Germany,EMEA,Tier 3,269900.0,True,"IATF16949, ISO14001",1.0,0.0,-0.016092389246497533,0.0,73.55,0,0.0
V0032,2024Q1,5.0,0.8,1.6,3.577708763999664,0.9619352336629824,0.06467115342339633,0.05700240039346913,1086043.246,0.0,3.0,0.0033333333333333327,0.0,0.0,0.0,0.0,0.0,73.4,54.8,3.98,Enclosures / Metal,Germany,EMEA,Tier 3,269900.0,True,"IATF16949, ISO14001",0.8,0.0016666666666666663,0.032335576711698163,0.0,73.6,0,1.0
V0032,2024Q2,3.0,0.3333333333333333,21.333333333333332,31.0859024854247,1.0,0.013487212426839331,0.1025149896615705,260167.44600000003,0.0,1.0,0.0103,0.0,0.0,0.0,0.0,0.0,73.1,55.4,6.37,Enclosures / Metal,Germany,EMEA,Tier 3,269900.0,True,"IATF16949, ISO14001",0.5666666666666667,0.006816666666666666,0.03907918292511783,0.0,73.25,1,1.0
V0032,2024Q3,3.0,0.6666666666666666,4.333333333333333,7.505553499465135,1.0,-0.01743184378682289,0.08998502847533237,1387233.3019999997,0.0,2.0,0.01395,0.0,0.0,0.0,0.0,0.0,73.1,58.9,4.88,Enclosures / Metal,Germany,EMEA,Tier 3,269900.0,True,"IATF16949, ISO14001",0.5,0.012125,-0.0019723156799917804,0.0,73.1,1,0.0
V0032,2024Q4,3.0,1.0,0.6666666666666666,0.5773502691896258,1.0,0.03389711182871349,0.0231282150866385,405680.197,0.0,1.0,0.0077,0.0,0.0,0.0,0.0,0.0,73.3,44.1,0.75,Enclosures / Metal,Germany,EMEA,Tier 3,269900.0,True,"IATF16949, ISO14001",0.8333333333333334,0.010825000000000001,0.008232634020945297,0.0,73.19999999999999,0,0.0
V0032,2025Q1,3.0,1.0,0.3333333333333333,0.5773502691896258,1.0,-0.00104293750108914,0.0041711187684809505,656817.6599999999,0.0,3.0,0.0119,0.0,0.0,0.0,0.0,0.0,74.0,54.4,1.88,Enclosures / Metal,Germany,EMEA,Tier 3,269900.0,True,"IATF16949, ISO14001",1.0,0.0098,0.016427087163812172,0.0,73.65,0,0.0
V0032,2025Q2,0.0,,0.0,0.0,,0.0,0.0,0.0,0.0,0.0,0.0,0.0,0.0,0.0,0.0,0.0,74.0,54.8,4.59,Enclosures / Metal,Germany,EMEA,Tier 3,269900.0,True,"IATF16949, ISO14001",1.0,0.00595,-0.00052146875054457,0.0,74.0,0,1.0
V0032,2025Q3,3.0,0.3333333333333333,7.666666666666667,7.094598884597588,1.0,0.05341230844395815,0.04859453016745325,99006.92899999999,0.0,2.0,0.0055000000000000005,0.0,0.0,0.0,0.0,0.0,73.5,56.1,7.87,Enclosures / Metal,Germany,EMEA,Tier 3,269900.0,True,"IATF16949, ISO14001",0.3333333333333333,0.0027500000000000003,0.026706154221979073,0.0,73.75,1,0.0
V0032,2025Q4,1.0,1.0,1.0,0.0,1.0,-0.03344638054028764,0.0,12885.135,0.0,1.0,0.0212,0.0,0.0,0.0,0.0,0.0,73.5,67.4,4.78,Enclosures / Metal,Germany,EMEA,Tier 3,269900.0,True,"IATF16949, ISO14001",0.6666666666666666,0.01335,0.009982963951835254,0.0,73.5,0,0.0
V0032,2026Q1,0.0,,0.0,0.0,,0.0,0.0,0.0,0.0,0.0,0.0,0.0,0.0,0.0,0.0,0.0,73.5,55.7,5.35,Enclosures / Metal,Germany,EMEA,Tier 3,269900.0,True,"IATF16949, ISO14001",1.0,0.0106,-0.01672319027014382,0.0,73.5,0,0.0
V0032,2026Q2,2.0,1.0,0.5,0.7071067811865476,1.0,0.022187745393140865,0.022533847962072,2217395.3140000002,0.0,2.0,0.00835,0.0,0.0,0.0,0.0,0.0,74.1,63.6,3.37,Enclosures / Metal,Germany,EMEA,Tier 3,269900.0,True,"IATF16949, ISO14001",1.0,0.004175,0.011093872696570433,0.0,73.8,0,
V0033,2022Q1,7.0,0.7142857142857143,9.0,20.058248511107177,0.9447936954036684,-0.01859138432885083,0.136691245207827,45535.688,0.0,5.0,0.03656,0.2,12.0,0.0,0.0,0.0,47.4,53.4,12.89,Passive Components,China,APAC,Tier 2,1029000.0,False,"IATF16949, ISO9001, REACH, RoHS",0.7142857142857143,0.03656,-0.01859138432885083,0.0,47.4,1,1.0
V0033,2022Q2,5.0,0.8,1.2,2.16794833886788,1.0,0.10451414546554454,0.28676892773787294,114376.39699999998,0.0,4.0,0.0576,0.5,16.5,0.0,0.0,0.0,46.9,83.4,18.04,Passive Components,China,APAC,Tier 2,1029000.0,False,"IATF16949, ISO9001, REACH, RoHS",0.7571428571428571,0.04708,0.04296138056834685,0.0,47.15,1,1.0
V0033,2022Q3,7.0,0.5714285714285714,5.0,6.904105059069326,0.9752405924363351,-0.028760280745171257,0.15801814718631524,88611.16799999999,0.0,5.0,0.041460000000000004,0.2,10.0,0.0,0.0,0.0,47.5,62.4,10.97,Passive Components,China,APAC,Tier 2,1029000.0,False,"IATF16949, ISO9001, REACH, RoHS",0.6857142857142857,0.049530000000000005,0.03787693236018664,0.0,47.2,1,0.0
V0033,2022Q4,9.0,0.8888888888888888,1.0,1.118033988749895,0.9716089922681436,0.017882728811401863,0.17077067019860456,34536.386999999995,0.0,3.0,0.024066666666666667,0.0,0.0,0.0,0.0,0.0,47.4,73.2,11.03,Passive Components,China,APAC,Tier 2,1029000.0,False,"IATF16949, ISO9001, REACH, RoHS",0.7301587301587301,0.03276333333333334,-0.00543877596688469,0.0,47.45,0,1.0
V0033,2023Q1,8.0,0.75,2.0,2.390457218668787,1.0,0.03215890801502596,0.07679797508437354,32972.574,0.0,7.0,0.0399,0.42857142857142855,11.0,0.0,0.0,0.0,47.3,77.3,14.19,Passive Components,China,APAC,Tier 2,1029000.0,False,"IATF16949, ISO9001, REACH, RoHS",0.8194444444444444,0.031983333333333336,0.025020818413213918,0.0,47.349999999999994,1,1.0
V0033,2023Q2,6.0,0.6666666666666666,5.0,5.932958789676531,1.0,-0.039356664964758536,0.19472777943055514,75167.13,0.0,2.0,0.0475,1.0,9.0,0.0,0.0,0.0,47.5,63.6,12.82,Passive Components,China,APAC,Tier 2,1029000.0,False,"IATF16949, ISO9001, REACH, RoHS",0.7083333333333333,0.0437,-0.0035988784748662815,0.0,47.4,1,1.0
V0033,2023Q3,9.0,0.7777777777777778,2.111111111111111,2.934469476943168,0.96551201836252,-0.014276651402119471,0.12083997003228587,34763.655,0.0,7.0,0.03377142857142857,0.2857142857142857,49.5,0.0,0.0,0.0,47.8,69.3,10.45,Passive Components,China,APAC,Tier 2,1029000.0,False,"IATF16949, ISO9001, REACH, RoHS",0.7222222222222222,0.04063571428571429,-0.026816658183438997,0.0,47.65,1,1.0
V0033,2023Q4,3.0,1.0,0.0,0.0,0.9928019892684204,-0.12386251269296202,0.09652592323078361,29175.457000000002,0.0,2.0,0.0459,0.5,37.0,0.0,0.0,0.0,47.6,71.6,14.74,Passive Components,China,APAC,Tier 2,1029000.0,False,"IATF16949, ISO9001, REACH, RoHS",0.8888888888888888,0.03983571428571429,-0.06906958204754074,0.0,47.7,1,1.0
V0033,2024Q1,7.0,0.42857142857142855,12.714285714285714,14.840420992616593,1.0,-0.015133379277525606,0.12759905749791053,91173.024,0.0,6.0,0.041466666666666666,0.16666666666666666,5.0,0.0,0.0,0.0,47.0,80.1,20.08,Passive Components,China,APAC,Tier 2,1029000.0,False,"IATF16949, ISO9001, REACH, RoHS",0.7142857142857143,0.04368333333333334,-0.0694979459852438,0.0,47.3,1,1.0
V0033,2024Q2,7.0,0.42857142857142855,7.428571428571429,7.020378500174637,0.9545653187025792,0.02348675649569549,0.24114671637984608,168407.884,0.0,5.0,0.05304,0.2,28.0,0.0,0.0,0.0,46.8,83.4,16.92,Passive Components,China,APAC,Tier 2,1029000.0,False,"IATF16949, ISO9001, REACH, RoHS",0.42857142857142855,0.04725333333333333,0.004176688609084949,0.0,46.9,1,1.0
V0033,2024Q3,6.0,0.5,8.0,9.20869154657707,1.0,-0.02383183545800925,0.09457036287443604,171802.456,0.0,4.0,0.025125,0.0,0.0,0.0,0.0,0.0,46.9,61.8,10.69,Passive Components,China,APAC,Tier 2,1029000.0,False,"IATF16949, ISO9001, REACH, RoHS",0.4642857142857143,0.0390825,-0.0001725394811568741,0.0,46.849999999999994,1,1.0
V0033,2024Q4,6.0,0.8333333333333334,1.0,2.0,0.9763633972424502,-0.035764063703963116,0.08035894804450097,205833.959,0.0,4.0,0.043899999999999995,0.25,13.0,0.0,0.0,0.0,46.8,64.1,13.28,Passive Components,China,APAC,Tier 2,1029000.0,False,"IATF16949, ISO9001, REACH, RoHS",0.6666666666666667,0.0345125,-0.029797949580986176,0.0,46.849999999999994,1,0.0
V0033,2025Q1,5.0,1.0,0.2,0.447213595499958,0.9594135639700454,-0.060885581939073584,0.12623085572392542,21046.784,0.0,2.0,0.0381,0.0,0.0,0.0,0.0,0.0,46.4,62.3,13.59,Passive Components,China,APAC,Tier 2,1029000.0,False,"IATF16949, ISO9001, REACH, RoHS",0.9166666666666667,0.040999999999999995,-0.04832482282151834,0.0,46.599999999999994,0,1.0
V0033,2025Q2,11.0,0.6363636363636364,2.3636363636363638,4.272533844751315,0.9945496702701074,-0.046260833301643794,0.13713546723827919,135456.54800000004,0.0,8.0,0.047412499999999996,0.5,11.0,0.0,0.0,0.0,46.2,68.0,16.56,Passive Components,China,APAC,Tier 2,1029000.0,False,"IATF16949, ISO9001, REACH, RoHS",0.8181818181818182,0.042756249999999996,-0.05357320762035868,0.0,46.3,1,0.0
V0033,2025Q3,7.0,0.8571428571428571,7.285714285714286,16.660475040389112,0.9591089730181971,-0.13198302701660114,0.15779131610133534,61550.84299999999,0.0,4.0,0.043625,0.0,0.0,0.0,0.0,0.0,46.1,76.0,16.0,Passive Components,China,APAC,Tier 2,1029000.0,False,"IATF16949, ISO9001, REACH, RoHS",0.7467532467532467,0.04551875,-0.08912193015912245,0.0,46.150000000000006,0,0.0
V0033,2025Q4,2.0,1.0,0.5,0.7071067811865476,1.0,0.027483864962144618,0.08740101349313054,2632.652,0.5,1.0,0.0289,0.0,0.0,0.0,0.0,0.0,46.0,69.5,15.0,Passive Components,China,APAC,Tier 2,1029000.0,False,"IATF16949, ISO9001, REACH, RoHS",0.9285714285714286,0.036262499999999996,-0.05224958102722825,0.0,46.05,0,1.0
V0033,2026Q1,6.0,0.6666666666666666,2.0,3.3466401061363023,1.0,-0.07584240187856757,0.1249072043514405,72506.65600000002,0.0,5.0,0.0328,0.0,0.0,0.0,0.0,0.0,46.3,72.5,12.63,Passive Components,China,APAC,Tier 2,1029000.0,False,"IATF16949, ISO9001, REACH, RoHS",0.8333333333333333,0.030850000000000002,-0.02417926845821146,0.0,46.15,1,1.0
V0033,2026Q2,6.0,0.6666666666666666,7.666666666666667,12.484657250668386,0.9914072632944229,-0.05281147894576386,0.10302239059841234,164224.59100000001,0.0,5.0,0.03064,0.2,8.0,0.0,0.0,0.0,46.4,72.0,9.06,Passive Components,China,APAC,Tier 2,1029000.0,False,"IATF16949, ISO9001, REACH, RoHS",0.6666666666666666,0.031720000000000005,-0.06432694041216569,0.0,46.349999999999994,1,
V0034,2022Q1,0.0,,0.0,0.0,,0.0,0.0,0.0,0.0,0.0,0.0,0.0,0.0,0.0,0.0,0.0,82.1,49.9,0.0,PCB / PCBA,Malaysia,APAC,Tier 3,94200.0,False,"IATF16949, ISO14001, REACH",,0.0,0.0,0.0,82.1,0,0.0
V0034,2022Q2,1.0,1.0,0.0,0.0,0.7623501199040768,0.002683538004940613,0.0,179359.18,0.0,1.0,0.0043,0.0,0.0,0.0,0.0,0.0,81.9,63.4,4.15,PCB / PCBA,Malaysia,APAC,Tier 3,94200.0,False,"IATF16949, ISO14001, REACH",1.0,0.00215,0.0013417690024703065,0.0,82.0,0,0.0
V0034,2022Q3,0.0,,0.0,0.0,,0.0,0.0,0.0,0.0,0.0,0.0,0.0,0.0,0.0,0.0,0.0,81.3,45.7,0.42,PCB / PCBA,Malaysia,APAC,Tier 3,94200.0,False,"IATF16949, ISO14001, REACH",1.0,0.00215,0.0013417690024703065,0.0,81.6,0,0.0
V0034,2022Q4,4.0,0.75,5.0,10.0,1.0,0.0116683727680523,0.02217786109106284,2095308.4900000002,0.0,4.0,0.00405,0.0,0.0,0.0,0.0,0.0,81.4,47.3,3.34,PCB / PCBA,Malaysia,APAC,Tier 3,94200.0,False,"IATF16949, ISO14001, REACH",0.75,0.002025,0.00583418638402615,0.0,81.35,0,0.0
V0034,2023Q1,0.0,,0.0,0.0,,0.0,0.0,0.0,0.0,0.0,0.0,0.0,0.0,0.0,0.0,0.0,81.5,43.5,4.86,PCB / PCBA,Malaysia,APAC,Tier 3,94200.0,False,"IATF16949, ISO14001, REACH",0.75,0.002025,0.00583418638402615,0.0,81.45,0,0.0
V0034,2023Q2,3.0,1.0,0.6666666666666666,0.5773502691896258,1.0,0.012290649876063134,0.02301292474398489,1113111.0750000002,0.0,2.0,0.00265,0.0,0.0,0.0,0.0,0.0,81.3,37.3,1.46,PCB / PCBA,Malaysia,APAC,Tier 3,94200.0,False,"IATF16949, ISO14001, REACH",1.0,0.001325,0.006145324938031567,0.0,81.4,0,1.0
V0034,2023Q3,3.0,0.6666666666666666,6.666666666666667,9.865765724632494,1.0,0.02662921716697354,0.01352800833287136,348649.65,0.0,2.0,0.0040999999999999995,0.0,0.0,0.0,0.0,0.0,81.3,40.0,3.09,PCB / PCBA,Malaysia,APAC,Tier 3,94200.0,False,"IATF16949, ISO14001, REACH",0.8333333333333333,0.0033749999999999995,0.019459933521518338,0.0,81.3,1,0.0
V0034,2023Q4,2.0,1.0,0.0,0.0,1.0,-0.005877176557916943,0.002378103309786635,884844.1220000001,0.0,0.0,0.0,0.0,0.0,0.0,0.0,0.0,81.2,49.2,0.0,PCB / PCBA,Malaysia,APAC,Tier 3,94200.0,False,"IATF16949, ISO14001, REACH",0.8333333333333333,0.0020499999999999997,0.010376020304528298,0.0,81.25,0,0.0
V0034,2024Q1,5.0,0.8,1.0,2.23606797749979,1.0,0.00424245497902275,0.017484573246773397,2086230.748,0.0,3.0,0.0022666666666666664,0.0,0.0,0.0,0.0,0.0,80.6,58.6,1.87,PCB / PCBA,Malaysia,APAC,Tier 3,94200.0,False,"IATF16949, ISO14001, REACH",0.8999999999999999,0.0011333333333333332,-0.0008173607894470985,0.0,80.9,0,0.0
V0034,2024Q2,0.0,,0.0,0.0,,0.0,0.0,0.0,0.0,0.0,0.0,0.0,0.0,0.0,0.0,0.0,80.2,61.4,5.79,PCB / PCBA,Malaysia,APAC,Tier 3,94200.0,False,"IATF16949, ISO14001, REACH",0.8,0.0011333333333333332,0.002121227489511373,0.0,80.4,0,0.0
V0034,2024Q3,3.0,1.0,0.3333333333333333,0.5773502691896258,1.0,0.0049521127938568325,0.009194129578695047,1269109.324,0.0,1.0,0.0051,0.0,0.0,0.0,0.0,0.0,80.0,43.6,2.19,PCB / PCBA,Malaysia,APAC,Tier 3,94200.0,False,"IATF16949, ISO14001, REACH",1.0,0.00255,0.0024760563969284145,0.0,80.1,0,0.0
V0034,2024Q4,1.0,1.0,0.0,0.0,1.0,-0.011553316540722043,0.0,184532.37000000002,0.0,1.0,0.0029,0.0,0.0,0.0,0.0,0.0,80.3,36.7,0.0,PCB / PCBA,Malaysia,APAC,Tier 3,94200.0,False,"IATF16949, ISO14001, REACH",1.0,0.004,-0.003300601873432607,0.0,80.15,0,0.0
V0034,2025Q1,2.0,1.0,1.0,1.4142135623730951,1.0,0.00040116747086330756,0.018011075076210425,70418.324,0.0,2.0,0.00335,0.0,0.0,0.0,0.0,0.0,80.6,50.7,1.19,PCB / PCBA,Malaysia,APAC,Tier 3,94200.0,False,"IATF16949, ISO14001, REACH",1.0,0.003125,-0.005576074534929369,0.0,80.44999999999999,0,1.0
V0034,2025Q2,1.0,0.0,7.0,0.0,1.0,0.014437928101356565,0.0,672533.9600000001,0.0,0.0,0.0,0.0,0.0,0.0,0.0,0.0,80.3,50.3,2.87,PCB / PCBA,Malaysia,APAC,Tier 3,94200.0,False,"IATF16949, ISO14001, REACH",0.4999999999999999,0.001675,0.007419547786109934,0.0,80.44999999999999,1,1.0
V0034,2025Q3,3.0,0.6666666666666666,2.6666666666666665,3.785938897200183,1.0,-0.0006326836633166502,0.004340523897449831,463126.37499999994,0.0,2.0,0.00245,0.0,0.0,0.0,0.0,0.0,80.3,63.7,0.8,PCB / PCBA,Malaysia,APAC,Tier 3,94200.0,False,"IATF16949, ISO14001, REACH",0.3333333333333332,0.001225,0.006902622219019956,0.0,80.3,1,0.0
V0034,2025Q4,1.0,1.0,1.0,0.0,1.0,-0.0036139581728775365,0.0,43457.71200000001,0.0,1.0,0.0034,0.0,0.0,1.0,2.0,20.0,80.0,46.9,2.73,PCB / PCBA,Malaysia,APAC,Tier 3,94200.0,False,"IATF16949, ISO14001, REACH",0.8333333333333333,0.0029249999999999996,-0.002123320918097095,1.0,80.15,0,0.0
V0034,2026Q1,2.0,1.0,1.0,1.4142135623730951,1.0,-0.007928086024607461,0.007116245759998791,1902395.9370000002,0.0,0.0,0.0,0.0,0.0,0.0,0.0,0.0,80.0,42.1,0.0,PCB / PCBA,Malaysia,APAC,Tier 3,94200.0,False,"IATF16949, ISO14001, REACH",1.0,0.0017,-0.005771022098742501,1.0,80.0,0,0.0
V0034,2026Q2,1.0,1.0,0.0,0.0,1.0,0.01632535785184411,0.0,779580.7239999999,0.0,0.0,0.0,0.0,0.0,0.0,0.0,0.0,79.9,36.2,2.97,PCB / PCBA,Malaysia,APAC,Tier 3,94200.0,False,"IATF16949, ISO14001, REACH",1.0,0.0,0.004198635913618324,0.0,79.95,0,
V0035,2022Q1,2.0,1.0,0.0,0.0,1.0,0.0299500798727941,0.0005114165352400501,291906.90800000005,0.5,2.0,0.00425,0.0,0.0,0.0,0.0,0.0,81.8,49.7,3.15,Enclosures / Metal,India,APAC,Tier 2,1926300.0,False,"IATF16949, ISO14001, ISO9001, REACH",1.0,0.00425,0.0299500798727941,0.0,81.8,0,1.0
V0035,2022Q2,5.0,0.6,3.2,3.63318042491699,1.0,0.007602232521041143,0.024613840735120573,1289541.867,0.0,3.0,0.0036999999999999997,0.0,0.0,0.0,0.0,0.0,81.9,53.3,3.71,Enclosures / Metal,India,APAC,Tier 2,1926300.0,False,"IATF16949, ISO14001, ISO9001, REACH",0.8,0.003975,0.01877615619691762,0.0,81.85,1,1.0
V0035,2022Q3,6.0,0.6666666666666666,9.0,19.657059800488984,1.0,-0.0030925362436124873,0.016953080776232414,1265132.196,0.0,4.0,0.004475,0.0,0.0,0.0,0.0,0.0,81.6,43.9,2.82,Enclosures / Metal,India,APAC,Tier 2,1926300.0,False,"IATF16949, ISO14001, ISO9001, REACH",0.6333333333333333,0.0040875,0.0022548481387143276,0.0,81.75,1,0.0
V0035,2022Q4,5.0,0.8,4.2,8.843076387773658,1.0,0.009287336502420498,0.010677823814492034,500459.217,0.0,5.0,0.0015400000000000001,0.0,0.0,0.0,0.0,0.0,81.3,48.2,2.33,Enclosures / Metal,India,APAC,Tier 2,1926300.0,False,"IATF16949, ISO14001, ISO9001, REACH",0.7333333333333334,0.0030074999999999998,0.003097400129404005,0.0,81.44999999999999,0,0.0
V0035,2023Q1,7.0,1.0,0.42857142857142855,0.5345224838248488,1.0,0.0019440234786749183,0.010697311508931811,2258569.2120000003,0.0,7.0,0.0026142857142857144,0.0,0.0,0.0,0.0,0.0,81.3,45.8,1.58,Enclosures / Metal,India,APAC,Tier 2,1926300.0,False,"IATF16949, ISO14001, ISO9001, REACH",0.9,0.0020771428571428573,0.005615679990547708,0.0,81.3,0,0.0
V0035,2023Q2,6.0,1.0,0.3333333333333333,0.5163977794943222,1.0,-0.0031127238066823836,0.018777513802460025,2089779.0259999998,0.16666666666666666,5.0,0.00276,0.0,0.0,0.0,0.0,0.0,81.5,50.9,4.8,Enclosures / Metal,India,APAC,Tier 2,1926300.0,False,"IATF16949, ISO14001, ISO9001, REACH",1.0,0.002687142857142857,-0.0005843501640037327,0.0,81.4,0,0.0
V0035,2023Q3,3.0,1.0,0.3333333333333333,0.5773502691896258,1.0,0.00651109507548284,0.02300485200127424,162870.39,0.0,2.0,0.0023,0.0,0.0,0.0,0.0,0.0,81.4,46.8,0.1,Enclosures / Metal,India,APAC,Tier 2,1926300.0,False,"IATF16949, ISO14001, ISO9001, REACH",1.0,0.00253,0.0016991856344002283,0.0,81.45,0,0.0
V0035,2023Q4,5.0,1.0,0.0,0.0,1.0,0.0048418926712641645,0.03044036645368302,317825.467,0.2,2.0,0.005050000000000001,0.0,0.0,0.0,0.0,0.0,82.2,49.9,0.18,Enclosures / Metal,India,APAC,Tier 2,1926300.0,False,"IATF16949, ISO14001, ISO9001, REACH",1.0,0.0036750000000000003,0.005676493873373502,0.0,81.80000000000001,0,1.0
V0035,2024Q1,6.0,0.6666666666666666,5.0,7.042726744663604,0.9587935889105479,-0.0016108351316271707,0.024967442494387062,249527.348,0.0,5.0,0.00368,0.0,0.0,0.0,0.0,0.0,82.2,42.8,1.29,Enclosures / Metal,India,APAC,Tier 2,1926300.0,False,"IATF16949, ISO14001, ISO9001, REACH",0.8333333333333333,0.004365000000000001,0.001615528769818497,0.0,82.2,1,1.0
V0035,2024Q2,5.0,0.6,5.2,8.67179335547152,1.0,-0.01331771305710557,0.029809961262447476,521644.204,0.0,4.0,0.00365,0.0,0.0,0.0,0.0,0.0,81.6,51.1,4.21,Enclosures / Metal,India,APAC,Tier 2,1926300.0,False,"IATF16949, ISO14001, ISO9001, REACH",0.6333333333333333,0.003665,-0.0074642740943663705,0.0,81.9,1,1.0
V0035,2024Q3,10.0,0.7,5.4,10.28699286585843,1.0,0.0051815542930321685,0.02099804213067214,2020841.117,0.0,7.0,0.003642857142857143,0.0,0.0,0.0,0.0,0.0,81.4,42.2,1.69,Enclosures / Metal,India,APAC,Tier 2,1926300.0,False,"IATF16949, ISO14001, ISO9001, REACH",0.6499999999999999,0.0036464285714285713,-0.004068079382036701,0.0,81.5,1,0.0
V0035,2024Q4,9.0,1.0,0.1111111111111111,0.33333333333333337,1.0,-0.004022442490321559,0.01743743125757574,2132150.367,0.0,5.0,0.00392,0.0,0.0,0.0,0.0,0.0,81.6,42.9,2.53,Enclosures / Metal,India,APAC,Tier 2,1926300.0,False,"IATF16949, ISO14001, ISO9001, REACH",0.8499999999999999,0.003781428571428571,0.0005795559013553049,0.0,81.5,0,0.0
V0035,2025Q1,4.0,1.0,0.25,0.5,0.9422199067182693,0.01531268625701888,0.021302436636157433,543093.55,0.25,3.0,0.004066666666666666,0.0,0.0,0.0,0.0,0.0,81.8,47.9,0.0,Enclosures / Metal,India,APAC,Tier 2,1926300.0,False,"IATF16949, ISO14001, ISO9001, REACH",1.0,0.003993333333333333,0.005645121883348661,0.0,81.69999999999999,0,0.0
V0035,2025Q2,6.0,0.8333333333333334,0.8333333333333334,1.3291601358251257,1.0,-0.0017590820848064706,0.036984175129256044,542794.4199999999,0.0,3.0,0.003766666666666667,0.0,0.0,0.0,0.0,0.0,81.6,38.9,2.56,Enclosures / Metal,India,APAC,Tier 2,1926300.0,False,"IATF16949, ISO14001, ISO9001, REACH",0.9166666666666665,0.003916666666666666,0.006776802086106205,0.0,81.69999999999999,0,0.0
V0035,2025Q3,5.0,0.8,1.6,3.0495901363953815,1.0,-0.02494006637858065,0.030661978996802994,1754534.9189999998,0.0,5.0,0.0021,0.0,0.0,0.0,0.0,0.0,81.4,53.4,0.0,Enclosures / Metal,India,APAC,Tier 2,1926300.0,False,"IATF16949, ISO14001, ISO9001, REACH",0.8166666666666667,0.002933333333333333,-0.01334957423169356,0.0,81.5,0,0.0
V0035,2025Q4,7.0,0.8571428571428571,1.2857142857142858,2.2146697055682827,1.0,0.0004333450321399761,0.02159934393878,4106972.813,0.0,6.0,0.003483333333333333,0.0,0.0,0.0,0.0,0.0,80.9,46.9,1.82,Enclosures / Metal,India,APAC,Tier 2,1926300.0,False,"IATF16949, ISO14001, ISO9001, REACH",0.8285714285714285,0.0027916666666666663,-0.012253360673220337,0.0,81.15,0,0.0
V0035,2026Q1,5.0,1.0,0.0,0.0,1.0,-0.004299631839369443,0.0132963669694279,1673385.452,0.0,4.0,0.004425,0.0,0.0,0.0,0.0,0.0,81.1,37.9,2.46,Enclosures / Metal,India,APAC,Tier 2,1926300.0,False,"IATF16949, ISO14001, ISO9001, REACH",0.9285714285714284,0.003954166666666667,-0.0019331434036147332,0.0,81.0,0,1.0
V0035,2026Q2,2.0,0.5,3.0,4.242640687119285,1.0,0.01992460650131052,0.06072802722561394,934833.2699999999,0.0,1.0,0.0,0.0,0.0,0.0,0.0,0.0,81.1,53.5,0.0,Enclosures / Metal,India,APAC,Tier 2,1926300.0,False,"IATF16949, ISO14001, ISO9001, REACH",0.7499999999999999,0.0022125,0.007812487330970537,0.0,81.1,1,
V0036,2022Q1,4.0,0.75,6.5,12.342339054382412,1.0,-0.01330493877990636,0.10364092137888435,28544.881999999998,0.0,3.0,0.0078000000000000005,0.0,0.0,0.0,0.0,0.0,73.3,48.6,2.69,Packaging,United States,AMER,Tier 2,1941800.0,False,"IATF16949, ISO9001, REACH, RoHS",0.75,0.0078000000000000005,-0.01330493877990636,0.0,73.3,0,0.0
V0036,2022Q2,6.0,1.0,0.16666666666666666,0.408248290463863,1.0,0.009916336063743082,0.024956411850116045,196716.70299999995,0.0,4.0,0.010275,0.0,0.0,0.0,0.0,0.0,73.7,47.4,4.79,Packaging,United States,AMER,Tier 2,1941800.0,False,"IATF16949, ISO9001, REACH, RoHS",0.875,0.0090375,-0.0016943013580816395,0.0,73.5,0,0.0
V0036,2022Q3,9.0,0.7777777777777778,1.5555555555555556,2.127857555800617,1.0,0.0017330843982773033,0.032075986959692625,110717.75,0.0,6.0,0.0050999999999999995,0.0,0.0,0.0,0.0,0.0,73.6,48.6,5.2,Packaging,United States,AMER,Tier 2,1941800.0,False,"IATF16949, ISO9001, REACH, RoHS",0.8888888888888888,0.0076875,0.005824710231010192,0.0,73.65,0,0.0
V0036,2022Q4,8.0,1.0,0.125,0.3535533905932738,1.0,0.018579177658957977,0.019338129027076528,53616.64899999999,0.0,5.0,0.00912,0.0,0.0,0.0,0.0,0.0,73.7,45.5,2.64,Packaging,United States,AMER,Tier 2,1941800.0,False,"IATF16949, ISO9001, REACH, RoHS",0.8888888888888888,0.00711,0.01015613102861764,0.0,73.65,0,0.0
V0036,2023Q1,6.0,1.0,0.3333333333333333,0.816496580927726,1.0,-0.002122580246497278,0.020163959966654543,93891.09599999999,0.0,4.0,0.0059,0.0,0.0,0.0,0.0,0.0,72.6,48.0,6.79,Packaging,United States,AMER,Tier 2,1941800.0,False,"IATF16949, ISO9001, REACH, RoHS",1.0,0.007509999999999999,0.00822829870623035,0.0,73.15,0,1.0
V0036,2023Q2,7.0,0.5714285714285714,6.428571428571429,9.034326074425675,1.0,-0.007886196433222527,0.03550007855585412,306527.48199999996,0.0,5.0,0.00704,0.0,0.0,0.0,0.0,0.0,73.1,50.0,7.1,Packaging,United States,AMER,Tier 2,1941800.0,False,"IATF16949, ISO9001, REACH, RoHS",0.7857142857142857,0.00647,-0.005004388339859903,0.0,72.85,1,0.0
V0036,2023Q3,8.0,1.0,0.75,0.8864052604279183,1.0,0.005105526212449508,0.04647342129641022,61163.725,0.0,6.0,0.007016666666666667,0.0,0.0,0.0,0.0,0.0,73.5,53.9,1.44,Packaging,United States,AMER,Tier 2,1941800.0,False,"IATF16949, ISO9001, REACH, RoHS",0.7857142857142857,0.0070283333333333335,-0.0013903351103865098,0.0,73.3,0,0.0
V0036,2023Q4,5.0,0.8,2.6,5.272570530585627,1.0,0.009272602634825202,0.03136775059417556,141601.889,0.0,1.0,0.0046,0.0,0.0,0.0,0.0,0.0,73.3,44.1,1.87,Packaging,United States,AMER,Tier 2,1941800.0,False,"IATF16949, ISO9001, REACH, RoHS",0.9,0.005808333333333334,0.007189064423637355,0.0,73.4,0,0.0
V0036,2024Q1,5.0,1.0,0.4,0.894427190999916,0.981672851841279,0.009126212294052315,0.059180186963896736,80589.049,0.0,2.0,0.00665,0.0,0.0,0.0,0.0,0.0,73.4,53.6,0.0,Packaging,United States,AMER,Tier 2,1941800.0,False,"IATF16949, ISO9001, REACH, RoHS",0.9,0.005625,0.009199407464438758,0.0,73.35,0,0.0
V0036,2024Q2,11.0,0.9090909090909091,0.7272727272727273,2.412090756622109,1.0,-0.0029713620961722555,0.029048298509807575,660780.725,0.2727272727272727,8.0,0.0089875,0.0,0.0,0.0,0.0,0.0,73.2,43.6,4.03,Packaging,United States,AMER,Tier 2,1941800.0,False,"IATF16949, ISO9001, REACH, RoHS",0.9545454545454546,0.00781875,0.0030774250989400306,0.0,73.30000000000001,0,0.0
V0036,2024Q3,8.0,0.875,1.25,2.76457178290909,1.0,0.0023131985705106823,0.05743663601540938,547126.235,0.0,1.0,0.0117,0.0,0.0,0.0,0.0,0.0,73.0,51.8,6.35,Packaging,United States,AMER,Tier 2,1941800.0,False,"IATF16949, ISO9001, REACH, RoHS",0.8920454545454546,0.01034375,-0.0003290817628307857,0.0,73.1,0,0.0
V0036,2024Q4,12.0,1.0,0.25,0.4522670168666455,0.9852809706257982,0.004806062654886658,0.054499156325093154,147737.13499999998,0.08333333333333333,5.0,0.00804,0.0,0.0,0.0,0.0,0.0,73.0,54.7,6.62,Packaging,United States,AMER,Tier 2,1941800.0,False,"IATF16949, ISO9001, REACH, RoHS",0.9375,0.00987,0.0035596306126986707,0.0,73.0,0,1.0
V0036,2025Q1,6.0,0.6666666666666666,2.0,2.5298221281347035,1.0,-0.012995637555208222,0.017974983013398237,46527.685,0.0,5.0,0.00604,0.0,0.0,0.0,0.0,0.0,73.0,41.9,1.62,Packaging,United States,AMER,Tier 2,1941800.0,False,"IATF16949, ISO9001, REACH, RoHS",0.8333333333333333,0.00704,-0.004094787450160781,0.0,73.0,1,0.0
V0036,2025Q2,5.0,1.0,0.0,0.0,1.0,0.026534936370980665,0.036991671210359636,117166.095,0.0,4.0,0.0095,0.0,0.0,0.0,0.0,0.0,72.8,65.4,1.58,Packaging,United States,AMER,Tier 2,1941800.0,False,"IATF16949, ISO9001, REACH, RoHS",0.8333333333333333,0.00777,0.006769649407886223,0.0,72.9,0,1.0
V0036,2025Q3,4.0,0.5,2.0,2.309401076758503,1.0,-0.01592213117788363,0.06028197944569732,27085.604,0.0,2.0,0.01,0.0,0.0,0.0,0.0,0.0,72.7,55.9,6.35,Packaging,United States,AMER,Tier 2,1941800.0,False,"IATF16949, ISO9001, REACH, RoHS",0.75,0.00975,0.005306402596548519,0.0,72.75,1,0.0
V0036,2025Q4,6.0,0.8333333333333334,5.5,12.517987058628874,0.9522737505628096,0.031528038103215805,0.08100793948876206,257970.542,0.0,3.0,0.0095,0.0,0.0,1.0,2.0,9.0,72.4,54.5,5.12,Packaging,United States,AMER,Tier 2,1941800.0,False,"IATF16949, ISO9001, REACH, RoHS",0.6666666666666666,0.00975,0.007802953462666089,1.0,72.55000000000001,0,1.0
V0036,2026Q1,8.0,0.75,2.5,4.840306956027834,0.9628442868830106,0.019369469579910092,0.05203527895861019,480998.03899999993,0.0,4.0,0.012525,0.0,0.0,1.0,4.0,18.0,72.0,40.2,8.8,Packaging,United States,AMER,Tier 2,1941800.0,False,"IATF16949, ISO9001, REACH, RoHS",0.7916666666666666,0.0110125,0.02544875384156295,3.0,72.2,1,1.0
V0036,2026Q2,6.0,0.6666666666666666,5.0,7.014271166700073,0.9560723514211885,-0.01516968600065499,0.07379575062636992,454293.594,0.0,3.0,0.0039000000000000003,0.0,0.0,0.0,0.0,0.0,71.9,46.5,6.99,Packaging,United States,AMER,Tier 2,1941800.0,False,"IATF16949, ISO9001, REACH, RoHS",0.7083333333333333,0.0082125,0.0020998917896275513,2.0,71.95,1,
V0037,2022Q1,2.0,1.0,0.0,0.0,1.0,0.037085361997849675,0.029468109801079695,1223983.2759999998,0.0,2.0,0.0152,0.0,0.0,0.0,0.0,0.0,61.9,59.6,7.94,PCB / PCBA,Mexico,AMER,Tier 2,1290900.0,False,"IATF16949, ISO14001, REACH, RoHS",1.0,0.0152,0.037085361997849675,0.0,61.9,0,1.0
V0037,2022Q2,5.0,0.4,7.4,8.17312669668102,0.965578734858681,0.00017920622583633832,0.023539000980811322,6811442.967,0.0,2.0,0.03365,0.5,9.0,0.0,0.0,0.0,61.7,61.7,6.51,PCB / PCBA,Mexico,AMER,Tier 2,1290900.0,False,"IATF16949, ISO14001, REACH, RoHS",0.7,0.024425,0.018632284111843006,0.0,61.8,1,0.0
V0037,2022Q3,4.0,0.75,8.75,17.5,0.9779575504523312,-0.00931738882291618,0.03499366572017565,426152.554,0.0,3.0,0.014133333333333333,0.0,0.0,0.0,0.0,0.0,62.0,64.4,8.45,PCB / PCBA,Mexico,AMER,Tier 2,1290900.0,False,"IATF16949, ISO14001, REACH, RoHS",0.575,0.023891666666666665,-0.004569091298539921,0.0,61.85,0,0.0
V0037,2022Q4,8.0,0.875,1.125,2.4748737341529163,1.0,0.05731589430842675,0.07417245792684225,4327969.7469999995,0.0,6.0,0.012949999999999998,0.0,0.0,0.0,0.0,0.0,61.2,60.2,9.07,PCB / PCBA,Mexico,AMER,Tier 2,1290900.0,False,"IATF16949, ISO14001, REACH, RoHS",0.8125,0.013541666666666665,0.023999252742755283,0.0,61.6,0,0.0
V0037,2023Q1,5.0,0.8,3.6,7.503332592921628,0.9579124579124579,0.0036702923402332248,0.06820904529669303,509568.504,0.0,3.0,0.0152,0.0,0.0,0.0,0.0,0.0,61.2,48.6,6.58,PCB / PCBA,Mexico,AMER,Tier 2,1290900.0,False,"IATF16949, ISO14001, REACH, RoHS",0.8375,0.014074999999999999,0.030493093324329985,0.0,61.2,0,0.0
V0037,2023Q2,1.0,1.0,0.0,0.0,1.0,0.04932306149427894,0.0,179939.523,1.0,0.0,0.0,0.0,0.0,0.0,0.0,0.0,60.9,58.1,6.19,PCB / PCBA,Mexico,AMER,Tier 2,1290900.0,False,"IATF16949, ISO14001, REACH, RoHS",0.9,0.0076,0.02649667691725608,0.0,61.05,0,0.0
V0037,2023Q3,3.0,1.0,0.6666666666666666,1.1547005383792517,1.0,0.024244145760041066,0.03694985634741813,1387860.695,0.0,2.0,0.0083,0.0,0.0,0.0,0.0,0.0,61.1,41.7,9.51,PCB / PCBA,Mexico,AMER,Tier 2,1290900.0,False,"IATF16949, ISO14001, REACH, RoHS",1.0,0.00415,0.03678360362716,0.0,61.0,0,0.0
V0037,2023Q4,4.0,0.75,1.0,1.4142135623730951,0.9474535165723524,0.11438783432725379,0.08125663066031388,1640286.5729999999,0.0,3.0,0.025900000000000003,0.0,0.0,0.0,0.0,0.0,61.4,51.0,7.3,PCB / PCBA,Mexico,AMER,Tier 2,1290900.0,False,"IATF16949, ISO14001, REACH, RoHS",0.875,0.0171,0.06931599004364743,0.0,61.25,0,0.0
V0037,2024Q1,6.0,1.0,0.6666666666666666,1.0327955589886444,1.0,0.01078152905666544,0.07253196979278687,1262287.274,0.0,5.0,0.01492,0.0,0.0,0.0,0.0,0.0,61.7,54.4,6.78,PCB / PCBA,Mexico,AMER,Tier 2,1290900.0,False,"IATF16949, ISO14001, REACH, RoHS",0.875,0.02041,0.06258468169195962,0.0,61.55,0,0.0
V0037,2024Q2,6.0,0.8333333333333334,1.6666666666666667,2.6583202716502514,0.9913270101683329,-0.009225651439518555,0.0650081930076068,1857527.923,0.0,4.0,0.0176,0.0,0.0,0.0,0.0,0.0,61.2,45.3,4.41,PCB / PCBA,Mexico,AMER,Tier 2,1290900.0,False,"IATF16949, ISO14001, REACH, RoHS",0.9166666666666667,0.016260000000000004,0.0007779388085734423,0.0,61.45,0,0.0
V0037,2024Q3,5.0,0.8,0.8,1.7888543819998317,1.0,-0.01717222563135724,0.05694693277085241,4720400.330999999,0.0,3.0,0.013633333333333332,0.0,0.0,0.0,0.0,0.0,61.1,67.7,6.9,PCB / PCBA,Mexico,AMER,Tier 2,1290900.0,False,"IATF16949, ISO14001, REACH, RoHS",0.8166666666666667,0.015616666666666668,-0.013198938535437897,0.0,61.150000000000006,0,0.0
V0037,2024Q4,4.0,0.75,3.75,7.5,0.9693835503543762,0.04959166993636277,0.04728242791523627,1408539.29,0.0,2.0,0.02465,0.0,0.0,0.0,0.0,0.0,60.5,58.9,7.77,PCB / PCBA,Mexico,AMER,Tier 2,1290900.0,False,"IATF16949, ISO14001, REACH, RoHS",0.775,0.019141666666666668,0.016209722152502763,0.0,60.8,0,0.0
V0037,2025Q1,4.0,0.75,2.0,3.366501646120693,1.0,0.014506116157281496,0.05929469413599134,2386660.3460000004,0.0,3.0,0.014366666666666666,0.0,0.0,0.0,0.0,0.0,60.4,58.1,9.23,PCB / PCBA,Mexico,AMER,Tier 2,1290900.0,False,"IATF16949, ISO14001, REACH, RoHS",0.75,0.019508333333333336,0.03204889304682213,0.0,60.45,0,1.0
V0037,2025Q2,3.0,0.6666666666666666,5.0,8.660254037844387,0.9514059514059513,-0.04158358905000281,0.02823964858943164,631706.71,0.0,2.0,0.02615,0.0,0.0,0.0,0.0,0.0,60.3,59.6,7.65,PCB / PCBA,Mexico,AMER,Tier 2,1290900.0,False,"IATF16949, ISO14001, REACH, RoHS",0.7083333333333333,0.020258333333333337,-0.01353873644636066,0.0,60.349999999999994,1,1.0
V0037,2025Q3,4.0,0.5,6.75,11.586630226256467,1.0,-0.05737612271805713,0.07520622819290236,484403.2679999999,0.25,2.0,0.02615,0.0,0.0,0.0,0.0,0.0,60.3,59.5,9.12,PCB / PCBA,Mexico,AMER,Tier 2,1290900.0,False,"IATF16949, ISO14001, REACH, RoHS",0.5833333333333333,0.02615,-0.04947985588402997,0.0,60.3,1,0.0
V0037,2025Q4,5.0,1.0,0.2,0.447213595499958,1.0,-0.0033909517081812056,0.0672277949114784,1226108.71,0.0,3.0,0.014199999999999999,0.0,0.0,0.0,0.0,0.0,60.0,59.2,12.93,PCB / PCBA,Mexico,AMER,Tier 2,1290900.0,False,"IATF16949, ISO14001, REACH, RoHS",0.75,0.020175000000000002,-0.030383537213119167,0.0,60.15,0,0.0
V0037,2026Q1,4.0,0.75,0.75,1.5,1.0,-0.004952847564906132,0.22621284670106254,2126777.8740000003,0.0,4.0,0.014625,0.0,0.0,0.0,0.0,0.0,59.9,67.0,4.78,PCB / PCBA,Mexico,AMER,Tier 2,1290900.0,False,"IATF16949, ISO14001, REACH, RoHS",0.875,0.014412500000000002,-0.004171899636543669,0.0,59.95,0,1.0
V0037,2026Q2,2.0,0.5,4.5,6.363961030678928,1.0,0.044355974476216614,0.01737615214534187,600950.9299999999,0.0,1.0,0.0131,0.0,0.0,0.0,0.0,0.0,60.6,57.1,7.72,PCB / PCBA,Mexico,AMER,Tier 2,1290900.0,False,"IATF16949, ISO14001, REACH, RoHS",0.625,0.013862500000000003,0.01970156345565524,0.0,60.25,1,
V0038,2022Q1,2.0,0.5,4.5,6.363961030678928,0.9699076813824121,-0.06093156819010628,0.04263910320929902,324446.929,0.0,1.0,0.0191,0.0,0.0,0.0,0.0,0.0,47.7,71.6,12.73,PCB / PCBA,Taiwan,APAC,Tier 3,73200.0,False,"IATF16949, RoHS",0.5,0.0191,-0.06093156819010628,0.0,47.7,1,1.0
V0038,2022Q2,1.0,1.0,0.0,0.0,1.0,0.5400489638458874,0.0,2051761.569,0.0,1.0,0.0629,1.0,8.0,0.0,0.0,0.0,47.3,70.5,17.46,PCB / PCBA,Taiwan,APAC,Tier 3,73200.0,False,"IATF16949, RoHS",0.75,0.040999999999999995,0.23955869782789058,0.0,47.5,1,1.0
V0038,2022Q3,4.0,0.75,5.75,10.843584893075414,1.0,-0.10138950564479922,0.07959210630171881,10582089.701,0.0,3.0,0.030366666666666663,0.3333333333333333,44.0,0.0,0.0,0.0,47.0,69.7,10.03,PCB / PCBA,Taiwan,APAC,Tier 3,73200.0,False,"IATF16949, RoHS",0.875,0.04663333333333333,0.2193297291005441,0.0,47.15,1,0.0
V0038,2022Q4,2.0,1.0,0.5,0.7071067811865476,1.0,-0.05488939504846213,0.03918075906455371,820294.3740000001,0.0,0.0,0.0,0.0,0.0,0.0,0.0,0.0,46.7,62.9,10.2,PCB / PCBA,Taiwan,APAC,Tier 3,73200.0,False,"IATF16949, RoHS",0.875,0.015183333333333339,-0.07813945034663067,0.0,46.85,0,0.0
V0038,2023Q1,0.0,,0.0,0.0,,0.0,0.0,0.0,0.0,0.0,0.0,0.0,0.0,0.0,0.0,0.0,47.6,72.5,12.13,PCB / PCBA,Taiwan,APAC,Tier 3,73200.0,False,"IATF16949, RoHS",1.0,0.0,-0.027444697524231065,0.0,47.150000000000006,0,0.0
V0038,2023Q2,1.0,1.0,0.0,0.0,0.8556701030927835,0.08296554537699805,0.0,208429.6,0.0,0.0,0.0,0.0,0.0,0.0,0.0,0.0,47.7,57.6,13.67,PCB / PCBA,Taiwan,APAC,Tier 3,73200.0,False,"IATF16949, RoHS",1.0,0.0,0.04148277268849902,0.0,47.650000000000006,0,0.0
V0038,2023Q3,2.0,1.0,0.5,0.7071067811865476,0.9283324037925265,0.0914996308333748,0.10147267838182768,163056.187,0.0,1.0,0.0417,0.0,0.0,1.0,2.0,11.0,48.0,72.5,13.22,PCB / PCBA,Taiwan,APAC,Tier 3,73200.0,False,"IATF16949, RoHS",1.0,0.020850000000000007,0.08723258810518641,1.0,47.85,0,0.0
V0038,2023Q4,0.0,,0.0,0.0,,0.0,0.0,0.0,0.0,0.0,0.0,0.0,0.0,0.0,0.0,0.0,48.0,69.1,12.1,PCB / PCBA,Taiwan,APAC,Tier 3,73200.0,False,"IATF16949, RoHS",1.0,0.020850000000000007,0.0457498154166874,1.0,48.0,0,0.0
V0038,2024Q1,2.0,1.0,0.5,0.7071067811865476,0.9734228187919463,0.06741089567319544,0.08705886985903273,503482.40300000005,0.0,1.0,0.0119,0.0,0.0,0.0,0.0,0.0,46.9,89.0,14.6,PCB / PCBA,Taiwan,APAC,Tier 3,73200.0,False,"IATF16949, RoHS",1.0,0.005950000000000007,0.03370544783659772,0.0,47.45,0,1.0
V0038,2024Q2,1.0,0.0,42.0,0.0,1.0,-0.17659537243581322,0.0,387918.253,0.0,1.0,0.0034,0.0,0.0,0.0,0.0,0.0,46.9,82.7,18.4,PCB / PCBA,Taiwan,APAC,Tier 3,73200.0,False,"IATF16949, RoHS",0.5,0.0076500000000000075,-0.05459223838130889,0.0,46.9,1,1.0
V0038,2024Q3,2.0,0.5,3.5,4.949747468305833,1.0,0.10637298065196102,0.07493530605915538,499448.33599999995,0.0,1.0,0.0432,1.0,42.0,0.0,0.0,0.0,46.3,71.6,15.39,PCB / PCBA,Taiwan,APAC,Tier 3,73200.0,False,"IATF16949, RoHS",0.25,0.023300000000000008,-0.0351111958919261,0.0,46.599999999999994,1,1.0
V0038,2024Q4,2.0,0.5,20.0,25.45584412271571,1.0,-0.0015785779213031564,0.10624110692311682,1486485.436,0.0,2.0,0.04665,0.0,0.0,0.0,0.0,0.0,46.5,68.0,11.62,PCB / PCBA,Taiwan,APAC,Tier 3,73200.0,False,"IATF16949, RoHS",0.5,0.04492500000000001,0.05239720136532893,0.0,46.4,1,1.0
V0038,2025Q1,1.0,0.0,3.0,0.0,1.0,-0.15541303967281464,0.0,85765.968,0.0,1.0,0.0472,1.0,32.0,0.0,0.0,0.0,46.8,53.4,13.13,PCB / PCBA,Taiwan,APAC,Tier 3,73200.0,False,"IATF16949, RoHS",0.25,0.04692500000000001,-0.07849580879705889,0.0,46.65,1,1.0
V0038,2025Q2,1.0,1.0,0.0,0.0,1.0,-0.0957250971568828,0.0,216071.95400000003,0.0,1.0,0.0648,1.0,24.0,0.0,0.0,0.0,46.3,76.8,19.2,PCB / PCBA,Taiwan,APAC,Tier 3,73200.0,False,"IATF16949, RoHS",0.5,0.05600000000000001,-0.12556906841484872,0.0,46.55,1,1.0
V0038,2025Q3,1.0,0.0,3.0,0.0,1.0,0.0911661900222434,0.0,6432862.226,0.0,1.0,0.0368,0.0,0.0,0.0,0.0,0.0,46.1,68.1,15.75,PCB / PCBA,Taiwan,APAC,Tier 3,73200.0,False,"IATF16949, RoHS",0.5,0.05080000000000001,-0.0022794535673197128,0.0,46.2,1,1.0
V0038,2025Q4,2.0,0.0,11.0,1.4142135623730951,1.0,-0.04554997396621066,0.006249555414760473,449907.904,0.0,1.0,0.0475,0.0,0.0,0.0,0.0,0.0,46.6,76.1,17.83,PCB / PCBA,Taiwan,APAC,Tier 3,73200.0,False,"IATF16949, RoHS",0.0,0.042150000000000014,0.022808108028016354,0.0,46.35,1,0.0
V0038,2026Q1,3.0,1.0,0.0,0.0,1.0,-0.08277399700825575,0.0958216268367303,1171063.2780000002,0.0,2.0,0.0372,0.0,0.0,0.0,0.0,0.0,46.9,77.0,10.72,PCB / PCBA,Taiwan,APAC,Tier 3,73200.0,False,"IATF16949, RoHS",0.5,0.04235000000000001,-0.06416198548723322,0.0,46.75,0,0.0
V0038,2026Q2,0.0,,0.0,0.0,,0.0,0.0,0.0,0.0,0.0,0.0,0.0,0.0,0.0,0.0,0.0,47.5,73.7,9.25,PCB / PCBA,Taiwan,APAC,Tier 3,73200.0,False,"IATF16949, RoHS",1.0,0.018600000000000012,-0.041386998504127887,0.0,47.2,0,
V0039,2022Q1,2.0,1.0,0.5,0.7071067811865476,0.9354725514660012,-0.07975857235893931,0.1512485914867902,56746.380000000005,0.0,1.0,0.0319,0.0,0.0,0.0,0.0,0.0,47.9,71.0,12.22,Passive Components,Thailand,APAC,Tier 3,131600.0,False,"IATF16949, ISO9001, RoHS",1.0,0.0319,-0.07975857235893931,0.0,47.9,0,1.0
V0039,2022Q2,3.0,0.6666666666666666,9.0,13.892443989449804,1.0,-0.028204500078235564,0.06526976852683032,9590.478,0.0,2.0,0.08449999999999999,1.0,8.5,1.0,4.0,44.0,47.4,80.5,19.71,Passive Components,Thailand,APAC,Tier 3,131600.0,False,"IATF16949, ISO9001, RoHS",0.8333333333333333,0.058199999999999995,-0.053981536218587436,2.0,47.65,1,0.0
V0039,2022Q3,0.0,,0.0,0.0,,0.0,0.0,0.0,0.0,0.0,0.0,0.0,0.0,0.0,0.0,0.0,47.3,72.5,13.57,Passive Components,Thailand,APAC,Tier 3,131600.0,False,"IATF16949, ISO9001, RoHS",0.6666666666666666,0.042249999999999996,-0.014102250039117782,2.0,47.349999999999994,0,1.0
V0039,2022Q4,2.0,0.5,1.5,2.1213203435596424,0.9575141983398865,-0.005475427350427262,0.10104223502532125,1850.0639999999999,0.0,2.0,0.0564,1.0,18.0,0.0,0.0,0.0,47.9,82.9,11.29,Passive Components,Thailand,APAC,Tier 3,131600.0,False,"IATF16949, ISO9001, RoHS",0.5,0.0282,-0.002737713675213631,0.0,47.599999999999994,1,1.0
V0039,2023Q1,3.0,0.6666666666666666,5.0,8.660254037844387,1.0,0.06626129636490491,0.1444406193538479,89710.91100000001,0.0,1.0,0.0397,0.0,0.0,0.0,0.0,0.0,47.8,68.0,9.65,Passive Components,Thailand,APAC,Tier 3,131600.0,False,"IATF16949, ISO9001, RoHS",0.5833333333333333,0.048049999999999995,0.030392934507238824,0.0,47.849999999999994,1,0.0
V0039,2023Q2,1.0,1.0,0.0,0.0,1.0,-0.18150851581508526,0.0,3128.52,0.0,1.0,0.0325,0.0,0.0,0.0,0.0,0.0,47.9,90.3,10.25,Passive Components,Thailand,APAC,Tier 3,131600.0,False,"IATF16949, ISO9001, RoHS",0.8333333333333333,0.0361,-0.057623609725090175,0.0,47.849999999999994,0,1.0
V0039,2023Q3,4.0,0.75,1.5,3.0,1.0,-0.04041919796465612,0.160132414497881,25681.892,0.0,3.0,0.03183333333333333,0.3333333333333333,7.0,0.0,0.0,0.0,47.7,60.0,13.91,Passive Components,Thailand,APAC,Tier 3,131600.0,False,"IATF16949, ISO9001, RoHS",0.875,0.03216666666666666,-0.11096385688987069,0.0,47.8,1,0.0
V0039,2023Q4,1.0,1.0,0.0,0.0,0.7464968152866241,0.1320907617504052,0.0,818.642,0.0,0.0,0.0,0.0,0.0,0.0,0.0,0.0,47.8,65.1,9.89,Passive Components,Thailand,APAC,Tier 3,131600.0,False,"IATF16949, ISO9001, RoHS",0.875,0.015916666666666666,0.045835781892874544,0.0,47.75,0,1.0
V0039,2024Q1,2.0,0.5,3.5,4.949747468305833,1.0,-0.049144356935847094,0.01894139782612105,103201.49599999998,0.0,2.0,0.0321,0.0,0.0,0.0,0.0,0.0,47.2,81.7,18.71,Passive Components,Thailand,APAC,Tier 3,131600.0,False,"IATF16949, ISO9001, RoHS",0.75,0.01605,0.04147320240727906,0.0,47.5,1,1.0
V0039,2024Q2,2.0,0.5,8.5,12.020815280171307,0.907030223390276,-0.04725153388200207,0.026626475340243996,4031.82,0.0,2.0,0.05245,0.0,0.0,0.0,0.0,0.0,46.7,73.8,19.89,Passive Components,Thailand,APAC,Tier 3,131600.0,False,"IATF16949, ISO9001, RoHS",0.5,0.04227499999999999,-0.04819794540892458,0.0,46.95,1,0.0
V0039,2024Q3,1.0,1.0,0.0,0.0,1.0,-0.09202096680256269,0.0,17470.154,0.0,1.0,0.0395,0.0,0.0,0.0,0.0,0.0,46.2,63.3,12.27,Passive Components,Thailand,APAC,Tier 3,131600.0,False,"IATF16949, ISO9001, RoHS",0.75,0.045975,-0.06963625034228238,0.0,46.45,0,0.0
V0039,2024Q4,0.0,,0.0,0.0,,0.0,0.0,0.0,0.0,0.0,0.0,0.0,0.0,0.0,0.0,0.0,46.4,74.0,13.66,Passive Components,Thailand,APAC,Tier 3,131600.0,False,"IATF16949, ISO9001, RoHS",1.0,0.01975,-0.046010483401281346,0.0,46.3,0,1.0
V0039,2025Q1,3.0,1.0,0.0,0.0,0.987015890047006,-0.12983864539783918,0.026566101600437545,102594.60100000001,0.0,1.0,0.0328,1.0,13.0,0.0,0.0,0.0,46.8,58.7,13.6,Passive Components,Thailand,APAC,Tier 3,131600.0,False,"IATF16949, ISO9001, RoHS",1.0,0.0164,-0.06491932269891959,0.0,46.599999999999994,1,1.0
V0039,2025Q2,1.0,0.0,17.0,0.0,1.0,0.06873184898354326,0.0,5531.040000000001,0.0,1.0,0.0425,0.0,0.0,0.0,0.0,0.0,46.8,74.7,17.59,Passive Components,Thailand,APAC,Tier 3,131600.0,False,"IATF16949, ISO9001, RoHS",0.5,0.03765,-0.03055339820714796,0.0,46.8,1,1.0
V0039,2025Q3,3.0,0.3333333333333333,4.666666666666667,5.033222956847166,0.9067314666377942,-0.006731828436398343,0.14549003103213978,27510.548000000003,0.0,2.0,0.02855,0.0,0.0,0.0,0.0,0.0,47.0,70.6,11.93,Passive Components,Thailand,APAC,Tier 3,131600.0,False,"IATF16949, ISO9001, RoHS",0.16666666666666666,0.035525,0.031000010273572458,0.0,46.9,1,1.0
V0039,2025Q4,2.0,0.5,2.0,2.8284271247461903,1.0,0.05349100937085547,0.17533899639807146,26235.542,0.0,2.0,0.03575,0.5,12.0,0.0,0.0,0.0,46.8,67.6,15.21,Passive Components,Thailand,APAC,Tier 3,131600.0,False,"IATF16949, ISO9001, RoHS",0.41666666666666663,0.03215,0.023379590467228564,0.0,46.9,1,0.0
V0039,2026Q1,1.0,1.0,2.0,0.0,0.8581775307394307,-0.0818115412710008,0.0,6404.414999999999,0.0,0.0,0.0,0.0,0.0,0.0,0.0,0.0,47.1,66.0,10.34,Passive Components,Thailand,APAC,Tier 3,131600.0,False,"IATF16949, ISO9001, RoHS",0.75,0.017875,-0.014160265950072668,0.0,46.95,0,1.0
V0039,2026Q2,3.0,0.6666666666666666,3.6666666666666665,6.3508529610858835,1.0,-0.055953730671164374,0.10470595709839033,12640.883999999998,0.3333333333333333,2.0,0.04785,0.5,21.0,0.0,0.0,0.0,46.1,72.7,13.59,Passive Components,Thailand,APAC,Tier 3,131600.0,False,"IATF16949, ISO9001, RoHS",0.8333333333333333,0.023925,-0.06888263597108259,0.0,46.6,1,
V0040,2022Q1,1.0,0.0,9.0,0.0,1.0,0.01110827904660851,0.0,1344658.491,0.0,1.0,0.0,0.0,0.0,0.0,0.0,0.0,47.7,63.9,11.74,Displays,United States,AMER,Tier 3,323400.0,False,"IATF16949, ISO14001, REACH",0.0,0.0,0.01110827904660851,0.0,47.7,1,1.0
V0040,2022Q2,1.0,1.0,1.0,0.0,1.0,-0.035920351767776075,0.0,1168532.1060000001,0.0,1.0,0.0499,1.0,11.0,0.0,0.0,0.0,47.2,76.4,10.33,Displays,United States,AMER,Tier 3,323400.0,False,"IATF16949, ISO14001, REACH",0.5,0.02495,-0.012406036360583784,0.0,47.45,1,0.0
V0040,2022Q3,1.0,1.0,0.0,0.0,1.0,0.0746181021552064,0.0,474575.305,0.0,1.0,0.0371,0.0,0.0,1.0,2.0,15.0,47.6,69.4,8.46,Displays,United States,AMER,Tier 3,323400.0,False,"IATF16949, ISO14001, REACH",1.0,0.0435,0.01934887519371516,1.0,47.400000000000006,0,0.0
V0040,2022Q4,0.0,,0.0,0.0,,0.0,0.0,0.0,0.0,0.0,0.0,0.0,0.0,0.0,0.0,0.0,47.3,57.4,12.21,Displays,United States,AMER,Tier 3,323400.0,False,"IATF16949, ISO14001, REACH",1.0,0.01855,0.0373090510776032,1.0,47.45,0,0.0
V0040,2023Q1,0.0,,0.0,0.0,,0.0,0.0,0.0,0.0,0.0,0.0,0.0,0.0,0.0,0.0,0.0,47.2,67.9,14.69,Displays,United States,AMER,Tier 3,323400.0,False,"IATF16949, ISO14001, REACH",,0.0,0.0,0.0,47.25,0,0.0
V0040,2023Q2,2.0,1.0,1.0,1.4142135623730951,1.0,0.009275205349718617,0.11726175253951679,1478464.674,0.0,1.0,0.0759,0.0,0.0,0.0,0.0,0.0,47.5,67.7,11.78,Displays,United States,AMER,Tier 3,323400.0,False,"IATF16949, ISO14001, REACH",1.0,0.03795,0.004637602674859308,0.0,47.35,0,1.0
V0040,2023Q3,3.0,1.0,0.3333333333333333,0.5773502691896258,0.9092464620359446,-0.03279285414134034,0.08264025293979557,1178178.247,0.0,1.0,0.0835,1.0,9.0,0.0,0.0,0.0,47.3,73.9,16.15,Displays,United States,AMER,Tier 3,323400.0,False,"IATF16949, ISO14001, REACH",1.0,0.0797,-0.01175882439581086,0.0,47.4,1,1.0
V0040,2023Q4,2.0,0.5,2.0,1.4142135623730951,1.0,0.0788192385461279,0.012996694415346679,2518257.6319999998,0.0,1.0,0.0352,0.0,0.0,0.0,0.0,0.0,47.1,72.1,10.32,Displays,United States,AMER,Tier 3,323400.0,False,"IATF16949, ISO14001, REACH",0.75,0.05935,0.023013192202393784,0.0,47.2,1,1.0
V0040,2024Q1,3.0,0.3333333333333333,5.333333333333333,5.507570547286102,1.0,-0.024480347100411942,0.1047810758393631,10517767.330000002,0.0,0.0,0.0,0.0,0.0,0.0,0.0,0.0,47.5,73.6,13.02,Displays,United States,AMER,Tier 3,323400.0,False,"IATF16949, ISO14001, REACH",0.41666666666666663,0.0176,0.027169445722857982,0.0,47.3,1,1.0
V0040,2024Q2,1.0,0.0,8.0,0.0,1.0,-0.19877757655581166,0.0,73583.37000000001,0.0,1.0,0.0393,0.0,0.0,0.0,0.0,0.0,47.1,56.5,12.82,Displays,United States,AMER,Tier 3,323400.0,False,"IATF16949, ISO14001, REACH",0.16666666666666666,0.01965,-0.1116289618281118,0.0,47.3,1,0.0
V0040,2024Q3,1.0,1.0,1.0,0.0,1.0,-0.05911204878649763,0.0,770195.085,0.0,0.0,0.0,0.0,0.0,0.0,0.0,0.0,46.8,68.6,11.04,Displays,United States,AMER,Tier 3,323400.0,False,"IATF16949, ISO14001, REACH",0.5,0.01965,-0.12894481267115465,0.0,46.95,0,1.0
V0040,2024Q4,1.0,0.0,18.0,0.0,1.0,0.16490327064910987,0.0,2243737.98,0.0,1.0,0.016,0.0,0.0,0.0,0.0,0.0,47.2,75.0,11.18,Displays,United States,AMER,Tier 3,323400.0,False,"IATF16949, ISO14001, REACH",0.5,0.008,0.05289561093130611,0.0,47.0,1,0.0
V0040,2025Q1,0.0,,0.0,0.0,,0.0,0.0,0.0,0.0,0.0,0.0,0.0,0.0,0.0,0.0,0.0,47.4,72.1,13.73,Displays,United States,AMER,Tier 3,323400.0,False,"IATF16949, ISO14001, REACH",0.0,0.008,0.08245163532455493,0.0,47.3,0,0.0
V0040,2025Q2,0.0,,0.0,0.0,,0.0,0.0,0.0,0.0,0.0,0.0,0.0,0.0,0.0,0.0,0.0,46.6,69.3,17.38,Displays,United States,AMER,Tier 3,323400.0,False,"IATF16949, ISO14001, REACH",,0.0,0.0,0.0,47.0,0,1.0
V0040,2025Q3,2.0,0.5,28.0,39.59797974644666,1.0,0.036052559786476736,0.15247695275555212,8037582.387,0.0,2.0,0.02785,0.0,0.0,0.0,0.0,0.0,46.1,66.9,15.22,Displays,United States,AMER,Tier 3,323400.0,False,"IATF16949, ISO14001, REACH",0.5,0.013925,0.018026279893238368,0.0,46.35,1,0.0
V0040,2025Q4,0.0,,0.0,0.0,,0.0,0.0,0.0,0.0,0.0,0.0,0.0,0.0,0.0,0.0,0.0,45.9,77.3,18.08,Displays,United States,AMER,Tier 3,323400.0,False,"IATF16949, ISO14001, REACH",0.5,0.013925,0.018026279893238368,0.0,46.0,0,0.0
V0040,2026Q1,0.0,,0.0,0.0,,0.0,0.0,0.0,0.0,0.0,0.0,0.0,0.0,0.0,0.0,0.0,45.5,70.4,11.68,Displays,United States,AMER,Tier 3,323400.0,False,"IATF16949, ISO14001, REACH",,0.0,0.0,0.0,45.7,0,0.0
V0040,2026Q2,2.0,1.0,1.0,1.4142135623730951,1.0,0.07388207972409977,0.01530154168910605,794955.223,0.0,2.0,0.03325,0.0,0.0,0.0,0.0,0.0,45.4,55.0,10.18,Displays,United States,AMER,Tier 3,323400.0,False,"IATF16949, ISO14001, REACH",1.0,0.016625,0.036941039862049885,0.0,45.45,0,
V0041,2022Q1,2.0,1.0,0.0,0.0,1.0,-0.05383013880185547,0.018102684184560076,942185.4619999999,0.0,1.0,0.0126,0.0,0.0,0.0,0.0,0.0,61.5,59.3,5.56,PCB / PCBA,Mexico,AMER,Tier 2,550400.0,True,"IATF16949, ISO14001",1.0,0.0126,-0.05383013880185547,0.0,61.5,0,0.0
V0041,2022Q2,5.0,0.8,1.4,1.140175425099138,0.984842105263158,0.03177192209061162,0.07781736681888608,5760330.836999999,0.0,3.0,0.0236,0.0,0.0,0.0,0.0,0.0,61.3,62.1,10.85,PCB / PCBA,Mexico,AMER,Tier 2,550400.0,True,"IATF16949, ISO14001",0.9,0.018099999999999998,-0.011029108355621924,0.0,61.4,0,1.0
V0041,2022Q3,7.0,1.0,0.5714285714285714,0.7867957924694432,1.0,0.06652206635951159,0.06605212914094945,2754920.954,0.14285714285714285,4.0,0.011175000000000001,0.0,0.0,1.0,4.0,17.0,61.3,61.2,8.85,PCB / PCBA,Mexico,AMER,Tier 2,550400.0,True,"IATF16949, ISO14001",0.9,0.0173875,0.04914699422506161,2.0,61.3,1,0.0
V0041,2022Q4,6.0,0.8333333333333334,3.3333333333333335,7.685484153042452,1.0,-0.007535316926562824,0.09329700535076488,5945359.892,0.16666666666666666,4.0,0.019375,0.0,0.0,0.0,0.0,0.0,61.0,48.4,6.48,PCB / PCBA,Mexico,AMER,Tier 2,550400.0,True,"IATF16949, ISO14001",0.9166666666666667,0.015275,0.029493374716474383,2.0,61.15,0,1.0
V0041,2023Q1,5.0,0.6,3.0,5.196152422706632,1.0,-0.028087616423469203,0.09117074711905969,6847787.505000001,0.0,1.0,0.0083,0.0,0.0,0.0,0.0,0.0,61.2,53.3,3.4,PCB / PCBA,Mexico,AMER,Tier 2,550400.0,True,"IATF16949, ISO14001",0.7166666666666667,0.013837499999999999,-0.017811466675016013,0.0,61.1,1,0.0
V0041,2023Q2,4.0,1.0,0.5,1.0,0.954229279173515,-0.05472226242819689,0.021667312192458897,849586.692,0.0,3.0,0.0131,0.0,0.0,0.0,0.0,0.0,61.7,62.1,6.43,PCB / PCBA,Mexico,AMER,Tier 2,550400.0,True,"IATF16949, ISO14001",0.8,0.010700000000000001,-0.041404939425833044,0.0,61.45,0,1.0
V0041,2023Q3,6.0,0.8333333333333334,0.8333333333333334,1.6020819787597222,0.9918157441869773,-0.02947239802127874,0.09169871528061602,3850164.5840000003,0.16666666666666666,3.0,0.025533333333333335,0.3333333333333333,22.0,0.0,0.0,0.0,61.4,49.3,5.12,PCB / PCBA,Mexico,AMER,Tier 2,550400.0,True,"IATF16949, ISO14001",0.9166666666666667,0.019316666666666666,-0.042097330224737814,0.0,61.55,1,0.0
V0041,2023Q4,12.0,0.75,2.6666666666666665,5.262791055796316,1.0,0.013961136867083076,0.05827331127325774,6273924.647,0.0,9.0,0.020933333333333335,0.0,0.0,0.0,0.0,0.0,62.0,55.8,7.47,PCB / PCBA,Mexico,AMER,Tier 2,550400.0,True,"IATF16949, ISO14001",0.7916666666666667,0.023233333333333335,-0.007755630577097832,0.0,61.7,0,0.0
V0041,2024Q1,5.0,1.0,0.2,0.447213595499958,1.0,0.06190745800898604,0.046607420475309816,2248898.0870000003,0.0,3.0,0.020533333333333334,0.0,0.0,0.0,0.0,0.0,62.9,69.1,7.31,PCB / PCBA,Mexico,AMER,Tier 2,550400.0,True,"IATF16949, ISO14001",0.875,0.020733333333333333,0.03793429743803456,0.0,62.45,0,0.0
V0041,2024Q2,4.0,1.0,0.0,0.0,0.9310532030401737,-0.0189670686736535,0.1192748238235783,503017.77,0.0,3.0,0.016133333333333333,0.0,0.0,0.0,0.0,0.0,63.3,60.8,10.91,PCB / PCBA,Mexico,AMER,Tier 2,550400.0,True,"IATF16949, ISO14001",1.0,0.018333333333333333,0.021470194667666267,0.0,63.099999999999994,0,0.0
V0041,2024Q3,7.0,0.8571428571428571,0.7142857142857143,1.889822365046136,0.9708936438011327,0.011106685281085172,0.04825996125405159,2166815.159,0.0,4.0,0.026099999999999998,0.0,0.0,0.0,0.0,0.0,63.2,62.3,8.16,PCB / PCBA,Mexico,AMER,Tier 2,550400.0,True,"IATF16949, ISO14001",0.9285714285714286,0.021116666666666666,-0.003930191696284164,0.0,63.25,0,1.0
V0041,2024Q4,8.0,0.625,1.875,3.181980515339464,1.0,-0.008914573047270028,0.06323723811946247,5464335.353999999,0.0,6.0,0.016083333333333335,0.0,0.0,0.0,0.0,0.0,62.8,62.5,4.9,PCB / PCBA,Mexico,AMER,Tier 2,550400.0,True,"IATF16949, ISO14001",0.7410714285714286,0.021091666666666665,0.001096056116907572,0.0,63.0,1,0.0
V0041,2025Q1,9.0,0.7777777777777778,3.111111111111111,5.301991240195622,0.9373174585094338,-0.02077605039144005,0.0620839562889039,3071377.2,0.0,4.0,0.01885,0.0,0.0,0.0,0.0,0.0,62.6,62.9,7.78,PCB / PCBA,Mexico,AMER,Tier 2,550400.0,True,"IATF16949, ISO14001",0.7013888888888888,0.017466666666666665,-0.01484531171935504,0.0,62.7,0,1.0
V0041,2025Q2,11.0,0.5454545454545454,15.272727272727273,17.447583838978446,1.0,0.05502387646594941,0.11490188735850596,2097133.946,0.09090909090909091,7.0,0.02492857142857143,0.14285714285714285,8.0,0.0,0.0,0.0,62.3,64.4,9.01,PCB / PCBA,Mexico,AMER,Tier 2,550400.0,True,"IATF16949, ISO14001",0.6616161616161615,0.021889285714285712,0.01712391303725468,0.0,62.45,1,1.0
V0041,2025Q3,10.0,0.5,8.7,11.566714697306617,0.996771714066103,-0.02307484885823611,0.09148314529776921,3336154.061,0.0,8.0,0.0232625,0.125,16.0,0.0,0.0,0.0,62.3,76.4,11.94,PCB / PCBA,Mexico,AMER,Tier 2,550400.0,True,"IATF16949, ISO14001",0.5227272727272727,0.02409553571428571,0.01597451380385665,0.0,62.3,1,1.0
V0041,2025Q4,7.0,0.7142857142857143,2.5714285714285716,4.540820148282424,1.0,-0.0017552189097685173,0.0908459915046335,5278704.328000001,0.14285714285714285,5.0,0.013119999999999998,0.0,0.0,0.0,0.0,0.0,62.0,65.5,7.51,PCB / PCBA,Mexico,AMER,Tier 2,550400.0,True,"IATF16949, ISO14001",0.6071428571428572,0.018191249999999996,-0.012415033884002313,0.0,62.15,1,0.0
V0041,2026Q1,5.0,1.0,0.4,0.894427190999916,1.0,0.02265041447249457,0.06357274906504119,7998257.899999999,0.0,1.0,0.018,0.0,0.0,0.0,0.0,0.0,62.3,58.1,8.6,PCB / PCBA,Mexico,AMER,Tier 2,550400.0,True,"IATF16949, ISO14001",0.8571428571428572,0.015559999999999997,0.010447597781363026,0.0,62.15,0,0.0
V0041,2026Q2,5.0,1.0,0.0,0.0,0.9953898262560372,-0.030628158603688095,0.021772434624259023,4619303.100000001,0.0,3.0,0.017566666666666664,0.0,0.0,0.0,0.0,0.0,62.4,42.8,6.96,PCB / PCBA,Mexico,AMER,Tier 2,550400.0,True,"IATF16949, ISO14001",1.0,0.01778333333333333,-0.003988872065596763,0.0,62.349999999999994,0,
V0042,2022Q1,3.0,0.6666666666666666,4.333333333333333,7.505553499465136,1.0,-0.005476626277781255,0.030034579557630357,10838.675,0.0,1.0,0.0059,0.0,0.0,0.0,0.0,0.0,73.1,52.5,2.18,Passive Components,Malaysia,APAC,Tier 2,448800.0,False,,0.6666666666666666,0.0059,-0.005476626277781255,0.0,73.1,1,0.0
V0042,2022Q2,8.0,0.875,1.375,3.113908889391045,1.0,0.008395966907408861,0.05685429718473956,27993.576999999997,0.0,6.0,0.010583333333333333,0.0,0.0,0.0,0.0,0.0,72.2,60.3,6.63,Passive Components,Malaysia,APAC,Tier 2,448800.0,False,,0.7708333333333333,0.008241666666666666,0.0014596703148138032,0.0,72.65,0,1.0
V0042,2022Q3,6.0,0.6666666666666666,3.6666666666666665,6.713171133426189,1.0,0.01982948290036032,0.03479801327792861,35855.37499999999,0.0,5.0,0.0077399999999999995,0.0,0.0,0.0,0.0,0.0,72.2,46.8,6.48,Passive Components,Malaysia,APAC,Tier 2,448800.0,False,,0.7708333333333333,0.009161666666666667,0.01411272490388459,0.0,72.2,1,0.0
V0042,2022Q4,9.0,0.8888888888888888,7.222222222222222,21.666666666666668,1.0,0.0023374658490021454,0.03781078420960798,143388.577,0.0,4.0,0.010925,0.0,0.0,0.0,0.0,0.0,72.0,46.6,0.0,Passive Components,Malaysia,APAC,Tier 2,448800.0,False,,0.7777777777777777,0.0093325,0.011083474374681233,0.0,72.1,0,0.0
V0042,2023Q1,7.0,1.0,0.2857142857142857,0.48795003647426666,1.0,-0.0005795531133098696,0.02462261652684149,44547.109,0.0,6.0,0.008733333333333334,0.0,0.0,0.0,0.0,0.0,72.4,50.9,7.12,Passive Components,Malaysia,APAC,Tier 2,448800.0,False,,0.9444444444444444,0.009829166666666667,0.0008789563678461378,0.0,72.2,0,0.0
V0042,2023Q2,4.0,1.0,0.5,1.0,1.0,0.002357308828080297,0.04242635850748746,57000.645000000004,0.0,3.0,0.0047666666666666664,0.0,0.0,0.0,0.0,0.0,72.2,40.7,2.39,Passive Components,Malaysia,APAC,Tier 2,448800.0,False,,1.0,0.006750000000000001,0.0008888778573852135,0.0,72.30000000000001,0,0.0
V0042,2023Q3,6.0,1.0,0.16666666666666666,0.408248290463863,1.0,-0.006138867370353807,0.032504042331828326,46589.614,0.0,4.0,0.011224999999999999,0.0,0.0,0.0,0.0,0.0,72.5,56.6,4.22,Passive Components,Malaysia,APAC,Tier 2,448800.0,False,,1.0,0.007995833333333334,-0.001890779271136755,0.0,72.35,0,0.0
V0042,2023Q4,5.0,1.0,0.6,0.894427190999916,1.0,0.0004614614157435512,0.034767820785159935,45598.52,0.0,3.0,0.005033333333333333,0.0,0.0,0.0,0.0,0.0,72.6,59.6,5.19,Passive Components,Malaysia,APAC,Tier 2,448800.0,False,,1.0,0.008129166666666666,-0.0028387029773051277,0.0,72.55,0,0.0
V0042,2024Q1,4.0,1.0,0.75,0.9574271077563381,1.0,0.026832471986738732,0.02789540695602323,84898.04,0.0,2.0,0.00715,0.0,0.0,0.0,0.0,0.0,72.2,53.2,7.33,Passive Components,Malaysia,APAC,Tier 2,448800.0,False,,1.0,0.006091666666666667,0.013646966701241142,0.0,72.4,0,1.0
V0042,2024Q2,8.0,0.375,7.625,9.81161847723693,0.9630452207601363,0.03749498958118062,0.056405593367102325,86340.946,0.0,5.0,0.00924,0.0,0.0,0.0,0.0,0.0,71.5,50.2,5.62,Passive Components,Malaysia,APAC,Tier 2,448800.0,False,,0.6875,0.008195000000000001,0.032163730783959676,0.0,71.85,1,0.0
V0042,2024Q3,7.0,1.0,0.5714285714285714,0.5345224838248488,1.0,0.016972417451856847,0.025339920023719764,194419.369,0.0,7.0,0.008014285714285713,0.0,0.0,0.0,0.0,0.0,72.1,42.6,6.24,Passive Components,Malaysia,APAC,Tier 2,448800.0,False,,0.6875,0.008627142857142858,0.027233703516518732,0.0,71.8,0,0.0
V0042,2024Q4,10.0,1.0,0.2,0.4216370213557839,1.0,-0.008691882565922201,0.04048379606553641,478990.2590000001,0.2,6.0,0.007766666666666667,0.0,0.0,0.0,0.0,0.0,72.4,43.2,4.6,Passive Components,Malaysia,APAC,Tier 2,448800.0,False,,1.0,0.00789047619047619,0.0041402674429673195,0.0,72.25,0,0.0
V0042,2025Q1,9.0,0.7777777777777778,2.4444444444444446,5.002777006601211,0.9792505797632125,-0.017059769988067568,0.041879319791662935,92474.76299999999,0.0,6.0,0.009216666666666666,0.0,0.0,0.0,0.0,0.0,72.3,45.7,6.36,Passive Components,Malaysia,APAC,Tier 2,448800.0,False,,0.8888888888888888,0.008491666666666668,-0.012875826276994889,0.0,72.35,0,1.0
V0042,2025Q2,10.0,0.6,9.5,14.323640133243597,0.980482916587135,0.02334799773051144,0.05396827939447285,325429.97599999997,0.0,6.0,0.012133333333333335,0.0,0.0,0.0,0.0,0.0,72.1,53.5,5.17,Passive Components,Malaysia,APAC,Tier 2,448800.0,False,,0.6888888888888889,0.010675,0.003144113871221932,0.0,72.19999999999999,1,0.0
V0042,2025Q3,9.0,0.8888888888888888,1.1111111111111112,2.666666666666667,1.0,-0.005040645566575703,0.04289413563323044,180983.61599999998,0.0,7.0,0.0074428571428571426,0.0,0.0,0.0,0.0,0.0,72.3,53.0,6.77,Passive Components,Malaysia,APAC,Tier 2,448800.0,False,,0.7444444444444445,0.00978809523809524,0.009153676081967864,0.0,72.19999999999999,0,0.0
V0042,2025Q4,4.0,1.0,0.25,0.5,1.0,0.006655850653758901,0.027501681534879002,53452.128000000004,0.0,1.0,0.0085,0.0,0.0,0.0,0.0,0.0,72.4,44.6,7.43,Passive Components,Malaysia,APAC,Tier 2,448800.0,False,,0.9444444444444444,0.007971428571428574,0.0008076025435915955,0.0,72.35,0,1.0
V0042,2026Q1,5.0,0.6,5.6,6.9498201415576215,0.9694981832465874,0.007598076987256071,0.04172793271185178,167006.74199999997,0.0,1.0,0.0075,0.0,0.0,0.0,0.0,0.0,72.8,54.0,3.06,Passive Components,Malaysia,APAC,Tier 2,448800.0,False,,0.8,0.008,0.007126963820507482,0.0,72.6,1,1.0
V0042,2026Q2,3.0,0.6666666666666666,1.6666666666666667,1.5275252316519465,1.0,-0.026855679107265593,0.06518568987182453,38673.18,0.0,2.0,0.0056,0.0,0.0,0.0,0.0,0.0,72.6,49.5,0.48,Passive Components,Malaysia,APAC,Tier 2,448800.0,False,,0.6333333333333333,0.00655,-0.009628801060004764,0.0,72.69999999999999,1,
V0043,2022Q1,0.0,,0.0,0.0,,0.0,0.0,0.0,0.0,0.0,0.0,0.0,0.0,0.0,0.0,0.0,82.1,37.5,2.72,Batteries,Taiwan,APAC,Tier 3,102000.0,True,"IATF16949, ISO14001, ISO9001",,0.0,0.0,0.0,82.1,0,0.0
V0043,2022Q2,1.0,1.0,0.0,0.0,1.0,-0.03108385534558081,0.0,155019.543,0.0,0.0,0.0,0.0,0.0,0.0,0.0,0.0,81.5,56.4,2.25,Batteries,Taiwan,APAC,Tier 3,102000.0,True,"IATF16949, ISO14001, ISO9001",1.0,0.0,-0.015541927672790406,0.0,81.8,0,0.0
V0043,2022Q3,0.0,,0.0,0.0,,0.0,0.0,0.0,0.0,0.0,0.0,0.0,0.0,0.0,0.0,0.0,81.5,40.7,2.52,Batteries,Taiwan,APAC,Tier 3,102000.0,True,"IATF16949, ISO14001, ISO9001",1.0,0.0,-0.015541927672790406,0.0,81.5,0,0.0
V0043,2022Q4,2.0,1.0,0.0,0.0,1.0,-0.03444421954233609,0.004435575647699617,49495.523,0.0,0.0,0.0,0.0,0.0,0.0,0.0,0.0,81.9,52.2,1.27,Batteries,Taiwan,APAC,Tier 3,102000.0,True,"IATF16949, ISO14001, ISO9001",1.0,0.0,-0.017222109771168045,0.0,81.7,0,0.0
V0043,2023Q1,2.0,1.0,0.5,0.7071067811865476,1.0,-0.021208291168544877,0.02037187609332656,194215.17599999998,0.0,0.0,0.0,0.0,0.0,0.0,0.0,0.0,81.1,42.0,3.39,Batteries,Taiwan,APAC,Tier 3,102000.0,True,"IATF16949, ISO14001, ISO9001",1.0,0.0,-0.027826255355440484,0.0,81.5,0,0.0
V0043,2023Q2,2.0,1.0,0.0,0.0,1.0,0.010315703323528269,0.030692380790438966,316532.036,0.0,2.0,0.0031000000000000003,0.0,0.0,0.0,0.0,0.0,81.5,56.4,0.67,Batteries,Taiwan,APAC,Tier 3,102000.0,True,"IATF16949, ISO14001, ISO9001",1.0,0.0015500000000000002,-0.005446293922508304,0.0,81.3,0,0.0
V0043,2023Q3,1.0,1.0,1.0,0.0,1.0,0.012837683337144372,0.0,87188.872,0.0,1.0,0.0006,0.0,0.0,0.0,0.0,0.0,82.0,43.1,2.9,Batteries,Taiwan,APAC,Tier 3,102000.0,True,"IATF16949, ISO14001, ISO9001",1.0,0.00185,0.01157669333033632,0.0,81.75,0,0.0
V0043,2023Q4,0.0,,0.0,0.0,,0.0,0.0,0.0,0.0,0.0,0.0,0.0,0.0,0.0,0.0,0.0,82.1,52.6,0.0,Batteries,Taiwan,APAC,Tier 3,102000.0,True,"IATF16949, ISO14001, ISO9001",1.0,0.0003,0.006418841668572186,0.0,82.05,0,0.0
V0043,2024Q1,0.0,,0.0,0.0,,0.0,0.0,0.0,0.0,0.0,0.0,0.0,0.0,0.0,0.0,0.0,81.3,53.2,0.85,Batteries,Taiwan,APAC,Tier 3,102000.0,True,"IATF16949, ISO14001, ISO9001",,0.0,0.0,0.0,81.69999999999999,0,1.0
V0043,2024Q2,1.0,0.0,12.0,0.0,1.0,-0.006792479254928016,0.0,340091.963,0.0,1.0,0.0064,0.0,0.0,0.0,0.0,0.0,81.0,57.9,5.86,Batteries,Taiwan,APAC,Tier 3,102000.0,True,"IATF16949, ISO14001, ISO9001",0.0,0.0032,-0.003396239627464008,0.0,81.15,1,0.0
V0043,2024Q3,1.0,1.0,0.0,0.0,1.0,-0.0027422303473491586,0.0,115299.062,0.0,1.0,0.0012,0.0,0.0,0.0,0.0,0.0,80.8,38.5,2.99,Batteries,Taiwan,APAC,Tier 3,102000.0,True,"IATF16949, ISO14001, ISO9001",0.5,0.0038,-0.0047673548011385875,0.0,80.9,0,0.0
V0043,2024Q4,1.0,1.0,2.0,0.0,1.0,0.00041035461477962096,0.0,190216.00999999998,0.0,1.0,0.0055,0.0,0.0,0.0,0.0,0.0,81.2,41.0,0.36,Batteries,Taiwan,APAC,Tier 3,102000.0,True,"IATF16949, ISO14001, ISO9001",1.0,0.0033499999999999997,-0.0011659378662847689,0.0,81.0,0,0.0
V0043,2025Q1,0.0,,0.0,0.0,,0.0,0.0,0.0,0.0,0.0,0.0,0.0,0.0,0.0,0.0,0.0,81.5,51.3,2.03,Batteries,Taiwan,APAC,Tier 3,102000.0,True,"IATF16949, ISO14001, ISO9001",1.0,0.00275,0.00020517730738981048,0.0,81.35,0,0.0
V0043,2025Q2,1.0,1.0,0.0,0.0,1.0,-0.03870657974921984,0.0,150647.17,0.0,1.0,0.0011,0.0,0.0,0.0,0.0,0.0,81.5,44.7,1.51,Batteries,Taiwan,APAC,Tier 3,102000.0,True,"IATF16949, ISO14001, ISO9001",1.0,0.00055,-0.01935328987460992,0.0,81.5,0,1.0
V0043,2025Q3,2.0,0.5,7.5,7.7781745930520225,1.0,-0.007201569091552609,0.026200645217791307,133118.496,0.0,1.0,0.0011,0.0,0.0,0.0,0.0,0.0,81.2,45.9,0.0,Batteries,Taiwan,APAC,Tier 3,102000.0,True,"IATF16949, ISO14001, ISO9001",0.75,0.0011,-0.022954074420386224,0.0,81.35,1,0.0
V0043,2025Q4,1.0,1.0,0.0,0.0,1.0,-0.004356730590206698,0.0,1109413.096,0.0,0.0,0.0,0.0,0.0,0.0,0.0,0.0,80.9,51.7,1.76,Batteries,Taiwan,APAC,Tier 3,102000.0,True,"IATF16949, ISO14001, ISO9001",0.75,0.00055,-0.005779149840879653,0.0,81.05000000000001,0,0.0
V0043,2026Q1,5.0,0.8,3.2,5.540758070878027,1.0,-0.009736200570518157,0.017778651221284282,881407.596,0.0,4.0,0.0033499999999999997,0.0,0.0,0.0,0.0,0.0,81.3,42.7,0.0,Batteries,Taiwan,APAC,Tier 3,102000.0,True,"IATF16949, ISO14001, ISO9001",0.9,0.0016749999999999998,-0.007046465580362427,0.0,81.1,0,0.0
V0043,2026Q2,2.0,1.0,0.0,0.0,1.0,0.015726737620833688,0.013589516777799744,257428.44,0.0,2.0,0.00575,0.0,0.0,0.0,0.0,0.0,81.4,49.5,0.21,Batteries,Taiwan,APAC,Tier 3,102000.0,True,"IATF16949, ISO14001, ISO9001",0.9,0.00455,0.002995268525157765,0.0,81.35,0,
V0044,2022Q1,0.0,,0.0,0.0,,0.0,0.0,0.0,0.0,0.0,0.0,0.0,0.0,0.0,0.0,0.0,72.4,52.0,5.52,Batteries,Malaysia,APAC,Tier 3,295900.0,False,"ISO14001, ISO9001, REACH, RoHS",,0.0,0.0,0.0,72.4,0,0.0
V0044,2022Q2,1.0,1.0,0.0,0.0,1.0,-0.032699832308552265,0.0,63419.363999999994,0.0,0.0,0.0,0.0,0.0,0.0,0.0,0.0,71.5,65.0,5.32,Batteries,Malaysia,APAC,Tier 3,295900.0,False,"ISO14001, ISO9001, REACH, RoHS",1.0,0.0,-0.016349916154276133,0.0,71.95,0,0.0
V0044,2022Q3,2.0,1.0,0.0,0.0,1.0,-0.03161656782001186,0.012343773525087524,409248.36799999996,0.0,2.0,0.00625,0.0,0.0,0.0,0.0,0.0,71.6,47.7,3.27,Batteries,Malaysia,APAC,Tier 3,295900.0,False,"ISO14001, ISO9001, REACH, RoHS",1.0,0.003125,-0.032158200064282064,0.0,71.55,0,0.0
V0044,2022Q4,0.0,,0.0,0.0,,0.0,0.0,0.0,0.0,0.0,0.0,0.0,0.0,0.0,0.0,0.0,71.6,51.1,3.31,Batteries,Malaysia,APAC,Tier 3,295900.0,False,"ISO14001, ISO9001, REACH, RoHS",1.0,0.003125,-0.01580828391000593,0.0,71.6,0,0.0
V0044,2023Q1,0.0,,0.0,0.0,,0.0,0.0,0.0,0.0,0.0,0.0,0.0,0.0,0.0,0.0,0.0,72.2,50.6,4.95,Batteries,Malaysia,APAC,Tier 3,295900.0,False,"ISO14001, ISO9001, REACH, RoHS",,0.0,0.0,0.0,71.9,0,1.0
V0044,2023Q2,2.0,0.5,4.0,4.242640687119285,1.0,-0.025451122220238973,0.06888978732924221,690507.8319999999,0.0,0.0,0.0,0.0,0.0,0.0,0.0,0.0,72.9,54.9,9.56,Batteries,Malaysia,APAC,Tier 3,295900.0,False,"ISO14001, ISO9001, REACH, RoHS",0.5,0.0,-0.012725561110119486,0.0,72.55000000000001,1,0.0
V0044,2023Q3,2.0,1.0,0.0,0.0,1.0,0.05511374118284629,0.0011557448842578618,217489.833,0.5,1.0,0.0083,0.0,0.0,0.0,0.0,0.0,72.8,54.8,4.97,Batteries,Malaysia,APAC,Tier 3,295900.0,False,"ISO14001, ISO9001, REACH, RoHS",0.75,0.00415,0.014831309481303658,0.0,72.85,0,1.0
V0044,2023Q4,0.0,,0.0,0.0,,0.0,0.0,0.0,0.0,0.0,0.0,0.0,0.0,1.0,4.0,43.0,72.9,53.1,4.18,Batteries,Malaysia,APAC,Tier 3,295900.0,False,"ISO14001, ISO9001, REACH, RoHS",1.0,0.00415,0.027556870591423144,2.0,72.85,1,0.0
V0044,2024Q1,2.0,1.0,0.0,0.0,1.0,0.03430592519157313,0.025227101996005023,1255613.2750000001,0.0,1.0,0.0087,0.0,0.0,0.0,0.0,0.0,72.8,53.2,3.63,Batteries,Malaysia,APAC,Tier 3,295900.0,False,"ISO14001, ISO9001, REACH, RoHS",1.0,0.00435,0.017152962595786567,2.0,72.85,0,0.0
V0044,2024Q2,0.0,,0.0,0.0,,0.0,0.0,0.0,0.0,0.0,0.0,0.0,0.0,0.0,0.0,0.0,72.5,63.0,7.15,Batteries,Malaysia,APAC,Tier 3,295900.0,False,"ISO14001, ISO9001, REACH, RoHS",1.0,0.00435,0.017152962595786567,0.0,72.65,0,0.0
V0044,2024Q3,0.0,,0.0,0.0,,0.0,0.0,0.0,0.0,0.0,0.0,0.0,0.0,0.0,0.0,0.0,72.1,55.6,4.03,Batteries,Malaysia,APAC,Tier 3,295900.0,False,"ISO14001, ISO9001, REACH, RoHS",,0.0,0.0,0.0,72.3,0,0.0
V0044,2024Q4,1.0,1.0,0.0,0.0,1.0,0.011994726776463613,0.0,52268.377,0.0,1.0,0.0014,0.0,0.0,0.0,0.0,0.0,72.5,41.6,6.33,Batteries,Malaysia,APAC,Tier 3,295900.0,False,"ISO14001, ISO9001, REACH, RoHS",1.0,0.0007,0.005997363388231806,0.0,72.3,0,0.0
V0044,2025Q1,4.0,1.0,0.0,0.0,1.0,0.004507944957253141,0.046509967155645586,533239.3219999999,0.25,1.0,0.0165,0.0,0.0,0.0,0.0,0.0,72.6,63.0,4.71,Batteries,Malaysia,APAC,Tier 3,295900.0,False,"ISO14001, ISO9001, REACH, RoHS",1.0,0.00895,0.008251335866858377,0.0,72.55,0,1.0
V0044,2025Q2,3.0,0.3333333333333333,6.0,7.211102550927978,1.0,-0.04450234963676966,0.12014555795013022,1168103.754,0.0,2.0,0.0060999999999999995,0.0,0.0,0.0,0.0,0.0,72.6,51.3,4.58,Batteries,Malaysia,APAC,Tier 3,295900.0,False,"ISO14001, ISO9001, REACH, RoHS",0.6666666666666666,0.011300000000000001,-0.019997202339758262,0.0,72.6,1,1.0
V0044,2025Q3,2.0,0.5,5.0,7.0710678118654755,1.0,-0.07996348998155395,0.07552471787183922,1223768.4679999999,0.0,1.0,0.0119,0.0,0.0,0.0,0.0,0.0,72.3,55.2,4.72,Batteries,Malaysia,APAC,Tier 3,295900.0,False,"ISO14001, ISO9001, REACH, RoHS",0.41666666666666663,0.009000000000000001,-0.062232919809161805,0.0,72.44999999999999,1,1.0
V0044,2025Q4,3.0,0.6666666666666666,11.333333333333334,19.629909152447276,1.0,0.05491262926998428,0.028981478784484763,326170.878,0.0,1.0,0.0066,0.0,0.0,0.0,0.0,0.0,72.3,61.2,6.39,Batteries,Malaysia,APAC,Tier 3,295900.0,False,"ISO14001, ISO9001, REACH, RoHS",0.5833333333333333,0.009250000000000001,-0.012525430355784833,0.0,72.3,1,1.0
V0044,2026Q1,3.0,0.6666666666666666,8.333333333333334,12.741009902410928,0.915044554027165,-0.028486571307851816,0.03987404588712771,487498.65099999995,0.0,1.0,0.0123,0.0,0.0,0.0,0.0,0.0,72.5,48.0,0.0,Batteries,Malaysia,APAC,Tier 3,295900.0,False,"ISO14001, ISO9001, REACH, RoHS",0.6666666666666666,0.00945,0.013213028981066233,0.0,72.4,1,0.0
V0044,2026Q2,2.0,1.0,0.0,0.0,1.0,-0.06577371928272208,0.021454994181331705,387973.169,0.0,2.0,0.00875,0.0,0.0,0.0,0.0,0.0,72.7,45.7,2.96,Batteries,Malaysia,APAC,Tier 3,295900.0,False,"ISO14001, ISO9001, REACH, RoHS",0.8333333333333333,0.010525,-0.047130145295286946,0.0,72.6,0,
V0045,2022Q1,4.0,1.0,0.25,0.5,1.0,-0.034649217681227557,0.15824175687483927,2237296.073,0.0,2.0,0.0294,0.0,0.0,0.0,0.0,0.0,47.8,71.7,14.15,Displays,Poland,EMEA,Tier 2,525500.0,False,,1.0,0.0294,-0.034649217681227557,0.0,47.8,0,1.0
V0045,2022Q2,12.0,0.6666666666666666,3.0833333333333335,4.561864318522205,0.9863991136219982,-0.005747283207503104,0.13397295467174192,13637714.532000002,0.08333333333333333,10.0,0.03414,0.2,3.5,0.0,0.0,0.0,47.6,60.6,12.67,Displays,Poland,EMEA,Tier 2,525500.0,False,,0.8333333333333333,0.03177,-0.02019825044436533,0.0,47.7,1,1.0
V0045,2022Q3,9.0,0.7777777777777778,3.7777777777777777,6.685390373377193,0.9452393682171665,0.03495990892607008,0.12857848615419226,10420998.573,0.0,6.0,0.05251666666666666,0.6666666666666666,13.75,0.0,0.0,0.0,47.3,67.2,10.22,Displays,Poland,EMEA,Tier 2,525500.0,False,,0.7222222222222222,0.04332833333333333,0.014606312859283488,0.0,47.45,1,1.0
V0045,2022Q4,10.0,0.8,1.7,2.5407785333546005,0.9939042521558132,-0.020830227692342423,0.09757898927509437,5379252.776000001,0.0,7.0,0.045014285714285715,0.2857142857142857,9.0,0.0,0.0,0.0,47.4,72.7,13.2,Displays,Poland,EMEA,Tier 2,525500.0,False,,0.788888888888889,0.048765476190476185,0.007064840616863828,0.0,47.349999999999994,1,0.0
V0045,2023Q1,3.0,1.0,0.3333333333333333,0.5773502691896258,1.0,-0.00220121515436833,0.18398030193384893,8965024.979999999,0.0,2.0,0.00515,0.0,0.0,0.0,0.0,0.0,47.4,78.4,10.38,Displays,Poland,EMEA,Tier 2,525500.0,False,,0.9,0.025082142857142855,-0.011515721423355376,0.0,47.4,0,1.0
V0045,2023Q2,7.0,0.5714285714285714,7.142857142857143,10.574002260711117,1.0,-0.009511052668863913,0.09788608269260461,6865890.275,0.14285714285714285,2.0,0.0276,0.0,0.0,0.0,0.0,0.0,47.1,63.7,17.22,Displays,Poland,EMEA,Tier 2,525500.0,False,,0.7857142857142857,0.016374999999999997,-0.0058561339116161215,0.0,47.25,1,1.0
V0045,2023Q3,7.0,0.5714285714285714,3.7142857142857144,4.572172558506723,1.0,-0.06426377300072751,0.11708117215750373,11445415.699000001,0.0,4.0,0.041825,0.0,0.0,0.0,0.0,0.0,46.8,77.3,11.49,Displays,Poland,EMEA,Tier 2,525500.0,False,,0.5714285714285714,0.03471249999999999,-0.03688741283479571,0.0,46.95,1,1.0
V0045,2023Q4,7.0,0.5714285714285714,10.142857142857142,13.508374827350272,1.0,0.04743666576105251,0.09274705136003474,6264223.474,0.0,4.0,0.049675000000000004,0.25,5.0,0.0,0.0,0.0,47.2,56.6,11.19,Displays,Poland,EMEA,Tier 2,525500.0,False,,0.5714285714285714,0.04575,-0.008413553619837501,0.0,47.0,1,1.0
V0045,2024Q1,7.0,0.5714285714285714,7.857142857142857,10.605479266689954,0.9650190612388071,0.050188849922808955,0.1616435348358265,10362278.52,0.0,3.0,0.0521,0.6666666666666666,8.0,0.0,0.0,0.0,47.1,80.8,20.99,Displays,Poland,EMEA,Tier 2,525500.0,False,,0.5714285714285714,0.0508875,0.04881275784193073,0.0,47.150000000000006,1,1.0
V0045,2024Q2,2.0,0.5,15.5,21.920310216782973,1.0,0.14929940255835283,0.23540982323962584,267776.725,0.0,2.0,0.0433,0.0,0.0,0.0,0.0,0.0,46.3,81.0,18.53,Displays,Poland,EMEA,Tier 2,525500.0,False,,0.5357142857142857,0.04769999999999999,0.09974412624058089,0.0,46.7,1,1.0
V0045,2024Q3,4.0,0.5,5.25,6.3966136874651625,1.0,-0.09753842524449866,0.10116359355744715,6571268.682,0.0,3.0,0.0224,0.0,0.0,0.0,0.0,0.0,46.4,70.3,10.87,Displays,Poland,EMEA,Tier 2,525500.0,False,,0.5,0.03285,0.02588048865692709,0.0,46.349999999999994,1,0.0
V0045,2024Q4,3.0,1.0,1.0,1.0,1.0,-0.04870297076238997,0.14371966462704047,2122190.734,0.0,1.0,0.0327,0.0,0.0,0.0,0.0,0.0,46.3,73.4,13.83,Displays,Poland,EMEA,Tier 2,525500.0,False,,0.75,0.027549999999999995,-0.07312069800344431,0.0,46.349999999999994,0,1.0
V0045,2025Q1,13.0,0.8461538461538461,1.7692307692307692,3.8977310954333024,1.0,0.033851230311809914,0.1415054800336533,11285883.91,0.07692307692307693,10.0,0.04063,0.2,19.5,0.0,0.0,0.0,46.5,71.2,12.33,Displays,Poland,EMEA,Tier 2,525500.0,False,,0.9230769230769231,0.036664999999999996,-0.007425870225290027,0.0,46.4,1,1.0
V0045,2025Q2,7.0,0.8571428571428571,1.5714285714285714,2.9358214555806383,0.955516088850107,-0.04284827595075896,0.09706978792258548,5343869.843,0.0,5.0,0.03264,0.2,22.0,0.0,0.0,0.0,46.9,66.7,16.19,Displays,Poland,EMEA,Tier 2,525500.0,False,,0.8516483516483516,0.036634999999999994,-0.004498522819474524,0.0,46.7,1,1.0
V0045,2025Q3,7.0,1.0,0.42857142857142855,0.7867957924694432,0.957963985058817,0.047552932114077504,0.13603176859461552,4218970.717999999,0.2857142857142857,5.0,0.04316,0.4,4.5,0.0,0.0,0.0,46.7,71.5,17.82,Displays,Poland,EMEA,Tier 2,525500.0,False,,0.9285714285714286,0.03789999999999999,0.0023523280816592704,0.0,46.8,1,1.0
V0045,2025Q4,10.0,0.8,3.3,7.4244341348160825,0.9901315166997824,0.026534688317479453,0.1818346184612318,6030815.075999999,0.0,4.0,0.0362,0.25,19.0,0.0,0.0,0.0,46.8,73.6,17.3,Displays,Poland,EMEA,Tier 2,525500.0,False,,0.9,0.03967999999999999,0.037043810215778475,0.0,46.75,1,1.0
V0045,2026Q1,8.0,0.625,11.125,20.58735742426127,0.9694743029895868,0.017254563152918064,0.07339807045320836,7377054.360000001,0.0,4.0,0.03785,0.5,18.5,0.0,0.0,0.0,46.7,79.0,12.6,Displays,Poland,EMEA,Tier 2,525500.0,False,,0.7125000000000001,0.037024999999999995,0.021894625735198757,0.0,46.75,1,1.0
V0045,2026Q2,11.0,0.7272727272727273,2.909090909090909,4.700096710803842,1.0,-0.021650134330928078,0.10953415719996232,13152082.156000001,0.0,6.0,0.037083333333333336,0.0,0.0,0.0,0.0,0.0,47.0,65.8,10.91,Displays,Poland,EMEA,Tier 2,525500.0,False,,0.6761363636363638,0.03746666666666666,-0.002197785589005007,0.0,46.85,1,
V0046,2022Q1,4.0,0.75,1.0,1.4142135623730951,1.0,0.0243078954027912,0.08355831125075042,725010.07,0.0,1.0,0.0208,0.0,0.0,0.0,0.0,0.0,62.1,49.4,10.04,Connectors,Thailand,APAC,Tier 2,650300.0,False,ISO9001,0.75,0.0208,0.0243078954027912,0.0,62.1,0,1.0
V0046,2022Q2,3.0,0.6666666666666666,7.666666666666667,13.279056191361393,0.9894008219770711,0.006695082769601945,0.10173776804552451,132601.704,0.0,2.0,0.021150000000000002,0.0,0.0,0.0,0.0,0.0,61.5,71.9,12.63,Connectors,Thailand,APAC,Tier 2,650300.0,False,ISO9001,0.7083333333333333,0.020975,0.015501489086196573,0.0,61.8,1,1.0
V0046,2022Q3,3.0,0.6666666666666666,2.6666666666666665,4.618802153517007,1.0,-0.0021347060275147775,0.05638110994451151,296295.48600000003,0.0,2.0,0.0224,0.0,0.0,0.0,0.0,0.0,62.0,52.1,7.65,Connectors,Thailand,APAC,Tier 2,650300.0,False,ISO9001,0.6666666666666666,0.021775000000000003,0.0022801883710435837,0.0,61.75,1,1.0
V0046,2022Q4,6.0,0.8333333333333334,1.8333333333333333,4.020779360604939,1.0,-0.01588168366697547,0.039292858331789,163816.665,0.0,4.0,0.01165,0.0,0.0,1.0,4.0,32.0,62.2,50.5,6.23,Connectors,Thailand,APAC,Tier 2,650300.0,False,ISO9001,0.75,0.017025,-0.009008194847245124,2.0,62.1,1,0.0
V0046,2023Q1,1.0,1.0,0.0,0.0,1.0,0.0436946902654867,0.0,12788.199,0.0,0.0,0.0,0.0,0.0,0.0,0.0,0.0,62.3,55.4,2.62,Connectors,Thailand,APAC,Tier 2,650300.0,False,ISO9001,0.9166666666666667,0.005825,0.013906503299255617,2.0,62.25,0,0.0
V0046,2023Q2,4.0,1.0,0.0,0.0,1.0,-0.032796989837383286,0.06053236300276526,1136885.054,0.0,3.0,0.02376666666666667,0.0,0.0,0.0,0.0,0.0,61.7,71.0,9.41,Connectors,Thailand,APAC,Tier 2,650300.0,False,ISO9001,1.0,0.011883333333333334,0.0054488502140517085,0.0,62.0,0,0.0
V0046,2023Q3,4.0,1.0,0.0,0.0,1.0,0.0340296293265317,0.05707111789296767,112626.088,0.0,2.0,0.0032,0.0,0.0,0.0,0.0,0.0,61.9,57.3,5.68,Connectors,Thailand,APAC,Tier 2,650300.0,False,ISO9001,1.0,0.013483333333333335,0.0006163197445742084,0.0,61.8,0,0.0
V0046,2023Q4,4.0,1.0,0.75,0.5,1.0,-0.06807101225118681,0.1807117227858747,158175.461,0.0,3.0,0.0339,0.0,0.0,0.0,0.0,0.0,62.1,52.4,9.02,Connectors,Thailand,APAC,Tier 2,650300.0,False,ISO9001,1.0,0.01855,-0.017020691462327552,0.0,62.0,0,1.0
V0046,2024Q1,4.0,0.25,6.25,6.701989754294367,1.0,-0.0025424023763297963,0.07229015007519544,153450.372,0.0,4.0,0.02275,0.0,0.0,0.0,0.0,0.0,61.8,66.0,9.97,Connectors,Thailand,APAC,Tier 2,650300.0,False,ISO9001,0.625,0.028325,-0.035306707313758304,0.0,61.95,1,1.0
V0046,2024Q2,3.0,0.6666666666666666,5.666666666666667,8.962886439832502,1.0,0.04332983053208036,0.11999091738420248,97214.64499999999,0.0,3.0,0.013833333333333335,0.0,0.0,0.0,0.0,0.0,61.4,67.5,8.11,Connectors,Thailand,APAC,Tier 2,650300.0,False,ISO9001,0.45833333333333337,0.018291666666666668,0.020393714077875283,0.0,61.599999999999994,1,1.0
V0046,2024Q3,4.0,0.5,10.75,18.874586088176873,1.0,0.03974142918232791,0.12427117317602163,173727.267,0.0,4.0,0.00085,0.0,0.0,0.0,0.0,0.0,62.1,55.5,4.6,Connectors,Thailand,APAC,Tier 2,650300.0,False,ISO9001,0.5833333333333334,0.007341666666666667,0.04153562985720414,0.0,61.75,1,0.0
V0046,2024Q4,4.0,0.75,3.25,6.500000000000001,0.9933844011142061,-0.03534413868882225,0.06208032626127051,191118.48599999998,0.0,2.0,0.017050000000000003,0.0,0.0,1.0,2.0,11.0,62.4,55.2,6.04,Connectors,Thailand,APAC,Tier 2,650300.0,False,ISO9001,0.625,0.008950000000000001,0.002198645246752829,1.0,62.25,0,0.0
V0046,2025Q1,3.0,1.0,0.0,0.0,0.9472207610029809,-0.038144940511674476,0.08791914827980084,164971.46499999997,0.0,1.0,0.0189,0.0,0.0,0.0,0.0,0.0,62.4,54.9,5.9,Connectors,Thailand,APAC,Tier 2,650300.0,False,ISO9001,0.875,0.017975,-0.036744539600248365,1.0,62.4,0,1.0
V0046,2025Q2,3.0,0.6666666666666666,4.0,6.928203230275509,1.0,0.01793163812028033,0.013961552042111728,86102.48000000001,0.0,0.0,0.0,0.0,0.0,0.0,0.0,0.0,62.0,70.9,8.71,Connectors,Thailand,APAC,Tier 2,650300.0,False,ISO9001,0.8333333333333333,0.00945,-0.010106651195697073,0.0,62.2,1,0.0
V0046,2025Q3,4.0,0.75,7.75,15.5,1.0,0.08402509962812807,0.05555391884315833,638342.477,0.0,3.0,0.0051,0.0,0.0,0.0,0.0,0.0,61.7,69.0,5.16,Connectors,Thailand,APAC,Tier 2,650300.0,False,ISO9001,0.7083333333333333,0.00255,0.0509783688742042,0.0,61.85,0,1.0
V0046,2025Q4,4.0,0.25,21.0,14.899664425751341,1.0,-0.02995247692088367,0.1784733226930559,542435.272,0.0,2.0,0.00885,0.0,0.0,0.0,0.0,0.0,61.7,66.6,9.32,Connectors,Thailand,APAC,Tier 2,650300.0,False,ISO9001,0.5,0.006975,0.0270363113536222,0.0,61.7,1,0.0
V0046,2026Q1,6.0,0.8333333333333334,1.6666666666666667,1.8618986725025255,1.0,-0.028287673940075333,0.09068777847032664,916855.0890000002,0.0,4.0,0.021400000000000002,0.0,0.0,0.0,0.0,0.0,61.6,58.3,6.41,Connectors,Thailand,APAC,Tier 2,650300.0,False,ISO9001,0.5416666666666667,0.015125000000000001,-0.0291200754304795,0.0,61.650000000000006,0,1.0
V0046,2026Q2,4.0,0.5,4.5,6.454972243679028,1.0,0.04365798135675204,0.08237738265373855,321589.501,0.0,3.0,0.012066666666666665,0.0,0.0,0.0,0.0,0.0,61.8,56.6,9.16,Connectors,Thailand,APAC,Tier 2,650300.0,False,ISO9001,0.6666666666666667,0.016733333333333333,0.007685153708338355,0.0,61.7,1,
V0047,2022Q1,5.0,0.8,3.4,6.54217089351845,0.9886904028581988,0.02708251745684228,0.07557716880845351,463864.969,0.0,2.0,0.018000000000000002,0.0,0.0,0.0,0.0,0.0,61.9,56.9,8.55,Connectors,Thailand,APAC,Tier 2,1580600.0,False,"ISO9001, REACH",0.8,0.018000000000000002,0.02708251745684228,0.0,61.9,0,1.0
V0047,2022Q2,6.0,0.5,8.166666666666666,15.354695264532822,1.0,-0.0256265976539988,0.1079835746139737,294182.898,0.0,1.0,0.026,0.0,0.0,0.0,0.0,0.0,61.6,67.9,10.57,Connectors,Thailand,APAC,Tier 2,1580600.0,False,"ISO9001, REACH",0.65,0.022,0.0007279599014217396,0.0,61.75,1,1.0
V0047,2022Q3,7.0,0.7142857142857143,10.285714285714286,18.163280593129695,1.0,0.031077029803253085,0.0560543083062774,820993.201,0.0,6.0,0.020583333333333332,0.0,0.0,0.0,0.0,0.0,61.6,74.9,8.96,Connectors,Thailand,APAC,Tier 2,1580600.0,False,"ISO9001, REACH",0.6071428571428572,0.023291666666666665,0.002725216074627142,0.0,61.6,1,0.0
V0047,2022Q4,8.0,1.0,0.5,0.7559289460184544,0.9568539729901302,0.04601952255859393,0.07659032601499703,383958.108,0.0,4.0,0.0225,0.0,0.0,0.0,0.0,0.0,61.8,57.6,10.02,Connectors,Thailand,APAC,Tier 2,1580600.0,False,"ISO9001, REACH",0.8571428571428572,0.021541666666666667,0.038548276180923505,0.0,61.7,0,0.0
V0047,2023Q1,3.0,1.0,0.3333333333333333,0.5773502691896258,1.0,0.05504174843915399,0.0622364592784859,195968.445,0.0,3.0,0.014400000000000001,0.0,0.0,0.0,0.0,0.0,61.2,62.7,7.31,Connectors,Thailand,APAC,Tier 2,1580600.0,False,"ISO9001, REACH",1.0,0.01845,0.05053063549887396,0.0,61.5,0,0.0
V0047,2023Q2,2.0,1.0,0.5,0.7071067811865476,1.0,-0.05001515463687302,0.0842922879968529,76497.94600000001,0.0,1.0,0.0211,0.0,0.0,0.0,0.0,0.0,61.3,65.6,10.19,Connectors,Thailand,APAC,Tier 2,1580600.0,False,"ISO9001, REACH",1.0,0.017750000000000002,0.002513296901140487,0.0,61.25,0,1.0
V0047,2023Q3,2.0,0.5,7.0,9.899494936611665,1.0,0.03190293754878395,0.049876315564918526,191345.572,0.0,1.0,0.0185,0.0,0.0,0.0,0.0,0.0,61.4,57.8,5.14,Connectors,Thailand,APAC,Tier 2,1580600.0,False,"ISO9001, REACH",0.75,0.019799999999999998,-0.009056108544044535,0.0,61.349999999999994,1,0.0
V0047,2023Q4,6.0,0.8333333333333334,1.5,3.6742346141747673,1.0,0.0341971384086995,0.06522887056099845,369514.493,0.0,5.0,0.022520000000000002,0.0,0.0,0.0,0.0,0.0,61.4,67.3,6.36,Connectors,Thailand,APAC,Tier 2,1580600.0,False,"ISO9001, REACH",0.6666666666666667,0.02051,0.033050037978741724,0.0,61.4,0,1.0
V0047,2024Q1,4.0,0.5,9.75,11.324751652906125,1.0,0.03274457759948781,0.054807550955951086,103558.18,0.0,3.0,0.015799999999999998,0.0,0.0,0.0,0.0,0.0,60.5,59.4,9.61,Connectors,Thailand,APAC,Tier 2,1580600.0,False,"ISO9001, REACH",0.6666666666666667,0.01916,0.033470858004093655,0.0,60.95,1,1.0
V0047,2024Q2,2.0,0.5,7.0,9.899494936611665,1.0,0.02359484437839001,0.06061831143808404,82072.031,0.0,1.0,0.0377,0.0,0.0,1.0,4.0,58.0,60.1,69.3,11.42,Connectors,Thailand,APAC,Tier 2,1580600.0,False,"ISO9001, REACH",0.5,0.026749999999999996,0.02816971098893891,2.0,60.3,1,1.0
V0047,2024Q3,3.0,0.3333333333333333,9.333333333333334,13.650396819628847,1.0,-0.14330729797030697,0.088944855060461,100148.661,0.0,2.0,0.0201,0.0,0.0,0.0,0.0,0.0,60.6,56.2,7.53,Connectors,Thailand,APAC,Tier 2,1580600.0,False,"ISO9001, REACH",0.41666666666666663,0.0289,-0.05985622679595848,2.0,60.35,1,0.0
V0047,2024Q4,1.0,1.0,0.0,0.0,1.0,-0.11600857055402515,0.0,15265.967999999999,0.0,1.0,0.0276,0.0,0.0,0.0,0.0,0.0,60.4,56.3,7.06,Connectors,Thailand,APAC,Tier 2,1580600.0,False,"ISO9001, REACH",0.6666666666666666,0.02385,-0.12965793426216607,0.0,60.5,0,0.0
V0047,2025Q1,2.0,1.0,1.0,1.4142135623730951,1.0,-0.0754798507102932,0.01053161807542443,100592.34199999999,0.5,2.0,0.02665,0.0,0.0,0.0,0.0,0.0,60.6,63.5,7.81,Connectors,Thailand,APAC,Tier 2,1580600.0,False,"ISO9001, REACH",1.0,0.027125,-0.09574421063215918,0.0,60.5,0,0.0
V0047,2025Q2,3.0,1.0,0.3333333333333333,0.5773502691896258,1.0,-0.05688420837252159,0.01870130402540334,29408.132,0.0,1.0,0.0032,0.0,0.0,0.0,0.0,0.0,60.5,75.0,7.14,Connectors,Thailand,APAC,Tier 2,1580600.0,False,"ISO9001, REACH",1.0,0.014925,-0.0661820295414074,0.0,60.55,0,1.0
V0047,2025Q3,6.0,0.6666666666666666,7.166666666666667,12.828354012369111,1.0,-0.015452564748497035,0.12512181798968702,872175.918,0.0,2.0,0.01975,0.0,0.0,0.0,0.0,0.0,60.7,62.5,10.08,Connectors,Thailand,APAC,Tier 2,1580600.0,False,"ISO9001, REACH",0.8333333333333333,0.011475,-0.03616838656050931,0.0,60.6,1,1.0
V0047,2025Q4,1.0,0.0,7.0,0.0,1.0,-0.10510271703114647,0.0,61503.968,0.0,1.0,0.0181,0.0,0.0,0.0,0.0,0.0,60.2,55.8,8.53,Connectors,Thailand,APAC,Tier 2,1580600.0,False,"ISO9001, REACH",0.3333333333333333,0.018925,-0.06027764088982175,0.0,60.45,1,1.0
V0047,2026Q1,3.0,0.3333333333333333,7.666666666666667,7.505553499465135,1.0,0.023554225399641,0.012869400327313695,254398.635,0.0,2.0,0.0233,0.0,0.0,0.0,0.0,0.0,60.4,51.5,5.95,Connectors,Thailand,APAC,Tier 2,1580600.0,False,"ISO9001, REACH",0.16666666666666666,0.020700000000000003,-0.04077424581575274,0.0,60.3,1,0.0
V0047,2026Q2,8.0,1.0,0.375,0.5175491695067657,1.0,0.01171181147071687,0.0465643531430682,391295.58700000006,0.0,2.0,0.01845,0.0,0.0,0.0,0.0,0.0,60.6,54.2,10.23,Connectors,Thailand,APAC,Tier 2,1580600.0,False,"ISO9001, REACH",0.6666666666666666,0.020875,0.017633018435178935,0.0,60.5,0,
V0048,2022Q1,2.0,1.0,0.5,0.7071067811865476,1.0,-0.007386157823721146,0.0358369619325295,243399.248,0.0,1.0,0.0054,0.0,0.0,0.0,0.0,0.0,81.8,44.6,1.5,PCB / PCBA,China,APAC,Tier 2,423000.0,True,RoHS,1.0,0.0054,-0.007386157823721146,0.0,81.8,0,1.0
V0048,2022Q2,6.0,0.5,4.333333333333333,5.391351098441528,1.0,-0.013869943329814683,0.029296469512125715,5597273.347999999,0.0,3.0,0.004666666666666667,0.0,0.0,0.0,0.0,0.0,81.0,53.7,1.52,PCB / PCBA,China,APAC,Tier 2,423000.0,True,RoHS,0.75,0.005033333333333334,-0.010628050576767915,0.0,81.4,1,1.0
V0048,2022Q3,14.0,0.7142857142857143,3.9285714285714284,6.244558070392612,0.9862784020815109,-0.005691765371609411,0.032819787716941655,7405613.580000001,0.0,10.0,0.00244,0.0,0.0,0.0,0.0,0.0,81.4,45.7,1.68,PCB / PCBA,China,APAC,Tier 2,423000.0,True,RoHS,0.6071428571428572,0.0035533333333333337,-0.009780854350712048,0.0,81.2,1,0.0
V0048,2022Q4,3.0,1.0,0.3333333333333333,0.5773502691896258,1.0,0.0072777105330002825,0.017885288832383637,1082774.153,0.0,3.0,0.002933333333333333,0.0,0.0,0.0,0.0,0.0,81.4,51.6,2.14,PCB / PCBA,China,APAC,Tier 2,423000.0,True,RoHS,0.8571428571428572,0.002686666666666666,0.0007929725806954356,0.0,81.4,0,0.0
V0048,2023Q1,3.0,1.0,0.3333333333333333,0.5773502691896258,1.0,0.005150278963767421,0.0074444851279208205,1420432.247,0.0,3.0,0.0021666666666666666,0.0,0.0,0.0,0.0,0.0,81.1,49.9,3.46,PCB / PCBA,China,APAC,Tier 2,423000.0,True,RoHS,1.0,0.0025499999999999997,0.006213994748383852,0.0,81.25,0,0.0
V0048,2023Q2,7.0,1.0,0.2857142857142857,0.4879500364742666,1.0,0.007451800466750896,0.02359219193030099,6577083.07,0.14285714285714285,5.0,0.00272,0.0,0.0,0.0,0.0,0.0,80.9,43.0,6.24,PCB / PCBA,China,APAC,Tier 2,423000.0,True,RoHS,1.0,0.0024433333333333334,0.006301039715259159,0.0,81.0,0,0.0
V0048,2023Q3,5.0,0.8,1.2,1.6431676725154984,1.0,0.009566396669317415,0.025047231983317732,4213692.381999999,0.0,3.0,0.0017666666666666666,0.0,0.0,0.0,0.0,0.0,81.1,67.6,4.68,PCB / PCBA,China,APAC,Tier 2,423000.0,True,RoHS,0.8999999999999999,0.0022433333333333333,0.008509098568034156,0.0,81.0,0,0.0
V0048,2023Q4,6.0,1.0,0.3333333333333333,0.5163977794943223,1.0,-0.0028680851533556193,0.018823706285595154,523020.7680000001,0.0,6.0,0.0034333333333333334,0.0,0.0,0.0,0.0,0.0,82.0,40.6,6.9,PCB / PCBA,China,APAC,Tier 2,423000.0,True,RoHS,0.8999999999999999,0.0026,0.003349155757980898,0.0,81.55,0,0.0
V0048,2024Q1,8.0,0.75,3.125,5.5917669070569405,0.9864718614718615,0.00010498949965961923,0.017504099683457557,4457128.023,0.0,3.0,0.0033666666666666667,0.0,0.0,0.0,0.0,0.0,81.2,51.4,1.56,PCB / PCBA,China,APAC,Tier 2,423000.0,True,RoHS,0.875,0.0034000000000000002,-0.0013815478268480001,0.0,81.6,0,1.0
V0048,2024Q2,6.0,0.6666666666666666,4.5,7.52994023880668,1.0,0.0149685081071982,0.033594354907244994,2268298.261,0.16666666666666666,5.0,0.0036,0.0,0.0,0.0,0.0,0.0,80.9,56.2,2.81,PCB / PCBA,China,APAC,Tier 2,423000.0,True,RoHS,0.7083333333333333,0.003483333333333333,0.00753674880342891,0.0,81.05000000000001,1,0.0
V0048,2024Q3,4.0,0.75,7.75,14.84082207965583,1.0,-0.009732217616919222,0.019302695839905074,7701491.712,0.0,2.0,0.0051,0.0,0.0,0.0,0.0,0.0,81.1,43.3,3.11,PCB / PCBA,China,APAC,Tier 2,423000.0,True,RoHS,0.7083333333333333,0.00435,0.002618145245139489,0.0,81.0,0,0.0
V0048,2024Q4,6.0,1.0,0.6666666666666666,1.0327955589886444,1.0,0.006452463104906669,0.021934143096286874,1371817.485,0.0,3.0,0.0036333333333333335,0.0,0.0,0.0,0.0,0.0,81.3,43.3,1.54,PCB / PCBA,China,APAC,Tier 2,423000.0,True,RoHS,0.875,0.004366666666666666,-0.0016398772560062766,0.0,81.19999999999999,0,0.0
V0048,2025Q1,9.0,0.7777777777777778,2.0,4.9749371855331,0.9864297031067024,-0.0006423950298069379,0.03150898157623034,4940682.063999999,0.0,5.0,0.00444,0.0,0.0,0.0,0.0,0.0,81.0,45.9,2.96,PCB / PCBA,China,APAC,Tier 2,423000.0,True,RoHS,0.8888888888888888,0.004036666666666667,0.0029050340375498655,0.0,81.15,0,1.0
V0048,2025Q2,7.0,0.7142857142857143,1.2857142857142858,1.7043362064926935,1.0,6.418996016428897e-05,0.021673126553710197,2840612.621,0.0,2.0,0.0033499999999999997,0.0,0.0,0.0,0.0,0.0,81.2,42.4,0.96,PCB / PCBA,China,APAC,Tier 2,423000.0,True,RoHS,0.746031746031746,0.0038949999999999996,-0.00028910253482132445,0.0,81.1,1,0.0
V0048,2025Q3,3.0,1.0,0.3333333333333333,0.5773502691896258,1.0,0.012394491818699865,0.0038401209466056,691362.7309999999,0.0,3.0,0.0024333333333333334,0.0,0.0,0.0,0.0,0.0,81.2,53.0,4.29,PCB / PCBA,China,APAC,Tier 2,423000.0,True,RoHS,0.8571428571428572,0.0028916666666666665,0.006229340889432077,0.0,81.2,0,1.0
V0048,2025Q4,11.0,0.5454545454545454,8.090909090909092,14.109957799047773,1.0,-0.0064436724536243665,0.030760050547889727,3659273.8600000003,0.09090909090909091,9.0,0.0028,0.0,0.0,0.0,0.0,0.0,81.8,42.4,1.19,PCB / PCBA,China,APAC,Tier 2,423000.0,True,RoHS,0.7727272727272727,0.0026166666666666664,0.0029754096825377494,0.0,81.5,1,1.0
V0048,2026Q1,7.0,0.5714285714285714,6.714285714285714,10.355582805332359,0.9815367400223797,-0.012436222604295206,0.02305157838748387,777915.508,0.14285714285714285,6.0,0.0044666666666666665,0.0,0.0,0.0,0.0,0.0,81.9,45.5,2.75,PCB / PCBA,China,APAC,Tier 2,423000.0,True,RoHS,0.5584415584415585,0.0036333333333333335,-0.009439947528959786,0.0,81.85,1,0.0
V0048,2026Q2,7.0,0.8571428571428571,0.42857142857142855,1.1338934190276817,1.0,0.0009512716375783008,0.020067301209416716,9015872.129,0.0,5.0,0.00246,0.0,0.0,0.0,0.0,0.0,82.4,58.7,0.49,PCB / PCBA,China,APAC,Tier 2,423000.0,True,RoHS,0.7142857142857143,0.003463333333333334,-0.005742475483358453,0.0,82.15,0,
V0049,2022Q1,0.0,,0.0,0.0,,0.0,0.0,0.0,0.0,0.0,0.0,0.0,0.0,0.0,0.0,0.0,73.2,59.0,2.81,PCB / PCBA,Mexico,AMER,Tier 3,57200.0,False,"ISO14001, REACH",,0.0,0.0,0.0,73.2,0,0.0
V0049,2022Q2,3.0,1.0,0.6666666666666666,1.1547005383792517,0.962231250449414,0.013805657130501537,0.021516961194993505,3598311.6779999994,0.0,1.0,0.0116,0.0,0.0,0.0,0.0,0.0,73.3,48.1,0.88,PCB / PCBA,Mexico,AMER,Tier 3,57200.0,False,"ISO14001, REACH",1.0,0.0058,0.006902828565250769,0.0,73.25,0,0.0
V0049,2022Q3,2.0,1.0,0.0,0.0,1.0,-0.059510726886384334,0.047864289396369074,400788.05799999996,0.0,0.0,0.0,0.0,0.0,0.0,0.0,0.0,73.0,49.0,6.88,PCB / PCBA,Mexico,AMER,Tier 3,57200.0,False,"ISO14001, REACH",1.0,0.0058,-0.022852534877941397,0.0,73.15,0,0.0
V0049,2022Q4,2.0,1.0,0.0,0.0,1.0,0.014207213034375648,0.07405589350364317,274601.056,0.0,1.0,0.014,0.0,0.0,0.0,0.0,0.0,73.1,52.0,3.82,PCB / PCBA,Mexico,AMER,Tier 3,57200.0,False,"ISO14001, REACH",1.0,0.007,-0.022651756926004345,0.0,73.05,0,1.0
V0049,2023Q1,3.0,0.6666666666666666,2.6666666666666665,3.7859388972001824,1.0,-0.006273289383125764,0.05181580330057129,738172.764,0.0,1.0,0.002,0.0,0.0,0.0,0.0,0.0,73.2,52.0,0.51,PCB / PCBA,Mexico,AMER,Tier 3,57200.0,False,"ISO14001, REACH",0.8333333333333333,0.008,0.003966961825624941,0.0,73.15,1,0.0
V0049,2023Q2,2.0,1.0,0.0,0.0,1.0,0.04074645673920757,0.00992734362977731,445291.426,0.0,0.0,0.0,0.0,0.0,0.0,0.0,0.0,73.4,49.9,6.42,PCB / PCBA,Mexico,AMER,Tier 3,57200.0,False,"ISO14001, REACH",0.8333333333333333,0.001,0.0172365836780409,0.0,73.30000000000001,0,0.0
V0049,2023Q3,0.0,,0.0,0.0,,0.0,0.0,0.0,0.0,0.0,0.0,0.0,0.0,0.0,0.0,0.0,73.1,60.1,2.32,PCB / PCBA,Mexico,AMER,Tier 3,57200.0,False,"ISO14001, REACH",1.0,0.0,0.020373228369603782,0.0,73.25,0,1.0
V0049,2023Q4,2.0,0.5,2.0,1.4142135623730951,1.0,-0.009844790001846893,0.06897454628425592,1026560.0629999998,0.0,1.0,0.0058,0.0,0.0,0.0,0.0,0.0,73.4,47.2,5.27,PCB / PCBA,Mexico,AMER,Tier 3,57200.0,False,"ISO14001, REACH",0.5,0.0029,-0.00492239500092345,0.0,73.25,1,0.0
V0049,2024Q1,0.0,,0.0,0.0,,0.0,0.0,0.0,0.0,0.0,0.0,0.0,0.0,0.0,0.0,0.0,73.8,53.2,3.5,PCB / PCBA,Mexico,AMER,Tier 3,57200.0,False,"ISO14001, REACH",0.5,0.0029,-0.00492239500092345,0.0,73.6,0,0.0
V0049,2024Q2,2.0,1.0,0.5,0.7071067811865476,1.0,-0.03167206208724827,0.012032557647586678,135320.32,0.0,2.0,0.00375,0.0,0.0,0.0,0.0,0.0,73.5,48.2,1.67,PCB / PCBA,Mexico,AMER,Tier 3,57200.0,False,"ISO14001, REACH",1.0,0.001875,-0.01583603104362414,0.0,73.65,0,0.0
V0049,2024Q3,4.0,1.0,0.25,0.5,1.0,-0.007739767404805042,0.03569090507056372,657280.314,0.0,4.0,0.01205,0.0,0.0,0.0,0.0,0.0,73.5,57.7,6.23,PCB / PCBA,Mexico,AMER,Tier 3,57200.0,False,"ISO14001, REACH",1.0,0.0079,-0.019705914746026662,0.0,73.5,0,0.0
V0049,2024Q4,2.0,1.0,1.0,1.4142135623730951,1.0,0.03788644515488644,0.03822727005962455,1778782.3599999999,0.0,1.0,0.0036,0.0,0.0,0.0,0.0,0.0,73.9,54.6,0.38,PCB / PCBA,Mexico,AMER,Tier 3,57200.0,False,"ISO14001, REACH",1.0,0.007825,0.015073338875040695,0.0,73.7,0,0.0
V0049,2025Q1,1.0,1.0,0.0,0.0,1.0,-0.0615570307785153,0.0,332042.26,1.0,1.0,0.0016,0.0,0.0,0.0,0.0,0.0,73.7,53.2,3.12,PCB / PCBA,Mexico,AMER,Tier 3,57200.0,False,"ISO14001, REACH",1.0,0.0026,-0.011835292811814436,0.0,73.80000000000001,0,1.0
V0049,2025Q2,1.0,0.0,3.0,0.0,1.0,-0.01981752182870603,0.0,88480.296,0.0,1.0,0.0026,0.0,0.0,1.0,8.0,86.0,73.3,55.9,5.3,PCB / PCBA,Mexico,AMER,Tier 3,57200.0,False,"ISO14001, REACH",0.5,0.0021,-0.04068727630361067,4.0,73.5,1,0.0
V0049,2025Q3,1.0,1.0,0.0,0.0,1.0,0.0736925718092602,0.0,721904.884,0.0,0.0,0.0,0.0,0.0,0.0,0.0,0.0,73.2,49.9,0.13,PCB / PCBA,Mexico,AMER,Tier 3,57200.0,False,"ISO14001, REACH",0.5,0.0013,0.026937524990277077,4.0,73.25,0,0.0
V0049,2025Q4,3.0,1.0,0.0,0.0,0.9127865752777121,-0.04698729032515223,0.028262824758445784,856741.4010000001,0.6666666666666666,3.0,0.013966666666666667,0.0,0.0,0.0,0.0,0.0,72.6,62.4,5.42,PCB / PCBA,Mexico,AMER,Tier 3,57200.0,False,"ISO14001, REACH",1.0,0.006983333333333334,0.013352640742053976,0.0,72.9,0,0.0
V0049,2026Q1,4.0,1.0,0.25,0.5,1.0,0.012497309276901618,0.050639496993165375,2749199.244,0.0,3.0,0.0097,0.0,0.0,0.0,0.0,0.0,72.6,58.0,1.14,PCB / PCBA,Mexico,AMER,Tier 3,57200.0,False,"ISO14001, REACH",1.0,0.011833333333333335,-0.017244990524125314,0.0,72.6,0,0.0
V0049,2026Q2,3.0,1.0,0.0,0.0,1.0,0.010804146416871302,0.0403295740355793,905679.943,0.0,2.0,0.0084,0.0,0.0,0.0,0.0,0.0,72.9,52.8,5.74,PCB / PCBA,Mexico,AMER,Tier 3,57200.0,False,"ISO14001, REACH",1.0,0.009049999999999999,0.011650727846886453,0.0,72.75,0,
V0050,2022Q1,6.0,1.0,0.3333333333333333,0.5163977794943222,0.9912186011445804,0.028308630042546107,0.05517758188644108,152562.64100000003,0.0,4.0,0.0194,0.0,0.0,0.0,0.0,0.0,62.1,63.3,8.05,Passive Components,Vietnam,APAC,Tier 2,1416100.0,False,,1.0,0.0194,0.028308630042546107,0.0,62.1,0,1.0
V0050,2022Q2,3.0,0.3333333333333333,8.0,7.0,1.0,0.05485511032065982,0.11500620927004497,22839.686,0.0,1.0,0.032,1.0,11.0,0.0,0.0,0.0,61.8,69.8,8.97,Passive Components,Vietnam,APAC,Tier 2,1416100.0,False,,0.6666666666666666,0.0257,0.04158187018160296,0.0,61.95,1,1.0
V0050,2022Q3,4.0,0.75,4.25,8.5,1.0,-0.011504281167043284,0.08664363984620052,22603.907,0.0,3.0,0.026400000000000003,0.3333333333333333,38.0,0.0,0.0,0.0,61.6,73.9,5.58,Passive Components,Vietnam,APAC,Tier 2,1416100.0,False,,0.5416666666666666,0.029200000000000004,0.021675414576808265,0.0,61.7,1,0.0
V0050,2022Q4,3.0,1.0,0.3333333333333333,0.5773502691896258,0.9578981645944346,-0.0011179839303320181,0.06643223313987556,135136.732,0.0,2.0,0.0144,0.0,0.0,0.0,0.0,0.0,61.3,55.6,5.68,Passive Components,Vietnam,APAC,Tier 2,1416100.0,False,,0.875,0.0204,-0.0063111325486876505,0.0,61.45,0,1.0
V0050,2023Q1,1.0,0.0,13.0,0.0,1.0,-0.11868686868686878,0.0,4508.382,0.0,1.0,0.0223,0.0,0.0,0.0,0.0,0.0,61.0,62.2,6.53,Passive Components,Vietnam,APAC,Tier 2,1416100.0,False,,0.5,0.018349999999999998,-0.059902426308600404,0.0,61.15,1,0.0
V0050,2023Q2,3.0,1.0,0.0,0.0,1.0,-0.00995056501310571,0.057446761245013966,75505.80600000001,0.0,2.0,0.0162,0.0,0.0,0.0,0.0,0.0,60.8,53.9,4.67,Passive Components,Vietnam,APAC,Tier 2,1416100.0,False,,0.5,0.01925,-0.06431871684998725,0.0,60.9,0,0.0
V0050,2023Q3,7.0,0.8571428571428571,1.0,1.5275252316519468,0.9596387850915014,-0.04432427476585249,0.05067898415201372,74009.48799999998,0.0,6.0,0.018850000000000002,0.0,0.0,0.0,0.0,0.0,60.8,62.7,6.95,Passive Components,Vietnam,APAC,Tier 2,1416100.0,False,,0.9285714285714286,0.017525,-0.0271374198894791,0.0,60.8,0,1.0
V0050,2023Q4,2.0,0.5,2.5,0.7071067811865476,0.9366763848396502,-0.1046818998479753,0.02913317725555706,22933.241,0.0,0.0,0.0,0.0,0.0,0.0,0.0,0.0,61.0,59.8,6.88,Passive Components,Vietnam,APAC,Tier 2,1416100.0,False,,0.6785714285714286,0.009425000000000001,-0.07450308730691389,0.0,60.9,1,1.0
V0050,2024Q1,7.0,0.42857142857142855,5.571428571428571,8.885515232803382,1.0,0.008760401837604043,0.0791725221759288,25571.234,0.0,5.0,0.02094,0.0,0.0,0.0,0.0,0.0,60.8,68.5,8.38,Passive Components,Vietnam,APAC,Tier 2,1416100.0,False,,0.4642857142857143,0.01047,-0.04796074900518563,0.0,60.9,1,1.0
V0050,2024Q2,6.0,0.6666666666666666,7.333333333333333,10.98483803552272,1.0,-0.007275865916715244,0.08695298584793018,87100.93400000001,0.0,5.0,0.02248,0.0,0.0,0.0,0.0,0.0,60.9,73.7,9.1,Passive Components,Vietnam,APAC,Tier 2,1416100.0,False,,0.5476190476190476,0.02171,0.0007422679604443994,0.0,60.849999999999994,1,0.0
V0050,2024Q3,3.0,1.0,0.6666666666666666,1.1547005383792517,0.9679725085910653,0.02163137463034333,0.027533351388262045,20098.748,0.0,2.0,0.00745,0.0,0.0,0.0,0.0,0.0,61.2,58.0,6.35,Passive Components,Vietnam,APAC,Tier 2,1416100.0,False,,0.8333333333333333,0.014965,0.007177754356814043,0.0,61.05,0,0.0
V0050,2024Q4,6.0,0.8333333333333334,1.1666666666666667,1.4719601443879746,1.0,-0.0009209741695803015,0.05496264660860781,26545.45,0.0,4.0,0.022275000000000003,0.0,0.0,0.0,0.0,0.0,61.8,55.3,6.01,Passive Components,Vietnam,APAC,Tier 2,1416100.0,False,,0.9166666666666667,0.0148625,0.010355200230381514,0.0,61.5,0,0.0
V0050,2025Q1,4.0,0.75,8.25,15.195942440884233,1.0,-0.021751145077252926,0.06510966873430044,45046.411,0.25,3.0,0.021833333333333333,0.0,0.0,0.0,0.0,0.0,61.9,56.2,4.34,Passive Components,Vietnam,APAC,Tier 2,1416100.0,False,,0.7916666666666667,0.022054166666666666,-0.011336059623416614,0.0,61.849999999999994,0,1.0
V0050,2025Q2,8.0,0.5,8.0,9.273618495495704,0.9957873134328359,-0.013660505023560289,0.08862228436342409,316959.65300000005,0.0,5.0,0.01824,0.0,0.0,0.0,0.0,0.0,61.5,67.9,9.5,Passive Components,Vietnam,APAC,Tier 2,1416100.0,False,,0.625,0.020036666666666668,-0.017705825050406607,0.0,61.7,1,0.0
V0050,2025Q3,8.0,0.875,0.625,1.407885953173359,0.9757843584893353,-0.0002733795953635248,0.10004762694524176,319341.929,0.0,5.0,0.01752,0.0,0.0,0.0,0.0,0.0,61.3,68.8,9.85,Passive Components,Vietnam,APAC,Tier 2,1416100.0,False,,0.6875,0.01788,-0.006966942309461907,0.0,61.4,0,1.0
V0050,2025Q4,3.0,0.6666666666666666,5.0,7.0,1.0,0.09123917746012235,0.03691822848012195,92830.21599999999,0.0,2.0,0.03105,0.0,0.0,0.0,0.0,0.0,60.9,65.7,9.15,Passive Components,Vietnam,APAC,Tier 2,1416100.0,False,,0.7708333333333333,0.024285,0.04548289893237941,0.0,61.099999999999994,1,0.0
V0050,2026Q1,9.0,0.8888888888888888,1.5555555555555556,3.972125095937662,0.9796132339235787,0.0032859220782676824,0.07705044622181453,301417.582,0.1111111111111111,4.0,0.0182,0.0,0.0,0.0,0.0,0.0,60.9,60.9,4.45,Passive Components,Vietnam,APAC,Tier 2,1416100.0,False,,0.7777777777777777,0.024625,0.047262549769195014,0.0,60.9,0,0.0
V0050,2026Q2,5.0,1.0,0.2,0.4472135954999579,1.0,0.014449015887152186,0.04731739114172671,36200.595,0.0,4.0,0.012150000000000001,0.0,0.0,0.0,0.0,0.0,60.9,56.1,10.07,Passive Components,Vietnam,APAC,Tier 2,1416100.0,False,,0.9444444444444444,0.015175000000000001,0.008867468982709934,0.0,60.9,0,
V0051,2022Q1,0.0,,0.0,0.0,,0.0,0.0,0.0,0.0,0.0,0.0,0.0,0.0,0.0,0.0,0.0,81.9,48.7,1.04,Packaging,Malaysia,APAC,Tier 3,81900.0,False,,,0.0,0.0,0.0,81.9,0,0.0
V0051,2022Q2,0.0,,0.0,0.0,,0.0,0.0,0.0,0.0,0.0,0.0,0.0,0.0,0.0,0.0,0.0,81.3,56.9,1.64,Packaging,Malaysia,APAC,Tier 3,81900.0,False,,,0.0,0.0,0.0,81.6,0,0.0
V0051,2022Q3,3.0,1.0,0.3333333333333333,0.5773502691896258,1.0,-0.010243464785187681,0.022109222543447705,16144.323,0.0,2.0,0.0037999999999999996,0.0,0.0,0.0,0.0,0.0,81.0,41.0,2.75,Packaging,Malaysia,APAC,Tier 3,81900.0,False,,1.0,0.0018999999999999998,-0.005121732392593841,0.0,81.15,0,0.0
V0051,2022Q4,1.0,1.0,1.0,0.0,1.0,-0.004771642808452604,0.0,4060.2599999999998,0.0,1.0,0.0033,0.0,0.0,0.0,0.0,0.0,81.1,53.7,4.47,Packaging,Malaysia,APAC,Tier 3,81900.0,False,,1.0,0.0035499999999999998,-0.007507553796820143,0.0,81.05,0,0.0
V0051,2023Q1,1.0,1.0,0.0,0.0,1.0,0.01601562499999997,0.0,20287.8,0.0,0.0,0.0,0.0,0.0,0.0,0.0,0.0,81.3,45.9,2.74,Packaging,Malaysia,APAC,Tier 3,81900.0,False,,1.0,0.00165,0.005621991095773683,0.0,81.19999999999999,0,0.0
V0051,2023Q2,1.0,1.0,1.0,0.0,1.0,-0.0018840276324053465,0.0,25794.879999999997,0.0,0.0,0.0,0.0,0.0,0.0,0.0,0.0,81.2,47.1,0.0,Packaging,Malaysia,APAC,Tier 3,81900.0,False,,1.0,0.0,0.007065798683797312,0.0,81.25,0,0.0
V0051,2023Q3,2.0,1.0,0.5,0.7071067811865476,1.0,-0.009892348728226592,0.02709874354998189,84249.258,0.0,2.0,0.0022500000000000003,0.0,0.0,0.0,0.0,0.0,81.3,48.7,3.22,Packaging,Malaysia,APAC,Tier 3,81900.0,False,,1.0,0.0011250000000000001,-0.0058881881803159695,0.0,81.25,0,0.0
V0051,2023Q4,0.0,,0.0,0.0,,0.0,0.0,0.0,0.0,0.0,0.0,0.0,0.0,0.0,0.0,0.0,81.9,40.0,5.66,Packaging,Malaysia,APAC,Tier 3,81900.0,False,,1.0,0.0011250000000000001,-0.004946174364113296,0.0,81.6,0,0.0
V0051,2024Q1,3.0,1.0,0.0,0.0,1.0,-0.008637356058128742,0.05072529004277007,34682.155,0.3333333333333333,2.0,0.0029,0.0,0.0,0.0,0.0,0.0,82.4,57.9,6.52,Packaging,Malaysia,APAC,Tier 3,81900.0,False,,1.0,0.00145,-0.004318678029064371,0.0,82.15,0,1.0
V0051,2024Q2,5.0,0.6,9.4,13.126309458488324,1.0,-0.005583332568959456,0.024568717526377324,54047.328,0.0,3.0,0.004866666666666667,0.0,0.0,0.0,0.0,0.0,82.0,45.9,0.0,Packaging,Malaysia,APAC,Tier 3,81900.0,False,,0.8,0.0038833333333333333,-0.007110344313544099,0.0,82.2,1,0.0
V0051,2024Q3,4.0,1.0,0.5,1.0,1.0,-0.008664507120102286,0.0170429536025463,20790.374,0.0,1.0,0.0029,0.0,0.0,0.0,0.0,0.0,81.4,48.9,3.52,Packaging,Malaysia,APAC,Tier 3,81900.0,False,,0.8,0.0038833333333333333,-0.007123919844530871,0.0,81.7,0,0.0
V0051,2024Q4,0.0,,0.0,0.0,,0.0,0.0,0.0,0.0,0.0,0.0,0.0,0.0,0.0,0.0,0.0,81.7,48.1,1.99,Packaging,Malaysia,APAC,Tier 3,81900.0,False,,1.0,0.00145,-0.004332253560051143,0.0,81.55000000000001,0,0.0
V0051,2025Q1,2.0,1.0,0.0,0.0,1.0,-0.007665084679114996,0.03446654627226181,39296.231999999996,0.0,1.0,0.002,0.0,0.0,0.0,0.0,0.0,81.3,34.8,1.27,Packaging,Malaysia,APAC,Tier 3,81900.0,False,,1.0,0.001,-0.003832542339557498,0.0,81.5,0,0.0
V0051,2025Q2,4.0,1.0,0.25,0.5,0.937322419158436,-0.01108762971705325,0.026618817007936918,36839.615000000005,0.0,4.0,0.00335,0.0,0.0,0.0,0.0,0.0,80.7,34.2,2.64,Packaging,Malaysia,APAC,Tier 3,81900.0,False,,1.0,0.0026750000000000003,-0.009376357198084124,0.0,81.0,0,1.0
V0051,2025Q3,2.0,0.5,2.0,2.8284271247461903,1.0,0.01199049311784403,0.022178829601712333,78394.098,0.0,2.0,0.0031999999999999997,0.0,0.0,0.0,0.0,0.0,80.6,47.9,2.95,Packaging,Malaysia,APAC,Tier 3,81900.0,False,,0.75,0.003275,0.00045143170039538966,0.0,80.65,1,0.0
V0051,2025Q4,4.0,0.75,4.25,8.5,1.0,0.014771722120056813,0.03339914162364925,162969.93399999998,0.0,3.0,0.0043,0.0,0.0,0.0,0.0,0.0,80.1,53.7,4.14,Packaging,Malaysia,APAC,Tier 3,81900.0,False,,0.625,0.00375,0.013381107618950422,0.0,80.35,0,0.0
V0051,2026Q1,1.0,1.0,0.0,0.0,1.0,0.021988527724665304,0.0,37987.984,0.0,1.0,0.0033,0.0,0.0,0.0,0.0,0.0,80.1,31.6,0.53,Packaging,Malaysia,APAC,Tier 3,81900.0,False,,0.875,0.0038,0.018380124922361057,0.0,80.1,0,0.0
V0051,2026Q2,4.0,1.0,0.5,1.0,1.0,-0.004236906272085139,0.017990343682708465,104896.72499999999,0.0,3.0,0.003966666666666667,0.0,0.0,0.0,0.0,0.0,80.4,39.7,6.54,Packaging,Malaysia,APAC,Tier 3,81900.0,False,,1.0,0.0036333333333333335,0.008875810726290081,0.0,80.25,0,
V0052,2022Q1,0.0,,0.0,0.0,,0.0,0.0,0.0,0.0,0.0,0.0,0.0,0.0,0.0,0.0,0.0,62.2,60.7,8.02,Passive Components,Japan,APAC,Tier 3,167500.0,False,"IATF16949, ISO9001, RoHS",,0.0,0.0,0.0,62.2,0,1.0
V0052,2022Q2,2.0,0.5,4.5,6.363961030678928,1.0,-0.10880100385098002,0.08374156289678428,7234.3279999999995,0.0,2.0,0.01755,0.0,0.0,0.0,0.0,0.0,61.4,67.4,7.18,Passive Components,Japan,APAC,Tier 3,167500.0,False,"IATF16949, ISO9001, RoHS",0.5,0.008775,-0.05440050192549001,0.0,61.8,1,1.0
V0052,2022Q3,0.0,,0.0,0.0,,0.0,0.0,0.0,0.0,0.0,0.0,0.0,0.0,1.0,4.0,29.0,60.8,56.4,6.66,Passive Components,Japan,APAC,Tier 3,167500.0,False,"IATF16949, ISO9001, RoHS",0.5,0.008775,-0.05440050192549001,2.0,61.099999999999994,1,0.0
V0052,2022Q4,2.0,1.0,0.5,0.7071067811865476,1.0,-0.05173434643318406,0.04211281718846464,2767.074,0.0,0.0,0.0,0.0,0.0,0.0,0.0,0.0,61.2,51.1,7.0,Passive Components,Japan,APAC,Tier 3,167500.0,False,"IATF16949, ISO9001, RoHS",1.0,0.0,-0.02586717321659203,2.0,61.0,0,0.0
V0052,2023Q1,0.0,,0.0,0.0,,0.0,0.0,0.0,0.0,0.0,0.0,0.0,0.0,0.0,0.0,0.0,61.1,48.1,6.21,Passive Components,Japan,APAC,Tier 3,167500.0,False,"IATF16949, ISO9001, RoHS",1.0,0.0,-0.02586717321659203,0.0,61.150000000000006,0,0.0
V0052,2023Q2,1.0,1.0,0.0,0.0,1.0,0.09247787610619473,0.0,11537.636999999999,0.0,1.0,0.0103,0.0,0.0,0.0,0.0,0.0,60.9,53.8,6.16,Passive Components,Japan,APAC,Tier 3,167500.0,False,"IATF16949, ISO9001, RoHS",1.0,0.00515,0.04623893805309737,0.0,61.0,0,0.0
V0052,2023Q3,0.0,,0.0,0.0,,0.0,0.0,0.0,0.0,0.0,0.0,0.0,0.0,0.0,0.0,0.0,61.7,62.4,8.97,Passive Components,Japan,APAC,Tier 3,167500.0,False,"IATF16949, ISO9001, RoHS",1.0,0.00515,0.04623893805309737,0.0,61.3,0,0.0
V0052,2023Q4,1.0,1.0,0.0,0.0,1.0,0.21070013210039626,0.0,4582.5,0.0,1.0,0.0084,0.0,0.0,0.0,0.0,0.0,61.8,58.3,8.91,Passive Components,Japan,APAC,Tier 3,167500.0,False,"IATF16949, ISO9001, RoHS",1.0,0.0042,0.10535006605019813,0.0,61.75,0,1.0
V0052,2024Q1,0.0,,0.0,0.0,,0.0,0.0,0.0,0.0,0.0,0.0,0.0,0.0,1.0,8.0,83.0,61.4,56.4,10.25,Passive Components,Japan,APAC,Tier 3,167500.0,False,"IATF16949, ISO9001, RoHS",1.0,0.0042,0.10535006605019813,4.0,61.599999999999994,1,0.0
V0052,2024Q2,1.0,1.0,1.0,0.0,1.0,0.230980751604033,0.0,2103.138,0.0,1.0,0.037,0.0,0.0,0.0,0.0,0.0,61.0,79.1,12.37,Passive Components,Japan,APAC,Tier 3,167500.0,False,"IATF16949, ISO9001, RoHS",1.0,0.0185,0.1154903758020165,4.0,61.2,0,1.0
V0052,2024Q3,2.0,0.5,2.5,0.7071067811865476,0.9787234042553192,0.033553787052479946,0.018111690378905095,30351.789,0.0,2.0,0.0088,0.0,0.0,0.0,0.0,0.0,61.0,56.8,6.05,Passive Components,Japan,APAC,Tier 3,167500.0,False,"IATF16949, ISO9001, RoHS",0.75,0.0229,0.13226726932825647,0.0,61.0,1,0.0
V0052,2024Q4,2.0,1.0,0.0,0.0,1.0,-0.030149787000137485,0.002021137975632898,57649.64399999999,0.0,1.0,0.0025,0.0,0.0,0.0,0.0,0.0,60.8,61.4,2.46,Passive Components,Japan,APAC,Tier 3,167500.0,False,"IATF16949, ISO9001, RoHS",0.75,0.0056500000000000005,0.0017020000261712305,0.0,60.9,0,0.0
V0052,2025Q1,0.0,,0.0,0.0,,0.0,0.0,0.0,0.0,0.0,0.0,0.0,0.0,0.0,0.0,0.0,60.9,52.8,3.49,Passive Components,Japan,APAC,Tier 3,167500.0,False,"IATF16949, ISO9001, RoHS",1.0,0.00125,-0.015074893500068742,0.0,60.849999999999994,0,0.0
V0052,2025Q2,0.0,,0.0,0.0,,0.0,0.0,0.0,0.0,0.0,0.0,0.0,0.0,0.0,0.0,0.0,60.2,64.8,12.49,Passive Components,Japan,APAC,Tier 3,167500.0,False,"IATF16949, ISO9001, RoHS",,0.0,0.0,0.0,60.55,0,0.0
V0052,2025Q3,0.0,,0.0,0.0,,0.0,0.0,0.0,0.0,0.0,0.0,0.0,0.0,0.0,0.0,0.0,59.8,67.5,8.34,Passive Components,Japan,APAC,Tier 3,167500.0,False,"IATF16949, ISO9001, RoHS",,0.0,0.0,0.0,60.0,0,1.0
V0052,2025Q4,3.0,0.3333333333333333,21.0,18.083141320025124,1.0,0.024711743355631522,0.09916277899899478,34736.176,0.0,3.0,0.0242,0.0,0.0,0.0,0.0,0.0,59.6,64.5,8.46,Passive Components,Japan,APAC,Tier 3,167500.0,False,"IATF16949, ISO9001, RoHS",0.3333333333333333,0.0121,0.012355871677815761,0.0,59.7,1,0.0
V0052,2026Q1,0.0,,0.0,0.0,,0.0,0.0,0.0,0.0,0.0,0.0,0.0,0.0,0.0,0.0,0.0,60.0,64.5,7.29,Passive Components,Japan,APAC,Tier 3,167500.0,False,"IATF16949, ISO9001, RoHS",0.3333333333333333,0.0121,0.012355871677815761,0.0,59.8,0,0.0
V0052,2026Q2,0.0,,0.0,0.0,,0.0,0.0,0.0,0.0,0.0,0.0,0.0,0.0,0.0,0.0,0.0,60.2,63.6,6.27,Passive Components,Japan,APAC,Tier 3,167500.0,False,"IATF16949, ISO9001, RoHS",,0.0,0.0,0.0,60.1,0,
V0053,2022Q1,4.0,1.0,0.25,0.5,1.0,0.009086496417887908,0.01380539540461786,174871.25699999998,0.0,1.0,0.0007,0.0,0.0,0.0,0.0,0.0,82.3,54.9,4.04,Connectors,United States,AMER,Tier 2,1848600.0,True,IATF16949,1.0,0.0007,0.009086496417887908,0.0,82.3,0,0.0
V0053,2022Q2,5.0,1.0,0.6,0.8944271909999159,1.0,0.0012227815744454695,0.019354715275539586,257237.66999999998,0.0,3.0,0.003966666666666667,0.0,0.0,0.0,0.0,0.0,82.4,50.8,0.98,Connectors,United States,AMER,Tier 2,1848600.0,True,IATF16949,1.0,0.0023333333333333335,0.005154638996166689,0.0,82.35,0,0.0
V0053,2022Q3,7.0,0.8571428571428571,4.0,8.426149773176359,1.0,-0.0022740796999392377,0.01321241971835773,434115.45900000003,0.0,6.0,0.0035,0.0,0.0,0.0,0.0,0.0,82.6,43.6,1.37,Connectors,United States,AMER,Tier 2,1848600.0,True,IATF16949,0.9285714285714286,0.0037333333333333333,-0.0005256490627468841,0.0,82.5,0,0.0
V0053,2022Q4,8.0,1.0,0.0,0.0,1.0,0.015398104953539358,0.022271945243860985,412279.48,0.0,7.0,0.002814285714285714,0.0,0.0,0.0,0.0,0.0,82.4,52.8,4.47,Connectors,United States,AMER,Tier 2,1848600.0,True,IATF16949,0.9285714285714286,0.003157142857142857,0.0065620126268000605,0.0,82.5,0,0.0
V0053,2023Q1,9.0,0.8888888888888888,1.6666666666666667,4.636809247747852,1.0,0.004038781666878464,0.023836546882090113,640927.557,0.0,8.0,0.003025,0.0,0.0,0.0,0.0,0.0,82.8,47.6,0.0,Connectors,United States,AMER,Tier 2,1848600.0,True,IATF16949,0.9444444444444444,0.0029196428571428568,0.00971844331020891,0.0,82.6,0,0.0
V0053,2023Q2,14.0,0.9285714285714286,1.0,1.0377490433255416,1.0,-0.00044308919630037344,0.020046982962904338,1250316.4620000003,0.0,6.0,0.0032333333333333333,0.0,0.0,0.0,0.0,0.0,81.9,46.9,1.5,Connectors,United States,AMER,Tier 2,1848600.0,True,IATF16949,0.9087301587301587,0.0031291666666666664,0.0017978462352890453,0.0,82.35,0,0.0
V0053,2023Q3,8.0,1.0,0.75,0.8864052604279183,1.0,0.0069725691512307845,0.02241550920164615,2166293.7649999997,0.125,6.0,0.002983333333333333,0.0,0.0,0.0,0.0,0.0,81.4,46.2,1.18,Connectors,United States,AMER,Tier 2,1848600.0,True,IATF16949,0.9642857142857143,0.003108333333333333,0.0032647399774652056,0.0,81.65,0,0.0
V0053,2023Q4,7.0,0.8571428571428571,1.0,1.914854215512676,1.0,0.00038250413861861543,0.0183189377651198,732620.042,0.0,5.0,0.0042,0.0,0.0,0.0,0.0,0.0,81.9,44.8,1.03,Connectors,United States,AMER,Tier 2,1848600.0,True,IATF16949,0.9285714285714286,0.0035916666666666666,0.0036775366449247,0.0,81.65,0,0.0
V0053,2024Q1,5.0,1.0,0.0,0.0,1.0,-0.0010734461915640346,0.01149951819642519,184488.773,0.0,3.0,0.0041333333333333335,0.0,0.0,0.0,0.0,0.0,81.5,45.3,3.67,Connectors,United States,AMER,Tier 2,1848600.0,True,IATF16949,0.9285714285714286,0.004166666666666667,-0.00034547102647270963,0.0,81.7,0,0.0
V0053,2024Q2,10.0,1.0,0.3,0.6749485577105528,0.9772783279331904,0.008186141621635817,0.013406795407621824,903748.297,0.0,8.0,0.0025875,0.0,0.0,0.0,0.0,0.0,81.5,49.7,1.98,Connectors,United States,AMER,Tier 2,1848600.0,True,IATF16949,1.0,0.003360416666666666,0.0035563477150358912,0.0,81.5,0,0.0
V0053,2024Q3,2.0,1.0,0.5,0.7071067811865476,1.0,-0.013166175653223434,0.013838481981296233,143760.449,0.0,1.0,0.003,0.0,0.0,0.0,0.0,0.0,81.8,45.3,0.0,Connectors,United States,AMER,Tier 2,1848600.0,True,IATF16949,1.0,0.0027937499999999994,-0.0024900170157938087,0.0,81.65,0,0.0
V0053,2024Q4,6.0,1.0,0.16666666666666666,0.408248290463863,1.0,-0.008627370926202325,0.026660785983590583,163533.40600000002,0.16666666666666666,4.0,0.0039000000000000003,0.0,0.0,0.0,0.0,0.0,82.2,51.1,4.21,Connectors,United States,AMER,Tier 2,1848600.0,True,IATF16949,1.0,0.00345,-0.01089677328971288,0.0,82.0,0,0.0
V0053,2025Q1,5.0,0.8,1.2,1.3038404810405297,1.0,0.014343121116639901,0.010620029257837397,1853282.812,0.0,5.0,0.0010999999999999998,0.0,0.0,0.0,0.0,0.0,83.2,44.4,1.88,Connectors,United States,AMER,Tier 2,1848600.0,True,IATF16949,0.8999999999999999,0.0024999999999999996,0.002857875095218788,0.0,82.7,0,0.0
V0053,2025Q2,14.0,0.7857142857142857,4.285714285714286,11.39114751718376,0.9890422403039562,-0.0039418262274699,0.0321386063671288,880102.0289999999,0.07142857142857142,8.0,0.0033375,0.0,0.0,0.0,0.0,0.0,82.8,46.1,3.7,Connectors,United States,AMER,Tier 2,1848600.0,True,IATF16949,0.7928571428571429,0.0022187499999999994,0.005200647444585,0.0,83.0,0,0.0
V0053,2025Q3,9.0,0.8888888888888888,0.7777777777777778,1.986062547968831,1.0,0.0019382908258090215,0.02439515874521173,1749893.7110000001,0.0,8.0,0.00375,0.0,0.0,0.0,0.0,0.0,82.4,58.2,2.71,Connectors,United States,AMER,Tier 2,1848600.0,True,IATF16949,0.8373015873015872,0.0035437499999999996,-0.0010017677008304395,0.0,82.6,0,0.0
V0053,2025Q4,7.0,1.0,0.42857142857142855,0.7867957924694432,1.0,-0.021572470080331533,0.01820917687304263,628236.868,0.0,3.0,0.0051333333333333335,0.0,0.0,0.0,0.0,0.0,82.3,52.2,3.77,Connectors,United States,AMER,Tier 2,1848600.0,True,IATF16949,0.9444444444444444,0.004441666666666667,-0.009817089627261256,0.0,82.35,0,1.0
V0053,2026Q1,7.0,0.7142857142857143,4.285714285714286,8.976158898517147,1.0,-0.008683007658860795,0.020535606631454893,557828.447,0.0,6.0,0.003183333333333333,0.0,0.0,0.0,0.0,0.0,82.0,52.7,2.97,Connectors,United States,AMER,Tier 2,1848600.0,True,IATF16949,0.8571428571428572,0.004158333333333333,-0.015127738869596164,0.0,82.15,1,0.0
V0053,2026Q2,5.0,1.0,0.8,1.0954451150103324,0.9463185574755822,0.003504723601391904,0.012249045381429522,412539.04000000004,0.0,5.0,0.00344,0.0,0.0,0.0,0.0,0.0,82.1,47.8,0.0,Connectors,United States,AMER,Tier 2,1848600.0,True,IATF16949,0.8571428571428572,0.003311666666666666,-0.0025891420287344454,0.0,82.05,0,
V0054,2022Q1,10.0,1.0,0.2,0.42163702135578396,0.9778131212723657,0.003525103320238173,0.019304258726806616,2494277.348,0.0,8.0,0.003225,0.0,0.0,0.0,0.0,0.0,82.0,45.5,2.53,Enclosures / Metal,Taiwan,APAC,Tier 1,2925500.0,False,"IATF16949, RoHS",1.0,0.003225,0.003525103320238173,0.0,82.0,0,0.0
V0054,2022Q2,17.0,0.7647058823529411,4.588235294117647,8.775383350097957,1.0,-0.0005835597257607724,0.028848589634647825,2817642.468,0.0,9.0,0.0028888888888888888,0.0,0.0,0.0,0.0,0.0,81.9,59.5,5.18,Enclosures / Metal,Taiwan,APAC,Tier 1,2925500.0,False,"IATF16949, RoHS",0.8823529411764706,0.0030569444444444446,0.0014707717972387005,0.0,81.95,0,1.0
V0054,2022Q3,18.0,0.6111111111111112,11.38888888888889,17.476501497014883,1.0,0.0061780392362752595,0.028981167629175165,3219353.583,0.0,13.0,0.0028846153846153843,0.0,0.0,0.0,0.0,0.0,81.6,45.7,0.0,Enclosures / Metal,Taiwan,APAC,Tier 1,2925500.0,False,"IATF16949, RoHS",0.6879084967320261,0.0028867521367521368,0.002797239755257244,0.0,81.75,1,0.0
V0054,2022Q4,15.0,1.0,0.2,0.560611910581388,1.0,0.003136652763753365,0.01635537457655771,2341810.949,0.06666666666666667,8.0,0.0033499999999999997,0.0,0.0,0.0,0.0,0.0,81.6,38.3,1.47,Enclosures / Metal,Taiwan,APAC,Tier 1,2925500.0,False,"IATF16949, RoHS",0.8055555555555556,0.003117307692307692,0.004657346000014313,0.0,81.6,0,0.0
V0054,2023Q1,10.0,1.0,0.2,0.4216370213557839,1.0,0.00334261247254206,0.02111666180937249,5080826.207,0.0,6.0,0.0023,0.0,0.0,0.0,0.0,0.0,81.9,57.8,0.08,Enclosures / Metal,Taiwan,APAC,Tier 1,2925500.0,False,"IATF16949, RoHS",1.0,0.002825,0.003239632618147713,0.0,81.75,0,0.0
V0054,2023Q2,12.0,0.9166666666666666,1.8333333333333333,6.04277680500873,1.0,-0.008374669575489995,0.022306022439383736,1775966.0309999997,0.0,7.0,0.0033714285714285712,0.0,0.0,0.0,0.0,0.0,82.0,44.7,1.08,Enclosures / Metal,Taiwan,APAC,Tier 1,2925500.0,False,"IATF16949, RoHS",0.9583333333333333,0.0028357142857142856,-0.002516028551473967,0.0,81.95,0,0.0
V0054,2023Q3,13.0,0.8461538461538461,0.6923076923076923,1.3155870289605438,1.0,-0.0008910979321788271,0.021277352437806873,2370858.376,0.07692307692307693,10.0,0.00363,0.0,0.0,0.0,0.0,0.0,82.1,46.8,2.18,Enclosures / Metal,Taiwan,APAC,Tier 1,2925500.0,False,"IATF16949, RoHS",0.8814102564102564,0.003500714285714286,-0.004632883753834411,0.0,82.05,0,0.0
V0054,2023Q4,5.0,1.0,0.0,0.0,1.0,0.013543890067212289,0.009124049427074309,932725.6650000002,0.4,2.0,0.0037,0.0,0.0,0.0,0.0,0.0,81.7,45.2,3.26,Enclosures / Metal,Taiwan,APAC,Tier 1,2925500.0,False,"IATF16949, RoHS",0.9230769230769231,0.003665,0.006326396067516731,0.0,81.9,0,0.0
V0054,2024Q1,11.0,0.9090909090909091,1.9090909090909092,4.72132492960494,1.0,-0.0028322536694983125,0.03453627098133459,1608181.6330000001,0.09090909090909091,8.0,0.0038375,0.0,0.0,0.0,0.0,0.0,80.8,48.1,1.17,Enclosures / Metal,Taiwan,APAC,Tier 1,2925500.0,False,"IATF16949, RoHS",0.9545454545454546,0.0037687500000000004,0.005355818198856988,0.0,81.25,0,1.0
V0054,2024Q2,15.0,0.6,7.933333333333334,11.943119158666017,0.980218281036835,-0.0065182181491002114,0.02297239169279516,3458028.1440000003,0.06666666666666667,8.0,0.0044375000000000005,0.0,0.0,0.0,0.0,0.0,80.5,57.1,2.57,Enclosures / Metal,Taiwan,APAC,Tier 1,2925500.0,False,"IATF16949, RoHS",0.7545454545454546,0.0041375000000000006,-0.004675235909299262,0.0,80.65,1,0.0
V0054,2024Q3,14.0,0.8571428571428571,4.642857142857143,13.293185893862736,1.0,0.003147516243899612,0.024568729071308925,3381650.2480000006,0.14285714285714285,11.0,0.0036909090909090906,0.0,0.0,0.0,0.0,0.0,81.1,46.9,2.15,Enclosures / Metal,Taiwan,APAC,Tier 1,2925500.0,False,"IATF16949, RoHS",0.7285714285714286,0.004064204545454545,-0.0016853509526002998,0.0,80.8,0,0.0
V0054,2024Q4,15.0,0.8,0.9333333333333333,1.486446705914413,0.9942819368699388,0.004258569938760044,0.018423041409052772,2292125.694,0.0,11.0,0.0031818181818181815,0.0,0.0,0.0,0.0,0.0,81.2,34.2,1.79,Enclosures / Metal,Taiwan,APAC,Tier 1,2925500.0,False,"IATF16949, RoHS",0.8285714285714286,0.003436363636363636,0.003703043091329828,0.0,81.15,0,0.0
V0054,2025Q1,9.0,0.8888888888888888,0.4444444444444444,1.0137937550497031,1.0,-0.006639777172040522,0.02103198955309373,2932808.537,0.0,5.0,0.0037199999999999998,0.0,0.0,0.0,0.0,0.0,81.4,56.2,0.12,Enclosures / Metal,Taiwan,APAC,Tier 1,2925500.0,False,"IATF16949, RoHS",0.8444444444444446,0.0034509090909090904,-0.001190603616640239,0.0,81.30000000000001,0,0.0
V0054,2025Q2,13.0,0.7692307692307693,3.3846153846153846,7.444667683857818,1.0,0.014644155563194903,0.02332473134840348,1926592.5760000001,0.15384615384615385,8.0,0.0023875,0.0,0.0,0.0,0.0,0.0,81.6,53.2,1.42,Enclosures / Metal,Taiwan,APAC,Tier 1,2925500.0,False,"IATF16949, RoHS",0.8290598290598291,0.00305375,0.0040021891955771905,0.0,81.5,0,1.0
V0054,2025Q3,10.0,0.7,5.3,8.957306142659931,0.9717516152189519,-0.010423107890298225,0.029514333229644793,1708976.979,0.0,4.0,0.0038250000000000003,0.0,0.0,0.0,0.0,0.0,81.2,57.4,3.67,Enclosures / Metal,Taiwan,APAC,Tier 1,2925500.0,False,"IATF16949, RoHS",0.7346153846153847,0.00310625,0.002110523836448339,0.0,81.4,1,0.0
V0054,2025Q4,12.0,0.75,4.333333333333333,7.93534479211187,1.0,0.0003048007895688698,0.033638331845210236,5660047.955,0.0,4.0,0.0020499999999999997,0.0,0.0,0.0,0.0,0.0,81.3,47.3,0.63,Enclosures / Metal,Taiwan,APAC,Tier 1,2925500.0,False,"IATF16949, RoHS",0.7250000000000001,0.0029375,-0.005059153550364678,0.0,81.25,0,1.0
V0054,2026Q1,12.0,0.6666666666666666,4.5,7.879778492502761,0.9832627229457608,0.007991620618670781,0.028111932183028012,1020240.5499999999,0.0,8.0,0.0030125,0.0,0.0,0.0,0.0,0.0,80.6,37.6,0.66,Enclosures / Metal,Taiwan,APAC,Tier 1,2925500.0,False,"IATF16949, RoHS",0.7083333333333334,0.0025312499999999996,0.004148210704119825,0.0,80.94999999999999,1,0.0
V0054,2026Q2,9.0,0.8888888888888888,1.8888888888888888,4.594682917363407,1.0,-0.005494566725846469,0.02478097287468984,1064516.365,0.0,7.0,0.003442857142857143,0.0,0.0,0.0,0.0,0.0,80.9,38.8,0.0,Enclosures / Metal,Taiwan,APAC,Tier 1,2925500.0,False,"IATF16949, RoHS",0.7777777777777778,0.0032276785714285714,0.001248526946412156,0.0,80.75,0,
V0055,2022Q1,4.0,0.75,2.25,2.629955639676583,0.9675853334941503,0.0406330271746055,0.08435001408188608,46705.425,0.0,2.0,0.017,0.0,0.0,0.0,0.0,0.0,47.8,66.8,12.02,Packaging,Czech Republic,EMEA,Tier 2,1514800.0,False,"ISO14001, ISO9001, REACH",0.75,0.017,0.0406330271746055,0.0,47.8,0,1.0
V0055,2022Q2,8.0,0.875,1.5,2.7255405754769875,0.9630251689618072,0.03500885182656741,0.14520413026590698,457332.686,0.0,5.0,0.0371,0.2,13.0,0.0,0.0,0.0,48.6,71.9,12.34,Packaging,Czech Republic,EMEA,Tier 2,1514800.0,False,"ISO14001, ISO9001, REACH",0.8125,0.02705,0.03782093950058646,0.0,48.2,1,1.0
V0055,2022Q3,5.0,0.6,3.6,5.941380311005179,0.9220537795436832,-0.002758861000537405,0.10476558308950962,190868.115,0.0,1.0,0.0159,0.0,0.0,0.0,0.0,0.0,48.7,83.1,8.49,Packaging,Czech Republic,EMEA,Tier 2,1514800.0,False,"ISO14001, ISO9001, REACH",0.7375,0.026500000000000003,0.016124995413015004,0.0,48.650000000000006,1,1.0
V0055,2022Q4,10.0,0.7,5.0,9.189365834726814,0.955811886369419,-0.04107988497982078,0.11454600739895283,223475.928,0.0,3.0,0.046966666666666664,0.3333333333333333,1.0,0.0,0.0,0.0,49.0,75.1,9.03,Packaging,Czech Republic,EMEA,Tier 2,1514800.0,False,"ISO14001, ISO9001, REACH",0.6499999999999999,0.03143333333333333,-0.02191937299017909,0.0,48.85,1,1.0
V0055,2023Q1,4.0,0.5,3.75,5.188127472091127,1.0,-0.02787016310242745,0.17348256461755346,144449.13,0.0,2.0,0.04075,0.5,10.0,0.0,0.0,0.0,48.7,64.5,9.13,Packaging,Czech Republic,EMEA,Tier 2,1514800.0,False,"ISO14001, ISO9001, REACH",0.6,0.04385833333333333,-0.03447502404112411,0.0,48.85,1,1.0
V0055,2023Q2,7.0,1.0,0.8571428571428571,0.8997354108424372,0.9376508784922712,-0.007896120849226218,0.10359024303923503,41372.365,0.0,5.0,0.0267,0.2,21.0,0.0,0.0,0.0,48.4,62.0,13.09,Packaging,Czech Republic,EMEA,Tier 2,1514800.0,False,"ISO14001, ISO9001, REACH",0.75,0.033725,-0.017883141975826834,0.0,48.55,1,1.0
V0055,2023Q3,7.0,0.8571428571428571,1.4285714285714286,2.5727509827124,1.0,0.046377048445702514,0.17424700947227031,94333.567,0.0,6.0,0.03606666666666667,0.3333333333333333,12.5,0.0,0.0,0.0,48.8,65.3,9.66,Packaging,Czech Republic,EMEA,Tier 2,1514800.0,False,"ISO14001, ISO9001, REACH",0.9285714285714286,0.03138333333333333,0.01924046379823815,0.0,48.599999999999994,1,1.0
V0055,2023Q4,3.0,0.6666666666666666,9.666666666666666,16.743157806499145,0.9095085957705766,-0.05861280639625934,0.1773231435635211,22834.528,0.0,2.0,0.0364,0.0,0.0,0.0,0.0,0.0,49.1,62.9,8.83,Packaging,Czech Republic,EMEA,Tier 2,1514800.0,False,"ISO14001, ISO9001, REACH",0.7619047619047619,0.03623333333333333,-0.006117878975278417,0.0,48.95,1,1.0
V0055,2024Q1,7.0,0.5714285714285714,3.857142857142857,4.810702354423639,0.9056750979005344,0.019585074506005513,0.12223711927018993,176181.457,0.0,3.0,0.03916666666666666,0.3333333333333333,12.0,0.0,0.0,0.0,48.4,82.0,18.47,Packaging,Czech Republic,EMEA,Tier 2,1514800.0,False,"ISO14001, ISO9001, REACH",0.6190476190476191,0.03778333333333333,-0.01951386594512692,0.0,48.75,1,1.0
V0055,2024Q2,5.0,0.6,10.0,15.748015748023622,0.9445147428208674,-0.04735995563222748,0.06598972560361753,125908.76699999999,0.2,3.0,0.061566666666666665,0.6666666666666666,16.5,0.0,0.0,0.0,48.3,71.3,19.85,Packaging,Czech Republic,EMEA,Tier 2,1514800.0,False,"ISO14001, ISO9001, REACH",0.5857142857142856,0.05036666666666666,-0.013887440563110986,0.0,48.349999999999994,1,1.0
V0055,2024Q3,4.0,0.5,7.25,8.808140174482542,1.0,0.08491845183372253,0.08245615721737796,102261.657,0.0,3.0,0.03223333333333333,0.0,0.0,0.0,0.0,0.0,48.2,58.9,14.75,Packaging,Czech Republic,EMEA,Tier 2,1514800.0,False,"ISO14001, ISO9001, REACH",0.55,0.0469,0.01877924810074752,0.0,48.25,1,1.0
V0055,2024Q4,5.0,1.0,0.2,0.4472135954999579,1.0,-0.13439945199993591,0.15778581263882643,87161.997,0.0,4.0,0.054025000000000004,0.5,12.5,0.0,0.0,0.0,48.2,78.6,14.45,Packaging,Czech Republic,EMEA,Tier 2,1514800.0,False,"ISO14001, ISO9001, REACH",0.75,0.04312916666666666,-0.024740500083106694,0.0,48.2,1,1.0
V0055,2025Q1,6.0,0.6666666666666666,4.0,7.127411872482185,0.9801888383071994,-0.05733568340079137,0.09777472996865531,69556.795,0.0,4.0,0.042249999999999996,0.25,39.0,0.0,0.0,0.0,48.5,85.3,9.76,Packaging,Czech Republic,EMEA,Tier 2,1514800.0,False,"ISO14001, ISO9001, REACH",0.8333333333333333,0.0481375,-0.09586756770036364,0.0,48.35,1,1.0
V0055,2025Q2,4.0,0.5,5.25,6.849574196011507,0.8966162553958401,0.03742772179898171,0.054386855571790134,81002.467,0.0,3.0,0.03816666666666666,0.0,0.0,0.0,0.0,0.0,48.8,73.1,17.44,Packaging,Czech Republic,EMEA,Tier 2,1514800.0,False,"ISO14001, ISO9001, REACH",0.5833333333333333,0.040208333333333325,-0.00995398080090483,0.0,48.65,1,1.0
V0055,2025Q3,4.0,0.5,15.75,25.747168129071333,0.9350861997642786,-0.01964146881729787,0.161422315208603,50918.494,0.0,3.0,0.054833333333333324,0.3333333333333333,8.0,0.0,0.0,0.0,48.5,80.1,15.4,Packaging,Czech Republic,EMEA,Tier 2,1514800.0,False,"ISO14001, ISO9001, REACH",0.5,0.046499999999999986,0.00889312649084192,0.0,48.65,1,1.0
V0055,2025Q4,2.0,0.0,11.5,6.363961030678928,1.0,-0.07865251363703384,0.2512350497802711,40123.514,0.0,2.0,0.0458,0.5,10.0,0.0,0.0,0.0,48.7,79.3,13.32,Packaging,Czech Republic,EMEA,Tier 2,1514800.0,False,"ISO14001, ISO9001, REACH",0.25,0.05031666666666666,-0.04914699122716586,0.0,48.6,1,1.0
V0055,2026Q1,7.0,0.7142857142857143,4.428571428571429,7.5687326736854885,0.9603885834776715,-0.030859022687872113,0.16470162877673428,186965.821,0.0,4.0,0.03095,0.0,0.0,0.0,0.0,0.0,48.8,74.0,13.44,Packaging,Czech Republic,EMEA,Tier 2,1514800.0,False,"ISO14001, ISO9001, REACH",0.35714285714285715,0.03837499999999999,-0.05475576816245298,0.0,48.75,1,1.0
V0055,2026Q2,6.0,0.6666666666666666,3.1666666666666665,4.915960401250875,1.0,0.029537173378358848,0.09811735428219931,242954.273,0.0,2.0,0.0378,0.0,0.0,0.0,0.0,0.0,48.4,68.4,12.61,Packaging,Czech Republic,EMEA,Tier 2,1514800.0,False,"ISO14001, ISO9001, REACH",0.6904761904761905,0.034374999999999996,-0.0006609246547566259,0.0,48.599999999999994,1,
V0056,2022Q1,2.0,1.0,0.5,0.7071067811865476,1.0,-0.0017789203603871331,0.07015576557684111,2640497.3619999997,0.0,2.0,0.013000000000000001,0.0,0.0,0.0,0.0,0.0,61.9,70.3,6.74,PCB / PCBA,Czech Republic,EMEA,Tier 2,1601000.0,False,"IATF16949, ISO9001, REACH",1.0,0.013000000000000001,-0.0017789203603871331,0.0,61.9,0,0.0
V0056,2022Q2,4.0,0.75,2.0,4.0,1.0,-0.013439473552444492,0.07191885162434067,1206910.45,0.0,2.0,0.01385,0.0,0.0,0.0,0.0,0.0,61.7,57.3,3.95,PCB / PCBA,Czech Republic,EMEA,Tier 2,1601000.0,False,"IATF16949, ISO9001, REACH",0.875,0.013425,-0.007609196956415812,0.0,61.8,0,1.0
V0056,2022Q3,5.0,0.6,6.6,9.370165420097983,1.0,0.013306792587594119,0.10671101886020554,5850346.311,0.2,3.0,0.013200000000000002,0.0,0.0,0.0,0.0,0.0,61.7,52.4,5.34,PCB / PCBA,Czech Republic,EMEA,Tier 2,1601000.0,False,"IATF16949, ISO9001, REACH",0.675,0.013525,-6.63404824251864e-05,0.0,61.7,1,1.0
V0056,2022Q4,2.0,0.5,5.0,7.0710678118654755,1.0,0.05180885162156057,0.06002724899180127,610443.287,0.0,0.0,0.0,0.0,0.0,0.0,0.0,0.0,62.0,47.1,6.35,PCB / PCBA,Czech Republic,EMEA,Tier 2,1601000.0,False,"IATF16949, ISO9001, REACH",0.55,0.006600000000000001,0.03255782210457735,0.0,61.85,1,0.0
V0056,2023Q1,4.0,0.75,0.75,1.5,0.9664421157684631,-0.03729636072880062,0.05393994391605379,1640535.11,0.0,2.0,0.01025,0.0,0.0,0.0,0.0,0.0,62.3,51.5,6.91,PCB / PCBA,Czech Republic,EMEA,Tier 2,1601000.0,False,"IATF16949, ISO9001, REACH",0.625,0.005125,0.007256245446379976,0.0,62.15,0,1.0
V0056,2023Q2,9.0,0.6666666666666666,4.444444444444445,7.108289370712041,0.9728283713608845,-0.025999904657577972,0.07005523375464576,2309994.971,0.0,7.0,0.0151,0.0,0.0,0.0,0.0,0.0,62.9,65.3,6.17,PCB / PCBA,Czech Republic,EMEA,Tier 2,1601000.0,False,"IATF16949, ISO9001, REACH",0.7083333333333333,0.012675,-0.03164813269318929,0.0,62.599999999999994,1,1.0
V0056,2023Q3,3.0,0.6666666666666666,9.666666666666666,16.743157806499145,1.0,0.014704895830861875,0.026349178665513198,417174.435,0.0,1.0,0.0225,0.0,0.0,0.0,0.0,0.0,62.6,61.7,6.3,PCB / PCBA,Czech Republic,EMEA,Tier 2,1601000.0,False,"IATF16949, ISO9001, REACH",0.6666666666666666,0.0188,-0.0056475044133580486,0.0,62.75,1,0.0
V0056,2023Q4,1.0,1.0,0.0,0.0,1.0,0.08065065991331022,0.0,825031.398,0.0,0.0,0.0,0.0,0.0,0.0,0.0,0.0,63.0,61.6,3.51,PCB / PCBA,Czech Republic,EMEA,Tier 2,1601000.0,False,"IATF16949, ISO9001, REACH",0.8333333333333333,0.01125,0.04767777787208605,0.0,62.8,0,1.0
V0056,2024Q1,7.0,0.5714285714285714,6.285714285714286,6.77530529974568,0.9919207576014948,0.02878126395196875,0.15768146577745962,2551443.8580000005,0.0,6.0,0.0194,0.0,0.0,1.0,2.0,9.0,62.1,58.9,8.85,PCB / PCBA,Czech Republic,EMEA,Tier 2,1601000.0,False,"IATF16949, ISO9001, REACH",0.7857142857142857,0.0097,0.05471596193263949,1.0,62.55,1,1.0
V0056,2024Q2,8.0,0.5,10.875,13.798938882599426,0.9728427310394523,0.0613890152536323,0.07595828097970372,5575968.045,0.0,5.0,0.018340000000000002,0.0,0.0,0.0,0.0,0.0,61.7,68.5,8.01,PCB / PCBA,Czech Republic,EMEA,Tier 2,1601000.0,False,"IATF16949, ISO9001, REACH",0.5357142857142857,0.01887,0.04508513960280053,1.0,61.900000000000006,1,0.0
V0056,2024Q3,3.0,1.0,0.0,0.0,0.9224527236804967,-0.07992933505168807,0.048673353402293194,776092.62,0.3333333333333333,3.0,0.0089,0.0,0.0,0.0,0.0,0.0,61.3,51.4,6.06,PCB / PCBA,Czech Republic,EMEA,Tier 2,1601000.0,False,"IATF16949, ISO9001, REACH",0.75,0.01362,-0.009270159899027887,0.0,61.5,0,0.0
V0056,2024Q4,5.0,0.8,0.8,1.3038404810405297,1.0,0.023630834898836918,0.029673238996564846,1185667.712,0.0,3.0,0.021599999999999998,0.0,0.0,0.0,0.0,0.0,61.5,51.5,7.98,PCB / PCBA,Czech Republic,EMEA,Tier 2,1601000.0,False,"IATF16949, ISO9001, REACH",0.9,0.01525,-0.02814925007642558,0.0,61.4,0,0.0
V0056,2025Q1,5.0,1.0,0.6,0.894427190999916,1.0,0.02274925930690739,0.05649527644114891,900751.6259999999,0.0,4.0,0.022,0.0,0.0,0.0,0.0,0.0,61.4,52.7,6.24,PCB / PCBA,Czech Republic,EMEA,Tier 2,1601000.0,False,"IATF16949, ISO9001, REACH",0.9,0.0218,0.023190047102872154,0.0,61.45,0,1.0
V0056,2025Q2,2.0,0.5,5.5,7.7781745930520225,1.0,0.007104922220334146,0.17825806747100031,5003606.967,0.0,1.0,0.0175,0.0,0.0,0.0,0.0,0.0,61.1,72.0,9.89,PCB / PCBA,Czech Republic,EMEA,Tier 2,1601000.0,False,"IATF16949, ISO9001, REACH",0.75,0.01975,0.014927090763620768,0.0,61.25,1,1.0
V0056,2025Q3,5.0,0.4,19.0,18.35755975068582,1.0,0.03442849990559092,0.05811529839322271,3252852.941,0.0,5.0,0.01482,0.0,0.0,0.0,0.0,0.0,60.6,72.3,11.8,PCB / PCBA,Czech Republic,EMEA,Tier 2,1601000.0,False,"IATF16949, ISO9001, REACH",0.45,0.01616,0.020766711062962535,0.0,60.85,1,0.0
V0056,2025Q4,3.0,1.0,0.3333333333333333,0.5773502691896258,1.0,-0.002609186320147326,0.09871637280306798,466866.19800000003,0.0,3.0,0.025900000000000003,0.0,0.0,0.0,0.0,0.0,60.2,55.7,7.82,PCB / PCBA,Czech Republic,EMEA,Tier 2,1601000.0,False,"IATF16949, ISO9001, REACH",0.7,0.020360000000000003,0.0159096567927218,0.0,60.400000000000006,0,0.0
V0056,2026Q1,4.0,0.75,4.75,8.220908303425682,1.0,0.04166055989764878,0.04186984282718175,1040486.7779999999,0.0,3.0,0.008633333333333333,0.0,0.0,0.0,0.0,0.0,60.0,62.4,8.43,PCB / PCBA,Czech Republic,EMEA,Tier 2,1601000.0,False,"IATF16949, ISO9001, REACH",0.875,0.017266666666666666,0.01952568678875073,0.0,60.1,0,0.0
V0056,2026Q2,5.0,1.0,0.2,0.447213595499958,1.0,-0.011820208601752386,0.08398594925978464,1866450.4849999999,0.0,2.0,0.0266,0.0,0.0,0.0,0.0,0.0,60.3,56.1,7.54,PCB / PCBA,Czech Republic,EMEA,Tier 2,1601000.0,False,"IATF16949, ISO9001, REACH",0.875,0.017616666666666666,0.014920175647948198,0.0,60.15,0,
V0057,2022Q1,1.0,1.0,2.0,0.0,1.0,0.06380090497737557,0.0,3258.486,0.0,1.0,0.0352,0.0,0.0,0.0,0.0,0.0,47.9,67.5,11.66,Connectors,South Korea,APAC,Tier 3,373700.0,False,"IATF16949, ISO14001, ISO9001, REACH",1.0,0.0352,0.06380090497737557,0.0,47.9,0,1.0
V0057,2022Q2,2.0,1.0,0.5,0.7071067811865476,0.8769627635711081,-0.39853312089128823,0.061358478693948254,17173.958,0.0,2.0,0.0681,0.5,5.0,0.0,0.0,0.0,47.5,81.7,17.09,Connectors,South Korea,APAC,Tier 3,373700.0,False,"IATF16949, ISO14001, ISO9001, REACH",1.0,0.05165,-0.16736610795695633,0.0,47.7,1,1.0
V0057,2022Q3,3.0,0.0,17.666666666666668,18.502252115170556,0.9728495618906577,-0.0797409514070412,0.22890416702396776,185274.448,0.0,3.0,0.0431,0.0,0.0,0.0,0.0,0.0,47.5,70.2,11.88,Connectors,South Korea,APAC,Tier 3,373700.0,False,"IATF16949, ISO14001, ISO9001, REACH",0.5,0.0556,-0.2391370361491647,0.0,47.5,1,0.0
V0057,2022Q4,1.0,1.0,2.0,0.0,1.0,-0.11937377690802338,0.0,1116.45,0.0,1.0,0.0,0.0,0.0,0.0,0.0,0.0,47.0,69.1,11.16,Connectors,South Korea,APAC,Tier 3,373700.0,False,"IATF16949, ISO14001, ISO9001, REACH",0.5,0.02155,-0.09955736415753229,0.0,47.25,0,1.0
V0057,2023Q1,2.0,1.0,0.5,0.7071067811865476,0.7663614618371002,-0.06268131373360261,0.040811069967980965,230211.967,0.0,2.0,0.04245,0.5,1.0,0.0,0.0,0.0,46.8,73.6,13.66,Connectors,South Korea,APAC,Tier 3,373700.0,False,"IATF16949, ISO14001, ISO9001, REACH",1.0,0.021225,-0.091027545320813,0.0,46.9,1,0.0
V0057,2023Q2,0.0,,0.0,0.0,,0.0,0.0,0.0,0.0,0.0,0.0,0.0,0.0,0.0,0.0,0.0,47.0,63.0,10.03,Connectors,South Korea,APAC,Tier 3,373700.0,False,"IATF16949, ISO14001, ISO9001, REACH",1.0,0.021225,-0.031340656866801306,0.0,46.9,0,0.0
V0057,2023Q3,0.0,,0.0,0.0,,0.0,0.0,0.0,0.0,0.0,0.0,0.0,0.0,0.0,0.0,0.0,47.5,77.8,13.24,Connectors,South Korea,APAC,Tier 3,373700.0,False,"IATF16949, ISO14001, ISO9001, REACH",,0.0,0.0,0.0,47.25,0,1.0
V0057,2023Q4,2.0,0.5,2.5,3.5355339059327378,1.0,0.0026524232313631484,0.0744542653809657,104146.63199999998,0.0,1.0,0.0381,1.0,21.0,0.0,0.0,0.0,47.3,74.1,14.66,Connectors,South Korea,APAC,Tier 3,373700.0,False,"IATF16949, ISO14001, ISO9001, REACH",0.5,0.01905,0.0013262116156815742,0.0,47.4,1,1.0
V0057,2024Q1,1.0,0.0,16.0,0.0,1.0,0.039129400570884945,0.0,20357.21,0.0,0.0,0.0,0.0,0.0,1.0,2.0,12.0,47.6,71.1,22.27,Connectors,South Korea,APAC,Tier 3,373700.0,False,"IATF16949, ISO14001, ISO9001, REACH",0.25,0.01905,0.02089091190112405,1.0,47.45,1,0.0
V0057,2024Q2,0.0,,0.0,0.0,,0.0,0.0,0.0,0.0,0.0,0.0,0.0,0.0,0.0,0.0,0.0,46.7,86.2,17.07,Connectors,South Korea,APAC,Tier 3,373700.0,False,"IATF16949, ISO14001, ISO9001, REACH",0.0,0.0,0.019564700285442473,1.0,47.150000000000006,0,0.0
V0057,2024Q3,0.0,,0.0,0.0,,0.0,0.0,0.0,0.0,0.0,0.0,0.0,0.0,0.0,0.0,0.0,47.0,63.3,14.17,Connectors,South Korea,APAC,Tier 3,373700.0,False,"IATF16949, ISO14001, ISO9001, REACH",,0.0,0.0,0.0,46.85,0,0.0
V0057,2024Q4,1.0,1.0,0.0,0.0,0.7443044695433922,-0.08289493461596271,0.0,376352.723,0.0,0.0,0.0,0.0,0.0,0.0,0.0,0.0,46.9,64.6,14.53,Connectors,South Korea,APAC,Tier 3,373700.0,False,"IATF16949, ISO14001, ISO9001, REACH",1.0,0.0,-0.04144746730798136,0.0,46.95,0,1.0
V0057,2025Q1,2.0,0.5,9.0,11.313708498984761,1.0,0.03741488414619471,0.020399437709455164,157039.055,0.0,1.0,0.0654,0.0,0.0,0.0,0.0,0.0,46.6,65.3,14.86,Connectors,South Korea,APAC,Tier 3,373700.0,False,"IATF16949, ISO14001, ISO9001, REACH",0.75,0.0327,-0.022740025234884,0.0,46.75,1,1.0
V0057,2025Q2,2.0,0.5,17.0,22.627416997969522,1.0,0.014849646939235454,0.1795432365679556,32715.885000000002,0.0,1.0,0.0292,0.0,0.0,0.0,0.0,0.0,46.6,78.5,14.6,Connectors,South Korea,APAC,Tier 3,373700.0,False,"IATF16949, ISO14001, ISO9001, REACH",0.5,0.0473,0.026132265542715083,0.0,46.6,1,0.0
V0057,2025Q3,1.0,1.0,1.0,0.0,0.7393767705382436,0.1726027397260275,0.0,3351.2400000000002,0.0,1.0,0.0,0.0,0.0,0.0,0.0,0.0,46.1,73.6,14.52,Connectors,South Korea,APAC,Tier 3,373700.0,False,"IATF16949, ISO14001, ISO9001, REACH",0.75,0.0146,0.09372619333263148,0.0,46.35,0,0.0
V0057,2025Q4,0.0,,0.0,0.0,,0.0,0.0,0.0,0.0,0.0,0.0,0.0,0.0,0.0,0.0,0.0,45.9,73.3,16.29,Connectors,South Korea,APAC,Tier 3,373700.0,False,"IATF16949, ISO14001, ISO9001, REACH",1.0,0.0,0.08630136986301375,0.0,46.0,0,0.0
V0057,2026Q1,1.0,1.0,2.0,0.0,1.0,0.03315250150693185,0.0,5436.808,0.0,1.0,0.0373,0.0,0.0,0.0,0.0,0.0,45.9,72.7,14.41,Connectors,South Korea,APAC,Tier 3,373700.0,False,"IATF16949, ISO14001, ISO9001, REACH",1.0,0.01865,0.016576250753465926,0.0,45.9,0,1.0
V0057,2026Q2,3.0,0.6666666666666666,2.3333333333333335,2.516611478423583,1.0,0.09915052735532949,0.11918500864090749,146607.418,0.0,3.0,0.04663333333333333,0.6666666666666666,11.0,0.0,0.0,0.0,46.2,78.1,14.0,Connectors,South Korea,APAC,Tier 3,373700.0,False,"IATF16949, ISO14001, ISO9001, REACH",0.8333333333333333,0.041966666666666666,0.06615151443113067,0.0,46.05,1,
V0058,2022Q1,0.0,,0.0,0.0,,0.0,0.0,0.0,0.0,0.0,0.0,0.0,0.0,0.0,0.0,0.0,48.3,66.5,13.94,Semiconductors,Germany,EMEA,Tier 1,8568300.0,True,"ISO14001, ISO9001, RoHS",,0.0,0.0,0.0,48.3,0,1.0
V0058,2022Q2,13.0,0.6923076923076923,3.6153846153846154,6.344793949090093,0.9688770359232178,-0.03453918651755882,0.12454360884484558,5905261.2700000005,0.0,8.0,0.0288,0.25,29.0,0.0,0.0,0.0,48.3,78.9,15.31,Semiconductors,Germany,EMEA,Tier 1,8568300.0,True,"ISO14001, ISO9001, RoHS",0.6923076923076923,0.0144,-0.01726959325877941,0.0,48.3,1,1.0
V0058,2022Q3,12.0,0.5833333333333334,5.0,8.696916904073744,1.0,0.00540522146536307,0.09937473280684396,11097985.944,0.0,10.0,0.02274,0.0,0.0,0.0,0.0,0.0,48.5,71.4,12.73,Semiconductors,Germany,EMEA,Tier 1,8568300.0,True,"ISO14001, ISO9001, RoHS",0.6378205128205128,0.02577,-0.014566982526097876,0.0,48.4,1,1.0
V0058,2022Q4,8.0,1.0,0.5,0.7559289460184544,0.9671510934022802,0.043234587688457726,0.17264281639350318,2566008.459,0.125,8.0,0.04075,0.375,15.0,0.0,0.0,0.0,48.5,65.2,10.09,Semiconductors,Germany,EMEA,Tier 1,8568300.0,True,"ISO14001, ISO9001, RoHS",0.7916666666666666,0.031744999999999995,0.024319904576910398,0.0,48.5,1,0.0
V0058,2023Q1,16.0,0.75,2.9375,5.847720353550888,1.0,-0.0027450703176072786,0.12831184613573762,12084510.469999999,0.125,12.0,0.019666666666666666,0.0,0.0,1.0,1.0,5.0,48.7,65.9,12.52,Semiconductors,Germany,EMEA,Tier 1,8568300.0,True,"ISO14001, ISO9001, RoHS",0.875,0.030208333333333334,0.020244758685425225,0.5,48.6,0,1.0
V0058,2023Q2,17.0,0.6470588235294118,5.0588235294117645,9.826434934879067,0.9800931291017472,0.014837246375495279,0.06526467207184412,14992129.322,0.0,8.0,0.0291,0.25,24.0,0.0,0.0,0.0,48.5,64.3,10.62,Semiconductors,Germany,EMEA,Tier 1,8568300.0,True,"ISO14001, ISO9001, RoHS",0.6985294117647058,0.02438333333333333,0.006046088028944,0.5,48.6,1,1.0
V0058,2023Q3,11.0,0.6363636363636364,6.181818181818182,9.206716915580513,0.9617965857052315,0.013015492247287198,0.09977664114792964,9778750.745000001,0.0,10.0,0.03001,0.2,14.0,0.0,0.0,0.0,49.1,65.9,10.69,Semiconductors,Germany,EMEA,Tier 1,8568300.0,True,"ISO14001, ISO9001, RoHS",0.641711229946524,0.029554999999999998,0.013926369311391238,0.0,48.8,1,1.0
V0058,2023Q4,14.0,0.7142857142857143,4.428571428571429,7.500915695015927,0.9451212722099368,0.00849806350215121,0.10391126685300917,7141725.852,0.0,10.0,0.041210000000000004,0.4,20.5,0.0,0.0,0.0,48.7,71.3,11.48,Semiconductors,Germany,EMEA,Tier 1,8568300.0,True,"ISO14001, ISO9001, RoHS",0.6753246753246753,0.035609999999999996,0.010756777874719204,0.0,48.900000000000006,1,1.0
V0058,2024Q1,8.0,0.5,8.375,12.960792524268832,1.0,0.016512545843976704,0.19306142609584565,6368877.401,0.0,3.0,0.055400000000000005,0.6666666666666666,16.0,0.0,0.0,0.0,47.7,86.6,13.41,Semiconductors,Germany,EMEA,Tier 1,8568300.0,True,"ISO14001, ISO9001, RoHS",0.6071428571428571,0.048305,0.012505304673063957,0.0,48.2,1,1.0
V0058,2024Q2,7.0,0.7142857142857143,5.285714285714286,9.844021632684575,0.942596792068712,0.03907062044606835,0.12669021218738938,3244107.1159999995,0.14285714285714285,7.0,0.04775714285714285,0.42857142857142855,26.666666666666668,0.0,0.0,0.0,47.1,75.6,19.53,Semiconductors,Germany,EMEA,Tier 1,8568300.0,True,"ISO14001, ISO9001, RoHS",0.6071428571428571,0.05157857142857142,0.027791583145022527,0.0,47.400000000000006,1,1.0
V0058,2024Q3,18.0,0.3888888888888889,9.277777777777779,12.188739043770038,0.9754562821524425,0.010314585058630072,0.2017809830369943,19181245.981,0.1111111111111111,12.0,0.032016666666666665,0.08333333333333333,6.0,0.0,0.0,0.0,47.0,65.9,12.31,Semiconductors,Germany,EMEA,Tier 1,8568300.0,True,"ISO14001, ISO9001, RoHS",0.5515873015873015,0.03988690476190475,0.02469260275234921,0.0,47.05,1,1.0
V0058,2024Q4,19.0,0.8421052631578947,2.5789473684210527,5.4192638847570045,0.9744281235441093,-0.008028642376725252,0.11449414245776889,13163375.963,0.0,14.0,0.04242142857142857,0.2857142857142857,14.5,0.0,0.0,0.0,46.9,61.9,14.38,Semiconductors,Germany,EMEA,Tier 1,8568300.0,True,"ISO14001, ISO9001, RoHS",0.6154970760233918,0.03721904761904761,0.00114297134095241,0.0,46.95,1,1.0
V0058,2025Q1,15.0,0.8,2.2666666666666666,5.338093114140863,0.9918263228888914,-0.007051039533929713,0.12105984370144314,13847808.849000001,0.0,11.0,0.059209090909090906,0.5454545454545454,12.0,0.0,0.0,0.0,47.2,75.3,12.37,Semiconductors,Germany,EMEA,Tier 1,8568300.0,True,"ISO14001, ISO9001, RoHS",0.8210526315789473,0.05081525974025973,-0.007539840955327483,0.0,47.05,1,1.0
V0058,2025Q2,13.0,0.5384615384615384,6.384615384615385,8.139804067445988,0.9911700332904013,-0.08512776274003574,0.17086522794606482,5723299.734999999,0.07692307692307693,9.0,0.04377777777777778,0.2222222222222222,21.5,0.0,0.0,0.0,47.0,82.9,14.11,Semiconductors,Germany,EMEA,Tier 1,8568300.0,True,"ISO14001, ISO9001, RoHS",0.6692307692307692,0.051493434343434334,-0.046089401136982726,0.0,47.1,1,1.0
V0058,2025Q3,12.0,0.6666666666666666,5.666666666666667,9.556847457887633,0.9902777777777777,0.010253609485099407,0.15412935773528888,12384852.375000002,0.0,7.0,0.034542857142857146,0.2857142857142857,11.5,0.0,0.0,0.0,47.0,75.6,15.8,Semiconductors,Germany,EMEA,Tier 1,8568300.0,True,"ISO14001, ISO9001, RoHS",0.6025641025641024,0.03916031746031745,-0.03743707662746817,0.0,47.0,1,1.0
V0058,2025Q4,11.0,0.6363636363636364,6.818181818181818,10.097704509621797,0.9480655826568403,-0.06237438698370039,0.17007582964765564,11684589.344999999,0.0,8.0,0.0320625,0.125,19.0,0.0,0.0,0.0,46.4,68.8,19.29,Semiconductors,Germany,EMEA,Tier 1,8568300.0,True,"ISO14001, ISO9001, RoHS",0.6515151515151514,0.033302678571428566,-0.02606038874930049,0.0,46.7,1,1.0
V0058,2026Q1,10.0,0.8,4.0,9.545214042184234,0.9714498519789565,-0.0447586199360329,0.17082349322555773,10029467.456,0.0,7.0,0.037528571428571425,0.5714285714285714,20.5,0.0,0.0,0.0,46.8,63.0,8.59,Semiconductors,Germany,EMEA,Tier 1,8568300.0,True,"ISO14001, ISO9001, RoHS",0.7181818181818181,0.0347955357142857,-0.053566503459866646,0.0,46.599999999999994,1,1.0
V0058,2026Q2,8.0,1.0,0.75,0.8864052604279183,0.9891096352994146,-0.05637430350875846,0.09229762280265778,7762528.76,0.0,7.0,0.028314285714285712,0.2857142857142857,20.0,0.0,0.0,0.0,46.6,64.7,13.32,Semiconductors,Germany,EMEA,Tier 1,8568300.0,True,"ISO14001, ISO9001, RoHS",0.8999999999999999,0.03292142857142856,-0.05056646172239568,0.0,46.7,1,
V0059,2022Q1,2.0,0.5,12.0,16.97056274847714,0.9483922191345773,-0.24316793059601766,0.10102659168447375,871602.9899999999,0.0,2.0,0.11005,1.0,14.5,1.0,4.0,51.0,33.4,94.8,20.86,Batteries,South Korea,APAC,Tier 1,3186700.0,False,"ISO14001, ISO9001",0.5,0.11005,-0.24316793059601766,4.0,33.4,1,1.0
V0059,2022Q2,8.0,0.5,5.625,6.2091522310675735,0.9325919827452553,-0.10854735327464307,0.21038075023252237,754587.027,0.0,5.0,0.08884,0.4,14.5,0.0,0.0,0.0,33.4,94.5,31.65,Batteries,South Korea,APAC,Tier 1,3186700.0,False,"ISO14001, ISO9001",0.5,0.099445,-0.17585764193533038,2.0,33.4,1,1.0
V0059,2022Q3,7.0,0.42857142857142855,9.0,12.688577540449522,0.9686178916413205,0.11497324095291774,0.300590798098183,1243278.241,0.0,5.0,0.05334,0.4,11.0,0.0,0.0,0.0,33.3,82.1,20.55,Batteries,South Korea,APAC,Tier 1,3186700.0,False,"ISO14001, ISO9001",0.4642857142857143,0.07109,0.003212943839137332,0.0,33.349999999999994,1,1.0
V0059,2022Q4,13.0,0.6153846153846154,4.769230769230769,8.1767337219072,0.9688990671707713,0.06404692956844282,0.20496882303721148,2426876.544,0.0,9.0,0.0688111111111111,0.5555555555555556,5.4,0.0,0.0,0.0,33.4,77.7,15.02,Batteries,South Korea,APAC,Tier 1,3186700.0,False,"ISO14001, ISO9001",0.521978021978022,0.06107555555555555,0.08951008526068027,0.0,33.349999999999994,1,1.0
V0059,2023Q1,10.0,0.5,5.9,7.430417963419764,1.0,-0.026080849224179033,0.24416560016646485,1673702.597,0.1,6.0,0.0741,0.6666666666666666,6.5,0.0,0.0,0.0,33.4,93.5,19.28,Batteries,South Korea,APAC,Tier 1,3186700.0,False,"ISO14001, ISO9001",0.5576923076923077,0.07145555555555555,0.018983040172131895,0.0,33.4,1,1.0
V0059,2023Q2,8.0,0.5,9.75,12.302729081677077,0.9310394832620364,-0.07037856436111085,0.1980569109172544,6293276.663000001,0.125,3.0,0.034466666666666666,0.3333333333333333,2.0,0.0,0.0,0.0,32.6,87.9,19.47,Batteries,South Korea,APAC,Tier 1,3186700.0,False,"ISO14001, ISO9001",0.5,0.054283333333333336,-0.04822970679264495,0.0,33.0,1,1.0
V0059,2023Q3,14.0,0.6428571428571429,2.0714285714285716,2.9733246275271292,0.9562696927945007,-0.020553757090417797,0.20489194971306784,2507172.1509999996,0.0,10.0,0.060739999999999995,0.6,18.0,0.0,0.0,0.0,32.4,72.4,20.77,Batteries,South Korea,APAC,Tier 1,3186700.0,False,"ISO14001, ISO9001",0.5714285714285714,0.04760333333333333,-0.04546616072576433,0.0,32.5,1,1.0
V0059,2023Q4,13.0,0.6923076923076923,4.538461538461538,6.715844258361274,0.9701124714421951,-0.029695648000712817,0.22605528126335955,2382505.9860000005,0.0,8.0,0.097425,0.75,22.333333333333332,0.0,0.0,0.0,32.8,83.4,17.89,Batteries,South Korea,APAC,Tier 1,3186700.0,False,"ISO14001, ISO9001",0.6675824175824177,0.0790825,-0.0251247025455653,0.0,32.599999999999994,1,1.0
V0059,2024Q1,11.0,0.7272727272727273,5.7272727272727275,9.317627477967866,0.9677853844485363,-0.1370056283550385,0.25253685035468354,5649165.708,0.0,7.0,0.05672857142857143,0.2857142857142857,25.0,0.0,0.0,0.0,31.9,107.7,29.88,Batteries,South Korea,APAC,Tier 1,3186700.0,False,"ISO14001, ISO9001",0.7097902097902098,0.07707678571428571,-0.08335063817787565,0.0,32.349999999999994,1,1.0
V0059,2024Q2,11.0,0.45454545454545453,7.636363636363637,10.141723002258809,0.9546867397503592,0.17103930719904195,0.40774514144318896,1937685.259,0.09090909090909091,7.0,0.07457142857142858,0.5714285714285714,25.5,0.0,0.0,0.0,31.9,91.4,29.76,Batteries,South Korea,APAC,Tier 1,3186700.0,False,"ISO14001, ISO9001",0.5909090909090909,0.06565,0.01701683942200173,0.0,31.9,1,1.0
V0059,2024Q3,11.0,0.36363636363636365,11.727272727272727,19.04778679579814,0.9771836007130126,0.04765527221476904,0.19255107192508747,3934122.6909999996,0.09090909090909091,9.0,0.07313333333333333,0.6666666666666666,24.833333333333332,0.0,0.0,0.0,32.0,87.6,21.55,Batteries,South Korea,APAC,Tier 1,3186700.0,False,"ISO14001, ISO9001",0.40909090909090906,0.07385238095238095,0.10934728970690549,0.0,31.95,1,1.0
V0059,2024Q4,11.0,0.8181818181818182,2.6363636363636362,4.58852323242952,0.9942809484093889,-0.05121613754437048,0.19238800871753753,1564189.232,0.0,9.0,0.045533333333333335,0.5555555555555556,20.8,0.0,0.0,0.0,32.4,91.1,20.67,Batteries,South Korea,APAC,Tier 1,3186700.0,False,"ISO14001, ISO9001",0.5909090909090909,0.059333333333333335,-0.0017804326648007199,0.0,32.2,1,1.0
V0059,2025Q1,12.0,0.5,5.083333333333333,6.734690832255079,1.0,-0.04968544054823574,0.1614914035630925,1392774.419,0.08333333333333333,5.0,0.07714,0.4,12.0,0.0,0.0,0.0,32.5,85.1,19.61,Batteries,South Korea,APAC,Tier 1,3186700.0,False,"ISO14001, ISO9001",0.6590909090909092,0.061336666666666664,-0.05045078904630311,0.0,32.45,1,1.0
V0059,2025Q2,9.0,0.6666666666666666,4.222222222222222,7.293452162347021,0.952528033151419,0.01983960039207855,0.244036718397175,1265001.373,0.1111111111111111,5.0,0.06354,0.6,15.333333333333334,0.0,0.0,0.0,32.7,78.3,26.84,Batteries,South Korea,APAC,Tier 1,3186700.0,False,"ISO14001, ISO9001",0.5833333333333333,0.07033999999999999,-0.014922920078078595,0.0,32.6,1,1.0
V0059,2025Q3,10.0,0.6,8.4,12.527303514058136,1.0,0.024827872722846502,0.1402756562853292,1413079.873,0.0,7.0,0.07282857142857144,0.7142857142857143,25.2,0.0,0.0,0.0,32.5,89.4,26.64,Batteries,South Korea,APAC,Tier 1,3186700.0,False,"ISO14001, ISO9001",0.6333333333333333,0.06818428571428573,0.022333736557462527,0.0,32.6,1,1.0
V0059,2025Q4,12.0,0.5833333333333334,6.0,10.180194675759576,0.935251465616714,0.067124918653825,0.16156292050406884,10687525.246,0.0,4.0,0.062375,0.25,23.0,1.0,4.0,17.0,32.5,93.9,25.86,Batteries,South Korea,APAC,Tier 1,3186700.0,False,"ISO14001, ISO9001",0.5916666666666667,0.06760178571428571,0.04597639568833575,2.0,32.5,1,1.0
V0059,2026Q1,10.0,0.3,12.1,12.269655432995846,0.9528251407940388,0.01708137195932671,0.09804898544715544,3222872.1840000004,0.0,8.0,0.078625,0.875,19.714285714285715,0.0,0.0,0.0,32.6,82.8,19.19,Batteries,South Korea,APAC,Tier 1,3186700.0,False,"ISO14001, ISO9001",0.44166666666666665,0.07050000000000001,0.042103145306575857,2.0,32.55,1,1.0
V0059,2026Q2,8.0,0.5,6.75,8.224527776283399,1.0,-0.016364509971603002,0.17578569727934779,5759516.556,0.0,6.0,0.06801666666666667,0.8333333333333334,17.8,0.0,0.0,0.0,32.5,94.5,19.15,Batteries,South Korea,APAC,Tier 1,3186700.0,False,"ISO14001, ISO9001",0.39999999999999997,0.07332083333333334,0.0003584309938618538,0.0,32.55,1,
V0060,2022Q1,0.0,,0.0,0.0,,0.0,0.0,0.0,0.0,0.0,0.0,0.0,0.0,0.0,0.0,0.0,47.4,68.7,9.61,Displays,Japan,APAC,Tier 3,131400.0,False,"ISO14001, RoHS",,0.0,0.0,0.0,47.4,0,1.0
V0060,2022Q2,3.0,0.6666666666666666,3.0,5.196152422706632,1.0,0.1237353791000441,0.24498653679924812,17514964.976,0.3333333333333333,3.0,0.0626,0.6666666666666666,10.5,0.0,0.0,0.0,46.9,75.7,18.36,Displays,Japan,APAC,Tier 3,131400.0,False,"ISO14001, RoHS",0.6666666666666666,0.0313,0.06186768955002205,0.0,47.15,1,0.0
V0060,2022Q3,1.0,1.0,0.0,0.0,1.0,0.33497172996213564,0.0,421123.989,0.0,0.0,0.0,0.0,0.0,0.0,0.0,0.0,47.2,71.8,14.3,Displays,Japan,APAC,Tier 3,131400.0,False,"ISO14001, RoHS",0.8333333333333333,0.0313,0.22935355453108988,0.0,47.05,0,1.0
V0060,2022Q4,2.0,0.0,16.0,11.313708498984761,0.8941548183254344,-0.028261688729434097,0.20724333029860337,66050.814,0.0,1.0,0.0191,0.0,0.0,0.0,0.0,0.0,47.8,71.2,11.72,Displays,Japan,APAC,Tier 3,131400.0,False,"ISO14001, RoHS",0.5,0.00955,0.15335502061635078,0.0,47.5,1,0.0
V0060,2023Q1,1.0,1.0,1.0,0.0,1.0,-0.19543813160834445,0.0,460214.2,0.0,0.0,0.0,0.0,0.0,0.0,0.0,0.0,48.0,64.7,10.35,Displays,Japan,APAC,Tier 3,131400.0,False,"ISO14001, RoHS",0.5,0.00955,-0.11184991016888927,0.0,47.9,0,1.0
V0060,2023Q2,1.0,0.0,3.0,0.0,1.0,-0.04955822949228499,0.0,1362769.5420000001,0.0,1.0,0.0067,0.0,0.0,0.0,0.0,0.0,47.8,68.6,10.72,Displays,Japan,APAC,Tier 3,131400.0,False,"ISO14001, RoHS",0.5,0.00335,-0.12249818055031472,0.0,47.9,1,0.0
V0060,2023Q3,3.0,1.0,0.0,0.0,1.0,-0.03236683758896962,0.08202559791067117,1565929.7059999998,0.3333333333333333,2.0,0.02325,0.0,0.0,0.0,0.0,0.0,48.1,73.5,10.94,Displays,Japan,APAC,Tier 3,131400.0,False,"ISO14001, RoHS",0.5,0.014975,-0.0409625335406273,0.0,47.95,0,0.0
V0060,2023Q4,0.0,,0.0,0.0,,0.0,0.0,0.0,0.0,0.0,0.0,0.0,0.0,0.0,0.0,0.0,47.4,69.1,13.73,Displays,Japan,APAC,Tier 3,131400.0,False,"ISO14001, RoHS",1.0,0.011625,-0.01618341879448481,0.0,47.75,0,1.0
V0060,2024Q1,3.0,0.6666666666666666,2.3333333333333335,2.516611478423583,1.0,0.1340608660396441,0.10921312005026701,2511140.7539999997,0.0,1.0,0.0502,0.0,0.0,0.0,0.0,0.0,47.2,76.6,17.19,Displays,Japan,APAC,Tier 3,131400.0,False,"ISO14001, RoHS",0.6666666666666666,0.0251,0.06703043301982205,0.0,47.3,1,0.0
V0060,2024Q2,0.0,,0.0,0.0,,0.0,0.0,0.0,0.0,0.0,0.0,0.0,0.0,0.0,0.0,0.0,46.3,78.6,24.7,Displays,Japan,APAC,Tier 3,131400.0,False,"ISO14001, RoHS",0.6666666666666666,0.0251,0.06703043301982205,0.0,46.75,0,1.0
V0060,2024Q3,5.0,0.2,15.0,12.389511693363866,0.9561983471074381,-0.07677433389980953,0.13137179719898742,3432978.639,0.0,5.0,0.0381,0.2,3.0,0.0,0.0,0.0,45.6,66.2,17.34,Displays,Japan,APAC,Tier 3,131400.0,False,"ISO14001, RoHS",0.2,0.01905,-0.038387166949904766,0.0,45.95,1,0.0
V0060,2024Q4,3.0,1.0,0.3333333333333333,0.5773502691896258,1.0,-0.05123033912423395,0.1114246498745819,1279107.424,0.3333333333333333,2.0,0.0093,0.0,0.0,0.0,0.0,0.0,45.8,62.4,13.74,Displays,Japan,APAC,Tier 3,131400.0,False,"ISO14001, RoHS",0.6,0.0237,-0.06400233651202174,0.0,45.7,0,0.0
V0060,2025Q1,3.0,1.0,0.0,0.0,0.9794999999999999,-0.15128053291264137,0.16390874208430778,748096.132,0.0,0.0,0.0,0.0,0.0,0.0,0.0,0.0,46.0,72.6,13.86,Displays,Japan,APAC,Tier 3,131400.0,False,"ISO14001, RoHS",1.0,0.00465,-0.10125543601843766,0.0,45.9,0,1.0
V0060,2025Q2,2.0,1.0,0.0,0.0,1.0,0.1654135786679997,0.13842381457017897,5718779.198000001,0.0,1.0,0.0564,1.0,15.0,0.0,0.0,0.0,45.7,65.9,14.48,Displays,Japan,APAC,Tier 3,131400.0,False,"ISO14001, RoHS",1.0,0.0282,0.007066522877679157,0.0,45.85,1,1.0
V0060,2025Q3,3.0,0.3333333333333333,3.3333333333333335,3.5118845842842465,1.0,-0.05776144067897849,0.1486587517748279,1913313.0559999999,0.0,1.0,0.023,0.0,0.0,0.0,0.0,0.0,45.4,74.7,16.26,Displays,Japan,APAC,Tier 3,131400.0,False,"ISO14001, RoHS",0.6666666666666666,0.0397,0.053826068994510604,0.0,45.55,1,0.0
V0060,2025Q4,1.0,1.0,2.0,0.0,1.0,0.12026658290964055,0.0,739594.8,0.0,0.0,0.0,0.0,0.0,0.0,0.0,0.0,45.3,79.4,19.01,Displays,Japan,APAC,Tier 3,131400.0,False,"ISO14001, RoHS",0.6666666666666666,0.0115,0.03125257111533103,0.0,45.349999999999994,0,0.0
V0060,2026Q1,0.0,,0.0,0.0,,0.0,0.0,0.0,0.0,0.0,0.0,0.0,0.0,0.0,0.0,0.0,45.1,64.4,11.43,Displays,Japan,APAC,Tier 3,131400.0,False,"ISO14001, RoHS",1.0,0.0,0.06013329145482027,0.0,45.2,0,1.0
V0060,2026Q2,2.0,1.0,0.0,0.0,1.0,-0.015863686859798026,0.2076679999747712,176159.374,0.0,2.0,0.04395,0.5,15.0,0.0,0.0,0.0,45.1,72.3,9.95,Displays,Japan,APAC,Tier 3,131400.0,False,"ISO14001, RoHS",1.0,0.021975,-0.007931843429899013,0.0,45.1,1,
V0061,2022Q1,1.0,1.0,1.0,0.0,1.0,-0.001196172248803873,0.0,2387.265,0.0,1.0,0.0228,0.0,0.0,0.0,0.0,0.0,61.8,66.4,9.6,Passive Components,Poland,EMEA,Tier 3,207900.0,False,,1.0,0.0228,-0.001196172248803873,0.0,61.8,0,1.0
V0061,2022Q2,2.0,0.5,5.5,6.363961030678928,0.970076169749728,0.03906069265836566,0.060219786532771484,4612.999,0.0,0.0,0.0,0.0,0.0,0.0,0.0,0.0,62.2,53.1,8.38,Passive Components,Poland,EMEA,Tier 3,207900.0,False,,0.75,0.0114,0.018932260204780893,0.0,62.0,1,0.0
V0061,2022Q3,0.0,,0.0,0.0,,0.0,0.0,0.0,0.0,0.0,0.0,0.0,0.0,0.0,0.0,0.0,62.5,51.6,2.97,Passive Components,Poland,EMEA,Tier 3,207900.0,False,,0.5,0.0,0.01953034632918283,0.0,62.35,0,0.0
V0061,2022Q4,2.0,1.0,0.0,0.0,1.0,0.020344827153381075,0.009474669399434914,9295.4,0.0,1.0,0.0232,0.0,0.0,0.0,0.0,0.0,62.6,46.5,5.59,Passive Components,Poland,EMEA,Tier 3,207900.0,False,,1.0,0.0116,0.010172413576690537,0.0,62.55,0,1.0
V0061,2023Q1,5.0,0.6,4.2,4.868264577855234,1.0,0.013208848780034175,0.055978134380479515,46287.162,0.0,3.0,0.015133333333333334,0.0,0.0,0.0,0.0,0.0,62.0,58.2,10.89,Passive Components,Poland,EMEA,Tier 3,207900.0,False,,0.8,0.019166666666666665,0.016776837966707626,0.0,62.3,1,0.0
V0061,2023Q2,0.0,,0.0,0.0,,0.0,0.0,0.0,0.0,0.0,0.0,0.0,0.0,0.0,0.0,0.0,62.3,67.0,8.05,Passive Components,Poland,EMEA,Tier 3,207900.0,False,,0.6,0.007566666666666667,0.0066044243900170874,0.0,62.15,0,1.0
V0061,2023Q3,2.0,0.5,10.5,14.849242404917497,1.0,-0.009163468200125712,0.031385336347358433,145211.95,0.0,2.0,0.01755,0.0,0.0,0.0,0.0,0.0,61.7,57.4,7.59,Passive Components,Poland,EMEA,Tier 3,207900.0,False,,0.5,0.008775,-0.004581734100062856,0.0,62.0,1,1.0
V0061,2023Q4,2.0,0.5,6.5,9.192388155425117,0.9123334765792867,0.06634276743651844,0.10387500362334198,276823.365,0.0,1.0,0.0205,0.0,0.0,0.0,0.0,0.0,61.9,63.9,5.41,Passive Components,Poland,EMEA,Tier 3,207900.0,False,,0.5,0.019025,0.028589649618196364,0.0,61.8,1,0.0
V0061,2024Q1,1.0,1.0,0.0,0.0,1.0,0.01656050955414014,0.0,989.5200000000001,0.0,0.0,0.0,0.0,0.0,0.0,0.0,0.0,61.6,64.0,12.16,Passive Components,Poland,EMEA,Tier 3,207900.0,False,,0.75,0.01025,0.04145163849532929,0.0,61.75,0,1.0
V0061,2024Q2,1.0,0.0,6.0,0.0,1.0,0.02078853046594976,0.0,9179.104,0.0,1.0,0.0052,0.0,0.0,0.0,0.0,0.0,61.2,65.8,10.69,Passive Components,Poland,EMEA,Tier 3,207900.0,False,,0.5,0.0026,0.01867452001004495,0.0,61.400000000000006,1,0.0
V0061,2024Q3,1.0,1.0,0.0,0.0,1.0,0.06539509536784748,0.0,3336.012,0.0,1.0,0.0019,0.0,0.0,0.0,0.0,0.0,61.4,58.1,9.52,Passive Components,Poland,EMEA,Tier 3,207900.0,False,,0.5,0.0035499999999999998,0.04309181291689862,0.0,61.3,0,0.0
V0061,2024Q4,1.0,1.0,2.0,0.0,1.0,0.050000000000000044,0.0,269.451,0.0,1.0,0.0071,0.0,0.0,0.0,0.0,0.0,61.0,63.3,7.85,Passive Components,Poland,EMEA,Tier 3,207900.0,False,,1.0,0.0045000000000000005,0.05769754768392376,0.0,61.2,0,0.0
V0061,2025Q1,2.0,1.0,0.5,0.7071067811865476,1.0,-0.06152820233023924,0.11913168885116118,10845.7,0.0,1.0,0.0162,0.0,0.0,0.0,0.0,0.0,61.1,56.5,10.6,Passive Components,Poland,EMEA,Tier 3,207900.0,False,,1.0,0.01165,-0.005764101165119599,0.0,61.05,0,0.0
V0061,2025Q2,1.0,1.0,0.0,0.0,1.0,-0.007565643079661729,0.0,10777.59,0.0,1.0,0.0175,0.0,0.0,0.0,0.0,0.0,61.0,70.1,12.94,Passive Components,Poland,EMEA,Tier 3,207900.0,False,,1.0,0.01685,-0.03454692270495049,0.0,61.05,0,0.0
V0061,2025Q3,1.0,1.0,0.0,0.0,1.0,-0.006089309878213733,0.0,24831.976000000002,0.0,0.0,0.0,0.0,0.0,0.0,0.0,0.0,60.6,61.7,5.99,Passive Components,Poland,EMEA,Tier 3,207900.0,False,,1.0,0.00875,-0.0068274764789377305,0.0,60.8,0,0.0
V0061,2025Q4,0.0,,0.0,0.0,,0.0,0.0,0.0,0.0,0.0,0.0,0.0,0.0,0.0,0.0,0.0,60.2,66.1,8.87,Passive Components,Poland,EMEA,Tier 3,207900.0,False,,1.0,0.0,-0.0030446549391068664,0.0,60.400000000000006,0,0.0
V0061,2026Q1,0.0,,0.0,0.0,,0.0,0.0,0.0,0.0,0.0,0.0,0.0,0.0,0.0,0.0,0.0,60.2,72.6,6.47,Passive Components,Poland,EMEA,Tier 3,207900.0,False,,,0.0,0.0,0.0,60.2,0,1.0
V0061,2026Q2,3.0,0.6666666666666666,1.3333333333333333,2.3094010767585034,1.0,-0.07353307548501989,0.11980799978341232,78900.78899999999,0.0,3.0,0.028433333333333335,0.0,0.0,0.0,0.0,0.0,60.0,52.5,7.35,Passive Components,Poland,EMEA,Tier 3,207900.0,False,,0.6666666666666666,0.014216666666666667,-0.036766537742509944,0.0,60.1,1,
V0062,2022Q1,5.0,1.0,0.4,0.8944271909999159,1.0,0.0011198449563363327,0.017857115522128993,290257.10699999996,0.0,3.0,0.0013,0.0,0.0,0.0,0.0,0.0,82.1,40.7,0.42,Packaging,Mexico,AMER,Tier 2,628800.0,False,"ISO14001, REACH, RoHS",1.0,0.0013,0.0011198449563363327,0.0,82.1,0,0.0
V0062,2022Q2,4.0,1.0,0.0,0.0,1.0,-0.003359137133567721,0.011656332673152109,80871.369,0.0,2.0,0.0031,0.0,0.0,0.0,0.0,0.0,81.9,54.3,4.77,Packaging,Mexico,AMER,Tier 2,628800.0,False,"ISO14001, REACH, RoHS",1.0,0.0021999999999999997,-0.0011196460886156942,0.0,82.0,0,0.0
V0062,2022Q3,1.0,1.0,0.0,0.0,1.0,0.0005341880341879754,0.0,18921.046,0.0,1.0,0.0016,0.0,0.0,0.0,0.0,0.0,81.9,47.0,2.28,Packaging,Mexico,AMER,Tier 2,628800.0,False,"ISO14001, REACH, RoHS",1.0,0.00235,-0.0014124745496898728,0.0,81.9,0,0.0
V0062,2022Q4,0.0,,0.0,0.0,,0.0,0.0,0.0,0.0,0.0,0.0,0.0,0.0,0.0,0.0,0.0,81.7,49.5,0.0,Packaging,Mexico,AMER,Tier 2,628800.0,False,"ISO14001, REACH, RoHS",1.0,0.0008,0.0002670940170939877,0.0,81.80000000000001,0,1.0
V0062,2023Q1,7.0,0.7142857142857143,0.8571428571428571,1.4638501094227998,1.0,0.008637928903208202,0.02469288472987418,303502.047,0.0,3.0,0.0031999999999999997,0.0,0.0,0.0,0.0,0.0,81.9,51.6,0.31,Packaging,Mexico,AMER,Tier 2,628800.0,False,"ISO14001, REACH, RoHS",0.7142857142857143,0.0015999999999999999,0.004318964451604101,0.0,81.80000000000001,1,0.0
V0062,2023Q2,5.0,1.0,0.0,0.0,1.0,0.008000789035916367,0.009682746998500904,31308.243999999995,0.2,3.0,0.0017333333333333333,0.0,0.0,0.0,0.0,0.0,81.8,30.8,0.23,Packaging,Mexico,AMER,Tier 2,628800.0,False,"ISO14001, REACH, RoHS",0.8571428571428572,0.0024666666666666665,0.008319358969562284,0.0,81.85,0,0.0
V0062,2023Q3,3.0,1.0,0.3333333333333333,0.5773502691896258,1.0,0.004308945934180327,0.010477143063832673,126972.57500000001,0.0,2.0,0.0024,0.0,0.0,0.0,0.0,0.0,82.3,33.4,0.36,Packaging,Mexico,AMER,Tier 2,628800.0,False,"ISO14001, REACH, RoHS",1.0,0.0020666666666666663,0.006154867485048347,0.0,82.05,0,0.0
V0062,2023Q4,5.0,1.0,0.0,0.0,1.0,-0.012343168273743729,0.019220429472106733,136105.114,0.0,2.0,0.0021,0.0,0.0,0.0,0.0,0.0,82.7,43.6,0.64,Packaging,Mexico,AMER,Tier 2,628800.0,False,"ISO14001, REACH, RoHS",1.0,0.00225,-0.004017111169781701,0.0,82.5,0,1.0
V0062,2024Q1,2.0,0.5,4.5,6.363961030678928,1.0,-0.019099585002587734,0.02021178848110207,19103.661,0.0,2.0,0.00315,0.0,0.0,0.0,0.0,0.0,82.7,41.3,0.66,Packaging,Mexico,AMER,Tier 2,628800.0,False,"ISO14001, REACH, RoHS",0.75,0.0026249999999999997,-0.01572137663816573,0.0,82.7,1,0.0
V0062,2024Q2,2.0,1.0,0.0,0.0,1.0,-0.02502969715866159,0.01423281215583848,31388.532,0.0,2.0,0.0017499999999999998,0.0,0.0,0.0,0.0,0.0,82.7,42.2,2.55,Packaging,Mexico,AMER,Tier 2,628800.0,False,"ISO14001, REACH, RoHS",0.75,0.00245,-0.022064641080624663,0.0,82.7,0,1.0
V0062,2024Q3,1.0,0.0,4.0,0.0,1.0,0.027515400410677505,0.0,2441.9519999999998,0.0,1.0,0.0015,0.0,0.0,0.0,0.0,0.0,83.2,49.8,2.59,Packaging,Mexico,AMER,Tier 2,628800.0,False,"ISO14001, REACH, RoHS",0.5,0.001625,0.0012428516260079552,0.0,82.95,1,0.0
V0062,2024Q4,6.0,1.0,0.16666666666666666,0.408248290463863,1.0,-0.004004296883761538,0.025503801310637397,70591.527,0.0,3.0,0.0041,0.0,0.0,0.0,0.0,0.0,83.0,35.7,4.44,Packaging,Mexico,AMER,Tier 2,628800.0,False,"ISO14001, REACH, RoHS",0.5,0.0028000000000000004,0.011755551763457982,0.0,83.1,0,0.0
V0062,2025Q1,5.0,1.0,0.0,0.0,1.0,-0.0034267891517851317,0.029507804228239416,41745.27,0.2,4.0,0.001875,0.0,0.0,0.0,0.0,0.0,82.8,39.2,0.0,Packaging,Mexico,AMER,Tier 2,628800.0,False,"ISO14001, REACH, RoHS",1.0,0.0029875,-0.0037155430177733366,0.0,82.9,0,0.0
V0062,2025Q2,3.0,1.0,0.6666666666666666,1.1547005383792517,1.0,0.0018257243572037385,0.03508125340085831,203144.209,0.0,3.0,0.003133333333333333,0.0,0.0,0.0,0.0,0.0,82.5,50.2,1.3,Packaging,Mexico,AMER,Tier 2,628800.0,False,"ISO14001, REACH, RoHS",1.0,0.002504166666666666,-0.0008005323972906983,0.0,82.65,0,1.0
V0062,2025Q3,3.0,0.3333333333333333,5.0,4.358898943540674,1.0,-0.03130543381717457,0.04698743366339314,33998.123,0.0,2.0,0.0053,0.0,0.0,0.0,0.0,0.0,82.4,51.2,0.56,Packaging,Mexico,AMER,Tier 2,628800.0,False,"ISO14001, REACH, RoHS",0.6666666666666666,0.004216666666666666,-0.014739854729985418,0.0,82.45,1,0.0
V0062,2025Q4,3.0,1.0,0.6666666666666666,0.5773502691896258,1.0,0.013057211665091198,0.015831059326507396,82946.494,0.0,1.0,0.0024,0.0,0.0,0.0,0.0,0.0,81.7,48.5,1.56,Packaging,Mexico,AMER,Tier 2,628800.0,False,"ISO14001, REACH, RoHS",0.6666666666666666,0.0038499999999999993,-0.009124111076041688,0.0,82.05000000000001,0,0.0
V0062,2026Q1,2.0,1.0,0.0,0.0,1.0,-0.00283894411309166,0.002043569166113296,36570.827999999994,0.0,2.0,0.00135,0.0,0.0,0.0,0.0,0.0,81.7,53.0,4.75,Packaging,Mexico,AMER,Tier 2,628800.0,False,"ISO14001, REACH, RoHS",1.0,0.001875,0.005109133775999769,0.0,81.7,0,1.0
V0062,2026Q2,8.0,0.625,4.125,5.767829500154902,1.0,0.0038955522768749475,0.028160957425861464,156285.80500000002,0.0,5.0,0.0019,0.0,0.0,0.0,0.0,0.0,81.2,45.2,1.11,Packaging,Mexico,AMER,Tier 2,628800.0,False,"ISO14001, REACH, RoHS",0.8125,0.0016250000000000001,0.0005283040818916437,0.0,81.45,1,
V0063,2022Q1,0.0,,0.0,0.0,,0.0,0.0,0.0,0.0,0.0,0.0,0.0,0.0,0.0,0.0,0.0,81.6,50.3,1.81,Connectors,Taiwan,APAC,Tier 3,332300.0,True,"IATF16949, ISO9001, REACH",,0.0,0.0,0.0,81.6,0,1.0
V0063,2022Q2,3.0,0.6666666666666666,9.0,15.588457268119896,1.0,-0.004409494075894885,0.01094184375959337,90689.823,0.0,3.0,0.002,0.0,0.0,0.0,0.0,0.0,81.5,53.2,4.6,Connectors,Taiwan,APAC,Tier 3,332300.0,True,"IATF16949, ISO9001, REACH",0.6666666666666666,0.001,-0.0022047470379474425,0.0,81.55,1,0.0
V0063,2022Q3,0.0,,0.0,0.0,,0.0,0.0,0.0,0.0,0.0,0.0,0.0,0.0,0.0,0.0,0.0,81.3,38.0,3.05,Connectors,Taiwan,APAC,Tier 3,332300.0,True,"IATF16949, ISO9001, REACH",0.6666666666666666,0.001,-0.0022047470379474425,0.0,81.4,0,0.0
V0063,2022Q4,1.0,1.0,0.0,0.0,1.0,0.015384615384615307,0.0,5852.418,0.0,1.0,0.0049,0.0,0.0,0.0,0.0,0.0,81.0,40.3,2.47,Connectors,Taiwan,APAC,Tier 3,332300.0,True,"IATF16949, ISO9001, REACH",1.0,0.00245,0.007692307692307654,0.0,81.15,0,0.0
V0063,2023Q1,0.0,,0.0,0.0,,0.0,0.0,0.0,0.0,0.0,0.0,0.0,0.0,0.0,0.0,0.0,81.0,49.9,0.68,Connectors,Taiwan,APAC,Tier 3,332300.0,True,"IATF16949, ISO9001, REACH",1.0,0.00245,0.007692307692307654,0.0,81.0,0,0.0
V0063,2023Q2,1.0,1.0,0.0,0.0,1.0,0.025054752518615976,0.0,20991.594,0.0,1.0,0.005,0.0,0.0,0.0,0.0,0.0,80.7,43.6,0.0,Connectors,Taiwan,APAC,Tier 3,332300.0,True,"IATF16949, ISO9001, REACH",1.0,0.0025,0.012527376259307988,0.0,80.85,0,0.0
V0063,2023Q3,0.0,,0.0,0.0,,0.0,0.0,0.0,0.0,0.0,0.0,0.0,0.0,0.0,0.0,0.0,80.7,37.5,3.45,Connectors,Taiwan,APAC,Tier 3,332300.0,True,"IATF16949, ISO9001, REACH",1.0,0.0025,0.012527376259307988,0.0,80.7,0,0.0
V0063,2023Q4,0.0,,0.0,0.0,,0.0,0.0,0.0,0.0,0.0,0.0,0.0,0.0,0.0,0.0,0.0,80.9,48.3,3.68,Connectors,Taiwan,APAC,Tier 3,332300.0,True,"IATF16949, ISO9001, REACH",,0.0,0.0,0.0,80.80000000000001,0,0.0
V0063,2024Q1,0.0,,0.0,0.0,,0.0,0.0,0.0,0.0,0.0,0.0,0.0,0.0,0.0,0.0,0.0,80.8,56.3,4.55,Connectors,Taiwan,APAC,Tier 3,332300.0,True,"IATF16949, ISO9001, REACH",,0.0,0.0,0.0,80.85,0,0.0
V0063,2024Q2,0.0,,0.0,0.0,,0.0,0.0,0.0,0.0,0.0,0.0,0.0,0.0,0.0,0.0,0.0,80.8,45.0,4.49,Connectors,Taiwan,APAC,Tier 3,332300.0,True,"IATF16949, ISO9001, REACH",,0.0,0.0,0.0,80.8,0,0.0
V0063,2024Q3,1.0,1.0,0.0,0.0,1.0,-0.015202138322753123,0.0,29557.53,0.0,1.0,0.0042,0.0,0.0,0.0,0.0,0.0,81.0,47.4,5.22,Connectors,Taiwan,APAC,Tier 3,332300.0,True,"IATF16949, ISO9001, REACH",1.0,0.0021,-0.007601069161376562,0.0,80.9,0,0.0
V0063,2024Q4,0.0,,0.0,0.0,,0.0,0.0,0.0,0.0,0.0,0.0,0.0,0.0,0.0,0.0,0.0,81.2,43.7,0.0,Connectors,Taiwan,APAC,Tier 3,332300.0,True,"IATF16949, ISO9001, REACH",1.0,0.0021,-0.007601069161376562,0.0,81.1,0,1.0
V0063,2025Q1,3.0,0.6666666666666666,2.3333333333333335,4.041451884327381,1.0,-0.012501381541829592,0.03784960206999739,266058.57200000004,0.0,3.0,0.0025666666666666667,0.0,0.0,0.0,0.0,0.0,81.2,48.1,0.16,Connectors,Taiwan,APAC,Tier 3,332300.0,True,"IATF16949, ISO9001, REACH",0.6666666666666666,0.0012833333333333334,-0.006250690770914796,0.0,81.2,1,0.0
V0063,2025Q2,2.0,1.0,0.0,0.0,1.0,-0.02599907547301622,0.005914256739386378,473588.292,0.0,2.0,0.0021,0.0,0.0,0.0,0.0,0.0,81.4,59.7,2.94,Connectors,Taiwan,APAC,Tier 3,332300.0,True,"IATF16949, ISO9001, REACH",0.8333333333333333,0.002333333333333333,-0.019250228507422907,0.0,81.30000000000001,0,0.0
V0063,2025Q3,0.0,,0.0,0.0,,0.0,0.0,0.0,0.0,0.0,0.0,0.0,0.0,0.0,0.0,0.0,81.2,47.6,6.14,Connectors,Taiwan,APAC,Tier 3,332300.0,True,"IATF16949, ISO9001, REACH",1.0,0.00105,-0.01299953773650811,0.0,81.30000000000001,0,0.0
V0063,2025Q4,2.0,1.0,1.0,0.0,0.981673582295989,-0.009786974042721299,0.002234576324742612,42849.612,0.0,1.0,0.0014,0.0,0.0,0.0,0.0,0.0,81.4,40.5,2.54,Connectors,Taiwan,APAC,Tier 3,332300.0,True,"IATF16949, ISO9001, REACH",1.0,0.0007,-0.0048934870213606495,0.0,81.30000000000001,0,0.0
V0063,2026Q1,0.0,,0.0,0.0,,0.0,0.0,0.0,0.0,0.0,0.0,0.0,0.0,0.0,0.0,0.0,82.0,50.2,0.08,Connectors,Taiwan,APAC,Tier 3,332300.0,True,"IATF16949, ISO9001, REACH",1.0,0.0007,-0.0048934870213606495,0.0,81.7,0,0.0
V0063,2026Q2,3.0,1.0,0.3333333333333333,0.5773502691896258,1.0,0.002254195746494075,0.00420816919627191,94404.783,0.0,2.0,0.0037999999999999996,0.0,0.0,0.0,0.0,0.0,81.9,43.2,0.0,Connectors,Taiwan,APAC,Tier 3,332300.0,True,"IATF16949, ISO9001, REACH",1.0,0.0018999999999999998,0.0011270978732470375,0.0,81.95,0,
V0064,2022Q1,2.0,1.0,0.0,0.0,1.0,-0.1201971292679502,0.14249969449253844,626760.7200000001,0.0,2.0,0.0438,0.5,6.0,0.0,0.0,0.0,48.7,77.4,12.86,Enclosures / Metal,Brazil,AMER,Tier 2,1700500.0,False,"IATF16949, ISO14001, REACH, RoHS",1.0,0.0438,-0.1201971292679502,0.0,48.7,1,1.0
V0064,2022Q2,6.0,0.5,4.0,4.1952353926806065,0.953286384976526,-0.045574549365243903,0.07224341485866846,1495409.5370000002,0.0,6.0,0.02691666666666667,0.0,0.0,0.0,0.0,0.0,48.7,78.1,11.21,Enclosures / Metal,Brazil,AMER,Tier 2,1700500.0,False,"IATF16949, ISO14001, REACH, RoHS",0.75,0.03535833333333333,-0.08288583931659706,0.0,48.7,1,1.0
V0064,2022Q3,6.0,0.6666666666666666,9.0,13.85640646055102,1.0,-0.0047689927453246,0.08264642830613556,2168663.207,0.16666666666666666,5.0,0.038540000000000005,0.2,12.0,0.0,0.0,0.0,48.9,83.1,12.77,Enclosures / Metal,Brazil,AMER,Tier 2,1700500.0,False,"IATF16949, ISO14001, REACH, RoHS",0.5833333333333333,0.03272833333333333,-0.025171771055284252,0.0,48.8,1,1.0
V0064,2022Q4,8.0,0.625,2.125,2.799872446074234,0.9460305723135356,0.018804309104931628,0.09500546525594143,266526.14999999997,0.125,4.0,0.049324999999999994,0.75,5.333333333333333,0.0,0.0,0.0,49.0,69.4,11.03,Enclosures / Metal,Brazil,AMER,Tier 2,1700500.0,False,"IATF16949, ISO14001, REACH, RoHS",0.6458333333333333,0.0439325,0.007017658179803514,0.0,48.95,1,0.0
V0064,2023Q1,5.0,0.8,2.8,5.167204273105526,0.979088471849866,0.002520382045667349,0.05138407186483917,1173555.254,0.0,3.0,0.03983333333333333,0.0,0.0,0.0,0.0,0.0,48.6,71.1,9.1,Enclosures / Metal,Brazil,AMER,Tier 2,1700500.0,False,"IATF16949, ISO14001, REACH, RoHS",0.7125,0.044579166666666656,0.010662345575299489,0.0,48.8,0,1.0
V0064,2023Q2,3.0,0.3333333333333333,5.666666666666667,6.429100507328636,1.0,-0.027957281259552564,0.16836945939500472,859568.7339999999,0.0,3.0,0.0194,0.0,0.0,0.0,0.0,0.0,48.4,67.0,13.19,Enclosures / Metal,Brazil,AMER,Tier 2,1700500.0,False,"IATF16949, ISO14001, REACH, RoHS",0.5666666666666667,0.029616666666666663,-0.012718449606942607,0.0,48.5,1,0.0
V0064,2023Q3,4.0,1.0,0.0,0.0,0.9438964390235354,0.072343213689981,0.1015160104604362,588770.5180000002,0.0,2.0,0.021849999999999998,0.0,0.0,0.0,0.0,0.0,48.1,69.9,9.31,Enclosures / Metal,Brazil,AMER,Tier 2,1700500.0,False,"IATF16949, ISO14001, REACH, RoHS",0.6666666666666666,0.020624999999999998,0.022192966215214223,0.0,48.25,0,0.0
V0064,2023Q4,8.0,0.875,1.625,4.596194077712559,0.9864462431276726,-0.07707708091001306,0.13921612393190705,1288967.0370000002,0.25,5.0,0.0407,0.0,0.0,0.0,0.0,0.0,48.1,75.7,11.34,Enclosures / Metal,Brazil,AMER,Tier 2,1700500.0,False,"IATF16949, ISO14001, REACH, RoHS",0.9375,0.031275,-0.0023669336100160254,0.0,48.1,0,1.0
V0064,2024Q1,2.0,0.0,20.5,21.920310216782973,1.0,0.01925779334201331,0.05307933671644479,355231.35699999996,0.0,2.0,0.02155,0.0,0.0,0.0,0.0,0.0,47.7,71.4,15.76,Enclosures / Metal,Brazil,AMER,Tier 2,1700500.0,False,"IATF16949, ISO14001, REACH, RoHS",0.4375,0.031125,-0.028909643783999874,0.0,47.900000000000006,1,1.0
V0064,2024Q2,3.0,1.0,0.0,0.0,1.0,0.055272902716984866,0.1212283925291565,589609.5700000001,0.0,2.0,0.04985,0.5,25.0,0.0,0.0,0.0,47.6,71.2,10.07,Enclosures / Metal,Brazil,AMER,Tier 2,1700500.0,False,"IATF16949, ISO14001, REACH, RoHS",0.5,0.035699999999999996,0.03726534802949909,0.0,47.650000000000006,1,1.0
V0064,2024Q3,7.0,1.0,0.2857142857142857,0.7559289460184545,1.0,-0.024153024587959187,0.12361973242928029,7206121.360000001,0.14285714285714285,5.0,0.04034,0.2,0.0,0.0,0.0,0.0,47.5,66.6,13.09,Enclosures / Metal,Brazil,AMER,Tier 2,1700500.0,False,"IATF16949, ISO14001, REACH, RoHS",1.0,0.045094999999999996,0.01555993906451284,0.0,47.55,1,1.0
V0064,2024Q4,6.0,0.8333333333333334,0.8333333333333334,2.0412414523193148,0.9942404607631389,0.02446008969508633,0.12645832144257502,1100113.852,0.16666666666666666,3.0,0.0388,0.3333333333333333,7.0,0.0,0.0,0.0,47.4,67.6,12.48,Enclosures / Metal,Brazil,AMER,Tier 2,1700500.0,False,"IATF16949, ISO14001, REACH, RoHS",0.9166666666666667,0.03957,0.00015353255356357134,0.0,47.45,1,1.0
V0064,2025Q1,5.0,0.4,10.0,11.224972160321824,1.0,0.13023455193525033,0.06229723395274914,2440082.409,0.0,2.0,0.04825,0.0,0.0,0.0,0.0,0.0,46.8,74.4,9.41,Enclosures / Metal,Brazil,AMER,Tier 2,1700500.0,False,"IATF16949, ISO14001, REACH, RoHS",0.6166666666666667,0.043525,0.07734732081516833,0.0,47.099999999999994,1,1.0
V0064,2025Q2,1.0,0.0,14.0,0.0,0.7087849555603729,-0.07748718854921355,0.0,546210.474,0.0,0.0,0.0,0.0,0.0,0.0,0.0,0.0,46.3,67.6,18.43,Enclosures / Metal,Brazil,AMER,Tier 2,1700500.0,False,"IATF16949, ISO14001, REACH, RoHS",0.2,0.024125,0.02637368169301839,0.0,46.55,1,1.0
V0064,2025Q3,5.0,0.6,4.6,6.2289646009589745,0.9907666480134303,-0.0334991616337843,0.13342881566745649,654685.871,0.2,3.0,0.036899999999999995,0.0,0.0,0.0,0.0,0.0,46.7,69.8,18.87,Enclosures / Metal,Brazil,AMER,Tier 2,1700500.0,False,"IATF16949, ISO14001, REACH, RoHS",0.3,0.018449999999999998,-0.055493175091498925,0.0,46.5,1,1.0
V0064,2025Q4,7.0,0.5714285714285714,5.142857142857143,6.20291790016525,1.0,0.025885288093620666,0.19618096007376876,769874.792,0.0,5.0,0.03376,0.6,17.333333333333332,0.0,0.0,0.0,47.0,75.3,19.8,Enclosures / Metal,Brazil,AMER,Tier 2,1700500.0,False,"IATF16949, ISO14001, REACH, RoHS",0.5857142857142856,0.03533,-0.003806936770081818,0.0,46.85,1,1.0
V0064,2026Q1,7.0,0.7142857142857143,4.857142857142857,7.755182598937123,0.9749911816578483,0.012726749435115455,0.1413395493771484,753065.4489999999,0.14285714285714285,4.0,0.026824999999999998,0.25,9.0,0.0,0.0,0.0,47.4,72.3,15.57,Enclosures / Metal,Brazil,AMER,Tier 2,1700500.0,False,"IATF16949, ISO14001, REACH, RoHS",0.6428571428571428,0.0302925,0.01930601876436806,0.0,47.2,1,1.0
V0064,2026Q2,4.0,1.0,0.0,0.0,1.0,0.007234823853360861,0.09137038427914931,653314.527,0.25,3.0,0.047599999999999996,0.3333333333333333,14.0,0.0,0.0,0.0,47.1,71.1,14.14,Enclosures / Metal,Brazil,AMER,Tier 2,1700500.0,False,"IATF16949, ISO14001, REACH, RoHS",0.8571428571428571,0.037212499999999996,0.009980786644238158,0.0,47.25,1,
V0065,2022Q1,0.0,,0.0,0.0,,0.0,0.0,0.0,0.0,0.0,0.0,0.0,0.0,0.0,0.0,0.0,81.1,58.2,0.0,Semiconductors,South Korea,APAC,Tier 1,9259300.0,False,"ISO9001, REACH",,0.0,0.0,0.0,81.1,0,0.0
V0065,2022Q2,6.0,1.0,0.16666666666666666,0.408248290463863,0.9763135228251508,-0.005379457248666032,0.04830445864327607,4924627.112,0.0,4.0,0.0052250000000000005,0.0,0.0,0.0,0.0,0.0,79.7,71.0,7.25,Semiconductors,South Korea,APAC,Tier 1,9259300.0,False,"ISO9001, REACH",1.0,0.0026125000000000002,-0.002689728624333016,0.0,80.4,0,1.0
V0065,2022Q3,17.0,0.29411764705882354,23.764705882352942,23.55984245428199,0.9802810219845514,-0.033648950293188866,0.04944343733282973,13981876.503,0.0,9.0,0.004688888888888889,0.0,0.0,0.0,0.0,0.0,79.2,58.7,3.0,Semiconductors,South Korea,APAC,Tier 1,9259300.0,False,"ISO9001, REACH",0.6470588235294118,0.004956944444444444,-0.019514203770927448,0.0,79.45,1,1.0
V0065,2022Q4,12.0,0.5833333333333334,13.416666666666666,21.287889571872604,1.0,-0.0042981987993787225,0.04137134436916083,17123845.284,0.0,9.0,0.0038555555555555548,0.0,0.0,0.0,0.0,0.0,78.5,58.0,3.68,Semiconductors,South Korea,APAC,Tier 1,9259300.0,False,"ISO9001, REACH",0.4387254901960784,0.004272222222222222,-0.018973574546283796,0.0,78.85,1,1.0
V0065,2023Q1,17.0,0.5294117647058824,12.764705882352942,16.111057583864202,1.0,-0.0023097528095112406,0.031475496781926855,6820438.063,0.058823529411764705,11.0,0.0029,0.0,0.0,0.0,0.0,0.0,79.1,53.8,6.49,Semiconductors,South Korea,APAC,Tier 1,9259300.0,False,"ISO9001, REACH",0.5563725490196079,0.0033777777777777773,-0.0033039758044449818,0.0,78.8,1,1.0
V0065,2023Q2,15.0,0.7333333333333333,4.866666666666666,8.765734152830282,1.0,0.0012449857967847264,0.024313512993422784,14435544.906999998,0.0,10.0,0.0024800000000000004,0.0,0.0,0.0,0.0,0.0,79.5,47.4,2.51,Semiconductors,South Korea,APAC,Tier 1,9259300.0,False,"ISO9001, REACH",0.6313725490196078,0.00269,-0.0005323835063632571,0.0,79.3,1,0.0
V0065,2023Q3,12.0,0.9166666666666666,0.4166666666666667,0.90033663737852,1.0,0.0030835303034579455,0.022773981538480297,6691137.0940000005,0.0,9.0,0.0031000000000000003,0.0,0.0,0.0,0.0,0.0,79.5,42.8,2.92,Semiconductors,South Korea,APAC,Tier 1,9259300.0,False,"ISO9001, REACH",0.825,0.0027900000000000004,0.002164258050121336,0.0,79.5,0,0.0
V0065,2023Q4,16.0,0.9375,0.75,1.7320508075688772,1.0,-0.0009277020925739998,0.020298111120412455,6046653.932999999,0.125,9.0,0.004011111111111111,0.0,0.0,0.0,0.0,0.0,80.1,52.1,1.56,Semiconductors,South Korea,APAC,Tier 1,9259300.0,False,"ISO9001, REACH",0.9270833333333333,0.0035555555555555557,0.001077914105441973,0.0,79.8,0,0.0
V0065,2024Q1,12.0,0.9166666666666666,1.8333333333333333,5.131601439446885,0.981547383682615,-0.01058058089805645,0.030149419345392676,12324310.164,0.0,5.0,0.0032,0.0,0.0,0.0,0.0,0.0,79.7,61.2,1.79,Semiconductors,South Korea,APAC,Tier 1,9259300.0,False,"ISO9001, REACH",0.9270833333333333,0.0036055555555555554,-0.0057541414953152245,0.0,79.9,0,0.0
V0065,2024Q2,12.0,0.75,3.1666666666666665,6.027713773341707,1.0,0.004283961086609218,0.029971504047004178,8727819.078000002,0.0,11.0,0.0035545454545454548,0.0,0.0,0.0,0.0,0.0,78.7,62.8,3.6,Semiconductors,South Korea,APAC,Tier 1,9259300.0,False,"ISO9001, REACH",0.8333333333333333,0.0033772727272727275,-0.0031483099057236156,0.0,79.2,0,0.0
V0065,2024Q3,12.0,0.75,7.25,14.232644934030422,1.0,0.007040174355440504,0.04211918132180301,5014874.299000001,0.0,6.0,0.003116666666666667,0.0,0.0,0.0,0.0,0.0,78.7,49.6,2.65,Semiconductors,South Korea,APAC,Tier 1,9259300.0,False,"ISO9001, REACH",0.75,0.0033356060606060606,0.005662067721024861,0.0,78.7,0,0.0
V0065,2024Q4,20.0,0.9,1.45,4.019361038510318,1.0,-0.007108367766430907,0.02435176997425496,24971198.842000004,0.0,15.0,0.0032,0.0,0.0,0.0,0.0,0.0,79.0,48.4,2.26,Semiconductors,South Korea,APAC,Tier 1,9259300.0,False,"ISO9001, REACH",0.825,0.0031583333333333333,-3.4096705495201274e-05,0.0,78.85,0,0.0
V0065,2025Q1,22.0,1.0,0.4090909090909091,0.6661253213344646,1.0,0.0022329922938320373,0.0215136072837065,17704396.290999997,0.0,12.0,0.003225,0.0,0.0,0.0,0.0,0.0,79.3,47.6,3.6,Semiconductors,South Korea,APAC,Tier 1,9259300.0,False,"ISO9001, REACH",0.95,0.0032125,-0.0024376877362994346,0.0,79.15,0,0.0
V0065,2025Q2,13.0,0.7692307692307693,2.076923076923077,4.974292888802362,0.9892069171138937,-0.007201216659267621,0.03130557430338422,7272446.876999999,0.0,8.0,0.0028375,0.0,0.0,0.0,0.0,0.0,78.9,45.3,0.0,Semiconductors,South Korea,APAC,Tier 1,9259300.0,False,"ISO9001, REACH",0.8846153846153846,0.00303125,-0.002484112182717792,0.0,79.1,0,0.0
V0065,2025Q3,13.0,0.8461538461538461,1.6923076923076923,3.326274577376703,0.9935672829856432,0.0011140602508098582,0.021765326086140017,9820408.598,0.07692307692307693,9.0,0.004055555555555555,0.0,0.0,0.0,0.0,0.0,79.0,46.3,0.68,Semiconductors,South Korea,APAC,Tier 1,9259300.0,False,"ISO9001, REACH",0.8076923076923077,0.0034465277777777775,-0.0030435782042288815,0.0,78.95,0,0.0
V0065,2025Q4,8.0,0.75,3.625,5.527528509973641,1.0,0.006095889509444673,0.032135521307860515,4630531.244,0.0,5.0,0.00304,0.0,0.0,0.0,0.0,0.0,79.0,43.4,3.6,Semiconductors,South Korea,APAC,Tier 1,9259300.0,False,"ISO9001, REACH",0.798076923076923,0.0035477777777777777,0.0036049748801272657,0.0,79.0,0,0.0
V0065,2026Q1,9.0,0.8888888888888888,1.3333333333333333,2.5980762113533156,1.0,0.004257490380598019,0.017070813347394208,20633715.5,0.1111111111111111,7.0,0.0032714285714285714,0.0,0.0,0.0,0.0,0.0,79.3,43.3,2.27,Semiconductors,South Korea,APAC,Tier 1,9259300.0,False,"ISO9001, REACH",0.8194444444444444,0.003155714285714286,0.005176689945021346,0.0,79.15,0,0.0
V0065,2026Q2,14.0,0.8571428571428571,3.5714285714285716,8.872726453873957,0.9701089554800962,0.0002530567191544316,0.022051307376905405,2924529.887,0.0,6.0,0.00315,0.0,0.0,0.0,0.0,0.0,79.7,44.5,1.36,Semiconductors,South Korea,APAC,Tier 1,9259300.0,False,"ISO9001, REACH",0.8730158730158729,0.0032107142857142855,0.0022552735498762256,0.0,79.5,0,
V0066,2022Q1,5.0,0.6,7.6,9.939818911831342,1.0,0.018092409554928145,0.0413353567141084,609241.6219999999,0.0,3.0,0.026533333333333336,0.0,0.0,0.0,0.0,0.0,61.9,62.6,3.88,Enclosures / Metal,Malaysia,APAC,Tier 1,2731900.0,True,IATF16949,0.6,0.026533333333333336,0.018092409554928145,0.0,61.9,1,1.0
V0066,2022Q2,16.0,0.625,5.75,9.06642156531451,0.9984348914858097,0.015654386118938452,0.09393788320512608,2572059.055,0.0,8.0,0.024,0.0,0.0,0.0,0.0,0.0,61.5,74.9,12.9,Enclosures / Metal,Malaysia,APAC,Tier 1,2731900.0,True,IATF16949,0.6125,0.025266666666666666,0.0168733978369333,0.0,61.7,1,1.0
V0066,2022Q3,13.0,0.6153846153846154,6.0,9.055385138137417,1.0,0.007858889098258076,0.09706178631426823,2015692.275,0.0,7.0,0.019071428571428573,0.0,0.0,0.0,0.0,0.0,61.6,61.4,11.52,Enclosures / Metal,Malaysia,APAC,Tier 1,2731900.0,True,IATF16949,0.6201923076923077,0.021535714285714287,0.011756637608598264,0.0,61.55,1,0.0
V0066,2022Q4,11.0,1.0,0.09090909090909091,0.30151134457776363,0.9818181818181819,0.02398508987809048,0.06341050043277598,3450937.6829999997,0.09090909090909091,7.0,0.013771428571428572,0.0,0.0,0.0,0.0,0.0,61.7,55.3,9.52,Enclosures / Metal,Malaysia,APAC,Tier 1,2731900.0,True,IATF16949,0.8076923076923077,0.016421428571428573,0.015921989488174276,0.0,61.650000000000006,0,0.0
V0066,2023Q1,16.0,0.875,1.0,1.0954451150103321,0.9924505856515373,0.01720845198358729,0.06746569816454477,3518182.183,0.0625,15.0,0.01644,0.0,0.0,0.0,0.0,0.0,61.8,47.2,7.42,Enclosures / Metal,Malaysia,APAC,Tier 1,2731900.0,True,IATF16949,0.9375,0.015105714285714285,0.020596770930838885,0.0,61.75,0,0.0
V0066,2023Q2,15.0,1.0,0.3333333333333333,0.7237468644557459,1.0,0.004910176194537994,0.09950870829314029,4452347.133999999,0.06666666666666667,8.0,0.0211,0.0,0.0,0.0,0.0,0.0,62.0,52.4,11.05,Enclosures / Metal,Malaysia,APAC,Tier 1,2731900.0,True,IATF16949,0.9375,0.01877,0.011059314089062643,0.0,61.9,0,0.0
V0066,2023Q3,13.0,0.7692307692307693,1.0,1.6832508230603465,0.9917797888386123,0.01382454293919015,0.09271059536138687,1419192.732,0.0,11.0,0.012627272727272727,0.0,0.0,0.0,0.0,0.0,61.8,54.9,8.9,Enclosures / Metal,Malaysia,APAC,Tier 1,2731900.0,True,IATF16949,0.8846153846153846,0.016863636363636365,0.009367359566864072,0.0,61.9,0,0.0
V0066,2023Q4,14.0,1.0,0.21428571428571427,0.4258153136263201,0.9789293849658315,0.01784422935702042,0.10650814201651455,2087290.3730000001,0.0,7.0,0.017628571428571427,0.0,0.0,0.0,0.0,0.0,62.0,59.1,7.9,Enclosures / Metal,Malaysia,APAC,Tier 1,2731900.0,True,IATF16949,0.8846153846153846,0.015127922077922077,0.015834386148105284,0.0,61.9,0,0.0
V0066,2024Q1,8.0,0.875,2.0,4.898979485566357,0.9724506578947368,0.0017241577832298217,0.10719059781798194,1017265.608,0.0,3.0,0.016833333333333336,0.0,0.0,0.0,0.0,0.0,61.5,62.6,8.29,Enclosures / Metal,Malaysia,APAC,Tier 1,2731900.0,True,IATF16949,0.9375,0.01723095238095238,0.00978419357012512,0.0,61.75,0,0.0
V0066,2024Q2,16.0,0.75,4.375,7.872949468485958,0.9920084996304508,-0.004937271620908068,0.09522523167022454,2619008.5160000003,0.0,12.0,0.017741666666666666,0.08333333333333333,8.0,0.0,0.0,0.0,61.7,57.4,10.41,Enclosures / Metal,Malaysia,APAC,Tier 1,2731900.0,True,IATF16949,0.8125,0.0172875,-0.0016065569188391214,0.0,61.6,0,0.0
V0066,2024Q3,9.0,0.8888888888888888,1.0,2.0,0.9723117317102279,-0.036987934973041654,0.048191344898003176,1099927.0219999999,0.0,7.0,0.0206,0.0,0.0,0.0,0.0,0.0,61.3,57.0,7.91,Enclosures / Metal,Malaysia,APAC,Tier 1,2731900.0,True,IATF16949,0.8194444444444444,0.01917083333333333,-0.020962603296974858,0.0,61.5,0,1.0
V0066,2024Q4,9.0,0.5555555555555556,3.2222222222222223,3.9616214413349042,1.0,0.014971984348534731,0.08669331416447137,1491735.941,0.1111111111111111,5.0,0.01756,0.0,0.0,0.0,0.0,0.0,61.4,69.3,7.86,Enclosures / Metal,Malaysia,APAC,Tier 1,2731900.0,True,IATF16949,0.7222222222222221,0.01908,-0.011007975312253462,0.0,61.349999999999994,1,0.0
V0066,2025Q1,9.0,0.8888888888888888,0.6666666666666666,1.118033988749895,1.0,-0.02052521691234655,0.07865364115446652,3112473.225,0.0,7.0,0.0168,0.14285714285714285,11.0,0.0,0.0,0.0,61.5,62.0,6.01,Enclosures / Metal,Malaysia,APAC,Tier 1,2731900.0,True,IATF16949,0.7222222222222221,0.01718,-0.002776616281905911,0.0,61.45,0,1.0
V0066,2025Q2,11.0,0.45454545454545453,4.2727272727272725,4.383854675759887,0.9794393349840821,0.007213593812645026,0.06851125707248074,4172155.455,0.09090909090909091,9.0,0.022433333333333333,0.0,0.0,0.0,0.0,0.0,61.2,54.8,10.99,Enclosures / Metal,Malaysia,APAC,Tier 1,2731900.0,True,IATF16949,0.6717171717171716,0.019616666666666664,-0.006655811549850763,0.0,61.35,1,0.0
V0066,2025Q3,9.0,0.7777777777777778,4.444444444444445,8.125747828832603,1.0,0.023747541622925125,0.07510981386453235,2108831.751,0.0,7.0,0.023600000000000003,0.0,0.0,0.0,0.0,0.0,61.2,67.3,11.95,Enclosures / Metal,Malaysia,APAC,Tier 1,2731900.0,True,IATF16949,0.6161616161616161,0.023016666666666668,0.015480567717785075,0.0,61.2,0,0.0
V0066,2025Q4,11.0,0.8181818181818182,1.7272727272727273,3.319364670864263,0.984136668700427,0.02310904350673781,0.06099306033069334,1166780.047,0.09090909090909091,8.0,0.027875,0.125,3.0,0.0,0.0,0.0,61.1,60.5,9.75,Enclosures / Metal,Malaysia,APAC,Tier 1,2731900.0,True,IATF16949,0.797979797979798,0.025737500000000003,0.02342829256483147,0.0,61.150000000000006,0,1.0
V0066,2026Q1,13.0,0.6153846153846154,7.3076923076923075,11.678931282332126,1.0,0.04031863912583092,0.06718999363353503,3864528.758,0.0,11.0,0.023554545454545453,0.09090909090909091,14.0,0.0,0.0,0.0,61.1,53.8,6.39,Enclosures / Metal,Malaysia,APAC,Tier 1,2731900.0,True,IATF16949,0.7167832167832169,0.025714772727272725,0.031713841316284366,0.0,61.1,1,0.0
V0066,2026Q2,15.0,0.9333333333333333,1.1333333333333333,3.3352375513311676,1.0,0.02188676198803012,0.04824471269014798,2234193.09,0.0,9.0,0.0228,0.0,0.0,0.0,0.0,0.0,61.3,53.1,3.51,Enclosures / Metal,Malaysia,APAC,Tier 1,2731900.0,True,IATF16949,0.7743589743589744,0.023177272727272727,0.03110270055693052,0.0,61.2,0,
V0067,2022Q1,0.0,,0.0,0.0,,0.0,0.0,0.0,0.0,0.0,0.0,0.0,0.0,0.0,0.0,0.0,72.6,52.6,3.77,PCB / PCBA,Germany,EMEA,Tier 3,162500.0,False,ISO14001,,0.0,0.0,0.0,72.6,0,0.0
V0067,2022Q2,2.0,1.0,1.0,1.4142135623730951,1.0,0.008317751766536756,0.03061036271441509,459096.604,0.0,1.0,0.009,0.0,0.0,0.0,0.0,0.0,72.6,49.1,4.82,PCB / PCBA,Germany,EMEA,Tier 3,162500.0,False,ISO14001,1.0,0.0045,0.004158875883268378,0.0,72.6,0,0.0
V0067,2022Q3,2.0,1.0,0.0,0.0,1.0,-0.013570472443983385,0.03749109992651578,532160.295,0.0,1.0,0.0065,0.0,0.0,0.0,0.0,0.0,73.0,54.4,1.16,PCB / PCBA,Germany,EMEA,Tier 3,162500.0,False,ISO14001,1.0,0.00775,-0.0026263603387233145,0.0,72.8,0,0.0
V0067,2022Q4,3.0,1.0,0.3333333333333333,0.5773502691896258,1.0,0.00718979881841484,0.045584517275675196,2234162.969,0.3333333333333333,2.0,0.014350000000000002,0.0,0.0,0.0,0.0,0.0,72.7,52.5,2.6,PCB / PCBA,Germany,EMEA,Tier 3,162500.0,False,ISO14001,1.0,0.010425,-0.0031903368127842724,0.0,72.85,0,0.0
V0067,2023Q1,0.0,,0.0,0.0,,0.0,0.0,0.0,0.0,0.0,0.0,0.0,0.0,0.0,0.0,0.0,73.0,57.9,6.59,PCB / PCBA,Germany,EMEA,Tier 3,162500.0,False,ISO14001,1.0,0.007175000000000002,0.00359489940920742,0.0,72.85,0,0.0
V0067,2023Q2,2.0,1.0,0.5,0.7071067811865476,0.8964423489069867,-0.035753144288918286,0.05748898750540195,974793.909,0.0,2.0,0.0127,0.0,0.0,0.0,0.0,0.0,73.0,52.8,3.82,PCB / PCBA,Germany,EMEA,Tier 3,162500.0,False,ISO14001,1.0,0.006350000000000001,-0.017876572144459143,0.0,73.0,0,0.0
V0067,2023Q3,1.0,1.0,1.0,0.0,1.0,0.023928249878800434,0.0,1265760.183,0.0,0.0,0.0,0.0,0.0,0.0,0.0,0.0,73.5,50.1,7.35,PCB / PCBA,Germany,EMEA,Tier 3,162500.0,False,ISO14001,1.0,0.006350000000000001,-0.005912447205058926,0.0,73.25,0,0.0
V0067,2023Q4,1.0,1.0,1.0,0.0,1.0,-0.04644834981913635,0.0,774368.848,0.0,1.0,0.0009,0.0,0.0,0.0,0.0,0.0,72.7,46.2,3.32,PCB / PCBA,Germany,EMEA,Tier 3,162500.0,False,ISO14001,1.0,0.00045000000000000086,-0.011260049970167958,0.0,73.1,0,1.0
V0067,2024Q1,1.0,0.0,21.0,0.0,1.0,-0.07975921745673444,0.0,62640.837,0.0,1.0,0.0094,0.0,0.0,0.0,0.0,0.0,73.0,49.2,6.44,PCB / PCBA,Germany,EMEA,Tier 3,162500.0,False,ISO14001,0.5,0.005150000000000001,-0.0631037836379354,0.0,72.85,1,1.0
V0067,2024Q2,2.0,0.0,23.5,21.920310216782973,0.9779379831494832,-0.02176743243506351,0.06732289446668284,541893.425,0.0,2.0,0.012750000000000001,0.0,0.0,0.0,0.0,0.0,72.8,64.2,4.76,PCB / PCBA,Germany,EMEA,Tier 3,162500.0,False,ISO14001,0.0,0.011075000000000002,-0.05076332494589897,0.0,72.9,1,0.0
V0067,2024Q3,4.0,0.75,1.5,3.0,0.8850843602394387,0.016808436640977635,0.06133318913968967,3867992.062,0.0,3.0,0.0047666666666666664,0.0,0.0,0.0,0.0,0.0,72.3,56.1,6.31,PCB / PCBA,Germany,EMEA,Tier 3,162500.0,False,ISO14001,0.375,0.008758333333333335,-0.00247949789704293,0.0,72.55,0,0.0
V0067,2024Q4,0.0,,0.0,0.0,,0.0,0.0,0.0,0.0,0.0,0.0,0.0,0.0,0.0,0.0,0.0,72.3,49.9,0.19,PCB / PCBA,Germany,EMEA,Tier 3,162500.0,False,ISO14001,0.75,0.002383333333333334,0.008404218320488824,0.0,72.3,0,0.0
V0067,2025Q1,1.0,1.0,0.0,0.0,1.0,-0.038444629727886016,0.0,510222.876,0.0,0.0,0.0,0.0,0.0,0.0,0.0,0.0,72.9,56.8,2.07,PCB / PCBA,Germany,EMEA,Tier 3,162500.0,False,ISO14001,1.0,0.0,-0.019222314863943,0.0,72.6,0,1.0
V0067,2025Q2,9.0,0.6666666666666666,7.444444444444445,10.584317539538283,1.0,0.01820388123564226,0.04501128637461495,7232244.410999999,0.0,7.0,0.006542857142857143,0.0,0.0,0.0,0.0,0.0,73.0,41.2,4.68,PCB / PCBA,Germany,EMEA,Tier 3,162500.0,False,ISO14001,0.8333333333333333,0.0032714285714285723,-0.01012037424612187,0.0,72.95,1,0.0
V0067,2025Q3,5.0,0.8,3.0,6.164414002968976,1.0,-0.00526917207133884,0.04864237877598707,4760956.586,0.0,4.0,0.00915,0.0,0.0,0.0,0.0,0.0,72.7,47.5,5.0,PCB / PCBA,Germany,EMEA,Tier 3,162500.0,False,ISO14001,0.7333333333333334,0.007846428571428572,0.006467354582151717,0.0,72.85,0,1.0
V0067,2025Q4,3.0,0.6666666666666666,3.3333333333333335,4.932882862316247,1.0,0.022373402468747538,0.035154413420148196,752137.744,0.0,2.0,0.0079,0.0,0.0,0.0,0.0,0.0,72.5,59.3,8.89,PCB / PCBA,Germany,EMEA,Tier 3,162500.0,False,ISO14001,0.7333333333333334,0.008525000000000001,0.008552115198704356,0.0,72.6,1,0.0
V0067,2026Q1,3.0,1.0,0.3333333333333333,0.5773502691896258,1.0,0.0508270412434639,0.02037109654539853,596713.962,0.0,2.0,0.0083,0.0,0.0,0.0,0.0,0.0,72.7,63.8,4.38,PCB / PCBA,Germany,EMEA,Tier 3,162500.0,False,ISO14001,0.8333333333333333,0.008100000000000001,0.03660022185610572,0.0,72.6,0,0.0
V0067,2026Q2,2.0,1.0,0.5,0.7071067811865476,1.0,-0.0064435491066771045,0.11164571929044488,553967.0519999999,0.0,0.0,0.0,0.0,0.0,0.0,0.0,0.0,72.5,45.7,3.85,PCB / PCBA,Germany,EMEA,Tier 3,162500.0,False,ISO14001,1.0,0.004150000000000001,0.022191746068393404,0.0,72.6,0,
V0068,2022Q1,7.0,0.7142857142857143,3.0,5.196152422706632,0.9955347362051518,-0.032378996158504494,0.2026099630690119,488773.751,0.0,1.0,0.092,1.0,20.0,0.0,0.0,0.0,33.8,90.3,19.7,Connectors,Brazil,AMER,Tier 1,2561100.0,False,"ISO14001, ISO9001, REACH, RoHS",0.7142857142857143,0.092,-0.032378996158504494,0.0,33.8,1,1.0
V0068,2022Q2,10.0,0.7,3.4,6.2574400161372346,0.9899140660334691,0.03137910406123762,0.19103320914252472,406557.238,0.0,5.0,0.06976,0.4,28.0,0.0,0.0,0.0,33.9,79.2,21.48,Connectors,Brazil,AMER,Tier 1,2561100.0,False,"ISO14001, ISO9001, REACH, RoHS",0.7071428571428571,0.08088000000000001,-0.0004999460486334387,0.0,33.849999999999994,1,1.0
V0068,2022Q3,14.0,0.7142857142857143,5.642857142857143,9.153453680754291,0.9840685975908358,-0.007975262712111648,0.2567026553490689,774254.317,0.07142857142857142,9.0,0.05956666666666667,0.6666666666666666,15.0,0.0,0.0,0.0,33.7,92.0,18.78,Connectors,Brazil,AMER,Tier 1,2561100.0,False,"ISO14001, ISO9001, REACH, RoHS",0.7071428571428571,0.06466333333333334,0.011701920674562985,0.0,33.8,1,1.0
V0068,2022Q4,8.0,0.25,6.375,6.093028803476971,0.9628211557750174,-0.1108522530343968,0.2222734442911651,1204398.595,0.0,4.0,0.051324999999999996,0.5,12.0,1.0,4.0,21.0,33.6,79.5,17.38,Connectors,Brazil,AMER,Tier 1,2561100.0,False,"ISO14001, ISO9001, REACH, RoHS",0.48214285714285715,0.05544583333333333,-0.059413757873254223,2.0,33.650000000000006,1,1.0
V0068,2023Q1,12.0,0.75,4.0,10.036297759994605,0.9809190031152649,-0.002697112575367838,0.2177224360644918,687181.613,0.0,8.0,0.0599875,0.375,21.333333333333332,0.0,0.0,0.0,34.0,92.9,21.65,Connectors,Brazil,AMER,Tier 1,2561100.0,False,"ISO14001, ISO9001, REACH, RoHS",0.5,0.05565625,-0.05677468280488232,2.0,33.8,1,1.0
V0068,2023Q2,13.0,0.6153846153846154,6.846153846153846,12.081984893814385,0.9729996463532486,-0.10542266022929378,0.1950500699962536,796118.3080000001,0.07692307692307693,10.0,0.05956,0.6,10.833333333333334,0.0,0.0,0.0,33.9,75.6,21.76,Connectors,Brazil,AMER,Tier 1,2561100.0,False,"ISO14001, ISO9001, REACH, RoHS",0.6826923076923077,0.05977375,-0.05405988640233081,0.0,33.95,1,1.0
V0068,2023Q3,17.0,0.6470588235294118,3.176470588235294,4.7596650895526125,0.9600804369016219,0.014369960666934807,0.23450309287550164,1705589.778,0.058823529411764705,10.0,0.06629,0.6,19.333333333333332,0.0,0.0,0.0,33.6,80.3,20.04,Connectors,Brazil,AMER,Tier 1,2561100.0,False,"ISO14001, ISO9001, REACH, RoHS",0.6312217194570136,0.06292500000000001,-0.04552634978117949,0.0,33.75,1,1.0
V0068,2023Q4,17.0,0.7058823529411765,3.9411764705882355,5.695070107506295,0.9738976503672485,0.007464184688363733,0.29653694232994143,928518.8119999999,0.058823529411764705,12.0,0.05689166666666667,0.4166666666666667,20.8,0.0,0.0,0.0,33.9,89.1,21.66,Connectors,Brazil,AMER,Tier 1,2561100.0,False,"ISO14001, ISO9001, REACH, RoHS",0.6764705882352942,0.06159083333333333,0.01091707267764927,0.0,33.75,1,1.0
V0068,2024Q1,11.0,0.7272727272727273,2.8181818181818183,4.600395239937147,0.9704470039061829,0.05131925790433261,0.16552239252188744,1098652.674,0.09090909090909091,8.0,0.1015125,1.0,25.25,0.0,0.0,0.0,33.5,84.1,20.89,Connectors,Brazil,AMER,Tier 1,2561100.0,False,"ISO14001, ISO9001, REACH, RoHS",0.7165775401069518,0.07920208333333334,0.02939172129634817,0.0,33.7,1,1.0
V0068,2024Q2,9.0,0.5555555555555556,6.111111111111111,7.769241347204443,0.9147618714620042,0.033296319950657675,0.1805487849692454,340730.53699999995,0.0,6.0,0.042366666666666664,0.3333333333333333,4.0,0.0,0.0,0.0,33.1,84.6,20.01,Connectors,Brazil,AMER,Tier 1,2561100.0,False,"ISO14001, ISO9001, REACH, RoHS",0.6414141414141414,0.07193958333333333,0.04230778892749514,0.0,33.3,1,1.0
V0068,2024Q3,8.0,0.875,1.25,1.3887301496588271,0.9752146361406377,0.04524644337914888,0.30315978072350475,472508.68899999995,0.125,6.0,0.06066666666666667,0.5,27.0,0.0,0.0,0.0,32.8,86.7,21.44,Connectors,Brazil,AMER,Tier 1,2561100.0,False,"ISO14001, ISO9001, REACH, RoHS",0.7152777777777778,0.051516666666666655,0.03927138166490328,0.0,32.95,1,1.0
V0068,2024Q4,8.0,0.625,3.5,4.375255094603872,0.9710287970274036,-0.05270355052212441,0.16799210847960616,995317.662,0.125,7.0,0.0632,0.42857142857142855,13.333333333333334,2.0,3.0,5.0,32.8,94.0,21.65,Connectors,Brazil,AMER,Tier 1,2561100.0,False,"ISO14001, ISO9001, REACH, RoHS",0.75,0.061933333333333326,-0.0037285535714877624,1.5,32.8,1,1.0
V0068,2025Q1,10.0,0.8,2.7,7.242620765686656,0.9738980562061798,0.008278330492343694,0.23425938164139198,717752.6429999999,0.0,7.0,0.047099999999999996,0.2857142857142857,16.5,0.0,0.0,0.0,32.8,88.3,16.35,Connectors,Brazil,AMER,Tier 1,2561100.0,False,"ISO14001, ISO9001, REACH, RoHS",0.7125,0.05514999999999999,-0.022212610014890357,1.5,32.8,1,1.0
V0068,2025Q2,10.0,0.4,13.2,13.25644497342079,0.9261382050195509,-0.09655994550353225,0.2704096881283396,490334.455,0.0,6.0,0.09703333333333335,0.6666666666666666,15.0,0.0,0.0,0.0,33.2,92.5,26.7,Connectors,Brazil,AMER,Tier 1,2561100.0,False,"ISO14001, ISO9001, REACH, RoHS",0.6000000000000001,0.07206666666666665,-0.04414080750559428,0.0,33.0,1,1.0
V0068,2025Q3,13.0,0.5384615384615384,8.846153846153847,13.278090687583523,0.998387356877923,-0.04935913097090737,0.284818481425086,625635.5349999999,0.0,11.0,0.07878181818181819,0.8181818181818182,15.88888888888889,0.0,0.0,0.0,32.8,82.3,27.86,Connectors,Brazil,AMER,Tier 1,2561100.0,False,"ISO14001, ISO9001, REACH, RoHS",0.46923076923076923,0.08790757575757574,-0.07295953823721982,0.0,33.0,1,1.0
V0068,2025Q4,14.0,0.35714285714285715,12.357142857142858,12.048665057604088,0.9414034174926853,-0.0026216309823274752,0.2261581899657514,1204707.8879999998,0.0,7.0,0.056228571428571426,0.42857142857142855,18.0,0.0,0.0,0.0,32.8,91.5,27.36,Connectors,Brazil,AMER,Tier 1,2561100.0,False,"ISO14001, ISO9001, REACH, RoHS",0.44780219780219777,0.06750519480519479,-0.025990380976617423,0.0,32.8,1,1.0
V0068,2026Q1,8.0,0.75,2.75,4.652188425123938,0.9706724990611824,0.011453359828662184,0.12139303505602497,249237.55800000002,0.0,5.0,0.08268,0.8,30.0,0.0,0.0,0.0,32.8,84.2,20.17,Connectors,Brazil,AMER,Tier 1,2561100.0,False,"ISO14001, ISO9001, REACH, RoHS",0.5535714285714286,0.06945428571428569,0.004415864423167354,0.0,32.8,1,1.0
V0068,2026Q2,8.0,0.375,7.125,8.322731351116479,0.9916684078562474,-0.14970885778799695,0.10493082320644265,624019.925,0.0,5.0,0.05678,0.4,13.5,0.0,0.0,0.0,32.6,87.9,19.53,Connectors,Brazil,AMER,Tier 1,2561100.0,False,"ISO14001, ISO9001, REACH, RoHS",0.5625,0.06972999999999999,-0.06912774897966738,0.0,32.7,1,
V0069,2022Q1,0.0,,0.0,0.0,,0.0,0.0,0.0,0.0,0.0,0.0,0.0,0.0,0.0,0.0,0.0,61.9,59.1,7.2,Passive Components,Taiwan,APAC,Tier 3,218800.0,False,"IATF16949, ISO9001, RoHS",,0.0,0.0,0.0,61.9,0,0.0
V0069,2022Q2,2.0,1.0,1.0,0.0,1.0,0.0768930749800939,0.06067705856284218,30544.425000000003,0.0,0.0,0.0,0.0,0.0,0.0,0.0,0.0,61.5,55.8,10.72,Passive Components,Taiwan,APAC,Tier 3,218800.0,False,"IATF16949, ISO9001, RoHS",1.0,0.0,0.03844653749004695,0.0,61.7,0,0.0
V0069,2022Q3,0.0,,0.0,0.0,,0.0,0.0,0.0,0.0,0.0,0.0,0.0,0.0,0.0,0.0,0.0,61.5,51.8,5.63,Passive Components,Taiwan,APAC,Tier 3,218800.0,False,"IATF16949, ISO9001, RoHS",1.0,0.0,0.03844653749004695,0.0,61.5,0,1.0
V0069,2022Q4,3.0,0.6666666666666666,1.6666666666666667,2.0816659994661326,1.0,-0.0011332931812796955,0.04818600406387735,17504.502,0.0,1.0,0.0231,0.0,0.0,0.0,0.0,0.0,62.1,61.5,6.76,Passive Components,Taiwan,APAC,Tier 3,218800.0,False,"IATF16949, ISO9001, RoHS",0.6666666666666666,0.01155,-0.0005666465906398478,0.0,61.8,1,0.0
V0069,2023Q1,1.0,1.0,0.0,0.0,1.0,0.03307086614173231,0.0,8518.816,0.0,1.0,0.0219,0.0,0.0,0.0,0.0,0.0,61.9,57.6,11.2,Passive Components,Taiwan,APAC,Tier 3,218800.0,False,"IATF16949, ISO9001, RoHS",0.8333333333333333,0.0225,0.01596878648022631,0.0,62.0,0,1.0
V0069,2023Q2,2.0,0.5,17.5,24.748737341529164,1.0,-0.008285766474098448,0.038892483431977244,233246.301,0.0,2.0,0.0163,0.0,0.0,0.0,0.0,0.0,61.8,57.1,3.58,Passive Components,Taiwan,APAC,Tier 3,218800.0,False,"IATF16949, ISO9001, RoHS",0.75,0.0191,0.012392549833816931,0.0,61.849999999999994,1,1.0
V0069,2023Q3,1.0,0.0,14.0,0.0,1.0,-0.053088803088803135,0.0,11475.738,0.0,0.0,0.0,0.0,0.0,0.0,0.0,0.0,61.5,56.7,7.47,Passive Components,Taiwan,APAC,Tier 3,218800.0,False,"IATF16949, ISO9001, RoHS",0.25,0.00815,-0.03068728478145079,0.0,61.65,1,0.0
V0069,2023Q4,1.0,1.0,0.0,0.0,1.0,-0.014981273408239713,0.0,208.559,0.0,1.0,0.02,0.0,0.0,0.0,0.0,0.0,62.2,55.3,6.74,Passive Components,Taiwan,APAC,Tier 3,218800.0,False,"IATF16949, ISO9001, RoHS",0.5,0.01,-0.03403503824852142,0.0,61.85,0,1.0
V0069,2024Q1,1.0,0.0,32.0,0.0,1.0,-0.3176625659050966,0.0,31185.792999999998,0.0,0.0,0.0,0.0,0.0,0.0,0.0,0.0,61.9,64.3,11.45,Passive Components,Taiwan,APAC,Tier 3,218800.0,False,"IATF16949, ISO9001, RoHS",0.5,0.01,-0.16632191965666815,0.0,62.05,1,0.0
V0069,2024Q2,1.0,1.0,1.0,0.0,1.0,-0.07451181911613568,0.0,6258.474999999999,0.0,0.0,0.0,0.0,0.0,0.0,0.0,0.0,61.8,76.1,5.78,Passive Components,Taiwan,APAC,Tier 3,218800.0,False,"IATF16949, ISO9001, RoHS",0.5,0.0,-0.19608719251061615,0.0,61.849999999999994,0,0.0
V0069,2024Q3,4.0,0.75,2.25,3.8622100754188224,0.9280648429584599,-0.011306143544390282,0.12860010680841097,54849.424999999996,0.0,3.0,0.01593333333333333,0.0,0.0,0.0,0.0,0.0,61.5,55.9,7.58,Passive Components,Taiwan,APAC,Tier 3,218800.0,False,"IATF16949, ISO9001, RoHS",0.875,0.007966666666666665,-0.04290898133026298,0.0,61.65,0,0.0
V0069,2024Q4,2.0,1.0,0.0,0.0,1.0,0.037065022652943855,0.087678264919265,20804.912,0.0,2.0,0.0185,0.0,0.0,0.0,0.0,0.0,61.4,55.9,7.8,Passive Components,Taiwan,APAC,Tier 3,218800.0,False,"IATF16949, ISO9001, RoHS",0.875,0.017216666666666665,0.012879439554276787,0.0,61.45,0,0.0
V0069,2025Q1,1.0,1.0,0.0,0.0,1.0,-0.007712082262210804,0.0,2770.708,0.0,1.0,0.0097,0.0,0.0,0.0,0.0,0.0,60.9,51.3,8.86,Passive Components,Taiwan,APAC,Tier 3,218800.0,False,"IATF16949, ISO9001, RoHS",1.0,0.0141,0.014676470195366526,0.0,61.15,0,1.0
V0069,2025Q2,3.0,0.6666666666666666,10.333333333333334,16.19670748434179,0.9659975419909873,-0.0007579552888308805,0.14721457620803577,10488.039,0.3333333333333333,3.0,0.010433333333333334,0.0,0.0,0.0,0.0,0.0,60.5,72.6,9.6,Passive Components,Taiwan,APAC,Tier 3,218800.0,False,"IATF16949, ISO9001, RoHS",0.8333333333333333,0.010066666666666668,-0.004235018775520842,0.0,60.7,1,1.0
V0069,2025Q3,3.0,0.3333333333333333,6.666666666666667,7.023769168568493,0.9925526450950181,-0.18697387289470238,0.10754774741246562,9034.583,0.0,3.0,0.014766666666666666,0.0,0.0,0.0,0.0,0.0,60.9,70.4,8.46,Passive Components,Taiwan,APAC,Tier 3,218800.0,False,"IATF16949, ISO9001, RoHS",0.5,0.0126,-0.09386591409176663,0.0,60.7,1,0.0
V0069,2025Q4,0.0,,0.0,0.0,,0.0,0.0,0.0,0.0,0.0,0.0,0.0,0.0,0.0,0.0,0.0,60.4,65.2,8.54,Passive Components,Taiwan,APAC,Tier 3,218800.0,False,"IATF16949, ISO9001, RoHS",0.3333333333333333,0.007383333333333333,-0.09348693644735119,0.0,60.65,0,0.0
V0069,2026Q1,1.0,1.0,0.0,0.0,1.0,-0.0010207553589656733,0.0,8355.856,0.0,1.0,0.0291,0.0,0.0,0.0,0.0,0.0,60.5,56.1,4.42,Passive Components,Taiwan,APAC,Tier 3,218800.0,False,"IATF16949, ISO9001, RoHS",1.0,0.01455,-0.0005103776794828367,0.0,60.45,0,0.0
V0069,2026Q2,1.0,1.0,1.0,0.0,1.0,-0.006369426751592362,0.0,725.4,0.0,0.0,0.0,0.0,0.0,0.0,0.0,0.0,60.8,53.6,5.29,Passive Components,Taiwan,APAC,Tier 3,218800.0,False,"IATF16949, ISO9001, RoHS",1.0,0.01455,-0.0036950910552790176,0.0,60.65,0,
V0070,2022Q1,4.0,1.0,1.25,0.9574271077563381,0.9553314121037464,-0.116522250077746,0.0959072566000844,534821.282,0.0,2.0,0.05325,0.5,12.0,0.0,0.0,0.0,47.9,76.4,11.77,PCB / PCBA,India,APAC,Tier 3,37300.0,False,RoHS,1.0,0.05325,-0.116522250077746,0.0,47.9,1,1.0
V0070,2022Q2,2.0,0.5,10.5,13.435028842544403,1.0,0.0997936823485272,0.15616387088557676,546471.343,0.0,1.0,0.0332,0.0,0.0,0.0,0.0,0.0,47.1,79.7,21.76,PCB / PCBA,India,APAC,Tier 3,37300.0,False,RoHS,0.75,0.043225,-0.008364283864609398,0.0,47.5,1,1.0
V0070,2022Q3,1.0,1.0,2.0,0.0,1.0,0.07722514774234257,0.0,563329.911,0.0,1.0,0.1018,1.0,51.0,0.0,0.0,0.0,47.5,59.2,12.42,PCB / PCBA,India,APAC,Tier 3,37300.0,False,RoHS,0.75,0.0675,0.08850941504543489,0.0,47.3,1,1.0
V0070,2022Q4,3.0,0.6666666666666666,6.666666666666667,11.547005383792516,0.9637031248061727,-0.05839554686322307,0.1435715419981369,2681206.589,0.0,0.0,0.0,0.0,0.0,0.0,0.0,0.0,47.9,70.8,8.88,PCB / PCBA,India,APAC,Tier 3,37300.0,False,RoHS,0.8333333333333333,0.0509,0.00941480043955975,0.0,47.7,1,1.0
V0070,2023Q1,1.0,0.0,6.0,0.0,1.0,0.018264348637350426,0.0,288769.44,0.0,1.0,0.0145,0.0,0.0,0.0,0.0,0.0,47.4,64.6,9.22,PCB / PCBA,India,APAC,Tier 3,37300.0,False,RoHS,0.3333333333333333,0.00725,-0.020065599112936323,0.0,47.65,1,0.0
V0070,2023Q2,2.0,1.0,0.0,0.0,1.0,-0.029821650676322004,0.02316063858088565,1159910.224,0.0,2.0,0.032799999999999996,0.0,0.0,0.0,0.0,0.0,47.1,61.5,11.55,PCB / PCBA,India,APAC,Tier 3,37300.0,False,RoHS,0.5,0.023649999999999997,-0.005778651019485789,0.0,47.25,0,1.0
V0070,2023Q3,3.0,0.6666666666666666,1.0,1.7320508075688772,1.0,0.11632540164833917,0.12764103555716752,665628.171,0.0,0.0,0.0,0.0,0.0,0.0,0.0,0.0,47.1,69.1,13.14,PCB / PCBA,India,APAC,Tier 3,37300.0,False,RoHS,0.8333333333333333,0.016399999999999998,0.04325187548600858,0.0,47.1,1,1.0
V0070,2023Q4,1.0,0.0,5.0,0.0,1.0,-0.04013105971826954,0.0,254094.685,0.0,0.0,0.0,0.0,0.0,0.0,0.0,0.0,46.8,79.7,13.78,PCB / PCBA,India,APAC,Tier 3,37300.0,False,RoHS,0.3333333333333333,0.0,0.038097170965034816,0.0,46.95,1,0.0
V0070,2024Q1,2.0,1.0,0.5,0.7071067811865476,1.0,-0.19758500927904737,0.15995341104131924,198947.111,0.0,0.0,0.0,0.0,0.0,0.0,0.0,0.0,45.9,79.5,16.89,PCB / PCBA,India,APAC,Tier 3,37300.0,False,RoHS,0.5,0.0,-0.11885803449865845,0.0,46.349999999999994,0,0.0
V0070,2024Q2,0.0,,0.0,0.0,,0.0,0.0,0.0,0.0,0.0,0.0,0.0,0.0,0.0,0.0,0.0,45.8,79.8,16.92,PCB / PCBA,India,APAC,Tier 3,37300.0,False,RoHS,1.0,0.0,-0.09879250463952369,0.0,45.849999999999994,0,0.0
V0070,2024Q3,1.0,1.0,1.0,0.0,1.0,-0.04525163658133456,0.0,4210130.4,0.0,1.0,0.0576,0.0,0.0,0.0,0.0,0.0,45.9,66.2,12.52,PCB / PCBA,India,APAC,Tier 3,37300.0,False,RoHS,1.0,0.0288,-0.02262581829066728,0.0,45.849999999999994,0,1.0
V0070,2024Q4,2.0,0.5,3.0,4.242640687119285,1.0,-0.06786528306108922,0.016900969243446688,279783.048,0.0,2.0,0.00805,0.0,0.0,0.0,0.0,0.0,46.1,72.0,11.41,PCB / PCBA,India,APAC,Tier 3,37300.0,False,RoHS,0.75,0.032825,-0.05655845982121189,0.0,46.0,1,1.0
V0070,2025Q1,2.0,0.5,9.0,12.727922061357855,1.0,0.10700052485495024,0.2509348887741573,423152.11000000004,0.0,1.0,0.0418,0.0,0.0,0.0,0.0,0.0,45.8,69.1,13.16,PCB / PCBA,India,APAC,Tier 3,37300.0,False,RoHS,0.5,0.024925,0.01956762089693051,0.0,45.95,1,0.0
V0070,2025Q2,2.0,1.0,0.0,0.0,1.0,-0.08649712448621696,0.21638124139994072,509548.382,1.0,1.0,0.0422,0.0,0.0,0.0,0.0,0.0,46.0,63.8,15.57,PCB / PCBA,India,APAC,Tier 3,37300.0,False,RoHS,0.75,0.041999999999999996,0.010251700184366636,0.0,45.9,0,1.0
V0070,2025Q3,3.0,0.3333333333333333,5.666666666666667,6.429100507328637,0.9340592861464004,-0.02856146526430503,0.1673039766477572,1069671.1500000001,0.0,1.0,0.043,0.0,0.0,0.0,0.0,0.0,46.3,71.1,18.06,PCB / PCBA,India,APAC,Tier 3,37300.0,False,RoHS,0.6666666666666666,0.0426,-0.057529294875261,0.0,46.15,1,0.0
V0070,2025Q4,1.0,1.0,0.0,0.0,1.0,0.09038342396916092,0.0,188923.68,0.0,0.0,0.0,0.0,0.0,0.0,0.0,0.0,45.6,68.7,13.11,PCB / PCBA,India,APAC,Tier 3,37300.0,False,RoHS,0.6666666666666666,0.0215,0.030910979352427946,0.0,45.95,0,1.0
V0070,2026Q1,2.0,0.5,6.0,8.48528137423857,0.960320440605833,0.05970666275604922,0.06158936946767775,965643.385,0.0,2.0,0.01575,0.0,0.0,0.0,0.0,0.0,45.9,67.7,14.3,PCB / PCBA,India,APAC,Tier 3,37300.0,False,RoHS,0.75,0.007875,0.07504504336260506,0.0,45.75,1,1.0
V0070,2026Q2,1.0,1.0,0.0,0.0,0.8497506234413965,0.08517472643840453,0.0,335221.67199999996,0.0,1.0,0.0549,1.0,3.0,0.0,0.0,0.0,46.3,67.2,13.41,PCB / PCBA,India,APAC,Tier 3,37300.0,False,RoHS,0.75,0.035324999999999995,0.07244069459722688,0.0,46.099999999999994,1,
